message_key,english,current_translation,reviewer,status,proposed_translation,notes
  :clear          clear the transcript,  :clear          clear the transcript,  :clear          مسح النص,,Pending,,
"  :fields <cmd>   show what would be captured, without sending","  :fields <cmd>   show what would be captured, without sending",  :fields <cmd>   عرض ما سيُلتقط دون إرسال,,Pending,,
 ({count} set), ({count} set), (المحدد: {count}),,Pending,,
ui.it.is.not.a.target.a.level.is.supported.by.the.work.that.40a707bf," It is not a target. A level is supported by the work that was clinically necessary and actually done — raising an element to reach a code is the thing this panel is meant to make visible, not easier. Office and outpatient levels are selected by medical decision making ", ليس هدفاً. يدعم المستوى العمل الضروري سريرياً والمنفذ فعلاً. تُظهر هذه اللوحة رفع العناصر للوصول إلى رمز ولا تسهّله. تُحدد مستويات العيادات باتخاذ القرار الطبي ,,Pending,,
ui.recording.232c8b77, Recording, جارٍ التسجيل,,Pending,,
ui.scope.of.this.screen.f2f37b23, Scope of this screen, نطاق هذه الشاشة,,Pending,,
ui.signed.in.as.c2f48eaa, Signed in as , مسجل الدخول باسم ,,Pending,,
ui.ago.eb04b447, ago, مضت,,Pending,,
ui.captured.1d7aa182, captured, تم التقاطه,,Pending,,
ui.combinations.762b3ed3, combinations, تركيبات,,Pending,,
ui.configured.a3ed874e, configured, مهيأ,,Pending,,
ui.days.b1c50316, days, أيام,,Pending,,
ui.families.5b30f82d, families, عائلات,,Pending,,
ui.field.03adf842, field, حقل,,Pending,,
ui.final.segment.49458c3b, final segment, المقطع النهائي,,Pending,,
ui.for.the.commands.available.on.this.page.ea20dc95, for the commands available on this page., للأوامر المتاحة في هذه الصفحة.,,Pending,,
ui.gate.you.will.see.exactly.what.is.captured.before.anythi.26f5481b, gate. You will see exactly what is captured before anything is sent., . سترى ما يتم التقاطه قبل إرسال أي شيء.,,Pending,,
ui.is.resolved.server.side.at.dispatch.and.is.never.sent.to.0bc8d5de," is resolved server-side at dispatch and is never sent to a browser, so it cannot be read, replayed or edited from here — changing one is a server deployment.", يُحل على الخادم عند الإرسال ولا يُرسل للمتصفح؛ فلا يمكن قراءته أو إعادة استخدامه أو تعديله هنا. تغييره يتطلب نشر الخادم.,,Pending,,
ui.is.worth.showing.20.because.someone.chose.20.and.20.beca.91d7efba, is worth showing: 20 because someone chose 20 and 20 because nothing is configured look identical in the number alone., يستحق العرض: العدد 20 يبدو نفسه سواء اختاره شخص أو لم يُضبط شيء.,,Pending,,
ui.line.items.a742dc2d, line items • , بنود • ,,Pending,,
ui.min.46e2a1c0, min · , دقيقة · ,,Pending,,
ui.of.a4282e4b, of , من ,,Pending,,
ui.open.dee82cf5, open, مفتوح,,Pending,,
ui.patient.03989434, patient, مريض,,Pending,,
ui.redacted.4a081a65, redacted, محجوب,,Pending,,
ui.registered.1804af94, registered, مسجل,,Pending,,
ui.required.1307c284, required, مطلوب,,Pending,,
ui.required.sections.this.measures.whether.the.note.is.fill.d0f288bc," required sections. This measures whether the note is filled in, not whether it is clinically sufficient — and it is not a billing indicator.", أقسام مطلوبة. يقيس اكتمال الملاحظة لا كفايتها السريرية، وليس مؤشراً للفوترة.,,Pending,,
ui.rows.dc601c4a, rows, صفوف,,Pending,,
ui.sections.ordered.core.type.specialty.complaint.context.e.0417b2b5," sections, ordered core → type → specialty → complaint → context. Each names its layer.", أقسام مرتبة: أساسي ← نوع ← تخصص ← شكوى ← سياق. كل قسم يذكر طبقته.,,Pending,,
ui.to.87721689, to , إلى ,,Pending,,
ui.to.find.out.whether.it.still.works.2a65988c, to find out whether it still works., لمعرفة ما إذا كان لا يزال يعمل.,,Pending,,
ui.unavailable.so.a3f71a82," unavailable, so ", غير متاح، لذا ,,Pending,,
ui.unread.6048438c, unread, غير مقروء,,Pending,,
ui.will.look.empty.other.fields.are.unaffected.04f888e7, will look empty. Other fields are unaffected., سيظهر فارغاً. الحقول الأخرى لا تتأثر.,,Pending,,
ui.default.2a7e0b7b, · Default, · افتراضي,,Pending,,
ui.audio.is.streamed.never.stored.the.transcript.is.not.sav.346210fe," · audio is streamed, never stored · the transcript is not saved until you use it", · يُبث الصوت ولا يُخزّن · لا يُحفظ النص حتى تستخدمه,,Pending,,
ui.mock.transport.d72848f2, · mock transport, · نقل تجريبي,,Pending,,
ui.unverified.5987f7cb, · unverified, · غير متحقق منه,,Pending,,
ui.failing.at.call.time.would.turn.a.configuration.mistake.c05babfa, — failing at call time would turn a configuration mistake into an outage in the middle of a consultation., — الفشل وقت الاتصال يحوّل خطأ التهيئة إلى انقطاع أثناء الاستشارة.,,Pending,,
" — mock transport, nothing left this browser"," — mock transport, nothing left this browser", — نقل تجريبي، لم يغادر شيء المتصفح,,Pending,,
ui.not.registered.in.this.build.fe9af712, — not registered in this build, — غير مسجل في هذا البناء,,Pending,,
ui.complete.fe9543cf,% complete,% مكتمل,,Pending,,
ui.interim.03c51dde,(interim),‏(مؤقت),,Pending,,
(required),(required),‏(مطلوب),,Pending,,
ui.12.4.yoy.c7395af6,+12.4% YoY,+12.4% سنوياً,,Pending,,
+8.7% vs prior,+8.7% vs prior,+8.7% مقارنة بالسابق,,Pending,,
ui.change.it.in.my.preferences.the.record.schema.and.data.r.0074fc14,. Change it in My Preferences; the record schema and data remain unchanged.,. غيّره في تفضيلاتي؛ يبقى مخطط السجل وبياناته كما هما.,,Pending,,
. Choose,. Choose,. اختر,,Pending,,
ui.choose.62778c1f,. Choose ,. اختر ,,Pending,,
ui.nothing.of.that.kind.leaves.as.a.document.487773f4,. Nothing of that kind leaves as a document.,. لا يُرسل أي شيء من هذا النوع كمستند.,,Pending,,
ui.the.assistant.summarises.it.does.not.diagnose.4388468f,. The assistant summarises; it does not diagnose.,. المساعد يلخّص ولا يشخّص.,,Pending,,
ui.the.controls.below.are.greyed.as.a.courtesy.the.refusal.fffc8d0a,". The controls below are greyed as a courtesy — the refusal happens on the server, not here.",. الضوابط أدناه معطلة للتوضيح؛ الرفض يُنفّذ على الخادم.,,Pending,,
ui.try.another.module.0a6adf30,. Try another module.,. جرّب وحدة أخرى.,,Pending,,
ui.0.squares.every.corner.in.the.app.169b6538,0 squares every corner in the app.,القيمة 0 تجعل كل الزوايا مربعة.,,Pending,,
03 Sep 2026,03 Sep 2026,03 سبتمبر 2026,,Pending,,
03/09/2026 — day first,03/09/2026 — day first,03/09/2026 — اليوم أولاً,,Pending,,
09/03/2026 — month first,09/03/2026 — month first,09/03/2026 — الشهر أولاً,,Pending,,
1 — newest only,1 — newest only,1 — الأحدث فقط,,Pending,,
10 / page,10 / page,10 / صفحة,,Pending,,
100 / page,100 / page,100 / صفحة,,Pending,,
100% token-aware,100% token-aware,يدعم رموز التصميم بنسبة 100%,,Pending,,
104% of MTD plan,104% of MTD plan,104% من خطة الشهر حتى اليوم,,Pending,,
12 blocking,12 blocking,12 مانعاً,,Pending,,
12 blocking exceptions,12 blocking exceptions,12 استثناءً مانعاً,,Pending,,
"12,34,567.89 — lakh/crore","12,34,567.89 — lakh/crore","12,34,567.89 — لاك/كرور",,Pending,,
12-hour — 2:30 PM,12-hour — 2:30 PM,12 ساعة — 2:30 م,,Pending,,
12-month rolling,12-month rolling,متحرك لـ12 شهراً,,Pending,,
ui.13px.is.the.design.as.drawn.each.size.scales.its.area.in.21713684,"13px is the design as drawn. Each size scales its area independently, so dense tables and readable forms are not a trade-off.",الحجم الأساسي 13px. يُضبط حجم كل منطقة بشكل مستقل لقراءة النماذج مع إبقاء الجداول كثيفة.,,Pending,,
field.user.sessionTimeout.option.15,15 minutes,15 دقيقة,,Pending,,
158 joined YTD,158 joined YTD,انضم 158 منذ بداية العام,,Pending,,
182 in appeal,182 in appeal,182 قيد الاستئناف,,Pending,,
2 seconds,2 seconds,ثانيتان,,Pending,,
"2,486 transactions imported.","2,486 transactions imported.","تم استيراد 2,486 معاملة.",,Pending,,
2.8% of base pay,2.8% of base pay,2.8% من الراتب الأساسي,,Pending,,
20 / page,20 / page,20 / صفحة,,Pending,,
2026-09-03 — ISO,2026-09-03 — ISO,2026-09-03 — تنسيق ISO,,Pending,,
218 awaiting dispense,218 awaiting dispense,218 بانتظار الصرف,,Pending,,
23 breach SLA today,23 breach SLA today,23 تتجاوز مستوى الخدمة اليوم,,Pending,,
24-hour — 14:30,24-hour — 14:30,24 ساعة — 14:30,,Pending,,
26 licenses nearing expiry,26 licenses nearing expiry,26 ترخيصاً يقترب من الانتهاء,,Pending,,
26 renewals due,26 renewals due,26 تجديداً مستحقاً,,Pending,,
3.5 seconds,3.5 seconds,3.5 ثانية,,Pending,,
field.user.sessionTimeout.option.30,30 minutes,30 دقيقة,,Pending,,
ui.4.branches.18.426.source.records.8e3cdcc1,"4 branches • 18,426 source records","4 فروع • 18,426 سجلاً مصدرياً",,Pending,,
42 batches,42 batches,42 دفعة,,Pending,,
42 critical roles,42 critical roles,42 وظيفة حرجة,,Pending,,
5 seconds,5 seconds,5 ثوانٍ,,Pending,,
50 / page,50 / page,50 / صفحة,,Pending,,
6 on critical formulary,6 on critical formulary,6 في الدليل الحرج,,Pending,,
field.user.sessionTimeout.option.60,60 minutes,60 دقيقة,,Pending,,
68 admitted in 24h,68 admitted in 24h,68 حالة إدخال خلال 24 ساعة,,Pending,,
68 off-formulary,68 off-formulary,68 خارج الدليل,,Pending,,
68 pending,68 pending,68 معلقاً,,Pending,,
8 customer critical,8 customer critical,8 حالات حرجة للعملاء,,Pending,,
field.user.sessionTimeout.option.480,8 hours,8 ساعات,,Pending,,
8 seconds,8 seconds,8 ثوانٍ,,Pending,,
81 exceptions,81 exceptions,81 استثناءً,,Pending,,
89% of plan,89% of plan,89% من الخطة,,Pending,,
99.2% of source records passed validation checks.,99.2% of source records passed validation checks.,اجتاز 99.2% من السجلات المصدرية فحوص التحقق.,,Pending,,
; administrative writes need,; administrative writes need,؛ التعديلات الإدارية تتطلب,,Pending,,
ui.administrative.writes.need.4fd2e058,; administrative writes need ,؛ التعديلات الإدارية تتطلب ,,Pending,,
ui.a.comment.is.required.for.submission.and.every.decision.322dedac,A comment is required for submission and every decision.,التعليق مطلوب عند الإرسال ولكل قرار.,,Pending,,
api.message.1a98a4333b55,A credential cannot be set through /ai/config.,لا يمكن تعيين بيانات الاعتماد عبر /ai/config.,,Pending,,
api.message.dfffcc85eaec,A credential is required.,بيانات الاعتماد مطلوبة.,,Pending,,
ui.a.documentation.template.not.clinical.decision.support.p.c2723289,"A documentation template, not clinical decision support. Prompts describe what a note of this shape usually records; they are not advice, and instruments are offered with the conditions under which they apply rather than as fields to complete.",قالب توثيق وليس دعماً للقرار السريري. تصف التعليمات محتوى الملاحظة المعتاد وليست نصيحة؛ وتُعرض الأدوات مع شروط انطباقها لا كحقول يجب إكمالها.,,Pending,,
"A missing, zero or malformed limit resolves to the server's default rather than to no limit at all — which is why","A missing, zero or malformed limit resolves to the server's default rather than to no limit at all — which is why",الحد المفقود أو الصفري أو غير الصحيح يُستبدل بافتراضي الخادم وليس بإلغاء الحد؛ ولهذا,,Pending,,
ui.a.missing.zero.or.malformed.limit.resolves.to.the.server.fafc05f4,"A missing, zero or malformed limit resolves to the server's default rather than to no limit at all — which is why ",الحد المفقود أو الصفري أو غير الصحيح يُستبدل بافتراضي الخادم وليس بإلغاء الحد؛ ولهذا ,,Pending,,
A percentage cannot be above 100.,A percentage cannot be above 100.,لا يمكن أن تتجاوز النسبة 100.,,Pending,,
api.message.a9180a9049d3,A product and page are required.,المنتج والصفحة مطلوبان.,,Pending,,
api.message.0b3462597a97,"A product, page and saved record are required.",يلزم تحديد منتج وصفحة وسجل محفوظ.,,Pending,,
A quote must start at the beginning of a CSV cell.,A quote must start at the beginning of a CSV cell.,يجب أن تبدأ علامة الاقتباس في بداية خلية CSV.,,Pending,,
api.message.662591b216a1,A record cannot link to itself.,لا يمكن ربط السجل بنفسه.,,Pending,,
A record with this value already exists,A record with this value already exists,يوجد سجل بهذه القيمة بالفعل,,Pending,,
ui.a.recovery.draft.is.available.from.567e101f,A recovery draft is available from,تتوفر مسودة استرداد من,,Pending,,
ui.a.reference.list.could.not.be.loaded.a1e0d208,A reference list could not be loaded.,تعذر تحميل قائمة مرجعية.,,Pending,,
api.message.2269aa17a223,A saved view needs a pageId and filters.,يتطلب العرض المحفوظ pageId وعوامل تصفية.,,Pending,,
api.message.fca081b77fa4,A search needs a pageId.,يتطلب البحث pageId.,,Pending,,
ui.a.shared.schema.driven.component.platform.for.erp.master.35e8912f,"A shared, schema-driven component platform for ERP masters, transactions, worklists, reports and utilities. Pages compose reusable controls instead of duplicating markup or visual rules.",منصة مكونات مشتركة قائمة على المخططات لبيانات ERP والمعاملات وقوائم العمل والتقارير والأدوات. تُبنى الصفحات من ضوابط قابلة لإعادة الاستخدام.,,Pending,,
ui.a.standard.accessible.toggle.contract.a5e4bf2f,A standard accessible toggle contract.,مكوّن تبديل قياسي يدعم إمكانية الوصول.,,Pending,,
ui.a.supported.level.not.a.submitted.code.final.selection.r.32ace8f6,"A supported level, not a submitted code. Final selection rests with the clinician or coder against current guidance, medical necessity and payer rules.",مستوى مدعوم وليس رمزاً مقدماً. الاختيار النهائي للطبيب أو المرمّز وفق الإرشادات والضرورة الطبية وقواعد الجهة الدافعة.,,Pending,,
ui.a.tenant.setting.this.tenant.is.configured.for.the.uae.w.9f64c95a,"A tenant setting. This tenant is configured for the UAE, where E/M levels do not apply, so the default is none.",إعداد للمستأجر. هذا المستأجر مهيأ للإمارات حيث لا تنطبق مستويات E/M؛ لذا الافتراضي بلا مستوى.,,Pending,,
api.message.23461961caf0,A valid import identifier is required.,معرّف استيراد صالح مطلوب.,,Pending,,
api.message.fd524d32ebf1,A version and operation id are required.,يلزم رقم النسخة ومعرّف العملية.,,Pending,,
AED 2.1M due this week,AED 2.1M due this week,AED 2.1M مستحقة هذا الأسبوع,,Pending,,
AED 218K unfavorable variance despite 4.1% period growth.,AED 218K unfavorable variance despite 4.1% period growth.,فرق سلبي AED 218K رغم نمو الفترة 4.1%.,,Pending,,
AED 3.1M overdue,AED 3.1M overdue,AED 3.1M متأخرة,,Pending,,
AED 4.6M value,AED 4.6M value,قيمة AED 4.6M,,Pending,,
AED — UAE dirham,AED — UAE dirham,AED — الدرهم الإماراتي,,Pending,,
AED • UAE Dirham,AED • UAE Dirham,AED • الدرهم الإماراتي,,Pending,,
menu.library.ai-administration.label,AI Administration,إدارة الذكاء الاصطناعي,,Pending,,
menu.library.ai-assistant.label,AI Assistant,مساعد الذكاء الاصطناعي,,Pending,,
ui.ai.assistant.ab6eb4ac,AI assistant,مساعد الذكاء الاصطناعي,,Pending,,
AI assistant — {count} available here,AI assistant — {count} available here,مساعد الذكاء الاصطناعي — {count} متاح هنا,,Pending,,
menu.finance.ar-aging.label,AR Aging,أعمار الذمم المدينة,,Pending,,
Abdomen and neurology,Abdomen and neurology,البطن والجهاز العصبي,,Pending,,
Abdominal tenderness,Abdominal tenderness,إيلام البطن,,Pending,,
"Abnormal ECG, echo or troponin","Abnormal ECG, echo or troponin",نتائج غير طبيعية لتخطيط القلب أو الإيكو أو التروبونين,,Pending,,
Abnormal Result,Abnormal Result,نتيجة غير طبيعية,,Pending,,
Abnormal paediatric result,Abnormal paediatric result,نتيجة أطفال غير طبيعية,,Pending,,
Abnormal radiograph or MRI,Abnormal radiograph or MRI,صورة أشعة أو رنين غير طبيعية,,Pending,,
Abnormal screening result,Abnormal screening result,نتيجة فحص غير طبيعية,,Pending,,
Abnormal ultrasound or screening result,Abnormal ultrasound or screening result,نتيجة موجات فوق صوتية أو فحص غير طبيعية,,Pending,,
Above 85% threshold,Above 85% threshold,فوق حد 85%,,Pending,,
Abu Dhabi contributes 44.8%,Abu Dhabi contributes 44.8%,تساهم أبوظبي بنسبة 44.8%,,Pending,,
section.user.access.title,Access & roles,الوصول والأدوار,,Pending,,
Access not permitted,Access not permitted,الوصول غير مسموح,,Pending,,
field.user.validFrom.label,Access valid from,بداية صلاحية الوصول,,Pending,,
field.user.validTo.label,Access valid until,نهاية صلاحية الوصول,,Pending,,
menu.library.accessibility.label,Accessibility,إمكانية الوصول,,Pending,,
Accessibility fixes,Accessibility fixes,إصلاحات إمكانية الوصول,,Pending,,
Accessibility score,Accessibility score,درجة إمكانية الوصول,,Pending,,
field.user.branches.label,Accessible branches,الفروع المتاحة,,Pending,,
ui.account.manager.85c0ca88,Account manager,مدير الحساب,,Pending,,
field.user.status.label,Account status,حالة الحساب,,Pending,,
Accounting,Accounting,المحاسبة,,Pending,,
page.ar-aging-report.title,Accounts Receivable Aging,أعمار الذمم المدينة,,Pending,,
Across 12 accounts,Across 12 accounts,عبر 12 حساباً,,Pending,,
Across 5 ERP modules,Across 5 ERP modules,عبر 5 وحدات ERP,,Pending,,
Across 9 warehouses,Across 9 warehouses,عبر 9 مستودعات,,Pending,,
Action plan active,Action plan active,خطة العمل نشطة,,Pending,,
ui.action.queue.7ee1e24e,Action queue,قائمة الإجراءات,,Pending,,
Action required,Action required,إجراء مطلوب,,Pending,,
ui.action.unavailable.for.your.role.57f0713e,Action unavailable for your role,الإجراء غير متاح لدورك,,Pending,,
Actionable and traceable to each problem,Actionable and traceable to each problem,قابل للتنفيذ ومرتبط بكل مشكلة,,Pending,,
ui.actions.ff8059dc,Actions,الإجراءات,,Pending,,
Active,Active,نشط,,Pending,,
Active range,Active range,مدى الحركة النشطة,,Pending,,
Active workforce,Active workforce,القوى العاملة النشطة,,Pending,,
Activity,Activity,النشاط,,Pending,,
Activity level,Activity level,مستوى النشاط,,Pending,,
ui.actual.versus.trajectory.refreshed.four.minutes.ago.9151a52f,Actual versus trajectory • refreshed four minutes ago,الفعلي مقابل المتوقع • تم التحديث قبل أربع دقائق,,Pending,,
column.patient-master.acuity.label,Acuity,حدة الحالة,,Pending,,
Acute Symptom,Acute Symptom,عرض حاد,,Pending,,
"Acute mood, anxiety or behavioural concern","Acute mood, anxiety or behavioural concern",قلق حاد بالمزاج أو القلق أو السلوك,,Pending,,
api.message.a05cf5bf7750,Add a submission comment (up to 4000 characters).,أضف تعليقًا للإرسال لا يتجاوز 4000 حرف.,,Pending,,
ui.add.attachment.maximum.2.mb.88f8a023,Add attachment (maximum 2 MB),إضافة مرفق (بحد أقصى 2 ميجابايت),,Pending,,
ui.add.line.a922dc85,Add line,إضافة بند,,Pending,,
ui.add.payment.cf9d06f9,Add payment,إضافة دفعة,,Pending,,
ui.add.stage.76fa771d,Add stage,إضافة مرحلة,,Pending,,
api.message.0d151c729633,Added a comment,أضاف تعليقًا,,Pending,,
api.message.8ed8d26e582f,Added an attachment,أضاف مرفقًا,,Pending,,
Added by the patient-context layer,Added by the patient-context layer,أضافته طبقة سياق المريض,,Pending,,
section.hr-dashboard.details.description,Additional business information.,معلومات تجارية إضافية.,,Pending,,
Address,Address,العنوان,,Pending,,
Address line 1,Address line 1,سطر العنوان الأول,,Pending,,
Address line 2,Address line 2,سطر العنوان الثاني,,Pending,,
Adherence,Adherence,الالتزام,,Pending,,
Adjustments,Adjustments,التعديلات,,Pending,,
field.user.notes.label,Administrative notes,ملاحظات إدارية,,Pending,,
section.user.audit.description,Administrative reason and record ownership.,السبب الإداري وملكية السجل.,,Pending,,
menu.healthcare.admission-worklist.label,Admissions,التنويم,,Pending,,
menu.healthcare.hc-access.label,Admissions & Visits,التنويم والزيارات,,Pending,,
column.patient-master.admitted.label,Admitted,تم الإدخال,,Pending,,
Adult,Adult,بالغ,,Pending,,
Adult context: age and sex rules apply only where clinically relevant.,Adult context: age and sex rules apply only where clinically relevant.,سياق البالغين: تُطبق قواعد العمر والجنس عند الصلة السريرية فقط.,,Pending,,
ui.advanced.filters.db332598,Advanced filters,عوامل تصفية متقدمة,,Pending,,
api.approval.advanced,Advanced to {stage},انتقل إلى {stage},,Pending,,
Affect,Affect,الوجدان,,Pending,,
"Age-adjusted observation, growth, development and hydration","Age-adjusted observation, growth, development and hydration",ملاحظة حسب العمر والنمو والتطور والترطيب,,Pending,,
Age-appropriate milestones,Age-appropriate milestones,معالم تطور مناسبة للعمر,,Pending,,
Aggregation,Aggregation,التجميع,,Pending,,
Air entry,Air entry,دخول الهواء,,Pending,,
Alignment,Alignment,المحاذاة,,Pending,,
ui.all.a52ace42,All,الكل,,Pending,,
All available,All available,كل المتاح,,Pending,,
ui.all.defaults.10313df3,All defaults,كل الإعدادات الافتراضية,,Pending,,
All messages marked as read,All messages marked as read,تم تحديد كل الرسائل كمقروءة,,Pending,,
All notifications marked as read,All notifications marked as read,تم تحديد كل الإشعارات كمقروءة,,Pending,,
ui.all.rows.8e4d5816,All rows,جميع الصفوف,,Pending,,
All stages,All stages,جميع المراحل,,Pending,,
All statuses,All statuses,جميع الحالات,,Pending,,
ui.all.systems.operational.39bd8d49,All systems operational,جميع الأنظمة تعمل,,Pending,,
All widgets are synchronized with mock data.,All widgets are synchronized with mock data.,كل الأدوات متزامنة مع البيانات التجريبية.,,Pending,,
field.consultation.allergies.label,Allergies,الحساسية,,Pending,,
ui.allocation.summary.a758856b,Allocation summary,ملخص التخصيص,,Pending,,
Allowances,Allowances,البدلات,,Pending,,
ui.alternate.rows.are.tinted.2acedabc,Alternate rows are tinted.,تظليل الصفوف بالتناوب.,,Pending,,
Ambient recording,Ambient recording,تسجيل محيطي,,Pending,,
Amount,Amount,المبلغ,,Pending,,
An age and development-appropriate instrument.,An age and development-appropriate instrument.,أداة مناسبة للعمر والتطور.,,Pending,,
api.message.c9346fe7104f,An edit needs a column.,يتطلب التعديل عمودًا.,,Pending,,
api.message.34f015c02805,An edit needs a page and a record.,يتطلب التعديل صفحة وسجلًا.,,Pending,,
api.message.a71b0fc75b0e,An export record needs a pageId.,يتطلب سجل التصدير pageId.,,Pending,,
api.message.3fc3fc0d5316,An operation identifier is required.,معرّف العملية مطلوب.,,Pending,,
Analgesic or anti-inflammatory review,Analgesic or anti-inflammatory review,مراجعة المسكنات أو مضادات الالتهاب,,Pending,,
menu.pharmacy.rx-reports.label,Analysis,التحليل,,Pending,,
menu.hr.hr-analytics.label,Analytics,التحليلات,,Pending,,
ui.animations.7f7c3306,Animations,الحركات,,Pending,,
Antenatal or gynaecological follow-up,Antenatal or gynaecological follow-up,متابعة الحمل أو أمراض النساء,,Pending,,
Anticoagulant or cardiac medication review,Anticoagulant or cardiac medication review,مراجعة مضادات التخثر أو أدوية القلب,,Pending,,
Anxiety,Anxiety,القلق,,Pending,,
Anxiety instrument,Anxiety instrument,أداة تقييم القلق,,Pending,,
Appearance,Appearance,المظهر,,Pending,,
Appearance and behaviour,Appearance and behaviour,المظهر والسلوك,,Pending,,
Appetite,Appetite,الشهية,,Pending,,
Application shell,Application shell,هيكل التطبيق,,Pending,,
Applied,Applied,تم التطبيق,,Pending,,
ui.applied.wherever.a.value.is.rendered.worklists.cards.pre.38999a3f,"Applied wherever a value is rendered: worklists, cards, previews, reports and billing.",تُطبق أينما تُعرض القيم: قوائم العمل والبطاقات والمعاينات والتقارير والفوترة.,,Pending,,
ui.applies.to.menus.actions.and.messages.3d1258c8,"Applies to menus, actions and messages.",تسري على القوائم والإجراءات والرسائل.,,Pending,,
ui.apply.31e392d1,Apply,تطبيق,,Pending,,
menu.healthcare.appointment-worklist.label,Appointments,المواعيد,,Pending,,
menu.finance.fin-approvals.label,Approval Matrix,مصفوفة الاعتماد,,Pending,,
menu.sales.sales-approval.label,Approval Rules,قواعد الاعتماد,,Pending,,
menu.hr.hr-workflow.label,Approval Workflow,سير عمل الاعتماد,,Pending,,
menu.hr.approval-worklist.label,Approval Worklist,قائمة عمل الاعتماد,,Pending,,
api.message.cee9d59bb0c9,Approval changed. Refresh before submitting.,تغيّرت الموافقة. حدّث الصفحة قبل الإرسال.,,Pending,,
Approval comment,Approval comment,تعليق الاعتماد,,Pending,,
api.message.7bfd165bb87e,Approval could not be confirmed. Retry the same action to recover its result.,تعذّر تأكيد الموافقة. أعد نفس الإجراء لاستعادة نتيجته.,,Pending,,
ui.approval.history.for.9208c99b,Approval history for,سجل الموافقات لـ,,Pending,,
ui.approval.inbox.a670f0ac,Approval inbox,صندوق الاعتمادات,,Pending,,
ui.approval.ownership.61a992d1,Approval ownership,ملكية الاعتماد,,Pending,,
api.message.3a5a633e9ec3,Approval request is too large or invalid.,طلب الموافقة كبير جدًا أو غير صالح.,,Pending,,
field.hr-dashboard.approvalRequired.label,Approval required,الموافقة مطلوبة,,Pending,,
ui.approval.stage.19f10a3e,Approval stage,مرحلة الاعتماد,,Pending,,
ui.approval.stages.1faaedac,Approval stages,مراحل الاعتماد,,Pending,,
ui.approval.status.5a66175a,Approval status,حالة الاعتماد,,Pending,,
ui.approve.6007acbe,Approve,اعتماد,,Pending,,
ui.approve.selected.86372811,Approve selected,اعتماد المحدد,,Pending,,
api.approval.approved,Approved,تمت الموافقة,,Pending,,
Approved plan,Approved plan,الخطة المعتمدة,,Pending,,
Apr,Apr,أبريل,,Pending,,
field.user.language.option.ar,Arabic,العربية,,Pending,,
ui.arabic.switches.the.whole.layout.to.right.to.left.e8b2231e,Arabic switches the whole layout to right-to-left,العربية تحول اتجاه التخطيط إلى اليمين لليسار,,Pending,,
ui.archive.66f4804e,Archive,أرشفة,,Pending,,
ui.archive.results.f0345b60,Archive results,أرشفة النتائج,,Pending,,
Archive {count} records?,Archive {count} records?,أرشفة {count} من السجلات؟,,Pending,,
Archived,Archived,مؤرشف,,Pending,,
ui.arrange.open.records.as.movable.windows.with.a.taskbar.i.dd2f78aa,"Arrange open records as movable windows with a taskbar, instead of tabs.",عرض السجلات المفتوحة كنوافذ قابلة للتحريك مع شريط مهام بدلاً من التبويبات.,,Pending,,
ui.ask.before.archiving.selected.records.36e82503,Ask before archiving selected records.,طلب التأكيد قبل أرشفة السجلات المحددة.,,Pending,,
ui.ask.something.else.6b2e237d,Ask something else,اسأل شيئاً آخر,,Pending,,
ui.ask.whoever.sent.it.to.share.it.again.dfea0fdc,Ask whoever sent it to share it again.,اطلب من المرسل مشاركته مجدداً.,,Pending,,
ui.assembly.is.truncated.to.this.5d3886f2,Assembly is truncated to this.,يُختصر التجميع إلى هذا الحد.,,Pending,,
section.consultation.assessment.title,Assessment and plan,التقييم والخطة,,Pending,,
Assessment and problems,Assessment and problems,التقييم والمشكلات,,Pending,,
field.user.roles.label,Assigned roles,الأدوار المعينة,,Pending,,
section.hr-dashboard.assignment.title,Assignment,التعيين,,Pending,,
ui.assistant.command.b33c0ecb,Assistant command,أمر المساعد,,Pending,,
ui.assistant.not.enabled.here.select.manually.258baf78,Assistant not enabled here — select manually,المساعد غير مفعّل هنا؛ اختر يدوياً,,Pending,,
"Asthma, growth or chronic condition review","Asthma, growth or chronic condition review",مراجعة الربو أو النمو أو حالة مزمنة,,Pending,,
At-risk renewals,At-risk renewals,تجديدات معرضة للخطر,,Pending,,
Atrial fibrillation and anticoagulation decisions only.,Atrial fibrillation and anticoagulation decisions only.,للرجفان الأذيني وقرارات مضادات التخثر فقط.,,Pending,,
api.message.4a8d45c019e6,Attachment is no longer available.,المرفق لم يعد متاحًا.,,Pending,,
Attachments,Attachments,المرفقات,,Pending,,
menu.hr.attendance-adjustment.label,Attendance Adjustment,تعديل الحضور,,Pending,,
menu.hr.attendance-anomalies.label,Attendance Anomalies,استثناءات الحضور,,Pending,,
menu.hr.attendance-report.label,Attendance Report,تقرير الحضور,,Pending,,
Attendance today,Attendance today,حضور اليوم,,Pending,,
Attention,Attention,الانتباه,,Pending,,
Attrition,Attrition,ترك العمل,,Pending,,
section.hr-dashboard.audit.title,Audit,التدقيق,,Pending,,
section.user.audit.title,Audit & notes,التدقيق والملاحظات,,Pending,,
ui.audit.workflow.c377a4b4,Audit & workflow,التدقيق وسير العمل,,Pending,,
ui.audit.protected.bdca2f73,Audit protected,محمي بالتدقيق,,Pending,,
field.hr-dashboard.tags.option.audited,Audited,تم التدقيق,,Pending,,
Aug,Aug,أغسطس,,Pending,,
section.user.security.description,"Authentication, session and risk controls.",ضوابط المصادقة والجلسة والمخاطر.,,Pending,,
ui.authorization.reference.80c41154,Authorization reference,مرجع التفويض,,Pending,,
field.hr-dashboard.code.placeholder,Auto or manual code,رمز تلقائي أو يدوي,,Pending,,
ui.automated.observations.from.the.result.d9d51cbd,Automated observations from the result,ملاحظات آلية من النتيجة,,Pending,,
ui.automations.approvals.and.exceptions.c369ab08,"Automations, approvals and exceptions",الأتمتة والموافقات والاستثناءات,,Pending,,
column.product-master.stock.label,Available,متاح,,Pending,,
Average deal,Average deal,متوسط الصفقة,,Pending,,
Average dispense time,Average dispense time,متوسط وقت الصرف,,Pending,,
Average length of stay,Average length of stay,متوسط مدة الإقامة,,Pending,,
Awaiting dispense,Awaiting dispense,بانتظار الصرف,,Pending,,
Awaiting my decision,Awaiting my decision,بانتظار قراري,,Pending,,
Awaiting notes,Awaiting notes,بانتظار الملاحظات,,Pending,,
Awaiting pre-authorisation,Awaiting pre-authorisation,بانتظار الموافقة المسبقة,,Pending,,
ui.back.76900f1b,Back,رجوع,,Pending,,
column.billing-entry.balance.label,Balance,الرصيد,,Pending,,
menu.finance.balance-sheet.label,Balance Sheet,الميزانية العمومية,,Pending,,
ui.balance.after.payments.765e3dbc,Balance after payments,الرصيد بعد المدفوعات,,Pending,,
Balance due,Balance due,الرصيد المستحق,,Pending,,
menu.finance.bank-master.label,Bank & Cash,البنوك والنقدية,,Pending,,
menu.payroll.bank-format.label,Bank File Format,تنسيق ملف البنك,,Pending,,
menu.finance.bank-reconciliation.label,Bank Reconciliation,التسوية البنكية,,Pending,,
Bank cutoff approaching,Bank cutoff approaching,اقتراب الموعد البنكي النهائي,,Pending,,
Bank feed,Bank feed,تغذية البنك,,Pending,,
Bank feed completed,Bank feed completed,اكتملت تغذية البنك,,Pending,,
Bank files,Bank files,ملفات البنك,,Pending,,
ui.bar.theme.26db6f6f,Bar theme,سمة الشريط,,Pending,,
ui.bar.tone.c247daba,Bar tone,درجة لون الشريط,,Pending,,
ui.base.font.size.fa598af2,Base font size,حجم الخط الأساسي,,Pending,,
Base salary,Base salary,الراتب الأساسي,,Pending,,
Baseline history,Baseline history,التاريخ الأساسي,,Pending,,
menu.pharmacy.batch-expiry.label,Batch & Expiry,الدفعات والصلاحية,,Pending,,
Batch quarantined,Batch quarantined,عزل الدفعة,,Pending,,
menu.healthcare.bed-management.label,Bed Management,إدارة الأسرة,,Pending,,
menu.healthcare.occupancy-report.label,Bed Occupancy,إشغال الأسرة,,Pending,,
Bed capacity warning,Bed capacity warning,تنبيه سعة الأسرّة,,Pending,,
Bed occupancy,Bed occupancy,إشغال الأسرّة,,Pending,,
Behaviour,Behaviour,السلوك,,Pending,,
ui.below.the.lowest.time.band.no.level.is.supported.on.time.6475301f,Below the lowest time band — no level is supported on time alone.,أقل من أدنى نطاق زمني؛ لا يُدعم أي مستوى بالوقت وحده.,,Pending,,
menu.payroll.benefit-plan.label,Benefit Plan,خطة المزايا,,Pending,,
Benefits,Benefits,المزايا,,Pending,,
ui.bill.to.9ec78118,Bill to,الفاتورة إلى,,Pending,,
ui.bill.to.party.contact.delivery.and.credit.profile.35609547,"Bill-to party, contact, delivery and credit profile.",الجهة المفوترة والاتصال والتسليم والملف الائتماني.,,Pending,,
ui.billing.3ac8bbca,Billing,الفوترة,,Pending,,
Billing & Receipts,Billing & Receipts,الفوترة والمقبوضات,,Pending,,
Billing Entry,Billing Entry,إدخال فاتورة,,Pending,,
menu.finance.billing-worklist.label,Billing Worklist,قائمة عمل الفوترة,,Pending,,
menu.library.billing-patterns.label,Billing Workspace,مساحة عمل الفوترة,,Pending,,
ui.billing.address.1f516acc,Billing address,عنوان الفوترة,,Pending,,
section.customer.address.description,Billing and registered location.,عنوان الفوترة والعنوان المسجل.,,Pending,,
ui.billing.details.7c928c71,Billing details,تفاصيل الفوترة,,Pending,,
ui.billing.layout.13fe7207,Billing layout,تخطيط الفوترة,,Pending,,
ui.billing.workspace.layout.54522c95,Billing workspace layout,تخطيط مساحة الفوترة,,Pending,,
page.finance-dashboard.subtitle,"Billing, ledger, receivables, payables, taxation and financial control",الفوترة ودفتر الأستاذ والذمم المدينة والدائنة والضرائب والرقابة المالية,,Pending,,
Bimanual if indicated,Bimanual if indicated,فحص بكلتا اليدين عند اللزوم,,Pending,,
Birth and development,Birth and development,الولادة والتطور,,Pending,,
Bleeding,Bleeding,النزيف,,Pending,,
Bleeding severity,Bleeding severity,شدة النزيف,,Pending,,
field.consultation.bloodPressure.label,Blood pressure,ضغط الدم,,Pending,,
Bone health and mobility review,Bone health and mobility review,مراجعة صحة العظام والحركة,,Pending,,
Booked revenue,Booked revenue,الإيرادات المسجلة,,Pending,,
Both,Both,كلاهما,,Pending,,
Bottom center,Bottom center,أسفل الوسط,,Pending,,
Bottom left,Bottom left,أسفل اليسار,,Pending,,
Bottom right,Bottom right,أسفل اليمين,,Pending,,
ui.branch.52656e81,Branch,الفرع,,Pending,,
Branch Managers,Branch Managers,مديرو الفروع,,Pending,,
ui.branch.performance.8d460147,Branch performance,أداء الفروع,,Pending,,
Bright enterprise workspace,Bright enterprise workspace,مساحة عمل مؤسسية ساطعة,,Pending,,
Browse,Browse,تصفح,,Pending,,
ui.budget.1c6225ec,Budget,الميزانية,,Pending,,
Budget / target,Budget / target,الميزانية / الهدف,,Pending,,
menu.library.bulk-operations.label,Bulk Operations,العمليات الجماعية,,Pending,,
Bulk decision comment,Bulk decision comment,تعليق القرار الجماعي,,Pending,,
field.user.email.label,Business email,البريد الإلكتروني للعمل,,Pending,,
Button,Button,زر,,Pending,,
ui.by.decision.making.665d31a2,By decision making,باتخاذ القرار,,Pending,,
ui.by.total.time.20ea7bc0,By total time,بإجمالي الوقت,,Pending,,
ui.csv.preview.first.5.data.rows.ecc688e2,CSV preview · first 5 data rows,معاينة CSV · أول 5 صفوف,,Pending,,
ui.csv.row.preview.e4755004,CSV row preview,معاينة صفوف CSV,,Pending,,
CSV — opens anywhere,CSV — opens anywhere,CSV — يفتح في كل مكان,,Pending,,
CUS-1042 updated successfully.,CUS-1042 updated successfully.,تم تحديث CUS-1042 بنجاح.,,Pending,,
Calm finance-focused palette,Calm finance-focused palette,ألوان هادئة للمالية,,Pending,,
ui.cancel.19766ed6,Cancel,إلغاء,,Pending,,
ui.cancel.rename.3fe54236,Cancel rename,إلغاء إعادة التسمية,,Pending,,
Cancelled,Cancelled,ملغى,,Pending,,
Capillary refill,Capillary refill,إعادة امتلاء الشعيرات,,Pending,,
Card grid,Card grid,شبكة بطاقات,,Pending,,
Card grid view,Card grid view,عرض شبكة البطاقات,,Pending,,
"Cardiac and perfusion findings, linked to the presenting symptom","Cardiac and perfusion findings, linked to the presenting symptom",نتائج القلب والتروية المرتبطة بالعرض الحالي,,Pending,,
Cardiac risk factors,Cardiac risk factors,عوامل الخطر القلبية,,Pending,,
"Cardiac symptoms, risk factors, cardiovascular examination.","Cardiac symptoms, risk factors, cardiovascular examination.",الأعراض القلبية وعوامل الخطر وفحص القلب والأوعية.,,Pending,,
field.consultation.specialty.option.Cardiology,Cardiology,أمراض القلب,,Pending,,
Cardiovascular,Cardiovascular,القلب والأوعية,,Pending,,
Cardiovascular examination,Cardiovascular examination,فحص القلب والأوعية,,Pending,,
Cardiovascular risk assessment,Cardiovascular risk assessment,تقييم مخاطر القلب والأوعية,,Pending,,
Caregiver concerns,Caregiver concerns,مخاوف مقدم الرعاية,,Pending,,
menu.supply.carrier-master.label,Carrier Master,سجل شركات النقل,,Pending,,
Cash position,Cash position,الوضع النقدي,,Pending,,
menu.sales.sales-catalog.label,Catalog,الكتالوج,,Pending,,
field.hr-dashboard.category.label,Category,الفئة,,Pending,,
Center modal,Center modal,نافذة وسطية,,Pending,,
Centered record card,Centered record card,بطاقة سجل في الوسط,,Pending,,
ui.change.a.primitive.once.all.consuming.pages.inherit.the.7c4d537a,Change a primitive once; all consuming pages inherit the contract.,غيّر المكوّن الأساسي مرة واحدة فتطبق جميع الصفحات المستخدمة له التغيير.,,Pending,,
section.hr-dashboard.audit.description,Change context and approval controls.,سياق التغيير وضوابط الموافقة.,,Pending,,
ui.change.mapping.6872ef3c,Change mapping,تغيير الربط,,Pending,,
field.hr-dashboard.changeReason.label,Change reason,سبب التغيير,,Pending,,
Change since last visit,Change since last visit,التغيير منذ آخر زيارة,,Pending,,
Changed by someone else,Changed by someone else,غيّره شخص آخر,,Pending,,
ui.changes.apply.to.new.submissions.and.resubmissions.pendi.2d7a336e,Changes apply to new submissions and resubmissions. Pending approvals retain their submitted stages.,تسري التغييرات على الطلبات الجديدة والمعاد إرسالها. تحتفظ الاعتمادات المعلقة بمراحلها الأصلية.,,Pending,,
ui.changes.here.save.separately.from.the.record.f35c36d1,Changes here save separately from the record.,تُحفظ التغييرات هنا بشكل منفصل عن السجل.,,Pending,,
ui.changes.need.attention.fbaeabd5,Changes need attention,التغييرات تحتاج مراجعة,,Pending,,
api.approval.changes_requested,Changes requested,طُلبت تغييرات,,Pending,,
Changes saved,Changes saved,تم حفظ التغييرات,,Pending,,
Channel,Channel,القناة,,Pending,,
menu.finance.chart-account.label,Chart of Accounts,دليل الحسابات,,Pending,,
ui.chart.options.160d6be8,Chart options,خيارات الرسم البياني,,Pending,,
Check line items,Check line items,تحقق من بنود الفاتورة,,Pending,,
Checked on save,Checked on save,يُفحص عند الحفظ,,Pending,,
ui.checking.that.you.can.see.it.3619bc93,Checking that you can see it.,جارٍ التحقق من صلاحية العرض.,,Pending,,
"Chest pain, palpitations or dyspnoea","Chest pain, palpitations or dyspnoea",ألم الصدر أو الخفقان أو ضيق التنفس,,Pending,,
Chest-pain risk instrument,Chest-pain risk instrument,أداة تقييم مخاطر ألم الصدر,,Pending,,
api.message.aee0ef72de4e,Choose 1–100 distinct records and add a decision comment.,اختر من سجل واحد إلى 100 سجل مختلف وأضف تعليقًا للقرار.,,Pending,,
Choose a CSV file up to 2 MB.,Choose a CSV file up to 2 MB.,اختر ملف CSV بحجم حتى 2 ميغابايت.,,Pending,,
Choose a UTF-8 .csv file up to 2 MB.,Choose a UTF-8 .csv file up to 2 MB.,اختر ملف .csv بترميز UTF-8 بحجم حتى 2 ميغابايت.,,Pending,,
api.message.6f38216914c3,Choose a file between 1 byte and 2 MB.,اختر ملفًا بحجم بين بايت واحد و2 ميغابايت.,,Pending,,
api.message.249a46505f32,"Choose a page, record ID and label.",اختر صفحة ومعرّف سجل وتسمية.,,Pending,,
api.message.4702e2ea89c6,Choose a product and page.,اختر منتجًا وصفحة.,,Pending,,
Choose a supported option value,Choose a supported option value,اختر قيمة خيار مدعومة,,Pending,,
api.message.1ebd2d43e7a1,Choose a supported product and page.,اختر منتجًا وصفحة مدعومين.,,Pending,,
Choose a value for the selected parent field,Choose a value for the selected parent field,اختر قيمة للحقل الرئيسي المحدد,,Pending,,
Choose a view,Choose a view,اختر عرضاً,,Pending,,
ui.choose.another.file.26eac8f8,Choose another file,اختيار ملف آخر,,Pending,,
ui.choose.columns.61b55093,Choose columns,اختر الأعمدة,,Pending,,
api.message.49cb9760a23d,Choose up to 100 notifications.,اختر ما يصل إلى 100 إشعار.,,Pending,,
ui.choose.visible.columns.and.save.their.order.for.this.pag.9658cf67,Choose visible columns and save their order for this page.,اختر الأعمدة المعروضة واحفظ ترتيبها لهذه الصفحة.,,Pending,,
Chronic Review,Chronic Review,مراجعة حالة مزمنة,,Pending,,
City,City,المدينة,,Pending,,
ui.claim.external.reference.2d9f3e63,Claim / external reference,مرجع المطالبة / المرجع الخارجي,,Pending,,
menu.healthcare.claim-worklist.label,Claim Worklist,قائمة عمل المطالبات,,Pending,,
Claim batch submitted,Claim batch submitted,تم تقديم دفعة مطالبات,,Pending,,
Claim denial rate,Claim denial rate,معدل رفض المطالبات,,Pending,,
Claims in denial,Claims in denial,مطالبات مرفوضة,,Pending,,
column.supplier-fin-master.category.label,Class,التصنيف,,Pending,,
ui.clear.83b12c22,Clear,مسح,,Pending,,
ui.clear.filters.7179ea00,Clear filters,مسح عوامل التصفية,,Pending,,
ui.clear.search.3b7ea517,Clear search,مسح البحث,,Pending,,
Cleared,Cleared,تمت التسوية,,Pending,,
Click,Click,النقر,,Pending,,
ui.click.opens.it.from.the.logo.instead.ffb97db4,Click opens it from the logo instead,يفتح بالنقر على الشعار,,Pending,,
section.healthcare.hc-clinical.label,Clinical,سريري,,Pending,,
menu.healthcare.hc-reports.label,Clinical & Operational,العمليات السريرية والتشغيلية,,Pending,,
menu.healthcare.clinical-notes.label,Clinical Notes,الملاحظات السريرية,,Pending,,
menu.healthcare.hc-config.label,Clinical Setup,الإعداد السريري,,Pending,,
Clinical instruments,Clinical instruments,أدوات سريرية,,Pending,,
Clinical overview,Clinical overview,نظرة سريرية عامة,,Pending,,
ui.clinical.reasoning.dc513d72,Clinical reasoning,الاستدلال السريري,,Pending,,
Clinical reasoning and the problems addressed,Clinical reasoning and the problems addressed,الاستدلال السريري والمشكلات المعالجة,,Pending,,
column.consultation-worklist.clinician.label,Clinician,الطبيب المعالج,,Pending,,
menu.healthcare.clinician-master.label,Clinician Master,سجل الممارسين الصحيين,,Pending,,
ui.clinician.narrative.bcee8ae9,Clinician narrative,سرد الطبيب,,Pending,,
ui.clock.93ff9273,Clock,الساعة,,Pending,,
ui.close.7d9eb7ac,Close,إغلاق,,Pending,,
ui.close.help.88f2b692,Close help,إغلاق المساعدة,,Pending,,
ui.close.other.tabs.0ddc2c56,Close other tabs,إغلاق التبويبات الأخرى,,Pending,,
Close {item},Close {item},إغلاق {item},,Pending,,
ui.closing.pauses.after.the.current.batch.completed.rows.re.dd7e09b9,Closing pauses after the current batch. Completed rows remain imported.,يؤدي الإغلاق إلى الإيقاف بعد الدفعة الحالية. تبقى الصفوف المكتملة مستوردة.,,Pending,,
Code,Code,الرمز,,Pending,,
Code generated on save,Code generated on save,يُنشأ الرمز عند الحفظ,,Pending,,
"Code — AED 1,200","Code — AED 1,200","الرمز — AED 1,200",,Pending,,
ui.coding.scheme.b7ff20ad,Coding scheme,نظام الترميز,,Pending,,
Coding scheme · E/M,Coding scheme · E/M,نظام الترميز · E/M,,Pending,,
Cognition and safety,Cognition and safety,الإدراك والسلامة,,Pending,,
Collapse the split to one document,Collapse the split to one document,طي التقسيم إلى مستند واحد,,Pending,,
Collection notes,Collection notes,ملاحظات التحصيل,,Pending,,
Collections,Collections,التحصيلات,,Pending,,
Colour and perfusion,Colour and perfusion,اللون والتروية,,Pending,,
ui.column.choices.are.stored.per.page.the.same.saved.layout.96049e42,Column choices are stored per page. The same saved layout is used when you return to this worklist.,تُحفظ خيارات الأعمدة لكل صفحة ويُستخدم التخطيط المحفوظ عند العودة لقائمة العمل.,,Pending,,
ui.column.layout.is.saved.9e9984dd,Column layout is saved,تم حفظ تخطيط الأعمدة,,Pending,,
ui.column.names.stay.visible.while.you.scroll.4b34c24d,Column names stay visible while you scroll.,تبقى أسماء الأعمدة ظاهرة أثناء التمرير.,,Pending,,
Columns,Columns,الأعمدة,,Pending,,
ui.columns.layout.cfbf6147,Columns & layout,الأعمدة والتخطيط,,Pending,,
Comfortable,Comfortable,مريح,,Pending,,
Commands start with a colon. Try :help.,Commands start with a colon. Try :help.,تبدأ الأوامر بنقطتين. جرّب :help.,,Pending,,
Comments,Comments,التعليقات,,Pending,,
section.customer.contact.description,Communication and account ownership.,التواصل وملكية الحساب.,,Pending,,
Compact,Compact,مضغوط,,Pending,,
Comparable basis,Comparable basis,أساس قابل للمقارنة,,Pending,,
Comparison,Comparison,المقارنة,,Pending,,
"Competing risks, reconciliation, care-team coordination.","Competing risks, reconciliation, care-team coordination.",المخاطر المتنافسة والمطابقة وتنسيق فريق الرعاية.,,Pending,,
Complaint,Complaint,الشكوى,,Pending,,
Complete required fields,Complete required fields,أكمل الحقول المطلوبة,,Pending,,
api.message.120b90451b53,Complete the highlighted fields.,أكمل الحقول المميزة.,,Pending,,
Completed,Completed,مكتمل,,Pending,,
Complex Multimorbidity,Complex Multimorbidity,أمراض متعددة معقدة,,Pending,,
Complex multimorbidity in Paediatrics usually implies a shared-care or long-term-conditions pathway rather than a single specialty plan.,Complex multimorbidity in Paediatrics usually implies a shared-care or long-term-conditions pathway rather than a single specialty plan.,الأمراض المتعددة المعقدة لدى الأطفال تعني عادة مسار رعاية مشتركة أو طويلة الأمد بدلاً من خطة تخصص واحد.,,Pending,,
"Complex multimorbidity: problem reconciliation, competing risks, medication burden and care-plan ownership are prioritised.","Complex multimorbidity: problem reconciliation, competing risks, medication burden and care-plan ownership are prioritised.",الأمراض المتعددة المعقدة: الأولوية لمطابقة المشكلات والمخاطر المتنافسة وعبء الدواء ومسؤولية الخطة.,,Pending,,
Compliance,Compliance,الامتثال,,Pending,,
menu.hr.compliance-report.label,Compliance Register,سجل الامتثال,,Pending,,
Compliance review,Compliance review,مراجعة الامتثال,,Pending,,
ui.component.ce54f0e2,Component,المكوّن,,Pending,,
menu.library.component-contracts.label,Component Contracts,عقود المكونات,,Pending,,
menu.library.component-library.label,Component Gallery,معرض المكونات,,Pending,,
Component event,Component event,حدث المكوّن,,Pending,,
Component reviews,Component reviews,مراجعات المكونات,,Pending,,
ui.component.bound.value.ef5529c4,Component-bound value,قيمة مرتبطة بالمكوّن,,Pending,,
section.library.lib-components.label,Components,المكونات,,Pending,,
"Components consume tokens such as surface, border, primary and text.","Components consume tokens such as surface, border, primary and text.",تستخدم المكونات رموز السطح والحدود والأساسي والنص.,,Pending,,
page.library-dashboard.subtitle,"Components, patterns, schemas, tokens, contracts and implementation guidance",المكونات والأنماط والمخططات والرموز والعقود وإرشادات التنفيذ,,Pending,,
ui.compose.consultation.4403af43,Compose consultation →,إعداد الاستشارة →,,Pending,,
page.consultation-entry.subtitle,"Composed from consultation type, specialty, complaint and patient context.",مكوّن من نوع الاستشارة والتخصص والشكوى وسياق المريض.,,Pending,,
menu.library.composition.label,Compositions,التراكيب,,Pending,,
"Condition-specific, where a validated tool is configured.","Condition-specific, where a validated tool is configured.",حسب الحالة عند تهيئة أداة معتمدة.,,Pending,,
Configuration,Configuration,التهيئة,,Pending,,
api.message.5df0e770bfb0,Configuration changed. Refresh before saving.,تغيّر الإعداد. حدّث الصفحة قبل الحفظ.,,Pending,,
ui.configure.stages.b1a58fa2,Configure stages,تهيئة المراحل,,Pending,,
Confirm,Confirm,تأكيد,,Pending,,
ui.confirm.approval.action.aeacaf3d,Confirm approval action,تأكيد إجراء الاعتماد,,Pending,,
ui.confirm.approval.action.005e321a,Confirm approval action?,تأكيد إجراء الاعتماد؟,,Pending,,
ui.confirm.bulk.actions.5c64ae13,Confirm bulk actions,تأكيد الإجراءات الجماعية,,Pending,,
ui.confirm.import.4ca48b42,Confirm import,تأكيد الاستيراد,,Pending,,
ui.confirm.import.8f8e1565,Confirm import?,تأكيد الاستيراد؟,,Pending,,
Congruence,Congruence,التوافق,,Pending,,
ui.connect.a.posting.workflow.to.enable.this.action.91fc6f60,Connect a posting workflow to enable this action,اربط سير عمل الترحيل لتفعيل هذا الإجراء,,Pending,,
Consent and chaperone,Consent and chaperone,الموافقة والمرافق,,Pending,,
Consent and readiness,Consent and readiness,الموافقة والاستعداد,,Pending,,
Consent and risk discussion,Consent and risk discussion,الموافقة ومناقشة المخاطر,,Pending,,
ui.consolidated.4.branches.aed.5a7f6cfc,Consolidated • 4 branches • AED,موحّد • 4 فروع • AED,,Pending,,
column.consultation-worklist.id.label,Consultation,الاستشارة,,Pending,,
field.consultation.consultationCode.label,Consultation no.,رقم الاستشارة,,Pending,,
Consultation saved,Consultation saved,تم حفظ الاستشارة,,Pending,,
Consultation type,Consultation type,نوع الاستشارة,,Pending,,
menu.healthcare.consultation-worklist.label,Consultations,الاستشارات,,Pending,,
field.consultation.clinician.label,Consulting clinician,الطبيب الاستشاري,,Pending,,
Consumables,Consumables,المستهلكات,,Pending,,
menu.pharmacy.consumption-report.label,Consumption,الاستهلاك,,Pending,,
column.supplier-fin-master.contact.label,Contact,جهة الاتصال,,Pending,,
ui.contact.support.814f4ed2,Contact support,اتصل بالدعم,,Pending,,
Contacts,Contacts,جهات الاتصال,,Pending,,
ui.contains.2eaecb3d,Contains,يحتوي على,,Pending,,
"Contains — the phrase, in any cell","Contains — the phrase, in any cell",يحتوي على — العبارة في أي خلية,,Pending,,
Content,Content,المحتوى,,Pending,,
ui.context.window.7696d085,Context window,نافذة السياق,,Pending,,
Context · Paediatric,Context · Paediatric,السياق · أطفال,,Pending,,
Context · Pregnancy,Context · Pregnancy,السياق · الحمل,,Pending,,
ui.contextual.limited.data.preview.ab741383,Contextual limited-data preview,معاينة سياقية ببيانات محدودة,,Pending,,
Continue,Continue,متابعة,,Pending,,
ui.continue.496267cc,Continue →,متابعة →,,Pending,,
Contraception,Contraception,منع الحمل,,Pending,,
ui.contract.a6f5b0e5,Contract,العقد,,Pending,,
ui.contract.reference.a2cfd678,Contract reference,مرجع العقد,,Pending,,
ui.contract.insurance.tax.c477918c,"Contract, insurance & tax",العقد والتأمين والضريبة,,Pending,,
Contract:,Contract:,العقد:,,Pending,,
ui.contract.9a9c244e,Contract: ,العقد: ,,Pending,,
menu.hr.contractor-master.label,Contractor Master,سجل المقاولين,,Pending,,
Contribution,Contribution,المساهمة,,Pending,,
"Contribution is small, but performance is 12.0% above budget.","Contribution is small, but performance is 12.0% above budget.",المساهمة صغيرة لكن الأداء أعلى من الميزانية بنسبة 12.0%.,,Pending,,
"Control, interval events, treatment response, complications.","Control, interval events, treatment response, complications.",التحكم والأحداث بين الزيارات والاستجابة للعلاج والمضاعفات.,,Pending,,
column.drug-master.controlled.label,Controlled,خاضع للرقابة,,Pending,,
menu.pharmacy.controlled-register.label,Controlled Register,سجل المواد الخاضعة للرقابة,,Pending,,
menu.pharmacy.rx-controlled.label,Controlled Substances,المواد الخاضعة للرقابة,,Pending,,
Controlled register signed,Controlled register signed,تم توقيع سجل المواد الخاضعة للرقابة,,Pending,,
Controlled variance,Controlled variance,فرق المواد الخاضعة للرقابة,,Pending,,
page.messages.subtitle,Conversations from colleagues and shared service desks.,محادثات الزملاء ومكاتب الخدمات المشتركة.,,Pending,,
"Cool teal, long-session friendly","Cool teal, long-session friendly",أزرق مخضر هادئ للجلسات الطويلة,,Pending,,
ui.copy.link.dbf362d4,Copy link,نسخ الرابط,,Pending,,
Core,Core,أساسي,,Pending,,
section.user.identity.description,Core identity and sign-in details.,تفاصيل الهوية الأساسية وتسجيل الدخول.,,Pending,,
ui.corner.radius.76a6d9f3,Corner radius,نصف قطر الزوايا,,Pending,,
Corporate,Corporate,شركات,,Pending,,
column.product-master.cost.label,Cost,التكلفة,,Pending,,
menu.finance.cost-center.label,Cost Center,مركز التكلفة,,Pending,,
Cost model recalculated,Cost model recalculated,تمت إعادة حساب نموذج التكلفة,,Pending,,
api.message.f3f89605ed5f,Could not archive records.,تعذّرت أرشفة السجلات.,,Pending,,
api.message.dda8c9cfafca,Could not persist preferences.,تعذّر حفظ التفضيلات.,,Pending,,
api.message.ebcd90928d9f,Could not persist record.,تعذّر حفظ السجل.,,Pending,,
api.message.6d27061190d7,Could not persist the layout.,تعذّر حفظ التخطيط.,,Pending,,
api.message.75db038d9cc2,Could not save personal views.,تعذّر حفظ العروض الشخصية.,,Pending,,
Country,Country,الدولة,,Pending,,
Crackles,Crackles,خراخر,,Pending,,
Create a record,Create a record,إنشاء سجل,,Pending,,
ui.create.a.shared.filter.link.ce50297a,Create a shared filter link,إنشاء رابط تصفية مشترك,,Pending,,
ui.create.credit.note.3a4fa54e,Create credit note,إنشاء إشعار دائن,,Pending,,
ui.create.new.records.from.utf.8.csv.existing.records.are.n.e8ccc310,"Create new records from UTF-8 CSV. Existing records are never overwritten. Limit: 500 rows, 2 MB.",إنشاء سجلات جديدة من CSV بترميز UTF-8. لا يتم استبدال السجلات الموجودة. الحد: 500 صف، 2 ميغابايت.,,Pending,,
Create records: {count}. Excluded invalid rows: {invalid}. Existing records will not be overwritten.,Create records: {count}. Excluded invalid rows: {invalid}. Existing records will not be overwritten.,إنشاء سجلات: {count}. الصفوف غير الصالحة المستبعدة: {invalid}. لن يتم استبدال السجلات الموجودة.,,Pending,,
ui.create.saved.view.488ed7c5,Create saved view,إنشاء عرض محفوظ,,Pending,,
ui.create.schedule.5b08f3c7,Create schedule,إنشاء جدولة,,Pending,,
Created from contract CTR-ENT-00412,Created from contract CTR-ENT-00412,أُنشئ من العقد CTR-ENT-00412,,Pending,,
Credit Note,Credit Note,إشعار دائن,,Pending,,
Credit Profile,Credit Profile,الملف الائتماني,,Pending,,
Credit control,Credit control,الرقابة الائتمانية,,Pending,,
Credit controls,Credit controls,ضوابط الائتمان,,Pending,,
Credit hold,Credit hold,تعليق الائتمان,,Pending,,
ui.credit.limit.914a45ea,Credit limit,حد الائتمان,,Pending,,
Credit limit reached,Credit limit reached,تم بلوغ حد الائتمان,,Pending,,
Credit note,Credit note,إشعار دائن,,Pending,,
Credit notes,Credit notes,الإشعارات الدائنة,,Pending,,
ui.credit.review.00e24d04,Credit review,مراجعة الائتمان,,Pending,,
Credit review warning,Credit review warning,تحذير مراجعة الائتمان,,Pending,,
Crepitus,Crepitus,فرقعة,,Pending,,
field.hr-dashboard.priority.option.Critical,Critical,حرج,,Pending,,
Critical attendance anomaly,Critical attendance anomaly,خلل حضور حرج,,Pending,,
Critical stockout risk,Critical stockout risk,خطر حرج لنفاد المخزون,,Pending,,
menu.finance.currency-config.label,Currencies & Rates,العملات وأسعار الصرف,,Pending,,
ui.currency.3ac1a9ec,Currency,العملة,,Pending,,
ui.currency.shown.as.ab804fb4,Currency shown as,عرض العملة كـ,,Pending,,
Currency:,Currency:,العملة:,,Pending,,
ui.currency.9fc8cc2a,Currency: ,العملة: ,,Pending,,
ui.current.e0d1b682,Current,الحالي,,Pending,,
ui.current.exposure.d13632a4,Current exposure,التعرض المالي الحالي,,Pending,,
field.consultation.currentMedication.label,Current medication,الأدوية الحالية,,Pending,,
Current period,Current period,الفترة الحالية,,Pending,,
ui.current.period.operating.summary.7a20f4ae,Current period operating summary,ملخص عمليات الفترة الحالية,,Pending,,
ui.current.previous.and.budget.comparison.bdd585c7,"Current, previous and budget comparison",مقارنة الحالي والسابق والميزانية,,Pending,,
Custom,Custom,مخصص,,Pending,,
ui.customer.bf376338,Customer,عميل,,Pending,,
Customer ID,Customer ID,معرف العميل,,Pending,,
Customer Master,Customer Master,سجل العملاء,,Pending,,
menu.sales.customer-worklist.label,Customer Worklist,قائمة عمل العملاء,,Pending,,
ui.customer.approvals.1954476c,Customer approvals,اعتمادات العملاء,,Pending,,
Customer code,Customer code,رمز العميل,,Pending,,
Customer credit exceeded,Customer credit exceeded,تجاوز ائتمان العميل,,Pending,,
ui.customer.details.f07acc44,Customer details,تفاصيل العميل,,Pending,,
Customer exposure exceeds soft threshold,Customer exposure exceeds soft threshold,تعرض العميل يتجاوز الحد التحذيري,,Pending,,
Customer profile,Customer profile,ملف العميل,,Pending,,
Customer saved,Customer saved,تم حفظ العميل,,Pending,,
Customer type,Customer type,نوع العميل,,Pending,,
Customers,Customers,العملاء,,Pending,,
Cutoff 04 Sep,Cutoff 04 Sep,الموعد النهائي 04 سبتمبر,,Pending,,
ui.developer.library.331d19aa,DEVELOPER LIBRARY,مكتبة المطوّر,,Pending,,
DSO 41 days,DSO 41 days,متوسط التحصيل 41 يوماً,,Pending,,
Daily,Daily,يومي,,Pending,,
Daily bank feed reconciled,Daily bank feed reconciled,تمت مطابقة تغذية البنك اليومية,,Pending,,
api.message.fd47ff938593,Daily token budget spent.,تم استهلاك ميزانية الرموز اليومية.,,Pending,,
ui.danger.8412c070,Danger,خطر,,Pending,,
Dark violet with magenta accent,Dark violet with magenta accent,بنفسجي داكن بلمسات أرجوانية,,Pending,,
Dashboard exported,Dashboard exported,تم تصدير لوحة المعلومات,,Pending,,
Dashboard refreshed,Dashboard refreshed,تم تحديث لوحة المعلومات,,Pending,,
Data,Data,البيانات,,Pending,,
menu.library.data-patterns.label,Data Worklists,قوائم عمل البيانات,,Pending,,
Data completeness,Data completeness,اكتمال البيانات,,Pending,,
Data display,Data display,عرض البيانات,,Pending,,
Data reviewed and analysed,Data reviewed and analysed,البيانات المراجعة والمحللة,,Pending,,
ui.data.row.c8519601,Data row,صف البيانات,,Pending,,
Data row {row} has {actual} cells; expected {expected}.,Data row {row} has {actual} cells; expected {expected}.,صف البيانات {row} يحتوي {actual} خلية؛ المتوقع {expected}.,,Pending,,
DataGrid v2 contract published,DataGrid v2 contract published,نُشر عقد DataGrid v2,,Pending,,
Date,Date,التاريخ,,Pending,,
ui.date.format.43123f5c,Date format,تنسيق التاريخ,,Pending,,
column.patient-master.dob.label,Date of birth,تاريخ الميلاد,,Pending,,
Date preset,Date preset,نطاق تاريخ مسبق,,Pending,,
Dates required,Dates required,التواريخ مطلوبة,,Pending,,
Day case,Day case,حالة يومية,,Pending,,
Dec,Dec,ديسمبر,,Pending,,
ui.decimal.places.004a3408,Decimal places,المنازل العشرية,,Pending,,
menu.payroll.deduction-master.label,Deduction Master,سجل الاستقطاعات,,Pending,,
Deductions,Deductions,الاستقطاعات,,Pending,,
Deep,Deep,داكن,,Pending,,
Deep violet product workspace,Deep violet product workspace,مساحة منتج بنفسجية داكنة,,Pending,,
Default,Default,افتراضي,,Pending,,
column.user-master.branch.label,Default branch,الفرع الافتراضي,,Pending,,
field.user.language.label,Default language,اللغة الافتراضية,,Pending,,
ui.default.rows.per.page.c972be79,Default rows per page,عدد الصفوف الافتراضي لكل صفحة,,Pending,,
Defaults restored,Defaults restored,تمت استعادة الإعدادات الافتراضية,,Pending,,
Deformity,Deformity,تشوه,,Pending,,
Dehydration severity,Dehydration severity,شدة الجفاف,,Pending,,
menu.hr.delegation-master.label,Delegation Rules,قواعد التفويض,,Pending,,
ui.delete.e2d0a549,Delete,حذف,,Pending,,
ui.delete.line.5f190885,Delete line,حذف البند,,Pending,,
ui.delete.personal.view.95fb7d13,Delete personal view?,حذف العرض الشخصي؟,,Pending,,
ui.delete.view.0767ef85,Delete view,حذف العرض,,Pending,,
Delete {view}? Records will not be changed.,Delete {view}? Records will not be changed.,حذف {view}؟ لن يتم تغيير السجلات.,,Pending,,
ui.delivery.mode.c9585346,Delivery mode,طريقة التسليم,,Pending,,
ui.delivery.time.2898c4bc,Delivery time,وقت التسليم,,Pending,,
ui.demo.accounts.819adaa3,Demo accounts,حسابات تجريبية,,Pending,,
ui.demo.environment.mock.data.no.real.records.a37d424d,Demo environment · mock data · no real records,بيئة تجريبية · بيانات وهمية · لا سجلات حقيقية,,Pending,,
menu.healthcare.denial-rate-report.label,Denial Rate,معدل الرفض,,Pending,,
menu.healthcare.denial-worklist.label,Denials & Appeals,الرفض والتظلمات,,Pending,,
Dense operations neutral,Dense operations neutral,محايد للعمليات الكثيفة,,Pending,,
ui.density.77a283d6,Density,الكثافة,,Pending,,
field.hr-dashboard.department.label,Department,القسم,,Pending,,
menu.hr.department-master.label,Department Master,سجل الأقسام,,Pending,,
Deprecated prop detected,Deprecated prop detected,اكتشاف خاصية مهجورة,,Pending,,
Depression instrument,Depression instrument,أداة تقييم الاكتئاب,,Pending,,
Depression or anxiety follow-up,Depression or anxiety follow-up,متابعة الاكتئاب أو القلق,,Pending,,
Derived from what is documented — never a target to reach,Derived from what is documented — never a target to reach,مستنتج من التوثيق وليس هدفاً للوصول إليه,,Pending,,
field.consultation.specialty.option.Dermatology,Dermatology,الأمراض الجلدية,,Pending,,
ui.description.526e0087,Description,الوصف,,Pending,,
section.library.lib-design.label,Design System,نظام التصميم,,Pending,,
menu.library.design-tokens.label,Design Tokens,رموز التصميم,,Pending,,
Detailed,Detailed,تفصيلي,,Pending,,
ui.detailed.output.38d43b78,Detailed output,مخرجات تفصيلية,,Pending,,
Details,Details,التفاصيل,,Pending,,
module.library.label,Developer Library,مكتبة المطور,,Pending,,
ui.developer.guide.b361713a,Developer guide,دليل المطوّر,,Pending,,
Developer library,Developer library,مكتبة المطوّر,,Pending,,
Development,Development,التطوير,,Pending,,
column.consultation-worklist.primaryDiagnosis.label,Diagnosis,التشخيص,,Pending,,
ui.diagnosis.catalogue.fcb17a05,Diagnosis catalogue,دليل التشخيص,,Pending,,
Diagnosis coding,Diagnosis coding,ترميز التشخيص,,Pending,,
field.consultation.differential.label,Differential,التشخيص التفريقي,,Pending,,
ui.differential.evidence.and.the.relationship.between.probl.5a0bee6b,"Differential, evidence, and the relationship between problems.",التشخيص التفريقي والأدلة والعلاقة بين المشكلات.,,Pending,,
Dimension,Dimension,البعد,,Pending,,
Direct customer billing,Direct customer billing,فوترة مباشرة للعميل,,Pending,,
ui.disable.b7e3e4aa,Disable,تعطيل,,Pending,,
Disc.,Disc.,الخصم,,Pending,,
ui.discard.eb1a70e3,Discard,تجاهل,,Pending,,
Discard and close,Discard and close,تجاهل وإغلاق,,Pending,,
Discard and continue,Discard and continue,تجاهل ومتابعة,,Pending,,
Discard changes?,Discard changes?,تجاهل التغييرات؟,,Pending,,
ui.discard.consultation.changes.05979a62,Discard consultation changes,تجاهل تغييرات الاستشارة,,Pending,,
ui.discard.invoice.changes.30963b6b,Discard invoice changes,تجاهل تغييرات الفاتورة,,Pending,,
ui.discard.recovery.draft.0d6faf2c,Discard recovery draft,تجاهل مسودة الاسترداد,,Pending,,
Discharge,Discharge,الخروج,,Pending,,
Discharge course,Discharge course,مسار الخروج,,Pending,,
"Discharge course, medication changes and unresolved issues","Discharge course, medication changes and unresolved issues",مسار الخروج وتغييرات الدواء والمشكلات غير المحلولة,,Pending,,
Discharge summaries due,Discharge summaries due,ملخصات خروج مستحقة,,Pending,,
Discharge summary overdue,Discharge summary overdue,ملخص خروج متأخر,,Pending,,
field.consultation.outcome.option.Discharged%20to%20GP,Discharged to GP,إحالة إلى الطبيب العام بعد الخروج,,Pending,,
menu.healthcare.discharge-worklist.label,Discharges,خروج المرضى,,Pending,,
Discount,Discount,الخصم,,Pending,,
Discount %,Discount %,الخصم %,,Pending,,
menu.sales.discount-rule.label,Discount Rule,قاعدة الخصم,,Pending,,
Discoverable shortcuts,Discoverable shortcuts,اختصارات قابلة للاكتشاف,,Pending,,
ui.dismiss.48845bff,Dismiss,إغلاق,,Pending,,
menu.pharmacy.dispense-history.label,Dispense History,سجل صرف الأدوية,,Pending,,
section.pharmacy.rx-dispensing.label,Dispensing,صرف الأدوية,,Pending,,
menu.pharmacy.dispensing-rules.label,Dispensing Rules,قواعد صرف الأدوية,,Pending,,
"Dispensing, formulary, stock, controlled substances and procurement","Dispensing, formulary, stock, controlled substances and procurement",الصرف ودليل الأدوية والمخزون والمواد الخاضعة للرقابة والمشتريات,,Pending,,
field.user.displayName.label,Display name,اسم العرض,,Pending,,
Distal pulses,Distal pulses,النبضات البعيدة,,Pending,,
ui.distinct.from.first.set.an.incident.usually.turns.on.whe.3a4df8c3,Distinct from first set: an incident usually turns on when it last changed.,يختلف عن أول إعداد: عادةً ما يهم وقت آخر تغيير عند حدوث مشكلة.,,Pending,,
Distributor,Distributor,موزع,,Pending,,
ui.do.not.import.this.field.278b4151,Do not import this field,عدم استيراد هذا الحقل,,Pending,,
Docs,Docs,الوثائق,,Pending,,
menu.sales.sales-numbering.label,Document Numbering,ترقيم المستندات,,Pending,,
ui.document.identity.dates.currency.ownership.and.commercia.6a3c3f4f,"Document identity, dates, currency, ownership and commercial references.",هوية المستند والتواريخ والعملة والملكية والمراجع التجارية.,,Pending,,
ui.document.the.clinically.relevant.history.record.only.wha.7a60920c,Document the clinically relevant history. Record only what was assessed.,وثّق التاريخ ذي الصلة سريرياً. سجّل فقط ما تم تقييمه.,,Pending,,
Documentation,Documentation,التوثيق,,Pending,,
ui.documentation.completeness.00bd39d9,Documentation completeness,اكتمال التوثيق,,Pending,,
ui.documentation.panel.on.pages.5ecf4978,Documentation panel on pages,لوحة التوثيق في الصفحات,,Pending,,
ui.documentation.position.1271847e,Documentation position,موضع التوثيق,,Pending,,
Documentation saved. Signing remains a separate workflow.,Documentation saved. Signing remains a separate workflow.,تم حفظ التوثيق. التوقيع سير عمل منفصل.,,Pending,,
ui.done.11a6767d,Done,تم,,Pending,,
column.prescription-queue.dose.label,Dose,الجرعة,,Pending,,
ui.download.d6eafe82,Download,تنزيل,,Pending,,
ui.download.pdf.6183be08,Download PDF,تنزيل PDF,,Pending,,
ui.download.error.report.637a735e,Download error report,تنزيل تقرير الأخطاء,,Pending,,
ui.draft.ebf12ef4,Draft,مسودة,,Pending,,
Draft a note,Draft a note,صياغة ملاحظة,,Pending,,
ui.draft.note.58d2ae1a,Draft note,مسودة ملاحظة,,Pending,,
Drafts an internal note from the values you have entered. Nothing is saved — the draft lands in the form for you to edit.,Drafts an internal note from the values you have entered. Nothing is saved — the draft lands in the form for you to edit.,يصوغ ملاحظة داخلية من القيم المدخلة. لا يُحفظ شيء؛ تظهر المسودة في النموذج لتعديلها.,,Pending,,
column.prescription-queue.drug.label,Drug,الدواء,,Pending,,
menu.pharmacy.drug-master.label,Drug Master,سجل الأدوية,,Pending,,
Dubai is below plan,Dubai is below plan,دبي دون الخطة,,Pending,,
ui.due.date.e1cb6d30,Due date,تاريخ الاستحقاق,,Pending,,
Due date:,Due date:,تاريخ الاستحقاق:,,Pending,,
ui.due.date.9cd51441,Due date: ,تاريخ الاستحقاق: ,,Pending,,
field.customer.paymentTerms.option.0,Due immediately,مستحق فوراً,,Pending,,
menu.healthcare.patient-merge.label,Duplicate Review,مراجعة التكرار,,Pending,,
Duplicate check,Duplicate check,فحص التكرار,,Pending,,
ui.duplicate.invoice.c9328aa0,Duplicate invoice,نسخ الفاتورة,,Pending,,
ui.duplicate.record.a1686c85,Duplicate record,نسخ السجل,,Pending,,
Duplicate value within this CSV,Duplicate value within this CSV,قيمة مكررة داخل CSV,,Pending,,
ui.duration.4fc52a3c,Duration,المدة,,Pending,,
Dynamic form,Dynamic form,نموذج ديناميكي,,Pending,,
Dyspnoea,Dyspnoea,ضيق التنفس,,Pending,,
E/M level support,E/M level support,دعم مستوى E/M,,Pending,,
EUR — Euro,EUR — Euro,EUR — اليورو,,Pending,,
ui.each.record.gets.its.own.workspace.tab.off.reuses.the.ma.79a0f2f4,Each record gets its own workspace tab. Off reuses the matching tab.,لكل سجل تبويب خاص. عند الإيقاف يُعاد استخدام التبويب المطابق.,,Pending,,
ui.each.worklist.reopens.with.the.filters.you.left.on.it.b8266e48,Each worklist reopens with the filters you left on it.,تُفتح كل قائمة عمل بفلاترها السابقة.,,Pending,,
Early warning score,Early warning score,درجة الإنذار المبكر,,Pending,,
menu.payroll.earning-master.label,Earning Master,سجل الاستحقاقات,,Pending,,
page.payroll-dashboard.subtitle,"Earnings, deductions, payroll processing, settlements and statutory outputs",المستحقات والاستقطاعات ومعالجة الرواتب والتسويات والمخرجات القانونية,,Pending,,
ui.edit.464c4ffd,Edit,تعديل,,Pending,,
ui.edit.cells.directly.paste.ranges.import.workbooks.and.ex.fe3a397d,"Edit cells directly, paste ranges, import workbooks and export the current model.",عدّل الخلايا والصق النطاقات واستورد المصنفات وصدّر النموذج الحالي.,,Pending,,
ui.edit.record.20d0af43,Edit record,تعديل السجل,,Pending,,
Edit {item},Edit {item},تعديل {item},,Pending,,
field.hr-dashboard.effectiveFrom.label,Effective from,ساري من,,Pending,,
field.hr-dashboard.effectiveTo.label,Effective to,ساري حتى,,Pending,,
Effusion,Effusion,انصباب,,Pending,,
field.customer.eInvoice.label,Electronic invoice enabled,الفاتورة الإلكترونية مفعّلة,,Pending,,
ui.electronic.tax.invoice.0271aab1,Electronic tax invoice,فاتورة ضريبية إلكترونية,,Pending,,
ui.email.969ccbd3,Email,البريد الإلكتروني,,Pending,,
Email attachment,Email attachment,مرفق بريد إلكتروني,,Pending,,
Emergency,Emergency,الطوارئ,,Pending,,
column.employee-master.name.label,Employee,الموظف,,Pending,,
column.employee-master.id.label,Employee ID,معرّف الموظف,,Pending,,
menu.hr.employee-master.label,Employee Master,سجل الموظفين,,Pending,,
menu.hr.onboarding.label,Employee Onboarding,تهيئة الموظفين الجدد,,Pending,,
menu.hr.employee-worklist.label,Employee Worklist,قائمة عمل الموظفين,,Pending,,
Employee changes,Employee changes,تغييرات الموظفين,,Pending,,
Employees processed,Employees processed,الموظفون المعالجون,,Pending,,
ui.enable.5342e09f,Enable,تفعيل,,Pending,,
Enabled by {gate}. Available commands: {count}.,Enabled by {gate}. Available commands: {count}.,مفعّل بواسطة {gate}. الأوامر المتاحة: {count}.,,Pending,,
Enabled here by the,Enabled here by the,مفعّل هنا بواسطة,,Pending,,
ui.enabled.here.by.the.9729cac7,Enabled here by the ,مفعّل هنا بواسطة ,,Pending,,
Enabled here by the {gate} gate. {count} command:,Enabled here by the {gate} gate. {count} command:,مفعّل بواسطة بوابة {gate}. عدد الأوامر: {count}:,,Pending,,
Enabled here by the {gate} gate. {count} commands:,Enabled here by the {gate} gate. {count} commands:,مفعّل بواسطة بوابة {gate}. عدد الأوامر: {count}:,,Pending,,
section.consultation.encounter.title,Encounter,الزيارة,,Pending,,
menu.healthcare.encounter-worklist.label,Encounter Worklist,قائمة عمل الزيارات الطبية,,Pending,,
Encounter context and active alerts,Encounter context and active alerts,سياق الزيارة والتنبيهات النشطة,,Pending,,
menu.healthcare.hc-encounter.label,Encounters,الزيارات الطبية,,Pending,,
ui.end.this.secure.session.bb190a34,End this secure session,إنهاء الجلسة الآمنة,,Pending,,
field.consultation.specialty.option.Endocrinology,Endocrinology,الغدد الصماء,,Pending,,
ui.endpoint.3df9726c,Endpoint,نقطة النهاية,,Pending,,
ui.ends.with.fc203569,Ends with,ينتهي بـ,,Pending,,
Engagement,Engagement,المشاركة,,Pending,,
menu.library.engineering.label,Engineering,الهندسة,,Pending,,
field.user.language.option.en,English,الإنجليزية,,Pending,,
api.message.b319e42985cd,Enter a comment of 1–4000 characters.,أدخل تعليقًا من حرف واحد إلى 4000 حرف.,,Pending,,
api.message.3afc2f7834ca,Enter a name and a valid view layout.,أدخل اسمًا وتخطيط عرض صالحًا.,,Pending,,
api.message.74bb62028ea4,Enter a name of 1–80 characters.,أدخل اسمًا من حرف واحد إلى 80 حرفًا.,,Pending,,
Enter a valid email address,Enter a valid email address,أدخل عنوان بريد إلكتروني صالحاً,,Pending,,
Enter a valid email address.,Enter a valid email address.,أدخل عنوان بريد إلكتروني صالحاً.,,Pending,,
field.accessibility.name.placeholder,Enter accessibility name,أدخل اسم إمكانية الوصول,,Pending,,
field.ar-aging.name.placeholder,Enter accounts receivable aging name,أدخل اسم أعمار الذمم المدينة,,Pending,,
field.admission.name.placeholder,Enter admissions name,أدخل اسم التنويم,,Pending,,
field.ai.name.placeholder,Enter ai administration name,أدخل اسم إدارة الذكاء الاصطناعي,,Pending,,
field.appointment.name.placeholder,Enter appointments name,أدخل اسم المواعيد,,Pending,,
field.fin-approvals.name.placeholder,Enter approval matrix name,أدخل اسم مصفوفة الاعتماد,,Pending,,
field.sales-approval.name.placeholder,Enter approval rules name,أدخل اسم قواعد الاعتماد,,Pending,,
field.hr-workflow.name.placeholder,Enter approval workflow name,أدخل اسم سير عمل الاعتماد,,Pending,,
field.approval.name.placeholder,Enter approval worklist name,أدخل اسم قائمة عمل الاعتماد,,Pending,,
field.attendance-adjustment.name.placeholder,Enter attendance adjustment name,أدخل اسم تعديل الحضور,,Pending,,
field.attendance-anomalies.name.placeholder,Enter attendance anomalies name,أدخل اسم استثناءات الحضور,,Pending,,
field.attendance.name.placeholder,Enter attendance report name,أدخل اسم تقرير الحضور,,Pending,,
field.balance-sheet.name.placeholder,Enter balance sheet name,أدخل اسم الميزانية العمومية,,Pending,,
field.bank.name.placeholder,Enter bank & cash name,أدخل اسم البنوك والنقدية,,Pending,,
field.bank-format.name.placeholder,Enter bank file format name,أدخل اسم تنسيق ملف البنك,,Pending,,
field.bank-reconciliation.name.placeholder,Enter bank reconciliation name,أدخل اسم التسوية البنكية,,Pending,,
field.bed-management.name.placeholder,Enter bed management name,أدخل اسم إدارة الأسرة,,Pending,,
field.occupancy.name.placeholder,Enter bed occupancy name,أدخل اسم إشغال الأسرة,,Pending,,
field.benefit-plan.name.placeholder,Enter benefit plan name,أدخل اسم خطة المزايا,,Pending,,
field.invoice.name.placeholder,Enter billing entry name,أدخل اسم إدخال فاتورة,,Pending,,
field.billing-patterns.name.placeholder,Enter billing workspace name,أدخل اسم مساحة عمل الفوترة,,Pending,,
field.bulk-operations.name.placeholder,Enter bulk operations name,أدخل اسم العمليات الجماعية,,Pending,,
field.carrier.name.placeholder,Enter carrier master name,أدخل اسم سجل شركات النقل,,Pending,,
field.chart-account.name.placeholder,Enter chart of accounts name,أدخل اسم دليل الحسابات,,Pending,,
field.claim.name.placeholder,Enter claim worklist name,أدخل اسم قائمة عمل المطالبات,,Pending,,
field.clinical-notes.name.placeholder,Enter clinical notes name,أدخل اسم الملاحظات السريرية,,Pending,,
field.clinician.name.placeholder,Enter clinician master name,أدخل اسم سجل الممارسين الصحيين,,Pending,,
field.compliance.name.placeholder,Enter compliance register name,أدخل اسم سجل الامتثال,,Pending,,
field.component-contracts.name.placeholder,Enter component contracts name,أدخل اسم عقود المكونات,,Pending,,
field.component-library.name.placeholder,Enter component gallery name,أدخل اسم معرض المكونات,,Pending,,
field.consumption.name.placeholder,Enter consumption name,أدخل اسم الاستهلاك,,Pending,,
field.contractor.name.placeholder,Enter contractor master name,أدخل اسم سجل المقاولين,,Pending,,
field.cost-center.name.placeholder,Enter cost center name,أدخل اسم مركز التكلفة,,Pending,,
field.credit-note.name.placeholder,Enter credit note name,أدخل اسم إشعار دائن,,Pending,,
field.credit-profile.name.placeholder,Enter credit profile name,أدخل اسم الملف الائتماني,,Pending,,
field.currency.name.placeholder,Enter currencies & rates name,أدخل اسم العملات وأسعار الصرف,,Pending,,
field.data-patterns.name.placeholder,Enter data worklists name,أدخل اسم قوائم عمل البيانات,,Pending,,
field.deduction.name.placeholder,Enter deduction master name,أدخل اسم سجل الاستقطاعات,,Pending,,
field.delegation.name.placeholder,Enter delegation rules name,أدخل اسم قواعد التفويض,,Pending,,
field.denial-rate.name.placeholder,Enter denial rate name,أدخل اسم معدل الرفض,,Pending,,
field.denial.name.placeholder,Enter denials & appeals name,أدخل اسم الرفض والتظلمات,,Pending,,
field.department.name.placeholder,Enter department master name,أدخل اسم سجل الأقسام,,Pending,,
field.library-dashboard.name.placeholder,Enter developer library name,أدخل اسم مكتبة المطور,,Pending,,
field.discharge.name.placeholder,Enter discharges name,أدخل اسم خروج المرضى,,Pending,,
field.discount-rule.name.placeholder,Enter discount rule name,أدخل اسم قاعدة الخصم,,Pending,,
field.dispensing-rules.name.placeholder,Enter dispensing rules name,أدخل اسم قواعد صرف الأدوية,,Pending,,
field.sales-numbering.name.placeholder,Enter document numbering name,أدخل اسم ترقيم المستندات,,Pending,,
field.drug.name.placeholder,Enter drug master name,أدخل اسم سجل الأدوية,,Pending,,
field.patient-merge.name.placeholder,Enter duplicate review name,أدخل اسم مراجعة التكرار,,Pending,,
field.earning.name.placeholder,Enter earning master name,أدخل اسم سجل الاستحقاقات,,Pending,,
field.employee.name.placeholder,Enter employee master name,أدخل اسم سجل الموظفين,,Pending,,
field.employee-onboarding.name.placeholder,Enter employee onboarding name,أدخل اسم تهيئة الموظفين الجدد,,Pending,,
field.encounter.name.placeholder,Enter encounter worklist name,أدخل اسم قائمة عمل الزيارات الطبية,,Pending,,
field.exception.name.placeholder,Enter exception worklist name,أدخل اسم قائمة عمل الاستثناءات,,Pending,,
field.expense.name.placeholder,Enter expense entry name,أدخل اسم إدخال المصروفات,,Pending,,
field.expiry-risk.name.placeholder,Enter expiry risk name,أدخل اسم مخاطر انتهاء الصلاحية,,Pending,,
field.feedback-components.name.placeholder,Enter feedback & overlays name,أدخل اسم الملاحظات والنوافذ العائمة,,Pending,,
field.final-settlement.name.placeholder,Enter final settlement name,أدخل اسم التسوية النهائية,,Pending,,
field.finance-dashboard.name.placeholder,Enter finance command center name,أدخل اسم مركز إدارة المالية,,Pending,,
field.fiscal-period.name.placeholder,Enter fiscal period name,أدخل اسم الفترة المالية,,Pending,,
field.form-controls.name.placeholder,Enter form controls name,أدخل اسم عناصر تحكم النماذج,,Pending,,
field.form-patterns.name.placeholder,Enter form patterns name,أدخل اسم أنماط النماذج,,Pending,,
field.pay-formula.name.placeholder,Enter formula designer name,أدخل اسم مصمم الصيغ,,Pending,,
field.formulary.name.placeholder,Enter formulary setup name,أدخل اسم إعداد دليل الأدوية,,Pending,,
field.fulfillment.name.placeholder,Enter fulfillment worklist name,أدخل اسم قائمة عمل تنفيذ الطلبات,,Pending,,
field.user.displayName.placeholder,Enter full name,أدخل الاسم الكامل,,Pending,,
field.goods-receipt.name.placeholder,Enter goods receipt name,أدخل اسم استلام البضائع,,Pending,,
field.grade.name.placeholder,Enter grade & band name,أدخل اسم الدرجات والفئات,,Pending,,
field.healthcare-dashboard.name.placeholder,Enter healthcare dashboard name,أدخل اسم لوحة الرعاية الصحية,,Pending,,
field.hr-dashboard.name.placeholder,Enter hr command center name,أدخل اسم مركز إدارة الموارد البشرية,,Pending,,
field.imaging.name.placeholder,Enter imaging name,أدخل اسم التصوير الطبي,,Pending,,
field.import-export.name.placeholder,Enter import & export name,أدخل اسم الاستيراد والتصدير,,Pending,,
field.integration-guide.name.placeholder,Enter integration guide name,أدخل اسم دليل التكامل,,Pending,,
field.inventory-count.name.placeholder,Enter inventory count name,أدخل اسم جرد المخزون,,Pending,,
field.inventory-valuation.name.placeholder,Enter inventory valuation name,أدخل اسم تقييم المخزون,,Pending,,
field.item.name.placeholder,Enter item master name,أدخل اسم سجل الأصناف,,Pending,,
field.journal.name.placeholder,Enter journal entry name,أدخل اسم قيد اليومية,,Pending,,
field.jurisdiction.name.placeholder,Enter jurisdiction master name,أدخل اسم سجل النطاقات القانونية,,Pending,,
field.keyboard-shortcuts.name.placeholder,Enter keyboard shortcuts name,أدخل اسم اختصارات لوحة المفاتيح,,Pending,,
Enter keyword / record id,Enter keyword / record id,أدخل كلمة مفتاحية / معرف السجل,,Pending,,
field.lab-results.name.placeholder,Enter laboratory results name,أدخل اسم نتائج المختبر,,Pending,,
field.leave-request.name.placeholder,Enter leave request name,أدخل اسم طلب إجازة,,Pending,,
field.los.name.placeholder,Enter length of stay name,أدخل اسم مدة الإقامة,,Pending,,
field.localization.name.placeholder,Enter localization name,أدخل اسم الترجمة والتوطين,,Pending,,
field.location.name.placeholder,Enter location master name,أدخل اسم سجل المواقع,,Pending,,
field.margin.name.placeholder,Enter margin analysis name,أدخل اسم تحليل الهامش,,Pending,,
field.medication-orders.name.placeholder,Enter medication orders name,أدخل اسم طلبات الأدوية,,Pending,,
field.message.name.placeholder,Enter messages name,أدخل اسم الرسائل,,Pending,,
field.preferences.name.placeholder,Enter my preferences name,أدخل اسم تفضيلاتي,,Pending,,
field.next-of-kin.name.placeholder,Enter next of kin name,أدخل اسم أقرب الأقارب,,Pending,,
field.notification.name.placeholder,Enter notifications name,أدخل اسم الإشعارات,,Pending,,
field.hr-numbering.name.placeholder,Enter numbering rules name,أدخل اسم قواعد الترقيم,,Pending,,
field.order.name.placeholder,Enter order worklist name,أدخل اسم قائمة عمل الطلبات,,Pending,,
field.page-catalog.name.placeholder,Enter page catalog name,أدخل اسم كتالوج الصفحات,,Pending,,
field.patient.name.placeholder,Enter patient master name,أدخل اسم سجل المرضى,,Pending,,
field.pay-group.name.placeholder,Enter pay group name,أدخل اسم مجموعة الرواتب,,Pending,,
field.payer.name.placeholder,Enter payer master name,أدخل اسم سجل جهات الدفع,,Pending,,
field.payroll-adjustment.name.placeholder,Enter payroll adjustment name,أدخل اسم تعديل الرواتب,,Pending,,
field.pay-calendar.name.placeholder,Enter payroll calendar name,أدخل اسم تقويم الرواتب,,Pending,,
field.payroll-dashboard.name.placeholder,Enter payroll command center name,أدخل اسم مركز إدارة الرواتب,,Pending,,
field.pay-register.name.placeholder,Enter payroll register name,أدخل اسم سجل الرواتب,,Pending,,
field.payroll-run.name.placeholder,Enter payroll run name,أدخل اسم تشغيل الرواتب,,Pending,,
field.payroll.name.placeholder,Enter payroll worklist name,أدخل اسم قائمة عمل الرواتب,,Pending,,
field.payslip.name.placeholder,Enter payslip distribution name,أدخل اسم توزيع قسائم الرواتب,,Pending,,
field.pharmacy-dashboard.name.placeholder,Enter pharmacy dashboard name,أدخل اسم لوحة الصيدلية,,Pending,,
field.hr-policy.name.placeholder,Enter policy designer name,أدخل اسم مصمم السياسات,,Pending,,
field.position.name.placeholder,Enter position master name,أدخل اسم سجل المناصب,,Pending,,
field.posting-rules.name.placeholder,Enter posting rules name,أدخل اسم قواعد الترحيل,,Pending,,
field.preauthorization.name.placeholder,Enter pre-authorisation name,أدخل اسم الموافقة المسبقة,,Pending,,
field.prescription.name.placeholder,Enter prescription queue name,أدخل اسم قائمة انتظار الوصفات,,Pending,,
field.price-list.name.placeholder,Enter price list name,أدخل اسم قائمة الأسعار,,Pending,,
field.procurement.name.placeholder,Enter procurement worklist name,أدخل اسم قائمة عمل المشتريات,,Pending,,
field.product.name.placeholder,Enter product master name,أدخل اسم سجل المنتجات,,Pending,,
field.profit-loss.name.placeholder,Enter profit & loss name,أدخل اسم الأرباح والخسائر,,Pending,,
field.purchase-order.name.placeholder,Enter purchase order name,أدخل اسم أمر شراء,,Pending,,
field.purchase-requisition.name.placeholder,Enter purchase requisition name,أدخل اسم طلب شراء,,Pending,,
field.quotation.name.placeholder,Enter quotation name,أدخل اسم عرض سعر,,Pending,,
field.receipt.name.placeholder,Enter receipt entry name,أدخل اسم إدخال إيصال,,Pending,,
field.receivables.name.placeholder,Enter receivables worklist name,أدخل اسم قائمة عمل الذمم المدينة,,Pending,,
field.receiving.name.placeholder,Enter receiving worklist name,أدخل اسم قائمة عمل الاستلام,,Pending,,
field.controlled-reconciliation.name.placeholder,Enter reconciliation name,أدخل اسم التسوية,,Pending,,
field.reorder-rules.name.placeholder,Enter reorder rules name,أدخل اسم قواعد إعادة الطلب,,Pending,,
field.reorder.name.placeholder,Enter reorder worklist name,أدخل اسم قائمة عمل إعادة الطلب,,Pending,,
field.pharmacy-requisition.name.placeholder,Enter requisitions name,أدخل اسم طلبات الشراء,,Pending,,
field.revenue.name.placeholder,Enter revenue analysis name,أدخل اسم تحليل الإيرادات,,Pending,,
field.role.name.placeholder,Enter role & permission name,أدخل اسم الأدوار والصلاحيات,,Pending,,
field.sales-channel.name.placeholder,Enter sales channel name,أدخل اسم قناة المبيعات,,Pending,,
field.sales-dashboard.name.placeholder,Enter sales command center name,أدخل اسم مركز إدارة المبيعات,,Pending,,
field.sales-order.name.placeholder,Enter sales order name,أدخل اسم أمر بيع,,Pending,,
field.pipeline.name.placeholder,Enter sales pipeline name,أدخل اسم مسار فرص المبيعات,,Pending,,
field.sales-return.name.placeholder,Enter sales return name,أدخل اسم مرتجع مبيعات,,Pending,,
field.saved-views.name.placeholder,Enter saved views name,أدخل اسم طرق العرض المحفوظة,,Pending,,
field.employee-separation.name.placeholder,Enter separation name,أدخل اسم إنهاء الخدمة,,Pending,,
field.service-catalog.name.placeholder,Enter service catalogue name,أدخل اسم دليل الخدمات,,Pending,,
field.settlement.name.placeholder,Enter settlement review name,أدخل اسم مراجعة التسوية,,Pending,,
field.shift-roster.name.placeholder,Enter shift roster name,أدخل اسم جدول المناوبات,,Pending,,
field.shortcut-manager.name.placeholder,Enter shortcut manager name,أدخل اسم مدير الاختصارات,,Pending,,
field.spreadsheet-studio.name.placeholder,Enter spreadsheet studio name,أدخل اسم استوديو جداول البيانات,,Pending,,
field.statutory.name.placeholder,Enter statutory rule name,أدخل اسم القاعدة النظامية,,Pending,,
field.stock-adjustment.name.placeholder,Enter stock adjustment name,أدخل اسم تعديل المخزون,,Pending,,
field.stock-aging.name.placeholder,Enter stock aging name,أدخل اسم أعمار المخزون,,Pending,,
field.stock-transfer.name.placeholder,Enter stock transfer name,أدخل اسم تحويل المخزون,,Pending,,
field.stock-turn.name.placeholder,Enter stock turn name,أدخل اسم دوران المخزون,,Pending,,
field.supplier-contract.name.placeholder,Enter supplier contract name,أدخل اسم عقد المورد,,Pending,,
field.supplier-fin.name.placeholder,Enter supplier master name,أدخل اسم سجل الموردين,,Pending,,
field.supplier-performance.name.placeholder,Enter supplier performance name,أدخل اسم أداء الموردين,,Pending,,
field.supply-dashboard.name.placeholder,Enter supply chain command center name,أدخل اسم مركز إدارة سلسلة الإمداد,,Pending,,
field.sales-targets.name.placeholder,Enter target setup name,أدخل اسم إعداد الأهداف,,Pending,,
field.tax-return.name.placeholder,Enter tax return name,أدخل اسم الإقرار الضريبي,,Pending,,
field.tax.name.placeholder,Enter taxation master name,أدخل اسم سجل الضرائب,,Pending,,
field.territory.name.placeholder,Enter territory master name,أدخل اسم سجل المناطق,,Pending,,
Enter the invoice and due dates.,Enter the invoice and due dates.,أدخل تاريخ الفاتورة وتاريخ الاستحقاق.,,Pending,,
field.theme-studio.name.placeholder,Enter theme studio name,أدخل اسم استوديو السمات,,Pending,,
field.employee-transfer.name.placeholder,Enter transfer & promotion name,أدخل اسم النقل والترقية,,Pending,,
field.uom.name.placeholder,Enter unit of measure name,أدخل اسم وحدة القياس,,Pending,,
field.valuation-method.name.placeholder,Enter valuation method name,أدخل اسم طريقة التقييم,,Pending,,
field.vitals.name.placeholder,Enter vitals & observations name,أدخل اسم العلامات الحيوية والملاحظات,,Pending,,
field.warehouse.name.placeholder,Enter warehouse master name,أدخل اسم سجل المستودعات,,Pending,,
field.workforce.name.placeholder,Enter workforce analytics name,أدخل اسم تحليلات القوى العاملة,,Pending,,
ui.enter.your.credentials.to.continue.ff9eee04,Enter your credentials to continue.,أدخل بيانات الدخول للمتابعة.,,Pending,,
Enter {field},Enter {field},أدخل {field},,Pending,,
Enter {name} name,Enter {name} name,أدخل اسم {name},,Pending,,
field.customer.segment.option.Enterprise,Enterprise,مؤسسة كبرى,,Pending,,
field.user.roles.option.enterprise-admin,Enterprise Administrator,مسؤول المؤسسة,,Pending,,
Enterprise segment,Enterprise segment,قطاع المؤسسات,,Pending,,
ui.error.54a0e8c1,Error,خطأ,,Pending,,
ui.error.rows.2e0bd452,Error rows,الصفوف ذات الأخطاء,,Pending,,
ui.errors.cb702378,Errors,الأخطاء,,Pending,,
ui.esc.to.clear.3bfa5f77,Esc to clear,Esc للمسح,,Pending,,
"Escalation follows policy, never a score alone.","Escalation follows policy, never a score alone.",التصعيد يتبع السياسة وليس الدرجة وحدها.,,Pending,,
ui.every.demo.password.is.the.same.as.its.username.selectin.d1681c9f,Every demo password is the same as its username. Selecting an account fills both fields.,كلمة مرور كل حساب تجريبي تطابق اسمه. اختيار الحساب يملأ الحقلين.,,Pending,,
Every item goes somewhere,Every item goes somewhere,لكل عنصر وجهة,,Pending,,
Every preference is back to its default.,Every preference is back to its default.,أُعيدت كل التفضيلات إلى قيمها الافتراضية.,,Pending,,
Every section says why,Every section says why,كل قسم يوضح السبب,,Pending,,
ui.everything.has.been.read.66567841,Everything has been read.,تمت قراءة كل شيء.,,Pending,,
page.notifications.subtitle,"Everything the system has raised for you, and the record behind each one.",كل ما أرسله النظام إليك والسجل المرتبط بكل إشعار.,,Pending,,
section.consultation.examination.title,Examination,الفحص,,Pending,,
"Exceeded by AED 12,400 on this order.","Exceeded by AED 12,400 on this order.","تم التجاوز بمقدار AED 12,400 لهذا الطلب.",,Pending,,
Excel workbook,Excel workbook,مصنف Excel,,Pending,,
Excel workbook (.xlsx),Excel workbook (.xlsx),مصنف Excel (.xlsx),,Pending,,
ui.exception.b4fe3d52,Exception,استثناء,,Pending,,
menu.payroll.exception-worklist.label,Exception Worklist,قائمة عمل الاستثناءات,,Pending,,
Exception rate,Exception rate,معدل الاستثناءات,,Pending,,
Exceptions,Exceptions,الاستثناءات,,Pending,,
ui.exchange.rate.c42b0984,Exchange rate,سعر الصرف,,Pending,,
Exempt,Exempt,معفى,,Pending,,
Exemption certificate,Exemption certificate,شهادة الإعفاء,,Pending,,
Exercise tolerance,Exercise tolerance,تحمل التمارين,,Pending,,
Exertional component,Exertional component,الارتباط بالمجهود,,Pending,,
ui.expand.chart.17fa3f93,Expand chart,توسيع الرسم البياني,,Pending,,
ui.expands.on.389a54e9,Expands on,يتوسع عند,,Pending,,
api.message.63bb02664ed1,Expected record values.,قيم السجل مطلوبة.,,Pending,,
api.message.4951e1da4de5,"Expected { pageId: string, layout: object }.","المطلوب { pageId: string, layout: object }.",,Pending,,
api.message.56a94e3d0417,Expected { preferences: object }.,المطلوب { preferences: object }.,,Pending,,
menu.finance.expense-entry.label,Expense Entry,إدخال المصروفات,,Pending,,
Expiring in 90 days,Expiring in 90 days,تنتهي خلال 90 يوماً,,Pending,,
Expiring within 90 days,Expiring within 90 days,تنتهي خلال 90 يوماً,,Pending,,
menu.pharmacy.expiry-risk-report.label,Expiry Risk,مخاطر انتهاء الصلاحية,,Pending,,
ui.explain.3b61e4e9,Explain,اشرح,,Pending,,
ui.explain.figures.8a325f0d,Explain figures,شرح الأرقام,,Pending,,
Explain these figures,Explain these figures,شرح هذه الأرقام,,Pending,,
Explain this record,Explain this record,شرح هذا السجل,,Pending,,
Explains the fields on the open record and what its current status means.,Explains the fields on the open record and what its current status means.,يشرح حقول السجل المفتوح ومعنى حالته الحالية.,,Pending,,
ui.export.36648955,Export,تصدير,,Pending,,
field.customer.jurisdiction.option.export,Export / zero-rated,تصدير / نسبة صفرية,,Pending,,
Export evidence,Export evidence,تصدير الأدلة,,Pending,,
ui.export.format.df339cb8,Export format,تنسيق التصدير,,Pending,,
Export ready,Export ready,التصدير جاهز,,Pending,,
Export visible records ({format}),Export visible records ({format}),تصدير السجلات الظاهرة ({format}),,Pending,,
ui.export.workbook.f9fce806,Export workbook,تصدير المصنف,,Pending,,
Export • Zero rated,Export • Zero rated,تصدير • نسبة صفرية,,Pending,,
column.supplier-fin-master.exposure.label,Exposure,التعرض المالي,,Pending,,
"Exposure, adherence, response, side effects, interactions.","Exposure, adherence, response, side effects, interactions.",التعرض والالتزام والاستجابة والآثار الجانبية والتداخلات.,,Pending,,
Extensive — two of three categories met,Extensive — two of three categories met,واسع — استيفاء فئتين من ثلاث,,Pending,,
field.hr-dashboard.category.option.External,External,خارجي,,Pending,,
ui.external.billing.reference.e59adc54,External billing reference,مرجع فوترة خارجي,,Pending,,
External examination if indicated,External examination if indicated,فحص خارجي عند اللزوم,,Pending,,
field.hr-dashboard.externalRef.label,External reference,مرجع خارجي,,Pending,,
Eye contact,Eye contact,التواصل البصري,,Pending,,
ui.face.to.face.and.non.face.to.face.time.by.the.reporting.6df1aa8e,Face-to-face and non-face-to-face time by the reporting practitioner on that date. Do not infer it from how long the record was open.,وقت الممارس المبلّغ في ذلك التاريخ، المباشر وغير المباشر. لا تستنتجه من مدة فتح السجل.,,Pending,,
Falls risk,Falls risk,خطر السقوط,,Pending,,
"Falls, cognition, function, polypharmacy, caregiver, goals.","Falls, cognition, function, polypharmacy, caregiver, goals.",السقوط والإدراك والوظيفة وتعدد الأدوية ومقدم الرعاية والأهداف.,,Pending,,
Feb,Feb,فبراير,,Pending,,
Feedback,Feedback,التغذية الراجعة,,Pending,,
menu.library.feedback-components.label,Feedback & Overlays,الملاحظات والنوافذ العائمة,,Pending,,
Feeding and intake,Feeding and intake,التغذية والتناول,,Pending,,
Fetal heart rate,Fetal heart rate,معدل قلب الجنين,,Pending,,
Fetal movement,Fetal movement,حركة الجنين,,Pending,,
Fever pattern,Fever pattern,نمط الحمى,,Pending,,
"Fever, cough or acute presentation","Fever, cough or acute presentation",حمى أو سعال أو أعراض حادة,,Pending,,
ui.field.f45fc1df,Field,الحقل,,Pending,,
Fields,Fields,الحقول,,Pending,,
Fields and sections are defined once and rendered by every form presentation.,Fields and sections are defined once and rendered by every form presentation.,تُعرّف الحقول والأقسام مرة واحدة وتعرضها كل أنماط النماذج.,,Pending,,
ui.fill.033955d4,Fill,تعبئة,,Pending,,
Filter,Filter,تصفية,,Pending,,
ui.filter.options.62b72239,Filter options,خيارات التصفية,,Pending,,
ui.filtered.0ba993b3,Filtered,تمت التصفية,,Pending,,
ui.filters.546ebb8e,Filters,عوامل التصفية,,Pending,,
Filters excluded from links: {count}. Save a view to share this.,Filters excluded from links: {count}. Save a view to share this.,فلاتر مستبعدة من الروابط: {count}. احفظ عرضاً لمشاركتها.,,Pending,,
Filters reset,Filters reset,تمت إعادة تعيين الفلاتر,,Pending,,
ui.filters.columns.sort.and.page.size.are.stored.with.your.643172f0,"Filters, columns, sort and page size are stored with your account.",تُحفظ الفلاتر والأعمدة والترتيب وحجم الصفحة في حسابك.,,Pending,,
"Filters, views, columns, sorting, pagination and preview","Filters, views, columns, sorting, pagination and preview",الفلاتر والعروض والأعمدة والترتيب والصفحات والمعاينة,,Pending,,
menu.payroll.final-settlement.label,Final Settlement,التسوية النهائية,,Pending,,
Final review,Final review,المراجعة النهائية,,Pending,,
Final segments: {count},Final segments: {count},المقاطع النهائية: {count},,Pending,,
Finance,Finance,المالية,,Pending,,
Finance & Accounting,Finance & Accounting,المالية والمحاسبة,,Pending,,
Finance Command Center,Finance Command Center,مركز إدارة المالية,,Pending,,
Finance Dashboard,Finance Dashboard,لوحة المالية,,Pending,,
Finance Leadership,Finance Leadership,القيادة المالية,,Pending,,
field.user.roles.option.finance-manager,Finance Manager,المدير المالي,,Pending,,
Finance Queues,Finance Queues,قوائم انتظار المالية,,Pending,,
Finance Setup,Finance Setup,إعداد المالية,,Pending,,
Finance review,Finance review,المراجعة المالية,,Pending,,
Financial Statements,Financial Statements,القوائم المالية,,Pending,,
ui.find.approvals.02c11f97,Find approvals,البحث عن الاعتمادات,,Pending,,
Find documentation gaps,Find documentation gaps,اكتشاف نواقص التوثيق,,Pending,,
Find records,Find records,البحث عن سجلات,,Pending,,
field.consultation.examinationNotes.label,Findings,النتائج,,Pending,,
ui.fingerprint.ba7af0b7,Fingerprint,البصمة,,Pending,,
api.message.9a2e0adf7846,Finish or retry earlier imports before creating another.,أكمل عمليات الاستيراد السابقة أو أعد محاولتها قبل إنشاء عملية أخرى.,,Pending,,
Finished goods,Finished goods,السلع النهائية,,Pending,,
ui.fires.a.sample.using.the.settings.above.33ab8430,Fires a sample using the settings above.,يعرض مثالاً بالإعدادات أعلاه.,,Pending,,
ui.first.set.3757ac29,First set,أول إعداد,,Pending,,
menu.finance.fiscal-period.label,Fiscal Period,الفترة المالية,,Pending,,
ui.fix.sidebar.open.5cfa2a6b,Fix sidebar open,تثبيت الشريط الجانبي مفتوحاً,,Pending,,
ui.floating.windows.4f5a6c7b,Floating windows,نوافذ عائمة,,Pending,,
Flow,Flow,التدفق,,Pending,,
column.consultation-worklist.followUp.label,Follow-up,المتابعة,,Pending,,
ui.follow.up.and.safety.net.plan.verified.2e5847f1,Follow-up and safety-net plan verified,تم التحقق من خطة المتابعة والسلامة,,Pending,,
field.consultation.followUp.label,Follow-up date,تاريخ المتابعة,,Pending,,
field.consultation.outcome.option.Follow-up%20in%204%20weeks,Follow-up in 4 weeks,متابعة بعد 4 أسابيع,,Pending,,
Follow-up ownership,Follow-up ownership,مسؤولية المتابعة,,Pending,,
ui.font.family.119ef3fa,Font family,عائلة الخط,,Pending,,
Font size,Font size,حجم الخط,,Pending,,
ui.fonts.and.sizes.for.the.shell.forms.and.result.lists.5079efb6,"Fonts and sizes for the shell, forms and result lists.",الخطوط والأحجام للواجهة والنماذج وقوائم النتائج.,,Pending,,
For this browser only,For this browser only,لهذا المتصفح فقط,,Pending,,
Forecast confidence,Forecast confidence,الثقة بالتوقعات,,Pending,,
column.drug-master.form.label,Form,نموذج,,Pending,,
menu.library.form-controls.label,Form Controls,عناصر تحكم النماذج,,Pending,,
menu.library.form-patterns.label,Form Patterns,أنماط النماذج,,Pending,,
Form and process,Form and process,الشكل والعملية,,Pending,,
Form controls,Form controls,ضوابط النماذج,,Pending,,
ui.form.field.size.b4395a90,Form field size,حجم حقول النموذج,,Pending,,
ui.form.mode.657dd0c2,Form mode:,وضع النموذج:,,Pending,,
Form schemas,Form schemas,مخططات النماذج,,Pending,,
FormRenderer usage increased,FormRenderer usage increased,زاد استخدام FormRenderer,,Pending,,
menu.payroll.pay-formula.label,Formula Designer,مصمم الصيغ,,Pending,,
ui.formula.bar.8b12e6c7,Formula bar,شريط الصيغة,,Pending,,
column.drug-master.formulary.label,Formulary,دليل الأدوية,,Pending,,
menu.pharmacy.rx-formulary.label,Formulary & Stock,دليل الأدوية والمخزون,,Pending,,
menu.pharmacy.formulary-setup.label,Formulary Setup,إعداد دليل الأدوية,,Pending,,
Formulary compliance,Formulary compliance,الالتزام بدليل الأدوية,,Pending,,
ui.four.characters.enough.to.tell.two.keys.apart.not.enough.4eee3d19,"Four characters. Enough to tell two keys apart, not enough to be one.",أربعة أحرف تكفي لتمييز مفتاحين ولا تكفي لاستخدامها كمفتاح.,,Pending,,
"Four layers, one screen","Four layers, one screen",أربع طبقات وشاشة واحدة,,Pending,,
ui.frequency.16b6668d,Frequency,التكرار,,Pending,,
From date,From date,من تاريخ,,Pending,,
menu.sales.fulfillment-worklist.label,Fulfillment Worklist,قائمة عمل تنفيذ الطلبات,,Pending,,
Fulfillment exceptions,Fulfillment exceptions,استثناءات التنفيذ,,Pending,,
Function,Function,الوظيفة,,Pending,,
"Function, frailty and caregiver","Function, frailty and caregiver",الوظيفة والضعف ومقدم الرعاية,,Pending,,
Functional,Functional,وظيفي,,Pending,,
Functional limitation,Functional limitation,القيود الوظيفية,,Pending,,
Fundal height,Fundal height,ارتفاع قاع الرحم,,Pending,,
Future-token ready,Future-token ready,جاهز لرموز التصميم المستقبلية,,Pending,,
GBP — Pound sterling,GBP — Pound sterling,GBP — الجنيه الإسترليني,,Pending,,
column.patient-master.gender.label,Gender,الجنس,,Pending,,
General,General,عام,,Pending,,
General Ledger,General Ledger,دفتر الأستاذ العام,,Pending,,
field.consultation.specialty.option.General%20Medicine,General Medicine,الطب العام,,Pending,,
General and abdominal,General and abdominal,عام وبطني,,Pending,,
section.hr-dashboard.general.title,General information,معلومات عامة,,Pending,,
General status,General status,الحالة العامة,,Pending,,
ui.generated.17.42.gst.f43f2032,Generated 17:42 GST,أُنشئ 17:42 بتوقيت الخليج,,Pending,,
Georgia (serif),Georgia (serif),Georgia (بزوائد),,Pending,,
Gestational age,Gestational age,عمر الحمل,,Pending,,
"Gestational status, medication and imaging safety.","Gestational status, medication and imaging safety.",حالة الحمل وسلامة الدواء والتصوير.,,Pending,,
Global and page-specific actions are discoverable and focus accessible.,Global and page-specific actions are discoverable and focus accessible.,الإجراءات العامة والخاصة بالصفحة قابلة للاكتشاف والوصول بالتركيز.,,Pending,,
Go to the module dashboard,Go to the module dashboard,الذهاب للوحة الوحدة,,Pending,,
Goes to,Goes to,يُرسل إلى,,Pending,,
ui.goes.to.69415870,Goes to ,يُرسل إلى ,,Pending,,
menu.supply.goods-receipt.label,Goods Receipt,استلام البضائع,,Pending,,
Goods receipt posted,Goods receipt posted,تم ترحيل استلام البضائع,,Pending,,
Government,Government,حكومي,,Pending,,
menu.hr.grade-master.label,Grade & Band,الدرجات والفئات,,Pending,,
ui.grand.total.d88867c4,Grand total,الإجمالي الكلي,,Pending,,
Grid,Grid,شبكة,,Pending,,
Grooming,Grooming,العناية بالمظهر,,Pending,,
Gross margin,Gross margin,الهامش الإجمالي,,Pending,,
Gross subtotal,Gross subtotal,المجموع الإجمالي الفرعي,,Pending,,
Growth,Growth,النمو,,Pending,,
Growth centile,Growth centile,مئين النمو,,Pending,,
Growth trajectory,Growth trajectory,مسار النمو,,Pending,,
"Guardian source, growth, development, age-appropriate ranges.","Guardian source, growth, development, age-appropriate ranges.",معلومات الوصي والنمو والتطور والنطاقات المناسبة للعمر.,,Pending,,
"Guardian source, weight-based safety, development, consent.","Guardian source, weight-based safety, development, consent.",معلومات الوصي والسلامة حسب الوزن والتطور والموافقة.,,Pending,,
"Guardian, growth and safeguarding","Guardian, growth and safeguarding",الوصي والنمو والحماية,,Pending,,
Guided tour ·,Guided tour ·,جولة إرشادية ·,,Pending,,
ui.guided.tour.40eb5b9e,Guided tour · ,جولة إرشادية · ,,Pending,,
ui.guided.tours.and.shortcuts.bottom.corner.86c65f92,"Guided tours and shortcuts, bottom corner",جولات إرشادية واختصارات في الزاوية السفلية,,Pending,,
Gynaecological,Gynaecological,أمراض النساء,,Pending,,
module.healthcare.shortLabel,HC,الرعاية الصحية,,Pending,,
module.hr.shortLabel,HR,الموارد البشرية,,Pending,,
field.user.roles.option.hr-business-partner,HR Business Partner,شريك أعمال الموارد البشرية,,Pending,,
page.hr-dashboard.title,HR Command Center,مركز إدارة الموارد البشرية,,Pending,,
menu.hr.hr-dashboard.label,HR Dashboard,لوحة الموارد البشرية,,Pending,,
menu.hr.hr-settings.label,HR Setup,إعداد الموارد البشرية,,Pending,,
field.user.owner.option.hr-shared,HR Shared Services,خدمات الموارد البشرية المشتركة,,Pending,,
Head circumference,Head circumference,محيط الرأس,,Pending,,
ui.header.ba5caa42,Header,الشريط العلوي,,Pending,,
Header entries,Header entries,إدخالات الرأس,,Pending,,
"Header records, lines, payments, tax and print composition","Header records, lines, payments, tax and print composition",سجلات الرأس والبنود والمدفوعات والضريبة وتكوين الطباعة,,Pending,,
ui.header.theme.994e2001,Header theme,سمة الشريط العلوي,,Pending,,
ui.header.tone.8dd3f09c,Header tone,درجة لون الشريط العلوي,,Pending,,
"Header, module navigation, sidebar, tabs and footer","Header, module navigation, sidebar, tabs and footer",الرأس وتنقل الوحدات والشريط الجانبي والتبويبات والتذييل,,Pending,,
ui.header.sidebar.cards.and.everything.not.listed.below.03fd4fdb,"Header, sidebar, cards and everything not listed below.",الشريط العلوي والجانبي والبطاقات وكل ما لم يُدرج أدناه.,,Pending,,
Health,Health,الحالة,,Pending,,
module.healthcare.label,Healthcare,الرعاية الصحية,,Pending,,
menu.healthcare.healthcare-dashboard.label,Healthcare Dashboard,لوحة الرعاية الصحية,,Pending,,
"Heart failure, hypertension or arrhythmia review","Heart failure, hypertension or arrhythmia review",مراجعة فشل القلب أو ارتفاع الضغط أو اضطراب النظم,,Pending,,
Heart sounds,Heart sounds,أصوات القلب,,Pending,,
Heart-failure functional class,Heart-failure functional class,الفئة الوظيفية لفشل القلب,,Pending,,
Height or length centile,Height or length centile,مئين الطول,,Pending,,
ui.held.back.300ea402,Held back:,تم الحجب:,,Pending,,
ui.help.b79cac92,Help,مساعدة,,Pending,,
ui.help.b22e5e67,Help (?),المساعدة (?),,Pending,,
ui.help.assistant.button.ac1e5563,Help assistant button,زر مساعد المساعدة,,Pending,,
field.hr-dashboard.priority.option.High,High,مرتفع,,Pending,,
High — e.g. drug therapy requiring intensive monitoring for toxicity; decision regarding hospitalisation,High — e.g. drug therapy requiring intensive monitoring for toxicity; decision regarding hospitalisation,مرتفع — مثل علاج دوائي يتطلب مراقبة مكثفة للسمية؛ قرار الإدخال للمستشفى,,Pending,,
field.user.language.option.hi,Hindi,الهندية,,Pending,,
field.consultation.history.label,History of presenting complaint,تاريخ الشكوى الحالية,,Pending,,
"History, allergies and reconciliation","History, allergies and reconciliation",التاريخ والحساسية ومطابقة الأدوية,,Pending,,
ui.honoured.by.every.module.and.page.4bbba1b9,Honoured by every module and page.,تلتزم به كل الوحدات والصفحات.,,Pending,,
Hover,Hover,التمرير بالمؤشر,,Pending,,
ui.how.the.data.table.reads.at.twelve.columns.and.a.hundred.ff397919,How the data table reads at twelve columns and a hundred rows.,كيفية عرض الجدول باثني عشر عموداً ومئة صف.,,Pending,,
ui.how.the.provider.is.permitted.to.handle.what.it.is.sent.8a5b2181,How the provider is permitted to handle what it is sent.,كيف يُسمح للمزوّد بمعالجة ما يُرسل إليه.,,Pending,,
ui.how.this.was.composed.a455784c,How this was composed,كيف تم تكوين هذا,,Pending,,
module.hr.label,Human Resources,الموارد البشرية,,Pending,,
Hydration,Hydration,الترطيب,,Pending,,
Hypertensive or diabetic risk,Hypertensive or diabetic risk,خطر ارتفاع الضغط أو السكري,,Pending,,
ui.i.reviewed.the.clinical.content.8bdeac61,I reviewed the clinical content,راجعت المحتوى السريري,,Pending,,
INR — Indian rupee,INR — Indian rupee,INR — الروبية الهندية,,Pending,,
INR • Indian Rupee,INR • Indian Rupee,INR • الروبية الهندية,,Pending,,
field.user.owner.option.it-desk,IT Service Desk,مكتب خدمات تقنية المعلومات,,Pending,,
Id,Id,المعرّف,,Pending,,
section.hr-dashboard.general.description,"Identification, ownership and lifecycle.",التعريف والملكية ودورة الحياة.,,Pending,,
section.user.identity.title,Identity,الهوية,,Pending,,
menu.hr.identity.label,Identity & Access,الهوية والوصول,,Pending,,
field.user.owner.option.identity-ops,Identity Operations,عمليات الهوية,,Pending,,
ui.identity.and.contact.details.b0f56cb6,Identity and contact details,الهوية وبيانات الاتصال,,Pending,,
"Identity, access, organization assignment, security policy and personal settings.","Identity, access, organization assignment, security policy and personal settings.",الهوية والوصول والتعيين التنظيمي وسياسة الأمان والإعدادات الشخصية.,,Pending,,
Ids and versions only. Prompt,Ids and versions only. Prompt,المعرّفات والإصدارات فقط. التعليمات,,Pending,,
ui.ids.and.versions.only.prompt.e8f8a0a3,Ids and versions only. Prompt ,المعرّفات والإصدارات فقط. التعليمات ,,Pending,,
ui.ids.and.versions.the.text.stays.on.the.server.976cd4c2,Ids and versions. The text stays on the server.,المعرّفات والإصدارات. يبقى النص على الخادم.,,Pending,,
menu.healthcare.imaging-worklist.label,Imaging,التصوير الطبي,,Pending,,
Immunisation status,Immunisation status,حالة التطعيم,,Pending,,
ui.import.2cff9baa,Import,استيراد,,Pending,,
menu.library.import-export.label,Import & Export,الاستيراد والتصدير,,Pending,,
Import & export,Import & export,الاستيراد والتصدير,,Pending,,
ui.import.excel.csv.f5248759,Import Excel / CSV,استيراد Excel / CSV,,Pending,,
Import at most 500 data rows at a time.,Import at most 500 data rows at a time.,استورد 500 صف بيانات كحد أقصى في المرة.,,Pending,,
api.message.7d30c09e015a,Import exceeds the service request limit.,يتجاوز الاستيراد حد طلب الخدمة.,,Pending,,
Import failed,Import failed,فشل الاستيراد,,Pending,,
api.message.6799f06939d9,Import not available.,الاستيراد غير متاح.,,Pending,,
Import paused. Resume to continue.,Import paused. Resume to continue.,الاستيراد متوقف مؤقتاً. تابع للمتابعة.,,Pending,,
Import processing finished.,Import processing finished.,اكتملت معالجة الاستيراد.,,Pending,,
ui.import.progress.d3d5b27e,Import progress,تقدم الاستيراد,,Pending,,
ui.import.records.9b70f039,Import records,استيراد السجلات,,Pending,,
ui.import.row.results.9434e9fe,Import row results,نتائج صفوف الاستيراد,,Pending,,
Import service is unavailable. Retry to check the result.,Import service is unavailable. Retry to check the result.,خدمة الاستيراد غير متاحة. أعد المحاولة للتحقق من النتيجة.,,Pending,,
api.message.ee2ea0542db6,Import status could not be confirmed. Resume the import to check completed rows.,تعذّر تأكيد حالة الاستيراد. استأنفه للتحقق من الصفوف المكتملة.,,Pending,,
Import valid rows: {count},Import valid rows: {count},استيراد الصفوف الصالحة: {count},,Pending,,
Import {page},Import {page},استيراد {page},,Pending,,
Imported with provenance from validated observations,Imported with provenance from validated observations,مستوردة مع مصدرها من ملاحظات موثقة,,Pending,,
Importing rows…,Importing rows…,جارٍ استيراد الصفوف…,,Pending,,
"In production the signer, version, timestamp and method are captured; later edits become addenda.","In production the signer, version, timestamp and method are captured; later edits become addenda.",في الإنتاج يُسجّل الموقّع والإصدار والوقت والطريقة؛ وتصبح التعديلات اللاحقة ملاحق.,,Pending,,
In progress,In progress,قيد التنفيذ,,Pending,,
field.consultation.chiefComplaint.placeholder,In the patient's own words where possible,بكلمات المريض قدر الإمكان,,Pending,,
In transit,In transit,قيد النقل,,Pending,,
Inactive,Inactive,غير نشط,,Pending,,
Inbound shipment received,Inbound shipment received,استلام شحنة واردة,,Pending,,
menu.library.inbox.label,Inbox,صندوق الوارد,,Pending,,
Include a header and at least one data row.,Include a header and at least one data row.,أدرج عنواناً وصف بيانات واحداً على الأقل.,,Pending,,
Incomplete: {sections}.,Incomplete: {sections}.,غير مكتمل: {sections}.,,Pending,,
ui.independent.of.the.page.theme.solarized.rail.on.a.nexora.af1752bc,"Independent of the page theme — Solarized rail on a Nexora page, say",مستقل عن سمة الصفحة — مثل شريط Solarized في صفحة Nexora,,Pending,,
ui.independent.of.the.page.theme.as.the.rail.s.is.f79134b6,"Independent of the page theme, as the rail's is",مستقل عن سمة الصفحة كالشريط الجانبي,,Pending,,
field.customer.country.option.IN,India,الهند,,Pending,,
field.customer.jurisdiction.option.india-gst,India GST,ضريبة السلع والخدمات الهندية,,Pending,,
Indication,Indication,الداعي,,Pending,,
"Indication, readiness, consent status and peri-procedure plan.","Indication, readiness, consent status and peri-procedure plan.",الداعي والاستعداد وحالة الموافقة وخطة ما حول الإجراء.,,Pending,,
"Indication, risks discussed, and preparation","Indication, risks discussed, and preparation",الداعي والمخاطر المناقشة والتحضير,,Pending,,
ui.info.170322a3,Info,معلومات,,Pending,,
ui.information.1cb0ba12,Information,معلومات,,Pending,,
"Initial evaluation: baseline history, assessment, diagnosis and plan.","Initial evaluation: baseline history, assessment, diagnosis and plan.",تقييم أولي: التاريخ الأساسي والتقييم والتشخيص والخطة.,,Pending,,
Initial treatment goals,Initial treatment goals,أهداف العلاج الأولية,,Pending,,
section.user.preferences.description,Initial workspace defaults; the user can refine these later.,إعدادات مساحة العمل الأولية؛ يمكن للمستخدم تعديلها لاحقاً.,,Pending,,
Injury classification,Injury classification,تصنيف الإصابة,,Pending,,
Inpatient,Inpatient,مريض مقيم,,Pending,,
Inpatients today,Inpatients today,المرضى المقيمون اليوم,,Pending,,
Input validation,Input validation,التحقق من المدخلات,,Pending,,
"Input, search, textarea, select, multiselect and toggle","Input, search, textarea, select, multiselect and toggle",إدخال وبحث ونص واختيار واختيار متعدد وتبديل,,Pending,,
Inputs,Inputs,المدخلات,,Pending,,
ui.insert.into.narrative.3b44ab17,Insert into narrative,إدراج في السرد,,Pending,,
Insight and judgement,Insight and judgement,الاستبصار والحكم,,Pending,,
Inspection,Inspection,الفحص البصري,,Pending,,
Insurance / third party,Insurance / third party,تأمين / طرف ثالث,,Pending,,
menu.library.integration-guide.label,Integration Guide,دليل التكامل,,Pending,,
ui.integration.guide.02a0a9e2,Integration guide,دليل التكامل,,Pending,,
Inter (default),Inter (default),Inter (افتراضي),,Pending,,
Interaction and alertness,Interaction and alertness,التفاعل واليقظة,,Pending,,
ui.interactive.reports.are.limited.to.a.configurable.date.r.13a0a236,Interactive reports are limited to a configurable date range. Large historical requests should run as scheduled jobs and deliver a secure file link.,التقارير التفاعلية محدودة بفترة قابلة للتهيئة. الطلبات التاريخية الكبيرة تُشغّل كمهام مجدولة وتوفر رابط ملف آمن.,,Pending,,
field.hr-dashboard.category.option.Internal,Internal,داخلي,,Pending,,
field.user.roles.option.auditor,Internal Auditor,المدقق الداخلي,,Pending,,
"Interval history, response to treatment, adherence and change in status.","Interval history, response to treatment, adherence and change in status.",التاريخ منذ الزيارة والاستجابة للعلاج والالتزام وتغير الحالة.,,Pending,,
api.message.f7dbb8f02013,Invalid attachment.,المرفق غير صالح.,,Pending,,
Invalid column mapping.,Invalid column mapping.,ربط أعمدة غير صالح.,,Pending,,
api.message.20ec574547c4,Invalid destination key.,مفتاح الوجهة غير صالح.,,Pending,,
api.message.1d8e33865ae3,Invalid import request.,طلب الاستيراد غير صالح.,,Pending,,
api.message.f850d16d78cb,Invalid or oversized record.,السجل غير صالح أو يتجاوز الحجم المسموح.,,Pending,,
api.message.6adae2229057,Invalid product.,المنتج غير صالح.,,Pending,,
api.message.5b3c6897a389,Invalid record address.,عنوان السجل غير صالح.,,Pending,,
api.message.e2b9c74266b8,Invalid record key.,مفتاح السجل غير صالح.,,Pending,,
api.message.a9a47b6c988d,Invalid record scope.,نطاق السجل غير صالح.,,Pending,,
api.message.b818d77107aa,Invalid request or attachment larger than 2 MB.,طلب غير صالح أو مرفق أكبر من 2 ميغابايت.,,Pending,,
api.message.33abb093d9d1,Invalid view request.,طلب العرض غير صالح.,,Pending,,
menu.supply.inventory.label,Inventory,المخزون,,Pending,,
menu.supply.inventory-count.label,Inventory Count,جرد المخزون,,Pending,,
menu.supply.inventory-valuation.label,Inventory Valuation,تقييم المخزون,,Pending,,
Inventory value,Inventory value,قيمة المخزون,,Pending,,
Invoice INV-26-005184 overdue,Invoice INV-26-005184 overdue,الفاتورة INV-26-005184 متأخرة,,Pending,,
Invoice created,Invoice created,تم إنشاء الفاتورة,,Pending,,
ui.invoice.date.2d2b151a,Invoice date,تاريخ الفاتورة,,Pending,,
Invoice date:,Invoice date:,تاريخ الفاتورة:,,Pending,,
ui.invoice.date.622cf73f,Invoice date: ,تاريخ الفاتورة: ,,Pending,,
Invoice draft updated,Invoice draft updated,تم تحديث مسودة الفاتورة,,Pending,,
column.billing-entry.id.label,Invoice no.,رقم الفاتورة,,Pending,,
ui.invoice.number.85149f36,Invoice number,رقم الفاتورة,,Pending,,
ui.invoice.remarks.4f7e85ed,Invoice remarks,ملاحظات الفاتورة,,Pending,,
Invoice saved,Invoice saved,تم حفظ الفاتورة,,Pending,,
ui.invoice.summary.f420ef33,Invoice summary,ملخص الفاتورة,,Pending,,
ui.invoice.total.ad80ed79,Invoice total,إجمالي الفاتورة,,Pending,,
Invoices to validate,Invoices to validate,فواتير للتحقق,,Pending,,
It carries only the filters that may travel in a URL.,It carries only the filters that may travel in a URL.,يحمل فقط عوامل التصفية المسموح بها في الرابط.,,Pending,,
"It is not a target. A level is supported by the work that was clinically necessary and actually done — raising an element to reach a code is the thing this panel is meant to make visible, not easier. Office and outpatient levels are selected by medical decision making","It is not a target. A level is supported by the work that was clinically necessary and actually done — raising an element to reach a code is the thing this panel is meant to make visible, not easier. Office and outpatient levels are selected by medical decision making",ليس هدفاً. يدعم المستوى العمل الضروري سريرياً والمنفذ فعلاً. تُظهر هذه اللوحة رفع العناصر للوصول إلى رمز ولا تسهّله. تُحدد مستويات العيادات باتخاذ القرار الطبي,,Pending,,
column.product-master.name.label,Item,الصنف,,Pending,,
Item / service,Item / service,الصنف / الخدمة,,Pending,,
Item Code,Item Code,رمز الصنف,,Pending,,
menu.supply.item-master.label,Item Master,سجل الأصناف,,Pending,,
ui.item.code.53e24cae,Item code,رمز الصنف,,Pending,,
Jan,Jan,يناير,,Pending,,
column.employee-master.joinDate.label,Joined,تاريخ الانضمام,,Pending,,
Joiner approvals,Joiner approvals,موافقات الانضمام,,Pending,,
Joint function instrument,Joint function instrument,أداة وظيفة المفصل,,Pending,,
"Joint pain, injury or back pain","Joint pain, injury or back pain",ألم المفصل أو إصابة أو ألم الظهر,,Pending,,
menu.finance.journal-entry.label,Journal Entry,قيد اليومية,,Pending,,
menu.finance.journal-review.label,Journal Review,مراجعة القيود,,Pending,,
Journal approvals,Journal approvals,موافقات القيود,,Pending,,
Jul,Jul,يوليو,,Pending,,
Jun,Jun,يونيو,,Pending,,
field.customer.jurisdiction.label,Jurisdiction,الاختصاص الضريبي,,Pending,,
menu.finance.jurisdiction-master.label,Jurisdiction Master,سجل النطاقات القانونية,,Pending,,
ui.kb.e48db0d1,KB ·,كيلوبايت ·,,Pending,,
api.message.ddb72dcbc942,Keep at most 50 personal views per page.,احتفظ بما لا يزيد عن 50 عرضًا شخصيًا لكل صفحة.,,Pending,,
ui.keep.my.edits.for.the.next.save.b1e81546,Keep my edits for the next save,احتفظ بتعديلاتي للحفظ التالي,,Pending,,
ui.kept.out.of.the.link.not.included.in.the.url.6c7f6a2e,Kept out of the link — not included in the URL,لا يتم تضمينه في الرابط,,Pending,,
Key figures,Key figures,الأرقام الرئيسية,,Pending,,
menu.library.keyboard-shortcuts.label,Keyboard Shortcuts,اختصارات لوحة المفاتيح,,Pending,,
Keyboard actions,Keyboard actions,إجراءات لوحة المفاتيح,,Pending,,
Keyboard ready,Keyboard ready,جاهز للوحة المفاتيح,,Pending,,
ui.keyboard.shortcut.hints.dba0b68f,Keyboard shortcut hints,تلميحات اختصارات لوحة المفاتيح,,Pending,,
ui.keyboard.shortcuts.e9bef0b0,Keyboard shortcuts,اختصارات لوحة المفاتيح,,Pending,,
ui.keyboard.shortcuts.are.switched.off.in.your.preferences.c0ffe36c,Keyboard shortcuts are switched off in your preferences. The list below is what they would be.,اختصارات لوحة المفاتيح معطلة في تفضيلاتك. أدناه قائمة بما ستكون عليه.,,Pending,,
Keyword / record ID,Keyword / record ID,كلمة مفتاحية / معرف السجل,,Pending,,
Kochi outperformed,Kochi outperformed,كوتشي تجاوزت التوقعات,,Pending,,
column.patient-master.lengthOfStay.label,LOS (days),مدة الإقامة (أيام),,Pending,,
Lab interface healthy,Lab interface healthy,واجهة المختبر سليمة,,Pending,,
menu.healthcare.lab-results.label,Laboratory Results,نتائج المختبر,,Pending,,
field.user.landingModule.label,Landing module,الوحدة الافتتاحية,,Pending,,
ui.language.a4fe6526,Language,اللغة,,Pending,,
ui.language.help.e388fa6e,Language & help,اللغة والمساعدة,,Pending,,
Large journal submitted,Large journal submitted,تم تقديم قيد كبير,,Pending,,
Large opportunity advanced,Large opportunity advanced,تقدمت فرصة كبيرة,,Pending,,
ui.last.error.5488d837,Last error,آخر خطأ,,Pending,,
column.customer-master.lastInvoice.label,Last invoice,آخر فاتورة,,Pending,,
Last menstrual period,Last menstrual period,آخر دورة شهرية,,Pending,,
ui.last.rotated.3b642793,Last rotated,آخر تدوير,,Pending,,
ui.last.saved.304ad2c0,Last saved,آخر حفظ,,Pending,,
column.user-master.lastLogin.label,Last sign-in,آخر تسجيل دخول,,Pending,,
ui.last.verified.d8e92048,Last verified,آخر تحقق,,Pending,,
"Laterality, function, range of motion, stability and neurovascular status","Laterality, function, range of motion, stability and neurovascular status",الجهة والوظيفة ومدى الحركة والثبات والحالة العصبية الوعائية,,Pending,,
ui.latest.recovery.draft.from.another.editor.21da5598,Latest recovery draft from another editor,أحدث مسودة استرداد من محرر آخر,,Pending,,
ui.latest.version.ef7105b6,Latest version,أحدث إصدار,,Pending,,
ui.layout.a5119091,Layout,التخطيط,,Pending,,
ui.layout.theme.and.behavior.0d613faa,"Layout, theme and behavior",التخطيط والسمة والسلوك,,Pending,,
column.supplier-fin-master.leadTime.label,Lead time (days),مهلة التوريد (أيام),,Pending,,
page.sales-dashboard.subtitle,"Leads, customers, quotations, orders, invoices and revenue operations",العملاء المحتملون والعملاء وعروض الأسعار والطلبات والفواتير وعمليات الإيرادات,,Pending,,
menu.hr.leave-request.label,Leave Request,طلب إجازة,,Pending,,
Leave approvals,Leave approvals,موافقات الإجازات,,Pending,,
column.employee-master.leaveBalance.label,Leave balance,رصيد الإجازات,,Pending,,
Left,Left,يسار,,Pending,,
Left side panel,Left side panel,لوحة جانبية يسرى,,Pending,,
Legal name,Legal name,الاسم القانوني,,Pending,,
menu.healthcare.los-report.label,Length of Stay,مدة الإقامة,,Pending,,
module.library.shortLabel,Library,المكتبة,,Pending,,
menu.library.library-dashboard.label,Library Dashboard,لوحة المكتبة,,Pending,,
Light,Light,فاتح,,Pending,,
ui.light.and.deep.hold.whatever.the.page.theme.is.562d3e75,Light and Deep hold whatever the page theme is,الفاتح والداكن ثابتان مهما كانت سمة الصفحة,,Pending,,
Light — tinted icon on a surface,Light — tinted icon on a surface,فاتح — أيقونة ملونة على سطح,,Pending,,
ui.limited.record.preview.full.details.open.in.a.workspace.441dd9b4,Limited record preview • full details open in a workspace tab,معاينة محدودة للسجل • التفاصيل في تبويب مستقل,,Pending,,
Limited — one category met,Limited — one category met,محدود — استيفاء فئة واحدة,,Pending,,
ui.limits.and.spend.d3d3cff7,Limits and spend,الحدود والإنفاق,,Pending,,
Limits that bite,Limits that bite,حدود نافذة,,Pending,,
Line discounts,Line discounts,خصومات البنود,,Pending,,
ui.line.items.c22ebe5a,Line items,بنود الفاتورة,,Pending,,
Line total,Line total,إجمالي البند,,Pending,,
Link copied,Link copied,تم نسخ الرابط,,Pending,,
ui.link.record.1787cac0,Link record,ربط السجل,,Pending,,
api.message.615ace93fd15,Linked a related record,ربط سجلًا ذا صلة,,Pending,,
field.user.employeeRef.label,Linked employee,الموظف المرتبط,,Pending,,
ui.listening.bbb4106e,Listening…,جارٍ الاستماع…,,Pending,,
ui.lists.and.record.previews.ad42512f,Lists and record previews,القوائم ومعاينات السجلات,,Pending,,
ui.live.b64ac05f,Live,مباشر,,Pending,,
ui.live.activity.f03d7de8,Live activity,النشاط المباشر,,Pending,,
ui.live.primitives.de2796a6,Live primitives,مكونات أساسية تفاعلية,,Pending,,
ui.loading.dc380888,Loading,جارٍ التحميل,,Pending,,
Loading import…,Loading import…,جارٍ تحميل الاستيراد…,,Pending,,
ui.loading.placeholders.bf48e1ca,Loading placeholders,عناصر التحميل المؤقتة,,Pending,,
ui.loading.record.panels.4d1216a9,Loading record panels…,جارٍ تحميل لوحات السجل…,,Pending,,
ui.loading.results.cf2c6389,Loading results…,جارٍ تحميل النتائج…,,Pending,,
ui.loading.saved.record.and.recovery.draft.90568331,Loading saved record and recovery draft…,جارٍ تحميل السجل المحفوظ ومسودة الاسترداد…,,Pending,,
ui.loading.the.ai.configuration.5c22d70c,Loading the AI configuration…,جارٍ تحميل إعدادات الذكاء الاصطناعي…,,Pending,,
Loading…,Loading…,جارٍ التحميل…,,Pending,,
menu.library.localization.label,Localization,الترجمة والتوطين,,Pending,,
menu.hr.location-master.label,Location Master,سجل المواقع,,Pending,,
Locked,Locked,مقفل,,Pending,,
Locking or giving way,Locking or giving way,انغلاق المفصل أو انهياره,,Pending,,
Longitudinal data reused rather than re-entered,Longitudinal data reused rather than re-entered,إعادة استخدام البيانات الطولية دون إدخالها مجدداً,,Pending,,
field.hr-dashboard.priority.option.Low,Low,منخفض,,Pending,,
Low risk,Low risk,مخاطر منخفضة,,Pending,,
Low-glare control room,Low-glare control room,غرفة تحكم منخفضة الوهج,,Pending,,
ui.make.full.screen.f5c45f1e,Make full screen,عرض بملء الشاشة,,Pending,,
field.user.language.option.ml,Malayalam,المالايالامية,,Pending,,
api.message.6c0c0e748029,Malformed request body.,محتوى الطلب غير سليم.,,Pending,,
field.consultation.plan.label,Management plan,خطة العلاج,,Pending,,
column.employee-master.manager.label,Manager,المدير,,Pending,,
Manager approval,Manager approval,موافقة المدير,,Pending,,
Map each CSV column to at most one application field.,Map each CSV column to at most one application field.,اربط كل عمود CSV بحقل تطبيق واحد كحد أقصى.,,Pending,,
ui.map.required.fields.ac41d1c5,Map required fields:,اربط الحقول المطلوبة:,,Pending,,
Mar,Mar,مارس,,Pending,,
column.sales-dashboard.margin.label,Margin,الهامش,,Pending,,
menu.sales.margin-report.label,Margin Analysis,تحليل الهامش,,Pending,,
Margin exception requested,Margin exception requested,طُلب استثناء للهامش,,Pending,,
ui.mark.all.read.3bc62a9e,Mark all read,تحديد الكل كمقروء,,Pending,,
ui.mark.as.read.50c8b81f,Mark as read,تحديد كمقروء,,Pending,,
ui.mark.notifications.read.1b2f9273,Mark notifications read,وضع علامة مقروء على الإشعارات,,Pending,,
menu.sales.sales-market.label,Market,السوق,,Pending,,
Mass or distension,Mass or distension,كتلة أو انتفاخ,,Pending,,
Masters,Masters,البيانات الرئيسية,,Pending,,
Match,Match,تطابق,,Pending,,
Match the page theme,Match the page theme,مطابقة سمة الصفحة,,Pending,,
ui.matched.back.against.the.catalogue.a50c373a,Matched back against the catalogue:,تمت المطابقة مع الدليل:,,Pending,,
Maternal and fetal considerations,Maternal and fetal considerations,اعتبارات الأم والجنين,,Pending,,
ui.max.context.fields.3991aba7,Max context fields,الحد الأقصى لحقول السياق,,Pending,,
Maximum visual separation,Maximum visual separation,أقصى فصل بصري,,Pending,,
May,May,مايو,,Pending,,
Mechanism of injury,Mechanism of injury,آلية الإصابة,,Pending,,
"Mechanism, laterality, range of motion, neurovascular status.","Mechanism, laterality, range of motion, neurovascular status.",الآلية والجهة ومدى الحركة والحالة العصبية الوعائية.,,Pending,,
menu.healthcare.medication-orders.label,Medication Orders,طلبات الأدوية,,Pending,,
menu.pharmacy.medication-review.label,Medication Review,مراجعة الأدوية,,Pending,,
field.consultation.outcome.option.Medication%20adjusted,Medication adjusted,تم تعديل الدواء,,Pending,,
Medication exposure,Medication exposure,التعرض للأدوية,,Pending,,
Medication hold or review,Medication hold or review,تعليق الدواء أو مراجعته,,Pending,,
Medication reconciliation,Medication reconciliation,مطابقة الأدوية,,Pending,,
Medication safety in pregnancy,Medication safety in pregnancy,سلامة الأدوية في الحمل,,Pending,,
field.customer.riskRating.option.Medium,Medium,متوسط,,Pending,,
Menstrual and obstetric context with maternal and fetal findings,Menstrual and obstetric context with maternal and fetal findings,سياق الدورة والحمل مع نتائج الأم والجنين,,Pending,,
"Menstrual and obstetric context, maternal and fetal findings.","Menstrual and obstetric context, maternal and fetal findings.",سياق الدورة والحمل ونتائج الأم والجنين.,,Pending,,
Mental state examination,Mental state examination,فحص الحالة النفسية,,Pending,,
"Mental state, risk and safety, function, validated instruments.","Mental state, risk and safety, function, validated instruments.",الحالة النفسية والمخاطر والسلامة والوظيفة والأدوات المعتمدة.,,Pending,,
ui.messages.04d7b483,Messages,الرسائل,,Pending,,
Method,Method,الطريقة,,Pending,,
api.message.5765cf564d4d,Method not allowed.,الطريقة غير مسموحة.,,Pending,,
field.customer.segment.option.Mid-market,Mid-market,السوق المتوسط,,Pending,,
Migration tasks,Migration tasks,مهام الترحيل,,Pending,,
Minimal or none,Minimal or none,ضئيل أو معدوم,,Pending,,
Minimal risk,Minimal risk,مخاطر ضئيلة,,Pending,,
Minimise {item},Minimise {item},تصغير {item},,Pending,,
Minimum value,Minimum value,القيمة الدنيا,,Pending,,
"Minus sign — -1,200","Minus sign — -1,200","علامة ناقص — -1,200",,Pending,,
field.user.mobile.label,Mobile number,رقم الجوال,,Pending,,
ui.mock.tenant.nex.ae.001.46633a52,Mock tenant • NEX-AE-001,مستأجر تجريبي • NEX-AE-001,,Pending,,
ui.mock.transport.no.provider.was.contacted.a98a191e,Mock transport — no provider was contacted.,نقل تجريبي؛ لم يتم الاتصال بمزوّد.,,Pending,,
"Modal, center record card and left/right drawer","Modal, center record card and left/right drawer",نافذة حوار وبطاقة سجل وسطية ودرج يمين/يسار,,Pending,,
ui.model.id.7789530b,Model id,معرّف النموذج,,Pending,,
ui.model.label.b5f5cfb0,Model label,تسمية النموذج,,Pending,,
Moderate — e.g. prescription drug management; decision regarding minor surgery with risk factors,Moderate — e.g. prescription drug management; decision regarding minor surgery with risk factors,متوسط — مثل إدارة أدوية موصوفة؛ قرار جراحة بسيطة مع عوامل خطر,,Pending,,
Moderate — one of three categories met,Moderate — one of three categories met,متوسط — استيفاء فئة من ثلاث,,Pending,,
ui.module.navigation.62254823,Module navigation,التنقل في الوحدة,,Pending,,
field.user.modules.label,Modules,الوحدات,,Pending,,
Month,Month,الشهر,,Pending,,
Month to date,Month to date,الشهر حتى اليوم,,Pending,,
Monthly,Monthly,شهري,,Pending,,
Monthly {report},Monthly {report},{report} شهري,,Pending,,
Mood change,Mood change,تغير المزاج,,Pending,,
ui.more.d47d7cb0,More,المزيد,,Pending,,
More actions for {item},More actions for {item},المزيد من الإجراءات لـ {item},,Pending,,
ui.more.invoice.actions.bd5e1cab,More invoice actions,إجراءات فاتورة إضافية,,Pending,,
ui.more.record.actions.bfe19e93,More record actions,مزيد من إجراءات السجل,,Pending,,
ui.more.worklist.actions.e02a7587,More worklist actions,مزيد من إجراءات القائمة,,Pending,,
Motor power,Motor power,القوة الحركية,,Pending,,
ui.move.down.40bb50da,Move down,نقل لأسفل,,Pending,,
ui.move.up.c66feb5e,Move up,نقل لأعلى,,Pending,,
Movement,Movement,الحركة,,Pending,,
Murmur or added sounds,Murmur or added sounds,نفخة أو أصوات إضافية,,Pending,,
Musculoskeletal examination,Musculoskeletal examination,فحص العضلات والعظام,,Pending,,
ui.must.stay.false.for.protected.content.1f4980c8,Must stay false for protected content.,يجب أن يبقى معطلاً للمحتوى المحمي.,,Pending,,
Muted arctic blue-grey,Muted arctic blue-grey,أزرق رمادي هادئ,,Pending,,
ui.my.preferences.164a6ee1,My Preferences,تفضيلاتي,,Pending,,
ui.my.profile.991bfa01,My Profile,ملفي الشخصي,,Pending,,
My approval notifications · Unread: {count},My approval notifications · Unread: {count},إشعارات الاعتماد الخاصة بي · غير مقروءة: {count},,Pending,,
My requests,My requests,طلباتي,,Pending,,
ui.new.record.9ce90410,NEW RECORD,سجل جديد,,Pending,,
Name,Name,الاسم,,Pending,,
Names what a record of this kind would normally carry and is missing here. Suggests only — it never writes to the record.,Names what a record of this kind would normally carry and is missing here. Suggests only — it never writes to the record.,يحدد ما ينقص السجل من محتوى معتاد لهذا النوع. يقترح فقط ولا يكتب في السجل.,,Pending,,
Navigate within the current page instead.,Navigate within the current page instead.,التنقل داخل الصفحة الحالية.,,Pending,,
Navigation,Navigation,التنقل,,Pending,,
ui.negative.amounts.cd1dd5f2,Negative amounts,المبالغ السالبة,,Pending,,
field.customer.paymentTerms.option.15,Net 15,سداد خلال 15 يوماً,,Pending,,
field.customer.paymentTerms.option.30,Net 30,سداد خلال 30 يوماً,,Pending,,
field.customer.paymentTerms.option.60,Net 60,سداد خلال 60 يوماً,,Pending,,
field.customer.paymentTerms.option.90,Net 90,سداد خلال 90 يوماً,,Pending,,
Net Cost,Net Cost,صافي التكلفة,,Pending,,
"Net cost was refreshed from quantity, unit cost, discount and tax.","Net cost was refreshed from quantity, unit cost, discount and tax.",تم تحديث صافي التكلفة من الكمية وتكلفة الوحدة والخصم والضريبة.,,Pending,,
Net payroll,Net payroll,صافي الرواتب,,Pending,,
Neurological symptoms,Neurological symptoms,أعراض عصبية,,Pending,,
Neurovascular,Neurovascular,عصبي وعائي,,Pending,,
"Neutral near-black, no colour cast","Neutral near-black, no colour cast",أسود شبه محايد دون صبغة لونية,,Pending,,
ui.new.18fdd549,New,جديد,,Pending,,
menu.healthcare.consultation-entry.label,New Consultation,استشارة جديدة,,Pending,,
ui.new.comment.cf9c2573,New comment,تعليق جديد,,Pending,,
New employee,New employee,موظف جديد,,Pending,,
New invoice,New invoice,فاتورة جديدة,,Pending,,
New journal,New journal,قيد جديد,,Pending,,
New lead assignment,New lead assignment,تعيين عميل محتمل جديد,,Pending,,
New organization change,New organization change,تغيير تنظيمي جديد,,Pending,,
"New presentation: red flags, onset, relevant negatives.","New presentation: red flags, onset, relevant negatives.",أعراض جديدة: علامات الخطر والبداية والنتائج السلبية ذات الصلة.,,Pending,,
New properties remain optional or versioned to protect existing pages.,New properties remain optional or versioned to protect existing pages.,الخصائص الجديدة اختيارية أو ذات إصدارات لحماية الصفحات الحالية.,,Pending,,
New record in a new tab,New record in a new tab,سجل جديد في تبويب جديد,,Pending,,
New starter onboarding due,New starter onboarding due,تهيئة موظف جديد مستحقة,,Pending,,
New symptoms or complications,New symptoms or complications,أعراض أو مضاعفات جديدة,,Pending,,
ui.next.1ff57a29,Next,التالي,,Pending,,
ui.next.approvals.ca7c29b6,Next approvals,الاعتمادات التالية,,Pending,,
column.drug-master.nextExpiry.label,Next expiry,أقرب انتهاء صلاحية,,Pending,,
menu.healthcare.next-of-kin.label,Next of Kin,أقرب الأقارب,,Pending,,
ui.next.page.c08ac736,Next page,الصفحة التالية,,Pending,,
ui.next.step.298a9207,Next step,الخطوة التالية,,Pending,,
ui.no.approval.notifications.yet.f2e11ecf,No approval notifications yet.,لا توجد إشعارات اعتماد بعد.,,Pending,,
ui.no.approvals.match.this.view.c111d946,No approvals match this view.,لا توجد اعتمادات تطابق هذا العرض.,,Pending,,
ui.no.attachments.yet.becf0183,No attachments yet.,لا توجد مرفقات بعد.,,Pending,,
ui.no.changes.c699aa00,No changes,لا تغييرات,,Pending,,
ui.no.changes.saved.0a823d05,No changes saved,لم تُحفظ تغييرات,,Pending,,
ui.no.comments.yet.b7cba957,No comments yet.,لا توجد تعليقات بعد.,,Pending,,
api.message.7f7f90bc5ace,No credential is configured for this tenant.,لم يتم إعداد بيانات اعتماد لهذا المستأجر.,,Pending,,
ui.no.item.matches.that.search.dcb0bb88,No item matches that search.,لا يوجد عنصر يطابق البحث.,,Pending,,
ui.no.match.for.2835c1cf,No match for “,لا تطابق لـ «,,Pending,,
No match for “{query}”,No match for “{query}”,لا تطابق لـ «{query}»,,Pending,,
ui.no.matching.options.39a118fc,No matching options,لا توجد خيارات مطابقة,,Pending,,
No material data gaps,No material data gaps,لا توجد نواقص بيانات جوهرية,,Pending,,
ui.no.menu.item.matches.a442b70a,No menu item matches,لا يوجد عنصر قائمة مطابق,,Pending,,
api.message.f91c6aa194a1,No navigation is available for this account.,لا توجد قوائم متاحة لهذا الحساب.,,Pending,,
ui.no.panel.activity.yet.d3114311,No panel activity yet.,لا يوجد نشاط بعد.,,Pending,,
ui.no.personal.views.yet.save.the.current.layout.to.create.ac72cfbc,No personal views yet. Save the current layout to create one.,لا توجد عروض شخصية. احفظ التخطيط الحالي لإنشاء عرض.,,Pending,,
ui.no.provider.credential.is.configured.for.this.tenant.so.a77c2f62,"No provider credential is configured for this tenant, so nothing can be sent yet.",لا توجد بيانات اعتماد مزوّد لهذا المستأجر؛ لا يمكن الإرسال بعد.,,Pending,,
api.message.b2b37d5c3c24,No provider credential is configured.,لم يتم إعداد بيانات اعتماد المزود.,,Pending,,
api.message.74dcfe0be651,No provider or model is configured.,لم يتم إعداد مزود أو نموذج.,,Pending,,
No records found,No records found,لم يُعثر على سجلات,,Pending,,
No records match the current view.,No records match the current view.,لا توجد سجلات تطابق العرض الحالي.,,Pending,,
ui.no.related.records.yet.595d14ca,No related records yet.,لا توجد سجلات مرتبطة بعد.,,Pending,,
No reply.,No reply.,لا يوجد رد.,,Pending,,
No results,No results,لا توجد نتائج,,Pending,,
api.message.ad9242943cbc,No speech provider is available for this language.,لا يتوفر مزود كلام لهذه اللغة.,,Pending,,
"No such command here: ""{command}"". Try :help.","No such command here: ""{command}"". Try :help.","لا يوجد هذا الأمر هنا: ""{command}"". جرّب :help.",,Pending,,
ui.none.dc937b59,None,بلا,,Pending,,
"None — 1,200","None — 1,200","بلا — 1,200",,Pending,,
field.hr-dashboard.priority.option.Normal,Normal,عادي,,Pending,,
Not checked,Not checked,لم يُفحص,,Pending,,
Not found,Not found,غير موجود,,Pending,,
ui.not.saved.22b3467c,Not saved,غير محفوظ,,Pending,,
ui.not.sent.this.request.was.held.back.before.it.left.the.b.249b6f31,Not sent — this request was held back before it left the browser.,لم يُرسل؛ حُجب الطلب قبل مغادرة المتصفح.,,Pending,,
api.message.a3905eb93e40,Not signed in.,لم تسجل الدخول.,,Pending,,
ui.nothing.here.f4c7f41c,Nothing here,لا شيء هنا,,Pending,,
ui.nothing.in.the.reply.matched.the.catalogue.bb0df6b3,Nothing in the reply matched the catalogue.,لا شيء في الرد يطابق الدليل.,,Pending,,
ui.nothing.is.delivered.this.is.a.prototype.1b08c969,Nothing is delivered; this is a prototype.,لا يتم التسليم؛ هذا نموذج أولي.,,Pending,,
Nothing on this page matches what that use case may read.,Nothing on this page matches what that use case may read.,لا شيء في الصفحة يطابق ما يُسمح لهذه الحالة بقراءته.,,Pending,,
ui.nothing.on.this.page.matches.what.this.use.case.may.read.7844af00,Nothing on this page matches what this use case may read. There is nothing to send.,لا شيء في الصفحة يطابق ما يُسمح لهذه الحالة بقراءته. لا شيء للإرسال.,,Pending,,
ui.nothing.selected.f8c10424,Nothing selected,لم يتم تحديد شيء,,Pending,,
ui.nothing.selected.yet.09245a71,Nothing selected yet,لم يُحدد شيء بعد,,Pending,,
Nothing to export,Nothing to export,لا شيء للتصدير,,Pending,,
api.message.8270c30be332,Nothing to send.,لا يوجد شيء للإرسال.,,Pending,,
ui.nothing.to.tour.on.this.page.yet.18d0885f,Nothing to tour on this page yet.,لا توجد جولة لهذه الصفحة بعد.,,Pending,,
Notification,Notification,الإشعار,,Pending,,
ui.notifications.78801183,Notifications,الإشعارات,,Pending,,
field.hr-dashboard.notifyOwner.label,Notify owner,إشعار المالك,,Pending,,
Nov,Nov,نوفمبر,,Pending,,
Number and complexity of problems addressed AT THIS ENCOUNTER — not everything on the problem list.,Number and complexity of problems addressed AT THIS ENCOUNTER — not everything on the problem list.,عدد وتعقيد المشكلات المعالجة في هذه الزيارة، وليس كل قائمة المشكلات.,,Pending,,
ui.number.format.457421f8,Number format,تنسيق الأرقام,,Pending,,
"Number only — 1,200","Number only — 1,200","رقم فقط — 1,200",,Pending,,
menu.hr.hr-numbering.label,Numbering Rules,قواعد الترقيم,,Pending,,
ui.numbers.currency.and.dates.4558a791,"Numbers, currency and dates",الأرقام والعملات والتواريخ,,Pending,,
section.consultation.examination.description,Observations and findings recorded at the visit.,الملاحظات والنتائج المسجلة أثناء الزيارة.,,Pending,,
Obstetric,Obstetric,توليدي,,Pending,,
Obstetric and gynaecological examination,Obstetric and gynaecological examination,فحص التوليد وأمراض النساء,,Pending,,
Obstetric history,Obstetric history,التاريخ التوليدي,,Pending,,
Obstetric risk assessment,Obstetric risk assessment,تقييم مخاطر الحمل,,Pending,,
Obstetrics & Gynaecology,Obstetrics & Gynaecology,التوليد وأمراض النساء,,Pending,,
"Obstetrics & Gynaecology with a paediatric context may be adolescent gynaecology. Age, consent and privacy rules for the jurisdiction apply.","Obstetrics & Gynaecology with a paediatric context may be adolescent gynaecology. Age, consent and privacy rules for the jurisdiction apply.",التوليد والنساء بسياق طفولي قد يكون طب نساء المراهقات. تنطبق قواعد العمر والموافقة والخصوصية المحلية.,,Pending,,
Oct,Oct,أكتوبر,,Pending,,
Oedema,Oedema,وذمة,,Pending,,
Off,Off,إيقاف,,Pending,,
ui.off.minimises.every.transition.and.motion.effect.c28a56d6,Off minimises every transition and motion effect,الإيقاف يقلل تأثيرات الانتقال والحركة,,Pending,,
ui.off.ticks.once.a.minute.instead.of.every.second.e07c67a4,Off ticks once a minute instead of every second.,عند الإيقاف يتم التحديث كل دقيقة بدلاً من كل ثانية.,,Pending,,
ui.off.truncates.a.long.cell.to.one.line.dfad076c,Off truncates a long cell to one line.,عند الإيقاف تُختصر الخلية الطويلة إلى سطر واحد.,,Pending,,
ui.off.unbinds.them.entirely.so.the.keys.go.back.to.the.bro.75022fea,"Off unbinds them entirely, so the keys go back to the browser",الإيقاف يعيد الاختصارات للمتصفح,,Pending,,
Off-formulary approval,Off-formulary approval,موافقة خارج دليل الأدوية,,Pending,,
Off-formulary approvals,Off-formulary approvals,موافقات خارج دليل الأدوية,,Pending,,
Offered with the conditions under which each applies,Offered with the conditions under which each applies,معروضة مع شروط انطباق كل منها,,Pending,,
Older Adult / Frailty,Older Adult / Frailty,كبار السن / الضعف,,Pending,,
"Older adult context: falls, cognition, function, polypharmacy, caregiver context and goals of care are surfaced.","Older adult context: falls, cognition, function, polypharmacy, caregiver context and goals of care are surfaced.",سياق المسنين: تُعرض مخاطر السقوط والإدراك والوظيفة وتعدد الأدوية ومقدم الرعاية وأهدافها.,,Pending,,
"Older or frail patients, or where mobility is a concern.","Older or frail patients, or where mobility is a concern.",للمسنين أو الضعفاء أو عند وجود مشكلة بالحركة.,,Pending,,
On,On,تشغيل,,Pending,,
On Hold,On Hold,معلق,,Pending,,
column.drug-master.onHand.label,On hand,متوفر بالمخزون,,Pending,,
field.hr-dashboard.status.option.On%20Hold,On hold,معلّق,,Pending,,
ui.on.screen.at.once.9b5e8539,On screen at once,ظاهرة في آن واحد,,Pending,,
column.supplier-fin-master.onTime.label,On-time,في الموعد,,Pending,,
ui.once.d88f6d83,Once,مرة واحدة,,Pending,,
ui.one.configurable.interface.across.human.resources.financ.2e9ac658,"One configurable interface across human resources, finance, payroll, sales and supply chain.",واجهة قابلة للتهيئة للموارد البشرية والمالية والرواتب والمبيعات وسلسلة الإمداد.,,Pending,,
One or more chronic with exacerbation; or two or more stable chronic; or an undiagnosed new problem with uncertain prognosis,One or more chronic with exacerbation; or two or more stable chronic; or an undiagnosed new problem with uncertain prognosis,مرض مزمن أو أكثر مع تفاقم؛ أو مرضان مزمنان مستقران أو أكثر؛ أو مشكلة جديدة غير مشخّصة بمآل غير مؤكد,,Pending,,
One or more chronic with severe exacerbation; or one acute or chronic illness posing a threat to life or bodily function,One or more chronic with severe exacerbation; or one acute or chronic illness posing a threat to life or bodily function,مرض مزمن أو أكثر مع تفاقم شديد؛ أو مرض حاد أو مزمن يهدد الحياة أو وظائف الجسم,,Pending,,
ui.one.screen.composed.from.four.layers.the.same.engine.cov.b49b8112,"One screen, composed from four layers. The same engine covers every combination without a page per combination.",شاشة واحدة من أربع طبقات. يغطي المحرك كل التركيبات دون صفحة لكل تركيبة.,,Pending,,
One self-limited or minor problem,One self-limited or minor problem,مشكلة واحدة محدودة ذاتياً أو بسيطة,,Pending,,
api.message.d5f87f5a90d3,Only administrators can configure approval stages.,يمكن للمسؤولين فقط إعداد مراحل الموافقة.,,Pending,,
Only once a diagnosis supports classification.,Only once a diagnosis supports classification.,فقط عندما يدعم التشخيص التصنيف.,,Pending,,
api.message.f3921c40c436,Only the author or an administrator can remove this comment.,يمكن للكاتب أو المسؤول فقط إزالة هذا التعليق.,,Pending,,
ui.only.the.built.in.mock.transcriber.runs.in.this.build.th.99c7dabf,Only the built-in mock transcriber runs in this build. The other adapters are declared with their real call shapes and have never been exercised — a session on one reports that rather than producing a transcript.,يعمل المفرّغ التجريبي المدمج فقط. المحولات الأخرى معرفة بصيغ استدعائها الحقيقية ولم تُختبر؛ تعرض الجلسة ذلك بدلاً من إنشاء نص.,,Pending,,
api.message.433aafa9ce34,Only the requester can resubmit this record.,يمكن لمقدم الطلب فقط إعادة إرسال هذا السجل.,,Pending,,
Only where the presentation meets the instrument's intended use.,Only where the presentation meets the instrument's intended use.,فقط عندما تطابق الحالة الاستخدام المقصود للأداة.,,Pending,,
ui.open.ed077f3d,Open,فتح,,Pending,,
ui.open.library.98c4cfdd,Open Library →,فتح المكتبة →,,Pending,,
column.supplier-fin-master.openPO.label,Open POs,طلبات الشراء المفتوحة,,Pending,,
ui.open.command.palette.c022b19a,Open command palette,فتح لوحة الأوامر,,Pending,,
ui.open.customer.master.dd1e845d,Open customer master,فتح سجل العملاء,,Pending,,
ui.open.documentation.61139361,Open documentation,فتح التوثيق,,Pending,,
ui.open.documents.eadd61ba,Open documents,المستندات المفتوحة,,Pending,,
ui.open.full.record.02ac0023,Open full record,فتح السجل الكامل,,Pending,,
Open full worklist,Open full worklist,فتح قائمة العمل الكاملة,,Pending,,
ui.open.full.worklist.7b51e093,Open full worklist ,فتح قائمة العمل الكاملة ,,Pending,,
ui.open.in.its.own.window.53ac5453,Open in its own window,فتح في نافذة مستقلة,,Pending,,
Open my preferences,Open my preferences,فتح تفضيلاتي,,Pending,,
ui.open.notification.072eaf0e,Open notification,فتح الإشعار,,Pending,,
Open orders,Open orders,الطلبات المفتوحة,,Pending,,
ui.open.page.af030334,Open page,فتح الصفحة,,Pending,,
ui.open.page.helper.b4639461,Open page helper,فتح مساعد الصفحة,,Pending,,
ui.open.page.or.command.2839f587,Open page or command,فتح صفحة أو أمر,,Pending,,
Open positions,Open positions,الوظائف الشاغرة,,Pending,,
ui.open.profile.menu.4a239d3d,Open profile menu,فتح قائمة الملف الشخصي,,Pending,,
Open purchase orders,Open purchase orders,طلبات الشراء المفتوحة,,Pending,,
Open records in a new tab,Open records in a new tab,فتح السجلات في تبويب جديد,,Pending,,
Open records in place,Open records in place,فتح السجلات في نفس المكان,,Pending,,
ui.open.records.in.tabs.b10f3af8,Open records in tabs,فتح السجلات في تبويبات,,Pending,,
Open spreadsheet,Open spreadsheet,فتح جدول البيانات,,Pending,,
ui.open.the.ai.assistant.9ef7c20f,Open the AI assistant,فتح مساعد الذكاء الاصطناعي,,Pending,,
Open the command palette,Open the command palette,فتح لوحة الأوامر,,Pending,,
Open the page helper,Open the page helper,فتح مساعد الصفحة,,Pending,,
ui.open.the.record.12f0e64a,Open the record,فتح السجل,,Pending,,
ui.open.what.this.is.about.b82f9382,Open what this is about,فتح السجل المعني,,Pending,,
ui.open.windows.6cbd4f67,Open windows,النوافذ المفتوحة,,Pending,,
ui.opening.the.saved.view.ae578a48,Opening the saved view…,جارٍ فتح العرض المحفوظ…,,Pending,,
ui.opens.on.keyboard.focus.3da0d784,Opens on keyboard focus,يفتح عند التركيز بلوحة المفاتيح,,Pending,,
api.message.7c9c9896ea86,Operation id already used.,معرّف العملية مستخدم بالفعل.,,Pending,,
api.message.7415683b1fc3,Operation identifier was already used for another change.,تم استخدام معرّف العملية لتغيير آخر.,,Pending,,
menu.hr.hr-ops.label,Operations,العمليات,,Pending,,
field.user.roles.option.operations-analyst,Operations Analyst,محلل العمليات,,Pending,,
Optional,Optional,اختياري,,Pending,,
ui.optional.third.party.coverage.4ab70f55,Optional third-party coverage,تغطية اختيارية لطرف ثالث,,Pending,,
Options: {count},Options: {count},الخيارات: {count},,Pending,,
field.consultation.allergies.placeholder,Or 'none known',أو «لا توجد معروفة»,,Pending,,
menu.sales.order-worklist.label,Order Worklist,قائمة عمل الطلبات,,Pending,,
column.sales-dashboard.orderDate.label,Order date,تاريخ الطلب,,Pending,,
column.sales-dashboard.id.label,Order no.,رقم الطلب,,Pending,,
column.sales-dashboard.value.label,Order value,قيمة الطلب,,Pending,,
ui.orderable.catalogue.9aad2b70,Orderable catalogue,دليل الطلبات المتاحة,,Pending,,
Orders,Orders,الطلبات,,Pending,,
menu.healthcare.hc-orders.label,Orders & Results,الطلبات والنتائج,,Pending,,
ui.orders.and.medication.plan.verified.fc6f12b4,Orders and medication plan verified,تم التحقق من الطلبات وخطة الدواء,,Pending,,
Orders on hold,Orders on hold,طلبات معلقة,,Pending,,
menu.hr.organization.label,Organization,المؤسسة,,Pending,,
section.hr-dashboard.assignment.description,Organizational scope and ownership.,النطاق التنظيمي والملكية.,,Pending,,
Orientation,Orientation,التوجّه,,Pending,,
field.consultation.specialty.option.Orthopaedics,Orthopaedics,جراحة العظام,,Pending,,
Orthopnoea,Orthopnoea,ضيق التنفس عند الاستلقاء,,Pending,,
Orthostatic assessment,Orthostatic assessment,التقييم الوضعي,,Pending,,
Osteoarthritis or chronic musculoskeletal review,Osteoarthritis or chronic musculoskeletal review,مراجعة خشونة المفاصل أو حالة عضلية عظمية مزمنة,,Pending,,
Other,Other,أخرى,,Pending,,
field.consultation.outcome.label,Outcome,النتيجة,,Pending,,
ui.outline.eabbf3ab,Outline,إطار,,Pending,,
Outpatient,Outpatient,مريض خارجي,,Pending,,
Outpatient clinics,Outpatient clinics,العيادات الخارجية,,Pending,,
"Outpatient consultation: presentation, examination, assessment and plan.","Outpatient consultation: presentation, examination, assessment and plan.",استشارة خارجية: الأعراض والفحص والتقييم والخطة.,,Pending,,
page.consultation-worklist.subtitle,"Outpatient consultations by specialty, clinician and outcome.",استشارات العيادات الخارجية حسب التخصص والطبيب والنتيجة.,,Pending,,
Outpatient visits,Outpatient visits,زيارات العيادات الخارجية,,Pending,,
ui.output.format.93c53d37,Output format,تنسيق المخرجات,,Pending,,
Outstanding,Outstanding,المبلغ المستحق,,Pending,,
ui.overall.completion.73f1bc7e,Overall completion,الاكتمال الإجمالي,,Pending,,
Overlay,Overlay,طبقة عائمة,,Pending,,
Overtime,Overtime,العمل الإضافي,,Pending,,
Overview,Overview,نظرة عامة,,Pending,,
Owner,Owner,المسؤول,,Pending,,
Oxygen requirement,Oxygen requirement,الحاجة للأكسجين,,Pending,,
ui.page.guide.c2948632,PAGE GUIDE,دليل الصفحة,,Pending,,
PO approvals,PO approvals,موافقات طلبات الشراء,,Pending,,
PO-1108 confirmed by vendor,PO-1108 confirmed by vendor,أكد المورّد PO-1108,,Pending,,
PO:,PO:,طلب الشراء:,,Pending,,
ui.po.9b83faea,PO: ,طلب الشراء: ,,Pending,,
Paediatric,Paediatric,أطفال,,Pending,,
"Paediatric context outside Paediatrics. The specialty must explicitly support paediatric practice, age ranges and consent handling.","Paediatric context outside Paediatrics. The specialty must explicitly support paediatric practice, age ranges and consent handling.",سياق أطفال خارج طب الأطفال. يجب أن يدعم التخصص صراحة ممارسة الأطفال ونطاقات العمر ومعالجة الموافقة.,,Pending,,
"Paediatric context: guardian as source, weight-based safety, age-specific ranges and consent rules apply.","Paediatric context: guardian as source, weight-based safety, age-specific ranges and consent rules apply.",سياق الأطفال: الوصي مصدر المعلومات والسلامة حسب الوزن ونطاقات العمر وقواعد الموافقة.,,Pending,,
Paediatric examination,Paediatric examination,فحص الأطفال,,Pending,,
field.consultation.specialty.option.Paediatrics,Paediatrics,طب الأطفال,,Pending,,
Paediatrics with a non-paediatric patient context. Valid for adolescent and transition clinics; confirm the age ranges and permissions are right for this service.,Paediatrics with a non-paediatric patient context. Valid for adolescent and transition clinics; confirm the age ranges and permissions are right for this service.,طب الأطفال مع سياق غير طفولي. صالح لعيادات المراهقين والانتقال؛ تحقق من العمر والصلاحيات المناسبة للخدمة.,,Pending,,
Page,Page,الصفحة,,Pending,,
menu.library.page-catalog.label,Page Catalog,كتالوج الصفحات,,Pending,,
Page patterns,Page patterns,أنماط الصفحات,,Pending,,
ui.page.preferences.752e9e98,Page preferences,تفضيلات الصفحة,,Pending,,
ui.page.unavailable.for.your.role.3594883a,Page unavailable for your role,الصفحة غير متاحة لدورك,,Pending,,
column.billing-entry.paid.label,Paid,مدفوع,,Pending,,
Pain scale,Pain scale,مقياس الألم,,Pending,,
Pain score,Pain score,درجة الألم,,Pending,,
Painful arc,Painful arc,قوس الحركة المؤلم,,Pending,,
Palpation,Palpation,الجس,,Pending,,
Palpitations,Palpitations,خفقان القلب,,Pending,,
ui.panel.data.is.unavailable.use.refresh.panels.to.retry.452f583a,Panel data is unavailable. Use Refresh panels to retry.,بيانات اللوحة غير متاحة. استخدم تحديث اللوحات للمحاولة.,,Pending,,
"Parentheses — (1,200)","Parentheses — (1,200)","أقواس — (1,200)",,Pending,,
Parties,Parties,الأطراف,,Pending,,
menu.supply.supply-partners.label,Partners,الشركاء,,Pending,,
"Party identity, commercial profile, addresses, taxation and credit controls.","Party identity, commercial profile, addresses, taxation and credit controls.",هوية الطرف والملف التجاري والعناوين والضرائب وضوابط الائتمان.,,Pending,,
Passive range,Passive range,مدى الحركة السلبية,,Pending,,
ui.password.e7cf3ef4,Password,كلمة المرور,,Pending,,
ui.paste.the.provider.key.84482375,Paste the provider key,الصق مفتاح المزوّد,,Pending,,
column.patient-master.name.label,Patient,المريض,,Pending,,
section.healthcare.hc-patient.label,Patient Administration,إدارة المرضى,,Pending,,
field.consultation.patient.label,Patient MRN,رقم السجل الطبي للمريض,,Pending,,
menu.healthcare.patient-master.label,Patient Master,سجل المرضى,,Pending,,
"Patient administration, clinical workflow and revenue cycle","Patient administration, clinical workflow and revenue cycle",إدارة المرضى وسير العمل السريري ودورة الإيرادات,,Pending,,
Patient context,Patient context,سياق المريض,,Pending,,
ui.pause.858e4ba7,Pause,إيقاف مؤقت,,Pending,,
ui.pause.after.current.batch.96705400,Pause after current batch,إيقاف بعد الدفعة الحالية,,Pending,,
menu.payroll.pay-group.label,Pay Group,مجموعة الرواتب,,Pending,,
menu.payroll.pay-structure.label,Pay Structure,هيكل الرواتب,,Pending,,
Payables,Payables,الذمم الدائنة,,Pending,,
column.patient-master.payer.label,Payer,الجهة الدافعة,,Pending,,
menu.healthcare.hc-payer.label,Payer & Claims,جهات الدفع والمطالبات,,Pending,,
menu.healthcare.payer-master.label,Payer Master,سجل جهات الدفع,,Pending,,
ui.payer.allocation.policy.references.jurisdiction.and.tax.238b30a7,"Payer allocation, policy references, jurisdiction and tax treatment.",توزيع الجهات الدافعة ومراجع الوثائق والاختصاص والمعاملة الضريبية.,,Pending,,
ui.payer.arrangement.14ce2e41,Payer arrangement,ترتيب الجهة الدافعة,,Pending,,
Payment,Payment,دفعة,,Pending,,
Payment batches,Payment batches,دفعات الدفع,,Pending,,
ui.payment.instructions.403c5a8d,Payment instructions,تعليمات الدفع,,Pending,,
Payment queue,Payment queue,قائمة المدفوعات,,Pending,,
ui.payment.terms.c81327df,Payment terms,شروط الدفع,,Pending,,
Payment terms: Net,Payment terms: Net,شروط الدفع: خلال,,Pending,,
ui.payment.terms.net.d96f2d95,Payment terms: Net ,شروط الدفع: خلال ,,Pending,,
Payments,Payments,المدفوعات,,Pending,,
ui.payments.allocations.659ba939,Payments & allocations,المدفوعات والتخصيصات,,Pending,,
Payments applied,Payments applied,المدفوعات المطبقة,,Pending,,
module.payroll.label,Payroll,الرواتب,,Pending,,
menu.payroll.payroll-adjustment.label,Payroll Adjustment,تعديل الرواتب,,Pending,,
Payroll Aug 2026 ready for approval,Payroll Aug 2026 ready for approval,رواتب أغسطس 2026 جاهزة للموافقة,,Pending,,
menu.payroll.pay-calendar.label,Payroll Calendar,تقويم الرواتب,,Pending,,
page.payroll-dashboard.title,Payroll Command Center,مركز إدارة الرواتب,,Pending,,
menu.payroll.payroll-dashboard.label,Payroll Dashboard,لوحة الرواتب,,Pending,,
menu.payroll.pay-outputs.label,Payroll Outputs,مخرجات الرواتب,,Pending,,
menu.payroll.pay-queues.label,Payroll Queues,قوائم انتظار الرواتب,,Pending,,
menu.payroll.pay-register.label,Payroll Register,سجل الرواتب,,Pending,,
menu.payroll.payroll-run.label,Payroll Run,تشغيل الرواتب,,Pending,,
menu.payroll.pay-settings.label,Payroll Setup,إعداد الرواتب,,Pending,,
menu.payroll.payroll-worklist.label,Payroll Worklist,قائمة عمل الرواتب,,Pending,,
Payroll exception,Payroll exception,استثناء الرواتب,,Pending,,
Payroll exceptions,Payroll exceptions,استثناءات الرواتب,,Pending,,
Payroll headcount locked,Payroll headcount locked,تم تثبيت عدد موظفي الرواتب,,Pending,,
Payroll run,Payroll run,تشغيل الرواتب,,Pending,,
Payroll validation passed,Payroll validation passed,اجتاز التحقق من الرواتب,,Pending,,
menu.payroll.payslip-report.label,Payslip Distribution,توزيع قسائم الرواتب,,Pending,,
Payslip release,Payslip release,إصدار كشوف الرواتب,,Pending,,
Pelvic pain,Pelvic pain,ألم الحوض,,Pending,,
"Pelvic pain, bleeding or pregnancy-related symptom","Pelvic pain, bleeding or pregnancy-related symptom",ألم الحوض أو نزيف أو أعراض الحمل,,Pending,,
Pending,Pending,قيد الانتظار,,Pending,,
Pending pre-auth,Pending pre-auth,موافقات مسبقة معلقة,,Pending,,
menu.hr.people.label,People,الأفراد,,Pending,,
People cost / month,People cost / month,تكلفة الأفراد / شهر,,Pending,,
page.hr-dashboard.subtitle,"People, organization, attendance, leave and talent operations",الأفراد والتنظيم والحضور والإجازات وإدارة المواهب,,Pending,,
Per the applicable obstetric or postpartum protocol.,Per the applicable obstetric or postpartum protocol.,وفق بروتوكول الحمل أو ما بعد الولادة المعمول به.,,Pending,,
Per the facility's configured protocol.,Per the facility's configured protocol.,وفق بروتوكول المنشأة المحدد.,,Pending,,
Perception,Perception,الإدراك,,Pending,,
Perceptual symptoms,Perceptual symptoms,أعراض إدراكية,,Pending,,
column.employee-master.performance.label,Performance,الأداء,,Pending,,
ui.performance.by.branch.f55fd4c6,Performance by branch,الأداء حسب الفرع,,Pending,,
Perfusion,Perfusion,التروية,,Pending,,
Perinatal mental health,Perinatal mental health,الصحة النفسية حول الولادة,,Pending,,
Period 2026-P08 is locked.,Period 2026-P08 is locked.,الفترة 2026-P08 مقفلة.,,Pending,,
Peripheral oedema,Peripheral oedema,وذمة طرفية,,Pending,,
Peripheral pulses,Peripheral pulses,النبضات الطرفية,,Pending,,
ui.personal.saved.views.cbcb5582,Personal saved views,طرق العرض الشخصية المحفوظة,,Pending,,
menu.library.personalization.label,Personalization,التخصيص,,Pending,,
module.pharmacy.label,Pharmacy,الصيدلية,,Pending,,
menu.pharmacy.pharmacy-dashboard.label,Pharmacy Dashboard,لوحة الصيدلية,,Pending,,
menu.pharmacy.rx-config.label,Pharmacy Setup,إعداد الصيدلية,,Pending,,
ui.phone.63dceb88,Phone,الهاتف,,Pending,,
Pick a report,Pick a report,اختر تقريراً,,Pending,,
Pick your columns,Pick your columns,اختر أعمدتك,,Pending,,
Pin or unpin the sidebar,Pin or unpin the sidebar,تثبيت الشريط الجانبي أو إلغاء تثبيته,,Pending,,
ui.pinned.open.51d7cfc4,Pinned open,مثبّت مفتوحاً,,Pending,,
ui.pinned.it.pushes.the.page.instead.of.floating.over.it.a7141e77,"Pinned, it pushes the page instead of floating over it",عند التثبيت يدفع الصفحة بدلاً من تغطيتها,,Pending,,
Pipeline,Pipeline,الفرص قيد التنفيذ,,Pending,,
menu.sales.pipeline-report.label,Pipeline Report,تقرير الفرص البيعية,,Pending,,
field.customer.creditHold.label,Place on credit hold,تعليق الائتمان,,Pending,,
ui.placement.how.it.opens.and.the.palette.the.rail.uses.3bd772d3,"Placement, how it opens, and the palette the rail uses.",الموضع وطريقة الفتح وألوان الشريط الجانبي.,,Pending,,
Plan,Plan,الخطة,,Pending,,
Plan attainment,Plan attainment,تحقيق الخطة,,Pending,,
"Plan, education and follow-up","Plan, education and follow-up",الخطة والتثقيف والمتابعة,,Pending,,
ui.play.tour.6d258106,Play tour,بدء الجولة,,Pending,,
Policy,Policy,السياسة,,Pending,,
ui.policy.coverage.number.f5d4fd79,Policy / coverage number,رقم الوثيقة / التغطية,,Pending,,
menu.hr.hr-policy.label,Policy Designer,مصمم السياسات,,Pending,,
api.message.327e8a4b8b4b,Policy writes require an administrator.,يتطلب تعديل السياسة مسؤولًا.,,Pending,,
ui.policy.aware.db50d120,Policy-aware,يراعي السياسات,,Pending,,
ui.policy.controlled.option.c39ca589,Policy-controlled option,خيار تحكمه السياسة,,Pending,,
field.customer.preferredChannels.option.portal,Portal,البوابة,,Pending,,
ui.position.6d031af1,Position,الموضع,,Pending,,
menu.hr.position-master.label,Position Master,سجل المناصب,,Pending,,
ui.post.comment.153dc13a,Post comment,نشر التعليق,,Pending,,
ui.post.invoice.fc1694d2,Post invoice,ترحيل الفاتورة,,Pending,,
Post-discharge Review,Post-discharge Review,مراجعة بعد الخروج,,Pending,,
Postal code,Postal code,الرمز البريدي,,Pending,,
menu.finance.posting-rules.label,Posting Rules,قواعد الترحيل,,Pending,,
Posting failed,Posting failed,فشل الترحيل,,Pending,,
Posting period,Posting period,فترة الترحيل,,Pending,,
Prakash Mathew changed 3 line items,Prakash Mathew changed 3 line items,غيّر Prakash Mathew ثلاثة بنود,,Pending,,
ui.pre.approval.or.authorization.d360af02,Pre-approval or authorization,موافقة مسبقة أو تفويض,,Pending,,
menu.healthcare.preauthorization.label,Pre-authorisation,الموافقة المسبقة,,Pending,,
Pre-authorisation denied,Pre-authorisation denied,رُفضت الموافقة المسبقة,,Pending,,
Preferences,Preferences,التفضيلات,,Pending,,
Preferences imported,Preferences imported,تم استيراد التفضيلات,,Pending,,
Preferred channels,Preferred channels,القنوات المفضلة,,Pending,,
Pregnancy / Postpartum,Pregnancy / Postpartum,الحمل / ما بعد الولادة,,Pending,,
"Pregnancy context: gestational status, maternal and fetal warning signs, and medication and imaging safety are surfaced.","Pregnancy context: gestational status, maternal and fetal warning signs, and medication and imaging safety are surfaced.",سياق الحمل: تُعرض حالة الحمل وعلامات التحذير للأم والجنين وسلامة الدواء والتصوير.,,Pending,,
Pregnancy status,Pregnancy status,حالة الحمل,,Pending,,
"Pregnancy with Orthopaedics: medication and imaging safety considerations apply. This is a prompt, not a reason to withhold clinically indicated care.","Pregnancy with Orthopaedics: medication and imaging safety considerations apply. This is a prompt, not a reason to withhold clinically indicated care.",الحمل مع العظام: تنطبق سلامة الدواء والتصوير. هذا تذكير وليس سبباً لحجب الرعاية اللازمة سريرياً.,,Pending,,
Pregnancy with Psychiatry: perinatal mental-health pathways and medication-safety considerations apply.,Pregnancy with Psychiatry: perinatal mental-health pathways and medication-safety considerations apply.,الحمل مع الطب النفسي: تنطبق مسارات الصحة النفسية حول الولادة واعتبارات سلامة الأدوية.,,Pending,,
Preoccupations,Preoccupations,الانشغالات,,Pending,,
column.prescription-queue.prescribedOn.label,Prescribed,موصوف,,Pending,,
column.prescription-queue.prescriber.label,Prescriber,واصف الدواء,,Pending,,
column.prescription-queue.id.label,Prescription,الوصفة الطبية,,Pending,,
menu.pharmacy.prescription-queue.label,Prescription Queue,قائمة انتظار الوصفات,,Pending,,
menu.pharmacy.rx-queue.label,Prescriptions,الوصفات الطبية,,Pending,,
page.prescription-queue.subtitle,"Prescriptions awaiting dispense, by ward and priority.",وصفات تنتظر الصرف حسب الجناح والأولوية.,,Pending,,
page.medication-review.subtitle,Prescriptions flagged for pharmacist review.,وصفات معلّمة لمراجعة الصيدلي.,,Pending,,
Prescriptions today,Prescriptions today,وصفات اليوم,,Pending,,
section.consultation.presentation.title,Presentation,الأعراض الأولية,,Pending,,
Presentation-specific assessment.,Presentation-specific assessment.,تقييم خاص بالأعراض.,,Pending,,
field.consultation.chiefComplaint.label,Presenting complaint,الشكوى الحالية,,Pending,,
Presenting complaint and history,Presenting complaint and history,الشكوى الحالية والتاريخ,,Pending,,
Preventive Review,Preventive Review,مراجعة وقائية,,Pending,,
ui.preview.324b134f,Preview,معاينة,,Pending,,
Preview {item},Preview {item},معاينة {item},,Pending,,
ui.preview.75954c5f,Preview:,المعاينة:,,Pending,,
ui.previous.a57b08a4,Previous,السابق,,Pending,,
ui.previous.approvals.601c366a,Previous approvals,الاعتمادات السابقة,,Pending,,
Previous month,Previous month,الشهر السابق,,Pending,,
Previous outcome,Previous outcome,النتيجة السابقة,,Pending,,
ui.previous.page.1208ec01,Previous page,الصفحة السابقة,,Pending,,
Previous period,Previous period,الفترة السابقة,,Pending,,
ui.previous.step.318c1da8,Previous step,الخطوة السابقة,,Pending,,
Previous year,Previous year,السنة السابقة,,Pending,,
column.product-master.price.label,Price,السعر,,Pending,,
menu.sales.price-list.label,Price List,قائمة الأسعار,,Pending,,
field.hr-dashboard.category.option.Primary,Primary,أساسي,,Pending,,
ui.primary.action.da2eb576,Primary action,الإجراء الأساسي,,Pending,,
section.customer.profile.description,Primary commercial identity and classification.,الهوية التجارية الأساسية والتصنيف.,,Pending,,
ui.primary.contact.1700917b,Primary contact,جهة الاتصال الرئيسية,,Pending,,
column.patient-master.primaryDiagnosis.label,Primary diagnosis,التشخيص الأساسي,,Pending,,
ui.primary.navigation.e1bfe7ec,Primary navigation,التنقل الرئيسي,,Pending,,
ui.primary.problem.4b955b0b,Primary problem,المشكلة الأساسية,,Pending,,
column.user-master.role.label,Primary role,الدور الأساسي,,Pending,,
ui.print.df0fe798,Print,طباعة,,Pending,,
ui.print.invoice.c1f0d9fa,Print invoice,طباعة الفاتورة,,Pending,,
ui.print.this.list.f32928e0,Print this list,طباعة هذه القائمة,,Pending,,
ui.print.ready.customer.document.5cf532ca,Print-ready customer document,مستند عميل جاهز للطباعة,,Pending,,
ui.printed.by.c16730e3,Printed by,طُبع بواسطة,,Pending,,
Prior care and records,Prior care and records,الرعاية والسجلات السابقة,,Pending,,
Prior diagnosis,Prior diagnosis,التشخيص السابق,,Pending,,
Prior injury or surgery,Prior injury or surgery,إصابة أو جراحة سابقة,,Pending,,
Prior recommendation,Prior recommendation,التوصية السابقة,,Pending,,
"Prior records and opinion, the unresolved question, independent view.","Prior records and opinion, the unresolved question, independent view.",السجلات والرأي السابق والسؤال غير المحلول والرأي المستقل.,,Pending,,
ui.prioritized.by.impact.and.sla.8dc12e8f,Prioritized by impact and SLA,مرتّبة حسب الأثر واتفاقية مستوى الخدمة,,Pending,,
field.hr-dashboard.tags.option.priority,Priority,الأولوية,,Pending,,
ui.priority.order.for.transcription.the.first.that.can.run.1e0d628e,Priority order for transcription; the first that can run is used.,ترتيب أولوية التفريغ؛ يُستخدم أول مزوّد متاح.,,Pending,,
field.user.riskLevel.option.privileged,Privileged,ذو امتيازات,,Pending,,
Problem definition,Problem definition,تعريف المشكلة,,Pending,,
Problems addressed,Problems addressed,المشكلات المعالجة,,Pending,,
Procedure / Pre-op,Procedure / Pre-op,إجراء / ما قبل الجراحة,,Pending,,
menu.payroll.pay-processing.label,Processing,المعالجة,,Pending,,
ui.processing.region.cb8e4a86,Processing region,منطقة المعالجة,,Pending,,
menu.supply.procurement.label,Procurement,المشتريات,,Pending,,
menu.supply.procurement-worklist.label,Procurement Worklist,قائمة عمل المشتريات,,Pending,,
page.supply-dashboard.subtitle,"Procurement, inventory, warehouses, logistics and supplier collaboration",المشتريات والمخزون والمستودعات والخدمات اللوجستية والتعاون مع الموردين,,Pending,,
menu.sales.product-master.label,Product Master,سجل المنتجات,,Pending,,
ui.product.documentation.2e646170,Product documentation,توثيق المنتج,,Pending,,
api.message.c6e7afb093a6,Product is unavailable.,المنتج غير متاح.,,Pending,,
ui.products.services.quantities.rates.discounts.and.line.le.b26c843c,"Products, services, quantities, rates, discounts and line-level tax.",المنتجات والخدمات والكميات والأسعار والخصومات وضريبة البنود.,,Pending,,
Professional,Professional,احترافي,,Pending,,
Profile,Profile,الملف الشخصي,,Pending,,
menu.finance.profit-loss.label,Profit & Loss,الأرباح والخسائر,,Pending,,
Prompt id,Prompt id,معرّف التعليمات,,Pending,,
ui.prompts.5f2e66e6,Prompts,التعليمات,,Pending,,
Proposes codes from this service's catalogue for the documented problem. It selects from a supplied list and cannot invent a code; nothing is applied until you accept it.,Proposes codes from this service's catalogue for the documented problem. It selects from a supplied list and cannot invent a code; nothing is applied until you accept it.,يقترح رموزاً من دليل الخدمة للمشكلة الموثقة. يختار من قائمة محددة ولا يخترع رمزاً؛ لا يُطبق شيء حتى تقبله.,,Pending,,
"Proposes orders from this service's orderable catalogue for the documented problem. Selection only, never invention, and nothing is placed until you accept it.","Proposes orders from this service's orderable catalogue for the documented problem. Selection only, never invention, and nothing is placed until you accept it.",يقترح طلبات من دليل الخدمة للمشكلة الموثقة. اختيار فقط دون اختراع ولا يُنفّذ شيء حتى تقبله.,,Pending,,
Prototype audit,Prototype audit,تدقيق النموذج الأولي,,Pending,,
api.message.e4bbf47958bf,Provide 1–500 mapped rows with cells up to 4000 characters.,قدّم من صف واحد إلى 500 صف مربوط بالحقول، بحيث لا تتجاوز الخلية 4000 حرف.,,Pending,,
"Provide item codes, descriptions, positive quantities and valid prices, discounts and tax rates.","Provide item codes, descriptions, positive quantities and valid prices, discounts and tax rates.",أدخل رموز الأصناف والأوصاف وكميات موجبة وأسعاراً وخصومات ومعدلات ضريبية صحيحة.,,Pending,,
ui.provider.and.model.b9fdc888,Provider and model,المزوّد والنموذج,,Pending,,
ui.provider.credential.a97d8364,Provider credential,بيانات اعتماد المزوّد,,Pending,,
ui.provider.id.c03102a8,Provider id,معرّف المزوّد,,Pending,,
ui.provider.label.96cd4b4a,Provider label,تسمية المزوّد,,Pending,,
ui.provider.trains.on.content.0e91e306,Provider trains on content,المزوّد يدرّب على المحتوى,,Pending,,
page.ai-administration.subtitle,"Provider, credential, limits and prompts for this tenant's assistant.",المزوّد وبيانات الاعتماد والحدود والتعليمات لمساعد هذا المستأجر.,,Pending,,
Psychiatry,Psychiatry,الطب النفسي,,Pending,,
Psychomotor activity,Psychomotor activity,النشاط النفسي الحركي,,Pending,,
Psychotropic response and side-effect review,Psychotropic response and side-effect review,مراجعة استجابة الأدوية النفسية وآثارها الجانبية,,Pending,,
field.consultation.pulse.label,Pulse (bpm),النبض (نبضة/دقيقة),,Pending,,
menu.supply.purchase-order.label,Purchase Order,أمر شراء,,Pending,,
menu.supply.purchase-requisition.label,Purchase Requisition,طلب شراء,,Pending,,
ui.purchase.order.reference.ca2589cc,Purchase order reference,مرجع طلب الشراء,,Pending,,
menu.pharmacy.rx-buy.label,Purchasing,الشراء,,Pending,,
field.hr-dashboard.description.placeholder,"Purpose, business rules and notes",الغرض وقواعد العمل والملاحظات,,Pending,,
field.customer.country.option.QA,Qatar,قطر,,Pending,,
Qty,Qty,الكمية,,Pending,,
column.supplier-fin-master.quality.label,Quality,الجودة,,Pending,,
Quantity,Quantity,الكمية,,Pending,,
Quarter to date,Quarter to date,الربع حتى اليوم,,Pending,,
Quarter-end close opens Monday,Quarter-end close opens Monday,يبدأ إغلاق الربع يوم الاثنين,,Pending,,
Quarterly,Quarterly,ربع سنوي,,Pending,,
Question requiring an opinion,Question requiring an opinion,سؤال يحتاج رأياً,,Pending,,
ui.quick.actions.1810407f,Quick actions,إجراءات سريعة,,Pending,,
ui.quick.view.style.c03cba44,Quick view style,نمط العرض السريع,,Pending,,
menu.sales.quotation.label,Quotation,عرض سعر,,Pending,,
Quotes awaiting approval,Quotes awaiting approval,عروض أسعار تنتظر الموافقة,,Pending,,
module.pharmacy.shortLabel,RX,الصيدلية,,Pending,,
Radiation,Radiation,انتشار الألم,,Pending,,
Rail,Rail,الشريط الجانبي,,Pending,,
ui.rail.theme.a27ee6fb,Rail theme,سمة الشريط الجانبي,,Pending,,
ui.rail.tone.ef511345,Rail tone,درجة لون الشريط الجانبي,,Pending,,
ui.rail.tabs.and.wizard.render.the.same.section.and.field.d.8726fb58,"Rail, tabs and wizard render the same section and field definitions.",الشريط والتبويبات والمعالج تعرض تعريفات الأقسام والحقول نفسها.,,Pending,,
Rate,Rate,المعدل,,Pending,,
api.message.5bc34a9bf060,Rate limit reached.,تم بلوغ حد الطلبات.,,Pending,,
Raw materials,Raw materials,المواد الخام,,Pending,,
ui.read.only.for.this.session.0fce39ec,Read only for this session.,للقراءة فقط في هذه الجلسة.,,Pending,,
Readiness,Readiness,الاستعداد,,Pending,,
"Reads the headline figures on this dashboard — their values, movement and footnotes — and explains what they say together.","Reads the headline figures on this dashboard — their values, movement and footnotes — and explains what they say together.",يقرأ أرقام اللوحة وقيمها وتغيراتها وملاحظاتها ويشرح معناها معاً.,,Pending,,
Reads the rows currently in the report — actual against previous and budget — and summarises where the movement is.,Reads the rows currently in the report — actual against previous and budget — and summarises where the movement is.,يقرأ صفوف التقرير الحالية ويقارن الفعلي بالسابق والميزانية ويلخص التغيرات.,,Pending,,
"Reads the unread items in this list — their subject, preview and age — and tells you what is waiting and what looks urgent.","Reads the unread items in this list — their subject, preview and age — and tells you what is waiting and what looks urgent.",يقرأ العناصر غير المقروءة وعناوينها ومعايناتها وعمرها ويحدد المنتظر والعاجل.,,Pending,,
ui.ready.5fa7aac5,Ready,جاهز,,Pending,,
Ready for attestation,Ready for attestation,جاهز للتصديق,,Pending,,
field.user.notes.placeholder,"Reason, restrictions, dependencies or handover notes",السبب أو القيود أو التبعيات أو ملاحظات التسليم,,Pending,,
ui.recalculate.costs.2075b9f0,Recalculate costs,إعادة حساب التكاليف,,Pending,,
Receipt,Receipt,الإيصال,,Pending,,
Receipt Entry,Receipt Entry,إدخال إيصال,,Pending,,
ui.receipts.deposits.credit.applications.and.outstanding.ba.7b311f16,"Receipts, deposits, credit applications and outstanding balance.",المقبوضات والودائع وتطبيقات الائتمان والرصيد المستحق.,,Pending,,
Receivables,Receivables,الذمم المدينة,,Pending,,
menu.finance.receivables-worklist.label,Receivables Worklist,قائمة عمل الذمم المدينة,,Pending,,
menu.supply.receiving-worklist.label,Receiving Worklist,قائمة عمل الاستلام,,Pending,,
Receiving exceptions,Receiving exceptions,استثناءات الاستلام,,Pending,,
ui.recent.panel.changes.newest.first.43be1f92,"Recent panel changes, newest first.",أحدث تغييرات اللوحة أولاً.,,Pending,,
Recent weight change,Recent weight change,تغير الوزن مؤخراً,,Pending,,
ui.recipients.1e8568a8,Recipients,المستلمون,,Pending,,
Reconciled to date,Reconciled to date,تمت المطابقة حتى اليوم,,Pending,,
menu.pharmacy.controlled-reconciliation.label,Reconciliation,التسوية,,Pending,,
ui.reconfigure.7458d4f3,Reconfigure,إعادة التهيئة,,Pending,,
column.hr-dashboard.id.label,Record ID,معرّف السجل,,Pending,,
ui.record.again.eb8d93c6,Record again,التسجيل مجدداً,,Pending,,
Record approval,Record approval,اعتماد السجل,,Pending,,
ui.record.code.23b720ff,Record code,رمز السجل,,Pending,,
ui.record.form.style.3f7e4a31,Record form style,نمط نموذج السجل,,Pending,,
ui.record.forms.labels.inputs.and.section.text.02bb0bea,"Record forms: labels, inputs and section text.",نماذج السجلات: التسميات والمدخلات ونص الأقسام.,,Pending,,
api.message.6ffa5ad70d74,Record no longer exists.,السجل لم يعد موجودًا.,,Pending,,
field.user.owner.label,Record owner,مالك السجل,,Pending,,
api.message.a0ed214592c6,Record panels could not be saved. Retry the operation.,تعذّر حفظ لوحات السجل. أعد المحاولة.,,Pending,,
ui.record.payment.1ef3fba4,Record payment,تسجيل دفعة,,Pending,,
ui.record.sections.6be029e5,Record sections,أقسام السجل,,Pending,,
ui.record.summary.8507711f,Record summary,ملخص السجل,,Pending,,
ui.record.supporting.information.a40993f1,Record supporting information,معلومات السجل الداعمة,,Pending,,
Recording,Recording,جارٍ التسجيل,,Pending,,
Records reviewed,Records reviewed,السجلات المراجعة,,Pending,,
Recovery draft could not be removed,Recovery draft could not be removed,تعذر حذف مسودة الاسترداد,,Pending,,
ui.recovery.draft.saved.record.has.unsaved.changes.a3d2d0f5,Recovery draft saved · record has unsaved changes,حُفظت مسودة الاسترداد · للسجل تغييرات غير محفوظة,,Pending,,
Reduced motion,Reduced motion,تقليل الحركة,,Pending,,
Reference,Reference,المرجع,,Pending,,
Reference:,Reference:,المرجع:,,Pending,,
ui.reference.66d13194,Reference: ,المرجع: ,,Pending,,
ui.references.69824d3b,References,المراجع,,Pending,,
field.consultation.outcome.option.Referred%20for%20imaging,Referred for imaging,إحالة للتصوير,,Pending,,
field.consultation.outcome.option.Referred%20to%20specialist,Referred to specialist,إحالة إلى اختصاصي,,Pending,,
Refine with filters,Refine with filters,تحسين النتائج بالفلاتر,,Pending,,
ui.refresh.0e916101,Refresh,تحديث,,Pending,,
ui.refresh.approvals.fe2ff673,Refresh approvals,تحديث الاعتمادات,,Pending,,
ui.refresh.panels.171a4cfd,Refresh panels,تحديث اللوحات,,Pending,,
ui.refresh.results.04cc9c1a,Refresh results,تحديث النتائج,,Pending,,
ui.region.uae.north.ed499433,Region UAE North,منطقة شمال الإمارات,,Pending,,
field.customer.legalName.placeholder,Registered company or person,شركة أو شخص مسجل,,Pending,,
menu.healthcare.hc-registry.label,Registry,السجل,,Pending,,
ui.reject.ab604a36,Reject,رفض,,Pending,,
ui.reject.selected.7237aa41,Reject selected,رفض المحدد,,Pending,,
api.approval.rejected,Rejected,مرفوض,,Pending,,
ui.related.page.bc7a46d5,Related page,الصفحة المرتبطة,,Pending,,
ui.related.record.id.2def8f74,Related record ID,معرف السجل المرتبط,,Pending,,
Related records,Related records,السجلات المرتبطة,,Pending,,
ui.relationship.label.e30c78d5,Relationship label,وصف العلاقة,,Pending,,
field.consultation.pastHistory.label,Relevant past history,التاريخ السابق ذو الصلة,,Pending,,
ui.reload.bdc090ec,Reload,إعادة التحميل,,Pending,,
ui.reload.views.99af1a0f,Reload views,إعادة تحميل العروض,,Pending,,
ui.remember.filters.and.search.e050a77f,Remember filters and search,تذكّر عوامل التصفية والبحث,,Pending,,
ui.remove.c3812fc4,Remove,إزالة,,Pending,,
ui.remove.item.5a89edf2,Remove item,إزالة العنصر,,Pending,,
ui.remove.stage.1c2a084f,Remove stage,حذف المرحلة,,Pending,,
ui.remove.this.item.b8391ef4,Remove this item?,إزالة هذا العنصر؟,,Pending,,
Remove {item},Remove {item},إزالة {item},,Pending,,
api.message.d936ebd439a1,Removed an item from attachments,أزال عنصرًا من المرفقات,,Pending,,
api.message.4d1afdd96c0d,Removed an item from comments,أزال عنصرًا من التعليقات,,Pending,,
api.message.311d1fb6d240,Removed an item from related,أزال عنصرًا من السجلات المرتبطة,,Pending,,
ui.rename.3064d79a,Rename,إعادة تسمية,,Pending,,
Rename view,Rename view,إعادة تسمية العرض,,Pending,,
"Rendered from the central page registry using the shared shell, theme, access and preference contracts.","Rendered from the central page registry using the shared shell, theme, access and preference contracts.",يُعرض من سجل الصفحات المركزي باستخدام الواجهة والسمة والصلاحيات والتفضيلات المشتركة.,,Pending,,
Renewal actions,Renewal actions,إجراءات التجديد,,Pending,,
Renewal risk increased,Renewal risk increased,زادت مخاطر التجديد,,Pending,,
menu.supply.reorder-rules.label,Reorder Rules,قواعد إعادة الطلب,,Pending,,
menu.supply.reorder-worklist.label,Reorder Worklist,قائمة عمل إعادة الطلب,,Pending,,
column.product-master.reorder.label,Reorder level,مستوى إعادة الطلب,,Pending,,
Reorder proposal generated,Reorder proposal generated,إنشاء اقتراح إعادة طلب,,Pending,,
Reorder proposals,Reorder proposals,اقتراحات إعادة الطلب,,Pending,,
ui.replace.95e15439,Replace,استبدال,,Pending,,
Reply not sent,Reply not sent,لم يُرسل الرد,,Pending,,
Reply to,Reply to,الرد على,,Pending,,
ui.reply.to.ec06f3d2,Reply to ,الرد على ,,Pending,,
ui.report.intelligence.94f0b3e2,Report intelligence,تحليل التقرير,,Pending,,
Report refreshed,Report refreshed,تم تحديث التقرير,,Pending,,
Report scheduled,Report scheduled,تمت جدولة التقرير,,Pending,,
Report view,Report view,عرض التقرير,,Pending,,
Reported mood,Reported mood,المزاج المبلغ عنه,,Pending,,
Reports,Reports,التقارير,,Pending,,
Reproductive and antenatal preventive review,Reproductive and antenatal preventive review,مراجعة وقائية إنجابية وقبل الولادة,,Pending,,
field.user.ticket.label,Request / ticket reference,مرجع الطلب / التذكرة,,Pending,,
ui.request.changes.cb5d9f98,Request changes,طلب تعديلات,,Pending,,
ui.request.changes.for.selected.fcb2ba25,Request changes for selected,طلب تعديلات للمحدد,,Pending,,
api.error.unknown,Request failed: {detail},فشل الطلب: {detail},,Pending,,
ui.requests.per.minute.aa6d477f,Requests per minute,الطلبات في الدقيقة,,Pending,,
ui.requests.this.minute.4eeda76c,Requests this minute,طلبات هذه الدقيقة,,Pending,,
field.user.mfa.label,Require multi-factor authentication,طلب مصادقة متعددة العوامل,,Pending,,
Required,Required,مطلوب,,Pending,,
column.sales-dashboard.requestedDate.label,Required date,التاريخ المطلوب,,Pending,,
Required fields,Required fields,الحقول المطلوبة,,Pending,,
Requires the correct age and sex reference dataset.,Requires the correct age and sex reference dataset.,يتطلب بيانات مرجعية صحيحة للعمر والجنس.,,Pending,,
menu.pharmacy.pharmacy-requisition.label,Requisitions,طلبات الشراء,,Pending,,
Requisitions to approve,Requisitions to approve,طلبات تحتاج موافقة,,Pending,,
Reserved,Reserved,محجوز,,Pending,,
ui.reset.daee7606,Reset,إعادة تعيين,,Pending,,
Reset preferences,Reset preferences,إعادة تعيين التفضيلات,,Pending,,
ui.resize.the.split.206f7291,Resize the split,تغيير حجم التقسيم,,Pending,,
Respiratory,Respiratory,الجهاز التنفسي,,Pending,,
column.patient-master.clinician.label,Responsible clinician,الطبيب المسؤول,,Pending,,
ui.restore.defaults.602f8e63,Restore defaults,استعادة الإعدادات الافتراضية,,Pending,,
ui.restore.draft.a86e1a9f,Restore draft,استعادة المسودة,,Pending,,
ui.restoring.your.session.62e28512,Restoring your session…,جارٍ استعادة جلستك…,,Pending,,
field.hr-dashboard.tags.option.restricted,Restricted,مقيّد,,Pending,,
ui.resubmit.saved.record.5678154a,Resubmit saved record,إعادة إرسال السجل المحفوظ,,Pending,,
ui.result.table.size.12687643,Result / table size,حجم النتائج / الجدول,,Pending,,
ui.result.view.b2f96cd9,Result view,عرض النتائج,,Pending,,
ui.results.219c4a6c,Results,النتائج,,Pending,,
ui.resume.d640c742,Resume,استئناف,,Pending,,
ui.resume.import.f12822f9,Resume import,متابعة الاستيراد,,Pending,,
Retail,Retail,تجزئة,,Pending,,
ui.retention.and.data.sharing.b44d2e81,Retention and data sharing,الاحتفاظ ومشاركة البيانات,,Pending,,
ui.retention.class.846c053a,Retention class,فئة الاحتفاظ,,Pending,,
ui.retention.period.50d23b55,Retention period,مدة الاحتفاظ,,Pending,,
Retro calculation complete,Retro calculation complete,اكتمل الحساب بأثر رجعي,,Pending,,
ui.retry.942087cc,Retry,إعادة المحاولة,,Pending,,
ui.retry.approval.action.d14a0834,Retry approval action,إعادة محاولة إجراء الاعتماد,,Pending,,
ui.retry.change.b38331b5,Retry change,إعادة محاولة التغيير,,Pending,,
ui.retry.failed.rows.6160b90e,Retry failed rows,إعادة محاولة الصفوف الفاشلة,,Pending,,
ui.reusable.select.8715bdac,Reusable select,قائمة اختيار قابلة لإعادة الاستخدام,,Pending,,
ui.reusable.text.input.5e2c4d45,Reusable text input,حقل نص قابل لإعادة الاستخدام,,Pending,,
page.revenue-report.title,Revenue Analysis,تحليل الإيرادات,,Pending,,
section.healthcare.hc-revenue.label,Revenue Cycle,دورة الإيرادات,,Pending,,
Revenue MTD,Revenue MTD,إيرادات الشهر حتى اليوم,,Pending,,
menu.sales.revenue-report.label,Revenue Report,تقرير الإيرادات,,Pending,,
ui.reverse.charge.applies.7b445318,Reverse charge applies,تطبق آلية الاحتساب العكسي,,Pending,,
ui.review.aff0766a,Review,مراجعة,,Pending,,
ui.review.sign.5fdebe08,Review & sign,مراجعة وتوقيع,,Pending,,
Review and sign,Review and sign,مراجعة وتوقيع,,Pending,,
ui.review.before.sending.ea5feec7,Review before sending,المراجعة قبل الإرسال,,Pending,,
ui.review.complete.73e01b91,Review complete,اكتملت المراجعة,,Pending,,
ui.review.latest.version.c57df6b5,Review latest version,مراجعة أحدث إصدار,,Pending,,
ui.review.the.errors.below.confirmation.imports.only.valid.f560aca8,Review the errors below. Confirmation imports only valid rows; invalid rows remain excluded.,راجع الأخطاء أدناه. يتم استيراد الصفوف الصالحة فقط بعد التأكيد؛ وتُستبعد الصفوف غير الصالحة.,,Pending,,
ui.review.the.saved.record.before.deciding.approval.stages.4091af11,Review the saved record before deciding. Approval stages run in order; requesters cannot approve their own submissions.,راجع السجل المحفوظ قبل اتخاذ القرار. تسير مراحل الاعتماد بالترتيب؛ ولا يمكن لمقدمي الطلبات اعتماد طلباتهم.,,Pending,,
Right,Right,يمين,,Pending,,
ui.right.also.suits.right.to.left.languages.9850a688,Right also suits right-to-left languages,اليمين مناسب أيضاً للغات من اليمين لليسار,,Pending,,
Right side panel,Right side panel,لوحة جانبية يمنى,,Pending,,
column.customer-master.risk.label,Risk,المخاطر,,Pending,,
Risk assessment,Risk assessment,تقييم المخاطر,,Pending,,
Risk context,Risk context,سياق المخاطر,,Pending,,
"Risk factors, screening status, anticipatory guidance.","Risk factors, screening status, anticipatory guidance.",عوامل الخطر وحالة الفحص والإرشاد الاستباقي.,,Pending,,
Risk of complications or morbidity,Risk of complications or morbidity,مخاطر المضاعفات أو الاعتلال,,Pending,,
"Risk of patient MANAGEMENT decisions made at the encounter, including options considered and not selected.","Risk of patient MANAGEMENT decisions made at the encounter, including options considered and not selected.",مخاطر قرارات علاج المريض في الزيارة، بما فيها الخيارات المدروسة وغير المختارة.,,Pending,,
field.user.riskLevel.label,Risk profile,ملف المخاطر,,Pending,,
field.customer.riskRating.label,Risk rating,تقييم المخاطر,,Pending,,
menu.hr.role-master.label,Role & Permission,الأدوار والصلاحيات,,Pending,,
section.user.access.description,"Role, branch and module entitlements. Changes are audited.",صلاحيات الأدوار والفروع والوحدات. تخضع التغييرات للتدقيق.,,Pending,,
ui.role.filtered.data.6fa4bb50,Role-filtered data,بيانات مصفاة حسب الدور,,Pending,,
Rolling 90 days,Rolling 90 days,آخر 90 يوماً,,Pending,,
column.prescription-queue.route.label,Route,مسار الإعطاء,,Pending,,
field.consultation.acuity.option.Routine,Routine,روتيني,,Pending,,
ui.row.padding.in.tables.and.cards.0a0a1e81,Row padding in tables and cards.,المسافة الداخلية للصفوف في الجداول والبطاقات.,,Pending,,
"Row {row}, column {column}","Row {row}, column {column}",الصف {row}، العمود {column},,Pending,,
ui.rows.per.page.141b69f9,Rows per page,صفوف لكل صفحة,,Pending,,
Rows: {total} · Ready: {ready} · Imported: {success} · Invalid: {invalid} · Failed: {failed},Rows: {total} · Ready: {ready} · Imported: {success} · Invalid: {invalid} · Failed: {failed},الصفوف: {total} · جاهزة: {ready} · مستوردة: {success} · غير صالحة: {invalid} · فاشلة: {failed},,Pending,,
Run or schedule,Run or schedule,تشغيل أو جدولة,,Pending,,
ui.run.report.6b5c209e,Run report,تشغيل التقرير,,Pending,,
ui.run.the.report.asynchronously.and.deliver.it.by.email.bd54a2b2,Run the report asynchronously and deliver it by email.,تشغيل التقرير في الخلفية وإرساله بالبريد الإلكتروني.,,Pending,,
ui.sha.256.prefix.for.matching.against.a.vault.record.9a588fcb,"SHA-256 prefix, for matching against a vault record.",بادئة SHA-256 للمطابقة مع سجل الخزنة.,,Pending,,
Safety concerns,Safety concerns,مخاوف السلامة,,Pending,,
Safety prompts for {problem} come from governed decision-support content. Record only what was actually assessed.,Safety prompts for {problem} come from governed decision-support content. Record only what was actually assessed.,تعليمات السلامة لـ{problem} تأتي من محتوى دعم قرار معتمد. سجّل فقط ما تم تقييمه فعلاً.,,Pending,,
module.sales.shortLabel,Sales,المبيعات,,Pending,,
module.sales.label,Sales & CRM,المبيعات وإدارة علاقات العملاء,,Pending,,
menu.sales.sales-channel.label,Sales Channel,قناة المبيعات,,Pending,,
page.sales-dashboard.title,Sales Command Center,مركز إدارة المبيعات,,Pending,,
menu.sales.sales-cycle.label,Sales Cycle,دورة المبيعات,,Pending,,
menu.sales.sales-dashboard.label,Sales Dashboard,لوحة المبيعات,,Pending,,
menu.sales.sales-insights.label,Sales Insights,رؤى المبيعات,,Pending,,
menu.sales.sales-invoice.label,Sales Invoice,فاتورة مبيعات,,Pending,,
menu.sales.sales-order.label,Sales Order,أمر بيع,,Pending,,
page.pipeline-report.title,Sales Pipeline,مسار فرص المبيعات,,Pending,,
menu.sales.sales-queues.label,Sales Queues,قوائم انتظار المبيعات,,Pending,,
menu.sales.sales-return.label,Sales Return,مرتجع مبيعات,,Pending,,
menu.sales.sales-settings.label,Sales Setup,إعداد المبيعات,,Pending,,
field.customer.country.option.SA,Saudi Arabia,المملكة العربية السعودية,,Pending,,
Saudi VAT,Saudi VAT,ضريبة القيمة المضافة السعودية,,Pending,,
ui.save.1509f561,Save,حفظ,,Pending,,
ui.save.approval.stages.492223a7,Save approval stages,حفظ مراحل الاعتماد,,Pending,,
Save as PDF,Save as PDF,حفظ بصيغة PDF,,Pending,,
Save changes,Save changes,حفظ التغييرات,,Pending,,
ui.save.consultation.35cf6ad1,Save consultation,حفظ الاستشارة,,Pending,,
ui.save.current.view.add4362f,Save current view,حفظ العرض الحالي,,Pending,,
ui.save.draft.3de10010,Save draft,حفظ مسودة,,Pending,,
ui.save.invoice.b2c532bf,Save invoice,حفظ الفاتورة,,Pending,,
ui.save.limits.237e964b,Save limits,حفظ الحدود,,Pending,,
ui.save.name.b7297226,Save name,حفظ الاسم,,Pending,,
api.message.3577a1fc0bff,Save or select an existing record before using these panels.,احفظ سجلًا أو اختر سجلًا موجودًا قبل استخدام هذه اللوحات.,,Pending,,
api.message.c8a74c7ae2a7,Save or select an existing record first.,احفظ سجلًا أو اختر سجلًا موجودًا أولًا.,,Pending,,
ui.save.provider.4986554f,Save provider,حفظ المزوّد,,Pending,,
ui.save.record.0ad417a9,Save record,حفظ السجل,,Pending,,
ui.save.the.record.before.submitting.it.for.approval.9161f6f6,Save the record before submitting it for approval.,احفظ السجل قبل تقديمه للموافقة.,,Pending,,
ui.save.the.record.to.add.attachments.comments.and.related.a87df725,"Save the record to add attachments, comments and related records.",احفظ السجل لإضافة المرفقات والتعليقات والسجلات المرتبطة.,,Pending,,
Save these ordered stages for future submissions?,Save these ordered stages for future submissions?,حفظ هذه المراحل المرتبة للتقديمات المستقبلية؟,,Pending,,
ui.save.view.21153875,Save view,حفظ العرض,,Pending,,
ui.saved.b5c120b3,Saved,محفوظ,,Pending,,
menu.library.saved-views.label,Saved Views,طرق العرض المحفوظة,,Pending,,
ui.saved.record.changed.the.requester.must.resubmit.it.this.7afe52e7,Saved record changed — the requester must resubmit it. This approval applies to the earlier saved version.,تغيّر السجل المحفوظ؛ يجب إعادة تقديمه. تنطبق هذه الموافقة على الإصدار السابق.,,Pending,,
ui.saved.to.your.account.and.applied.everywhere.the.moment.810675e5,Saved to your account and applied everywhere the moment you change them.,تُحفظ في حسابك وتُطبق فور تغييرها في كل مكان.,,Pending,,
Saved view created,Saved view created,تم إنشاء العرض المحفوظ,,Pending,,
ui.saved.views.81184cb5,Saved views,طرق العرض المحفوظة,,Pending,,
Saved {date},Saved {date},تم الحفظ {date},,Pending,,
Saving,Saving,جارٍ الحفظ,,Pending,,
ui.saving.8d3085ef,Saving ,جارٍ الحفظ ,,Pending,,
ui.saving.change.c0ce71ff,Saving change…,جارٍ حفظ التغيير…,,Pending,,
ui.saving.23e39291,Saving…,جارٍ الحفظ…,,Pending,,
ui.scan.lookup.31816582,Scan / lookup,مسح / بحث,,Pending,,
ui.schedule.f4830a1d,Schedule,جدولة,,Pending,,
ui.schedule.name.60918e4f,Schedule name,اسم الجدولة,,Pending,,
ui.schedule.report.delivery.e7dd43ec,Schedule report delivery,جدولة تسليم التقرير,,Pending,,
Scheduled delivery is not connected. No report will be sent.,Scheduled delivery is not connected. No report will be sent.,التسليم المجدول غير متصل. لن يتم إرسال أي تقرير.,,Pending,,
Schema first,Schema first,المخطط أولاً,,Pending,,
ui.schema.driven.681609f3,Schema-driven,قائم على المخطط,,Pending,,
"Schema-driven rail, tabs and wizard presentation","Schema-driven rail, tabs and wizard presentation",عرض بالشريط والتبويبات والمعالج قائم على المخطط,,Pending,,
School and function,School and function,المدرسة والوظيفة,,Pending,,
Scope of this screen,Scope of this screen,نطاق هذه الشاشة,,Pending,,
ui.search.49c266ba,Search,بحث,,Pending,,
ui.search.every.configured.module.master.transaction.report.05e26683,"Search every configured module, master, transaction, report and utility.",ابحث في جميع الوحدات والبيانات الأساسية والمعاملات والتقارير والأدوات المهيأة.,,Pending,,
ui.search.matching.311a26c4,Search matching,مطابقة البحث,,Pending,,
ui.search.menu.30a52f50,Search menu,البحث في القائمة,,Pending,,
Search options,Search options,البحث في الخيارات,,Pending,,
"Search pages, modules and actions…","Search pages, modules and actions…",ابحث عن الصفحات والوحدات والإجراءات…,,Pending,,
Search preferences…,Search preferences…,ابحث في التفضيلات…,,Pending,,
"Search records, IDs, names…","Search records, IDs, names…",ابحث عن السجلات والمعرفات والأسماء…,,Pending,,
ui.search.settings.255b076d,Search settings,البحث في الإعدادات,,Pending,,
ui.search.settings.57054c5a,Search settings…,ابحث في الإعدادات…,,Pending,,
Search the menu,Search the menu,البحث في القائمة,,Pending,,
Search the {module} menu,Search the {module} menu,البحث في قائمة {module},,Pending,,
Search {label},Search {label},البحث في {label},,Pending,,
Search {label}…,Search {label}…,البحث في {label}…,,Pending,,
Search {module} menu…,Search {module} menu…,ابحث في قائمة {module}…,,Pending,,
"Search {page} by ID, name or any visible value…","Search {page} by ID, name or any visible value…",ابحث في {page} بالمعرف أو الاسم أو أي قيمة ظاهرة…,,Pending,,
page.accessibility.subtitle,"Search, review and manage accessibility records with saved views and configurable actions.",ابحث في سجلات إمكانية الوصول وراجعها وأدرها باستخدام طرق العرض المحفوظة والإجراءات القابلة للتهيئة.,,Pending,,
page.ar-aging-report.subtitle,"Search, review and manage accounts receivable aging records with saved views and configurable actions.",ابحث في سجلات أعمار الذمم المدينة وراجعها وأدرها باستخدام طرق العرض المحفوظة والإجراءات القابلة للتهيئة.,,Pending,,
page.admission-worklist.subtitle,"Search, review and manage admissions records with saved views and configurable actions.",ابحث في سجلات التنويم وراجعها وأدرها باستخدام طرق العرض المحفوظة والإجراءات القابلة للتهيئة.,,Pending,,
page.appointment-worklist.subtitle,"Search, review and manage appointments records with saved views and configurable actions.",ابحث في سجلات المواعيد وراجعها وأدرها باستخدام طرق العرض المحفوظة والإجراءات القابلة للتهيئة.,,Pending,,
page.fin-approvals.subtitle,"Search, review and manage approval matrix records with saved views and configurable actions.",ابحث في سجلات مصفوفة الاعتماد وراجعها وأدرها باستخدام طرق العرض المحفوظة والإجراءات القابلة للتهيئة.,,Pending,,
page.sales-approval.subtitle,"Search, review and manage approval rules records with saved views and configurable actions.",ابحث في سجلات قواعد الاعتماد وراجعها وأدرها باستخدام طرق العرض المحفوظة والإجراءات القابلة للتهيئة.,,Pending,,
page.hr-workflow.subtitle,"Search, review and manage approval workflow records with saved views and configurable actions.",ابحث في سجلات سير عمل الاعتماد وراجعها وأدرها باستخدام طرق العرض المحفوظة والإجراءات القابلة للتهيئة.,,Pending,,
page.approval-worklist.subtitle,"Search, review and manage approval worklist records with saved views and configurable actions.",ابحث في سجلات قائمة عمل الاعتماد وراجعها وأدرها باستخدام طرق العرض المحفوظة والإجراءات القابلة للتهيئة.,,Pending,,
page.attendance-adjustment.subtitle,"Search, review and manage attendance adjustment records with saved views and configurable actions.",ابحث في سجلات تعديل الحضور وراجعها وأدرها باستخدام طرق العرض المحفوظة والإجراءات القابلة للتهيئة.,,Pending,,
page.attendance-anomalies.subtitle,"Search, review and manage attendance anomalies records with saved views and configurable actions.",ابحث في سجلات استثناءات الحضور وراجعها وأدرها باستخدام طرق العرض المحفوظة والإجراءات القابلة للتهيئة.,,Pending,,
page.attendance-report.subtitle,"Search, review and manage attendance report records with saved views and configurable actions.",ابحث في سجلات تقرير الحضور وراجعها وأدرها باستخدام طرق العرض المحفوظة والإجراءات القابلة للتهيئة.,,Pending,,
page.balance-sheet-report.subtitle,"Search, review and manage balance sheet records with saved views and configurable actions.",ابحث في سجلات الميزانية العمومية وراجعها وأدرها باستخدام طرق العرض المحفوظة والإجراءات القابلة للتهيئة.,,Pending,,
page.bank-master.subtitle,"Search, review and manage bank & cash records with saved views and configurable actions.",ابحث في سجلات البنوك والنقدية وراجعها وأدرها باستخدام طرق العرض المحفوظة والإجراءات القابلة للتهيئة.,,Pending,,
page.bank-format.subtitle,"Search, review and manage bank file format records with saved views and configurable actions.",ابحث في سجلات تنسيق ملف البنك وراجعها وأدرها باستخدام طرق العرض المحفوظة والإجراءات القابلة للتهيئة.,,Pending,,
page.bank-reconciliation.subtitle,"Search, review and manage bank reconciliation records with saved views and configurable actions.",ابحث في سجلات التسوية البنكية وراجعها وأدرها باستخدام طرق العرض المحفوظة والإجراءات القابلة للتهيئة.,,Pending,,
page.batch-expiry.subtitle,"Search, review and manage batch & expiry records with saved views and configurable actions.",ابحث في سجلات الدفعات والصلاحية وراجعها وأدرها باستخدام طرق العرض المحفوظة والإجراءات القابلة للتهيئة.,,Pending,,
page.bed-management.subtitle,"Search, review and manage bed management records with saved views and configurable actions.",ابحث في سجلات إدارة الأسرة وراجعها وأدرها باستخدام طرق العرض المحفوظة والإجراءات القابلة للتهيئة.,,Pending,,
page.occupancy-report.subtitle,"Search, review and manage bed occupancy records with saved views and configurable actions.",ابحث في سجلات إشغال الأسرة وراجعها وأدرها باستخدام طرق العرض المحفوظة والإجراءات القابلة للتهيئة.,,Pending,,
page.benefit-plan.subtitle,"Search, review and manage benefit plan records with saved views and configurable actions.",ابحث في سجلات خطة المزايا وراجعها وأدرها باستخدام طرق العرض المحفوظة والإجراءات القابلة للتهيئة.,,Pending,,
page.billing-entry.subtitle,"Search, review and manage billing entry records with saved views and configurable actions.",ابحث في سجلات إدخال فاتورة وراجعها وأدرها باستخدام طرق العرض المحفوظة والإجراءات القابلة للتهيئة.,,Pending,,
page.billing-worklist.subtitle,"Search, review and manage billing worklist records with saved views and configurable actions.",ابحث في سجلات قائمة عمل الفوترة وراجعها وأدرها باستخدام طرق العرض المحفوظة والإجراءات القابلة للتهيئة.,,Pending,,
page.billing-patterns.subtitle,"Search, review and manage billing workspace records with saved views and configurable actions.",ابحث في سجلات مساحة عمل الفوترة وراجعها وأدرها باستخدام طرق العرض المحفوظة والإجراءات القابلة للتهيئة.,,Pending,,
page.bulk-operations.subtitle,"Search, review and manage bulk operations records with saved views and configurable actions.",ابحث في سجلات العمليات الجماعية وراجعها وأدرها باستخدام طرق العرض المحفوظة والإجراءات القابلة للتهيئة.,,Pending,,
page.carrier-master.subtitle,"Search, review and manage carrier master records with saved views and configurable actions.",ابحث في سجلات سجل شركات النقل وراجعها وأدرها باستخدام طرق العرض المحفوظة والإجراءات القابلة للتهيئة.,,Pending,,
page.chart-account.subtitle,"Search, review and manage chart of accounts records with saved views and configurable actions.",ابحث في سجلات دليل الحسابات وراجعها وأدرها باستخدام طرق العرض المحفوظة والإجراءات القابلة للتهيئة.,,Pending,,
page.claim-worklist.subtitle,"Search, review and manage claim worklist records with saved views and configurable actions.",ابحث في سجلات قائمة عمل المطالبات وراجعها وأدرها باستخدام طرق العرض المحفوظة والإجراءات القابلة للتهيئة.,,Pending,,
page.clinical-notes.subtitle,"Search, review and manage clinical notes records with saved views and configurable actions.",ابحث في سجلات الملاحظات السريرية وراجعها وأدرها باستخدام طرق العرض المحفوظة والإجراءات القابلة للتهيئة.,,Pending,,
page.clinician-master.subtitle,"Search, review and manage clinician master records with saved views and configurable actions.",ابحث في سجلات سجل الممارسين الصحيين وراجعها وأدرها باستخدام طرق العرض المحفوظة والإجراءات القابلة للتهيئة.,,Pending,,
page.compliance-report.subtitle,"Search, review and manage compliance register records with saved views and configurable actions.",ابحث في سجلات سجل الامتثال وراجعها وأدرها باستخدام طرق العرض المحفوظة والإجراءات القابلة للتهيئة.,,Pending,,
page.component-contracts.subtitle,"Search, review and manage component contracts records with saved views and configurable actions.",ابحث في سجلات عقود المكونات وراجعها وأدرها باستخدام طرق العرض المحفوظة والإجراءات القابلة للتهيئة.,,Pending,,
page.component-library.subtitle,"Search, review and manage component gallery records with saved views and configurable actions.",ابحث في سجلات معرض المكونات وراجعها وأدرها باستخدام طرق العرض المحفوظة والإجراءات القابلة للتهيئة.,,Pending,,
page.consumption-report.subtitle,"Search, review and manage consumption records with saved views and configurable actions.",ابحث في سجلات الاستهلاك وراجعها وأدرها باستخدام طرق العرض المحفوظة والإجراءات القابلة للتهيئة.,,Pending,,
page.contractor-master.subtitle,"Search, review and manage contractor master records with saved views and configurable actions.",ابحث في سجلات سجل المقاولين وراجعها وأدرها باستخدام طرق العرض المحفوظة والإجراءات القابلة للتهيئة.,,Pending,,
page.controlled-register.subtitle,"Search, review and manage controlled register records with saved views and configurable actions.",ابحث في سجلات سجل المواد الخاضعة للرقابة وراجعها وأدرها باستخدام طرق العرض المحفوظة والإجراءات القابلة للتهيئة.,,Pending,,
page.cost-center.subtitle,"Search, review and manage cost center records with saved views and configurable actions.",ابحث في سجلات مركز التكلفة وراجعها وأدرها باستخدام طرق العرض المحفوظة والإجراءات القابلة للتهيئة.,,Pending,,
page.credit-note.subtitle,"Search, review and manage credit note records with saved views and configurable actions.",ابحث في سجلات إشعار دائن وراجعها وأدرها باستخدام طرق العرض المحفوظة والإجراءات القابلة للتهيئة.,,Pending,,
page.credit-profile.subtitle,"Search, review and manage credit profile records with saved views and configurable actions.",ابحث في سجلات الملف الائتماني وراجعها وأدرها باستخدام طرق العرض المحفوظة والإجراءات القابلة للتهيئة.,,Pending,,
page.currency-config.subtitle,"Search, review and manage currencies & rates records with saved views and configurable actions.",ابحث في سجلات العملات وأسعار الصرف وراجعها وأدرها باستخدام طرق العرض المحفوظة والإجراءات القابلة للتهيئة.,,Pending,,
page.customer-master.subtitle,"Search, review and manage customer master records with saved views and configurable actions.",ابحث في سجلات سجل العملاء وراجعها وأدرها باستخدام طرق العرض المحفوظة والإجراءات القابلة للتهيئة.,,Pending,,
page.customer-worklist.subtitle,"Search, review and manage customer worklist records with saved views and configurable actions.",ابحث في سجلات قائمة عمل العملاء وراجعها وأدرها باستخدام طرق العرض المحفوظة والإجراءات القابلة للتهيئة.,,Pending,,
page.data-patterns.subtitle,"Search, review and manage data worklists records with saved views and configurable actions.",ابحث في سجلات قوائم عمل البيانات وراجعها وأدرها باستخدام طرق العرض المحفوظة والإجراءات القابلة للتهيئة.,,Pending,,
page.deduction-master.subtitle,"Search, review and manage deduction master records with saved views and configurable actions.",ابحث في سجلات سجل الاستقطاعات وراجعها وأدرها باستخدام طرق العرض المحفوظة والإجراءات القابلة للتهيئة.,,Pending,,
page.delegation-master.subtitle,"Search, review and manage delegation rules records with saved views and configurable actions.",ابحث في سجلات قواعد التفويض وراجعها وأدرها باستخدام طرق العرض المحفوظة والإجراءات القابلة للتهيئة.,,Pending,,
page.denial-rate-report.subtitle,"Search, review and manage denial rate records with saved views and configurable actions.",ابحث في سجلات معدل الرفض وراجعها وأدرها باستخدام طرق العرض المحفوظة والإجراءات القابلة للتهيئة.,,Pending,,
page.denial-worklist.subtitle,"Search, review and manage denials & appeals records with saved views and configurable actions.",ابحث في سجلات الرفض والتظلمات وراجعها وأدرها باستخدام طرق العرض المحفوظة والإجراءات القابلة للتهيئة.,,Pending,,
page.department-master.subtitle,"Search, review and manage department master records with saved views and configurable actions.",ابحث في سجلات سجل الأقسام وراجعها وأدرها باستخدام طرق العرض المحفوظة والإجراءات القابلة للتهيئة.,,Pending,,
page.discharge-worklist.subtitle,"Search, review and manage discharges records with saved views and configurable actions.",ابحث في سجلات خروج المرضى وراجعها وأدرها باستخدام طرق العرض المحفوظة والإجراءات القابلة للتهيئة.,,Pending,,
page.discount-rule.subtitle,"Search, review and manage discount rule records with saved views and configurable actions.",ابحث في سجلات قاعدة الخصم وراجعها وأدرها باستخدام طرق العرض المحفوظة والإجراءات القابلة للتهيئة.,,Pending,,
page.dispensing-rules.subtitle,"Search, review and manage dispensing rules records with saved views and configurable actions.",ابحث في سجلات قواعد صرف الأدوية وراجعها وأدرها باستخدام طرق العرض المحفوظة والإجراءات القابلة للتهيئة.,,Pending,,
page.sales-numbering.subtitle,"Search, review and manage document numbering records with saved views and configurable actions.",ابحث في سجلات ترقيم المستندات وراجعها وأدرها باستخدام طرق العرض المحفوظة والإجراءات القابلة للتهيئة.,,Pending,,
page.drug-master.subtitle,"Search, review and manage drug master records with saved views and configurable actions.",ابحث في سجلات سجل الأدوية وراجعها وأدرها باستخدام طرق العرض المحفوظة والإجراءات القابلة للتهيئة.,,Pending,,
page.patient-merge.subtitle,"Search, review and manage duplicate review records with saved views and configurable actions.",ابحث في سجلات مراجعة التكرار وراجعها وأدرها باستخدام طرق العرض المحفوظة والإجراءات القابلة للتهيئة.,,Pending,,
page.earning-master.subtitle,"Search, review and manage earning master records with saved views and configurable actions.",ابحث في سجلات سجل الاستحقاقات وراجعها وأدرها باستخدام طرق العرض المحفوظة والإجراءات القابلة للتهيئة.,,Pending,,
page.employee-master.subtitle,"Search, review and manage employee master records with saved views and configurable actions.",ابحث في سجلات سجل الموظفين وراجعها وأدرها باستخدام طرق العرض المحفوظة والإجراءات القابلة للتهيئة.,,Pending,,
page.employee-onboarding.subtitle,"Search, review and manage employee onboarding records with saved views and configurable actions.",ابحث في سجلات تهيئة الموظفين الجدد وراجعها وأدرها باستخدام طرق العرض المحفوظة والإجراءات القابلة للتهيئة.,,Pending,,
page.employee-worklist.subtitle,"Search, review and manage employee worklist records with saved views and configurable actions.",ابحث في سجلات قائمة عمل الموظفين وراجعها وأدرها باستخدام طرق العرض المحفوظة والإجراءات القابلة للتهيئة.,,Pending,,
page.encounter-worklist.subtitle,"Search, review and manage encounter worklist records with saved views and configurable actions.",ابحث في سجلات قائمة عمل الزيارات الطبية وراجعها وأدرها باستخدام طرق العرض المحفوظة والإجراءات القابلة للتهيئة.,,Pending,,
page.exception-worklist.subtitle,"Search, review and manage exception worklist records with saved views and configurable actions.",ابحث في سجلات قائمة عمل الاستثناءات وراجعها وأدرها باستخدام طرق العرض المحفوظة والإجراءات القابلة للتهيئة.,,Pending,,
page.expense-entry.subtitle,"Search, review and manage expense entry records with saved views and configurable actions.",ابحث في سجلات إدخال المصروفات وراجعها وأدرها باستخدام طرق العرض المحفوظة والإجراءات القابلة للتهيئة.,,Pending,,
page.expiry-risk-report.subtitle,"Search, review and manage expiry risk records with saved views and configurable actions.",ابحث في سجلات مخاطر انتهاء الصلاحية وراجعها وأدرها باستخدام طرق العرض المحفوظة والإجراءات القابلة للتهيئة.,,Pending,,
page.feedback-components.subtitle,"Search, review and manage feedback & overlays records with saved views and configurable actions.",ابحث في سجلات الملاحظات والنوافذ العائمة وراجعها وأدرها باستخدام طرق العرض المحفوظة والإجراءات القابلة للتهيئة.,,Pending,,
page.final-settlement.subtitle,"Search, review and manage final settlement records with saved views and configurable actions.",ابحث في سجلات التسوية النهائية وراجعها وأدرها باستخدام طرق العرض المحفوظة والإجراءات القابلة للتهيئة.,,Pending,,
page.fiscal-period.subtitle,"Search, review and manage fiscal period records with saved views and configurable actions.",ابحث في سجلات الفترة المالية وراجعها وأدرها باستخدام طرق العرض المحفوظة والإجراءات القابلة للتهيئة.,,Pending,,
page.form-controls.subtitle,"Search, review and manage form controls records with saved views and configurable actions.",ابحث في سجلات عناصر تحكم النماذج وراجعها وأدرها باستخدام طرق العرض المحفوظة والإجراءات القابلة للتهيئة.,,Pending,,
page.form-patterns.subtitle,"Search, review and manage form patterns records with saved views and configurable actions.",ابحث في سجلات أنماط النماذج وراجعها وأدرها باستخدام طرق العرض المحفوظة والإجراءات القابلة للتهيئة.,,Pending,,
page.pay-formula.subtitle,"Search, review and manage formula designer records with saved views and configurable actions.",ابحث في سجلات مصمم الصيغ وراجعها وأدرها باستخدام طرق العرض المحفوظة والإجراءات القابلة للتهيئة.,,Pending,,
page.formulary-setup.subtitle,"Search, review and manage formulary setup records with saved views and configurable actions.",ابحث في سجلات إعداد دليل الأدوية وراجعها وأدرها باستخدام طرق العرض المحفوظة والإجراءات القابلة للتهيئة.,,Pending,,
page.fulfillment-worklist.subtitle,"Search, review and manage fulfillment worklist records with saved views and configurable actions.",ابحث في سجلات قائمة عمل تنفيذ الطلبات وراجعها وأدرها باستخدام طرق العرض المحفوظة والإجراءات القابلة للتهيئة.,,Pending,,
page.goods-receipt.subtitle,"Search, review and manage goods receipt records with saved views and configurable actions.",ابحث في سجلات استلام البضائع وراجعها وأدرها باستخدام طرق العرض المحفوظة والإجراءات القابلة للتهيئة.,,Pending,,
page.grade-master.subtitle,"Search, review and manage grade & band records with saved views and configurable actions.",ابحث في سجلات الدرجات والفئات وراجعها وأدرها باستخدام طرق العرض المحفوظة والإجراءات القابلة للتهيئة.,,Pending,,
page.healthcare-dashboard.subtitle,"Search, review and manage healthcare dashboard records with saved views and configurable actions.",ابحث في سجلات لوحة الرعاية الصحية وراجعها وأدرها باستخدام طرق العرض المحفوظة والإجراءات القابلة للتهيئة.,,Pending,,
page.imaging-worklist.subtitle,"Search, review and manage imaging records with saved views and configurable actions.",ابحث في سجلات التصوير الطبي وراجعها وأدرها باستخدام طرق العرض المحفوظة والإجراءات القابلة للتهيئة.,,Pending,,
page.import-export.subtitle,"Search, review and manage import & export records with saved views and configurable actions.",ابحث في سجلات الاستيراد والتصدير وراجعها وأدرها باستخدام طرق العرض المحفوظة والإجراءات القابلة للتهيئة.,,Pending,,
page.integration-guide.subtitle,"Search, review and manage integration guide records with saved views and configurable actions.",ابحث في سجلات دليل التكامل وراجعها وأدرها باستخدام طرق العرض المحفوظة والإجراءات القابلة للتهيئة.,,Pending,,
page.inventory-count.subtitle,"Search, review and manage inventory count records with saved views and configurable actions.",ابحث في سجلات جرد المخزون وراجعها وأدرها باستخدام طرق العرض المحفوظة والإجراءات القابلة للتهيئة.,,Pending,,
page.inventory-valuation-report.subtitle,"Search, review and manage inventory valuation records with saved views and configurable actions.",ابحث في سجلات تقييم المخزون وراجعها وأدرها باستخدام طرق العرض المحفوظة والإجراءات القابلة للتهيئة.,,Pending,,
page.item-master.subtitle,"Search, review and manage item master records with saved views and configurable actions.",ابحث في سجلات سجل الأصناف وراجعها وأدرها باستخدام طرق العرض المحفوظة والإجراءات القابلة للتهيئة.,,Pending,,
page.journal-entry.subtitle,"Search, review and manage journal entry records with saved views and configurable actions.",ابحث في سجلات قيد اليومية وراجعها وأدرها باستخدام طرق العرض المحفوظة والإجراءات القابلة للتهيئة.,,Pending,,
page.journal-review.subtitle,"Search, review and manage journal review records with saved views and configurable actions.",ابحث في سجلات مراجعة القيود وراجعها وأدرها باستخدام طرق العرض المحفوظة والإجراءات القابلة للتهيئة.,,Pending,,
page.jurisdiction-master.subtitle,"Search, review and manage jurisdiction master records with saved views and configurable actions.",ابحث في سجلات سجل النطاقات القانونية وراجعها وأدرها باستخدام طرق العرض المحفوظة والإجراءات القابلة للتهيئة.,,Pending,,
page.keyboard-shortcuts.subtitle,"Search, review and manage keyboard shortcuts records with saved views and configurable actions.",ابحث في سجلات اختصارات لوحة المفاتيح وراجعها وأدرها باستخدام طرق العرض المحفوظة والإجراءات القابلة للتهيئة.,,Pending,,
page.lab-results.subtitle,"Search, review and manage laboratory results records with saved views and configurable actions.",ابحث في سجلات نتائج المختبر وراجعها وأدرها باستخدام طرق العرض المحفوظة والإجراءات القابلة للتهيئة.,,Pending,,
page.leave-request.subtitle,"Search, review and manage leave request records with saved views and configurable actions.",ابحث في سجلات طلب إجازة وراجعها وأدرها باستخدام طرق العرض المحفوظة والإجراءات القابلة للتهيئة.,,Pending,,
page.los-report.subtitle,"Search, review and manage length of stay records with saved views and configurable actions.",ابحث في سجلات مدة الإقامة وراجعها وأدرها باستخدام طرق العرض المحفوظة والإجراءات القابلة للتهيئة.,,Pending,,
page.localization.subtitle,"Search, review and manage localization records with saved views and configurable actions.",ابحث في سجلات الترجمة والتوطين وراجعها وأدرها باستخدام طرق العرض المحفوظة والإجراءات القابلة للتهيئة.,,Pending,,
page.location-master.subtitle,"Search, review and manage location master records with saved views and configurable actions.",ابحث في سجلات سجل المواقع وراجعها وأدرها باستخدام طرق العرض المحفوظة والإجراءات القابلة للتهيئة.,,Pending,,
page.margin-report.subtitle,"Search, review and manage margin analysis records with saved views and configurable actions.",ابحث في سجلات تحليل الهامش وراجعها وأدرها باستخدام طرق العرض المحفوظة والإجراءات القابلة للتهيئة.,,Pending,,
page.medication-orders.subtitle,"Search, review and manage medication orders records with saved views and configurable actions.",ابحث في سجلات طلبات الأدوية وراجعها وأدرها باستخدام طرق العرض المحفوظة والإجراءات القابلة للتهيئة.,,Pending,,
page.preferences.subtitle,"Search, review and manage my preferences records with saved views and configurable actions.",ابحث في سجلات تفضيلاتي وراجعها وأدرها باستخدام طرق العرض المحفوظة والإجراءات القابلة للتهيئة.,,Pending,,
page.next-of-kin.subtitle,"Search, review and manage next of kin records with saved views and configurable actions.",ابحث في سجلات أقرب الأقارب وراجعها وأدرها باستخدام طرق العرض المحفوظة والإجراءات القابلة للتهيئة.,,Pending,,
page.hr-numbering.subtitle,"Search, review and manage numbering rules records with saved views and configurable actions.",ابحث في سجلات قواعد الترقيم وراجعها وأدرها باستخدام طرق العرض المحفوظة والإجراءات القابلة للتهيئة.,,Pending,,
page.order-worklist.subtitle,"Search, review and manage order worklist records with saved views and configurable actions.",ابحث في سجلات قائمة عمل الطلبات وراجعها وأدرها باستخدام طرق العرض المحفوظة والإجراءات القابلة للتهيئة.,,Pending,,
page.page-catalog.subtitle,"Search, review and manage page catalog records with saved views and configurable actions.",ابحث في سجلات كتالوج الصفحات وراجعها وأدرها باستخدام طرق العرض المحفوظة والإجراءات القابلة للتهيئة.,,Pending,,
page.patient-master.subtitle,"Search, review and manage patient master records with saved views and configurable actions.",ابحث في سجلات سجل المرضى وراجعها وأدرها باستخدام طرق العرض المحفوظة والإجراءات القابلة للتهيئة.,,Pending,,
page.pay-group.subtitle,"Search, review and manage pay group records with saved views and configurable actions.",ابحث في سجلات مجموعة الرواتب وراجعها وأدرها باستخدام طرق العرض المحفوظة والإجراءات القابلة للتهيئة.,,Pending,,
page.payer-master.subtitle,"Search, review and manage payer master records with saved views and configurable actions.",ابحث في سجلات سجل جهات الدفع وراجعها وأدرها باستخدام طرق العرض المحفوظة والإجراءات القابلة للتهيئة.,,Pending,,
page.payroll-adjustment.subtitle,"Search, review and manage payroll adjustment records with saved views and configurable actions.",ابحث في سجلات تعديل الرواتب وراجعها وأدرها باستخدام طرق العرض المحفوظة والإجراءات القابلة للتهيئة.,,Pending,,
page.pay-calendar.subtitle,"Search, review and manage payroll calendar records with saved views and configurable actions.",ابحث في سجلات تقويم الرواتب وراجعها وأدرها باستخدام طرق العرض المحفوظة والإجراءات القابلة للتهيئة.,,Pending,,
page.pay-register-report.subtitle,"Search, review and manage payroll register records with saved views and configurable actions.",ابحث في سجلات سجل الرواتب وراجعها وأدرها باستخدام طرق العرض المحفوظة والإجراءات القابلة للتهيئة.,,Pending,,
page.payroll-run.subtitle,"Search, review and manage payroll run records with saved views and configurable actions.",ابحث في سجلات تشغيل الرواتب وراجعها وأدرها باستخدام طرق العرض المحفوظة والإجراءات القابلة للتهيئة.,,Pending,,
page.payroll-worklist.subtitle,"Search, review and manage payroll worklist records with saved views and configurable actions.",ابحث في سجلات قائمة عمل الرواتب وراجعها وأدرها باستخدام طرق العرض المحفوظة والإجراءات القابلة للتهيئة.,,Pending,,
page.payslip-report.subtitle,"Search, review and manage payslip distribution records with saved views and configurable actions.",ابحث في سجلات توزيع قسائم الرواتب وراجعها وأدرها باستخدام طرق العرض المحفوظة والإجراءات القابلة للتهيئة.,,Pending,,
page.pharmacy-dashboard.subtitle,"Search, review and manage pharmacy dashboard records with saved views and configurable actions.",ابحث في سجلات لوحة الصيدلية وراجعها وأدرها باستخدام طرق العرض المحفوظة والإجراءات القابلة للتهيئة.,,Pending,,
page.hr-policy.subtitle,"Search, review and manage policy designer records with saved views and configurable actions.",ابحث في سجلات مصمم السياسات وراجعها وأدرها باستخدام طرق العرض المحفوظة والإجراءات القابلة للتهيئة.,,Pending,,
page.position-master.subtitle,"Search, review and manage position master records with saved views and configurable actions.",ابحث في سجلات سجل المناصب وراجعها وأدرها باستخدام طرق العرض المحفوظة والإجراءات القابلة للتهيئة.,,Pending,,
page.posting-rules.subtitle,"Search, review and manage posting rules records with saved views and configurable actions.",ابحث في سجلات قواعد الترحيل وراجعها وأدرها باستخدام طرق العرض المحفوظة والإجراءات القابلة للتهيئة.,,Pending,,
page.preauthorization.subtitle,"Search, review and manage pre-authorisation records with saved views and configurable actions.",ابحث في سجلات الموافقة المسبقة وراجعها وأدرها باستخدام طرق العرض المحفوظة والإجراءات القابلة للتهيئة.,,Pending,,
page.price-list.subtitle,"Search, review and manage price list records with saved views and configurable actions.",ابحث في سجلات قائمة الأسعار وراجعها وأدرها باستخدام طرق العرض المحفوظة والإجراءات القابلة للتهيئة.,,Pending,,
page.procurement-worklist.subtitle,"Search, review and manage procurement worklist records with saved views and configurable actions.",ابحث في سجلات قائمة عمل المشتريات وراجعها وأدرها باستخدام طرق العرض المحفوظة والإجراءات القابلة للتهيئة.,,Pending,,
page.product-master.subtitle,"Search, review and manage product master records with saved views and configurable actions.",ابحث في سجلات سجل المنتجات وراجعها وأدرها باستخدام طرق العرض المحفوظة والإجراءات القابلة للتهيئة.,,Pending,,
page.profit-loss-report.subtitle,"Search, review and manage profit & loss records with saved views and configurable actions.",ابحث في سجلات الأرباح والخسائر وراجعها وأدرها باستخدام طرق العرض المحفوظة والإجراءات القابلة للتهيئة.,,Pending,,
page.purchase-order.subtitle,"Search, review and manage purchase order records with saved views and configurable actions.",ابحث في سجلات أمر شراء وراجعها وأدرها باستخدام طرق العرض المحفوظة والإجراءات القابلة للتهيئة.,,Pending,,
page.purchase-requisition.subtitle,"Search, review and manage purchase requisition records with saved views and configurable actions.",ابحث في سجلات طلب شراء وراجعها وأدرها باستخدام طرق العرض المحفوظة والإجراءات القابلة للتهيئة.,,Pending,,
page.quotation.subtitle,"Search, review and manage quotation records with saved views and configurable actions.",ابحث في سجلات عرض سعر وراجعها وأدرها باستخدام طرق العرض المحفوظة والإجراءات القابلة للتهيئة.,,Pending,,
page.receipt-entry.subtitle,"Search, review and manage receipt entry records with saved views and configurable actions.",ابحث في سجلات إدخال إيصال وراجعها وأدرها باستخدام طرق العرض المحفوظة والإجراءات القابلة للتهيئة.,,Pending,,
page.receivables-worklist.subtitle,"Search, review and manage receivables worklist records with saved views and configurable actions.",ابحث في سجلات قائمة عمل الذمم المدينة وراجعها وأدرها باستخدام طرق العرض المحفوظة والإجراءات القابلة للتهيئة.,,Pending,,
page.receiving-worklist.subtitle,"Search, review and manage receiving worklist records with saved views and configurable actions.",ابحث في سجلات قائمة عمل الاستلام وراجعها وأدرها باستخدام طرق العرض المحفوظة والإجراءات القابلة للتهيئة.,,Pending,,
page.controlled-reconciliation.subtitle,"Search, review and manage reconciliation records with saved views and configurable actions.",ابحث في سجلات التسوية وراجعها وأدرها باستخدام طرق العرض المحفوظة والإجراءات القابلة للتهيئة.,,Pending,,
page.reorder-rules.subtitle,"Search, review and manage reorder rules records with saved views and configurable actions.",ابحث في سجلات قواعد إعادة الطلب وراجعها وأدرها باستخدام طرق العرض المحفوظة والإجراءات القابلة للتهيئة.,,Pending,,
page.reorder-worklist.subtitle,"Search, review and manage reorder worklist records with saved views and configurable actions.",ابحث في سجلات قائمة عمل إعادة الطلب وراجعها وأدرها باستخدام طرق العرض المحفوظة والإجراءات القابلة للتهيئة.,,Pending,,
page.pharmacy-requisition.subtitle,"Search, review and manage requisitions records with saved views and configurable actions.",ابحث في سجلات طلبات الشراء وراجعها وأدرها باستخدام طرق العرض المحفوظة والإجراءات القابلة للتهيئة.,,Pending,,
page.revenue-report.subtitle,"Search, review and manage revenue analysis records with saved views and configurable actions.",ابحث في سجلات تحليل الإيرادات وراجعها وأدرها باستخدام طرق العرض المحفوظة والإجراءات القابلة للتهيئة.,,Pending,,
page.role-master.subtitle,"Search, review and manage role & permission records with saved views and configurable actions.",ابحث في سجلات الأدوار والصلاحيات وراجعها وأدرها باستخدام طرق العرض المحفوظة والإجراءات القابلة للتهيئة.,,Pending,,
page.sales-channel.subtitle,"Search, review and manage sales channel records with saved views and configurable actions.",ابحث في سجلات قناة المبيعات وراجعها وأدرها باستخدام طرق العرض المحفوظة والإجراءات القابلة للتهيئة.,,Pending,,
page.sales-invoice.subtitle,"Search, review and manage sales invoice records with saved views and configurable actions.",ابحث في سجلات فاتورة مبيعات وراجعها وأدرها باستخدام طرق العرض المحفوظة والإجراءات القابلة للتهيئة.,,Pending,,
page.sales-order.subtitle,"Search, review and manage sales order records with saved views and configurable actions.",ابحث في سجلات أمر بيع وراجعها وأدرها باستخدام طرق العرض المحفوظة والإجراءات القابلة للتهيئة.,,Pending,,
page.pipeline-report.subtitle,"Search, review and manage sales pipeline records with saved views and configurable actions.",ابحث في سجلات مسار فرص المبيعات وراجعها وأدرها باستخدام طرق العرض المحفوظة والإجراءات القابلة للتهيئة.,,Pending,,
page.sales-return.subtitle,"Search, review and manage sales return records with saved views and configurable actions.",ابحث في سجلات مرتجع مبيعات وراجعها وأدرها باستخدام طرق العرض المحفوظة والإجراءات القابلة للتهيئة.,,Pending,,
page.saved-views.subtitle,"Search, review and manage saved views records with saved views and configurable actions.",ابحث في سجلات طرق العرض المحفوظة وراجعها وأدرها باستخدام طرق العرض المحفوظة والإجراءات القابلة للتهيئة.,,Pending,,
page.employee-separation.subtitle,"Search, review and manage separation records with saved views and configurable actions.",ابحث في سجلات إنهاء الخدمة وراجعها وأدرها باستخدام طرق العرض المحفوظة والإجراءات القابلة للتهيئة.,,Pending,,
page.service-catalog.subtitle,"Search, review and manage service catalogue records with saved views and configurable actions.",ابحث في سجلات دليل الخدمات وراجعها وأدرها باستخدام طرق العرض المحفوظة والإجراءات القابلة للتهيئة.,,Pending,,
page.settlement-review.subtitle,"Search, review and manage settlement review records with saved views and configurable actions.",ابحث في سجلات مراجعة التسوية وراجعها وأدرها باستخدام طرق العرض المحفوظة والإجراءات القابلة للتهيئة.,,Pending,,
page.shift-roster.subtitle,"Search, review and manage shift roster records with saved views and configurable actions.",ابحث في سجلات جدول المناوبات وراجعها وأدرها باستخدام طرق العرض المحفوظة والإجراءات القابلة للتهيئة.,,Pending,,
page.shortcut-manager.subtitle,"Search, review and manage shortcut manager records with saved views and configurable actions.",ابحث في سجلات مدير الاختصارات وراجعها وأدرها باستخدام طرق العرض المحفوظة والإجراءات القابلة للتهيئة.,,Pending,,
page.spreadsheet-studio.subtitle,"Search, review and manage spreadsheet studio records with saved views and configurable actions.",ابحث في سجلات استوديو جداول البيانات وراجعها وأدرها باستخدام طرق العرض المحفوظة والإجراءات القابلة للتهيئة.,,Pending,,
page.statutory-report.subtitle,"Search, review and manage statutory report records with saved views and configurable actions.",ابحث في سجلات التقرير النظامي وراجعها وأدرها باستخدام طرق العرض المحفوظة والإجراءات القابلة للتهيئة.,,Pending,,
page.statutory-master.subtitle,"Search, review and manage statutory rule records with saved views and configurable actions.",ابحث في سجلات القاعدة النظامية وراجعها وأدرها باستخدام طرق العرض المحفوظة والإجراءات القابلة للتهيئة.,,Pending,,
page.stock-adjustment.subtitle,"Search, review and manage stock adjustment records with saved views and configurable actions.",ابحث في سجلات تعديل المخزون وراجعها وأدرها باستخدام طرق العرض المحفوظة والإجراءات القابلة للتهيئة.,,Pending,,
page.stock-aging-report.subtitle,"Search, review and manage stock aging records with saved views and configurable actions.",ابحث في سجلات أعمار المخزون وراجعها وأدرها باستخدام طرق العرض المحفوظة والإجراءات القابلة للتهيئة.,,Pending,,
page.stock-on-hand.subtitle,"Search, review and manage stock on hand records with saved views and configurable actions.",ابحث في سجلات المخزون المتاح وراجعها وأدرها باستخدام طرق العرض المحفوظة والإجراءات القابلة للتهيئة.,,Pending,,
page.stock-transfer.subtitle,"Search, review and manage stock transfer records with saved views and configurable actions.",ابحث في سجلات تحويل المخزون وراجعها وأدرها باستخدام طرق العرض المحفوظة والإجراءات القابلة للتهيئة.,,Pending,,
page.stock-turn-report.subtitle,"Search, review and manage stock turn records with saved views and configurable actions.",ابحث في سجلات دوران المخزون وراجعها وأدرها باستخدام طرق العرض المحفوظة والإجراءات القابلة للتهيئة.,,Pending,,
page.supplier-contract.subtitle,"Search, review and manage supplier contract records with saved views and configurable actions.",ابحث في سجلات عقد المورد وراجعها وأدرها باستخدام طرق العرض المحفوظة والإجراءات القابلة للتهيئة.,,Pending,,
page.supplier-fin-master.subtitle,"Search, review and manage supplier master records with saved views and configurable actions.",ابحث في سجلات سجل الموردين وراجعها وأدرها باستخدام طرق العرض المحفوظة والإجراءات القابلة للتهيئة.,,Pending,,
page.supplier-performance-report.subtitle,"Search, review and manage supplier performance records with saved views and configurable actions.",ابحث في سجلات أداء الموردين وراجعها وأدرها باستخدام طرق العرض المحفوظة والإجراءات القابلة للتهيئة.,,Pending,,
page.sales-targets.subtitle,"Search, review and manage target setup records with saved views and configurable actions.",ابحث في سجلات إعداد الأهداف وراجعها وأدرها باستخدام طرق العرض المحفوظة والإجراءات القابلة للتهيئة.,,Pending,,
page.tax-return-report.subtitle,"Search, review and manage tax return records with saved views and configurable actions.",ابحث في سجلات الإقرار الضريبي وراجعها وأدرها باستخدام طرق العرض المحفوظة والإجراءات القابلة للتهيئة.,,Pending,,
page.tax-master.subtitle,"Search, review and manage taxation master records with saved views and configurable actions.",ابحث في سجلات سجل الضرائب وراجعها وأدرها باستخدام طرق العرض المحفوظة والإجراءات القابلة للتهيئة.,,Pending,,
page.territory-master.subtitle,"Search, review and manage territory master records with saved views and configurable actions.",ابحث في سجلات سجل المناطق وراجعها وأدرها باستخدام طرق العرض المحفوظة والإجراءات القابلة للتهيئة.,,Pending,,
page.theme-studio.subtitle,"Search, review and manage theme studio records with saved views and configurable actions.",ابحث في سجلات استوديو السمات وراجعها وأدرها باستخدام طرق العرض المحفوظة والإجراءات القابلة للتهيئة.,,Pending,,
page.employee-transfer.subtitle,"Search, review and manage transfer & promotion records with saved views and configurable actions.",ابحث في سجلات النقل والترقية وراجعها وأدرها باستخدام طرق العرض المحفوظة والإجراءات القابلة للتهيئة.,,Pending,,
page.uom-master.subtitle,"Search, review and manage unit of measure records with saved views and configurable actions.",ابحث في سجلات وحدة القياس وراجعها وأدرها باستخدام طرق العرض المحفوظة والإجراءات القابلة للتهيئة.,,Pending,,
page.user-master.subtitle,"Search, review and manage user master records with saved views and configurable actions.",ابحث في سجلات سجل المستخدمين وراجعها وأدرها باستخدام طرق العرض المحفوظة والإجراءات القابلة للتهيئة.,,Pending,,
page.valuation-method.subtitle,"Search, review and manage valuation method records with saved views and configurable actions.",ابحث في سجلات طريقة التقييم وراجعها وأدرها باستخدام طرق العرض المحفوظة والإجراءات القابلة للتهيئة.,,Pending,,
page.vitals-worklist.subtitle,"Search, review and manage vitals & observations records with saved views and configurable actions.",ابحث في سجلات العلامات الحيوية والملاحظات وراجعها وأدرها باستخدام طرق العرض المحفوظة والإجراءات القابلة للتهيئة.,,Pending,,
page.warehouse-master.subtitle,"Search, review and manage warehouse master records with saved views and configurable actions.",ابحث في سجلات سجل المستودعات وراجعها وأدرها باستخدام طرق العرض المحفوظة والإجراءات القابلة للتهيئة.,,Pending,,
page.workforce-report.subtitle,"Search, review and manage workforce analytics records with saved views and configurable actions.",ابحث في سجلات تحليلات القوى العاملة وراجعها وأدرها باستخدام طرق العرض المحفوظة والإجراءات القابلة للتهيئة.,,Pending,,
"Search, review and manage {name} records with saved views and configurable actions.","Search, review and manage {name} records with saved views and configurable actions.",ابحث في سجلات {name} وراجعها وأدرها باستخدام طرق العرض المحفوظة والإجراءات القابلة للتهيئة.,,Pending,,
Search…,Search…,بحث…,,Pending,,
Second Opinion,Second Opinion,رأي ثانٍ,,Pending,,
ui.secondary.62f2ccff,Secondary,ثانوي,,Pending,,
ui.section.dfca5da5,Section,القسم,,Pending,,
Sections,Sections,الأقسام,,Pending,,
Secure download link,Secure download link,رابط تنزيل آمن,,Pending,,
ui.secure.session.54818e0a,Secure session,جلسة آمنة,,Pending,,
section.user.security.title,Security policy,سياسة الأمان,,Pending,,
ui.see.all.messages.082f7c89,See all messages,عرض كل الرسائل,,Pending,,
ui.see.all.notifications.00f66a6a,See all notifications,عرض كل الإشعارات,,Pending,,
field.consultation.consultedOn.label,Seen on,تاريخ المعاينة,,Pending,,
Segment,Segment,الفئة,,Pending,,
api.message.7f020a480b27,Select 1–100 record IDs.,اختر من معرّف واحد إلى 100 معرّف سجل.,,Pending,,
api.message.4a2f85e2749e,Select a saved record.,اختر سجلًا محفوظًا.,,Pending,,
ui.select.all.visible.records.e15adf6c,Select all visible records,تحديد كل السجلات الظاهرة,,Pending,,
ui.select.eligible.rows.on.this.page.55468a85,Select eligible rows on this page,تحديد الصفوف المؤهلة في هذه الصفحة,,Pending,,
Select {item},Select {item},تحديد {item},,Pending,,
Select {record},Select {record},تحديد {record},,Pending,,
"Selected from this service's catalogue — manually, or proposed and accepted","Selected from this service's catalogue — manually, or proposed and accepted",مختار من دليل الخدمة يدوياً أو باقتراح مقبول,,Pending,,
Selected from what this service can place,Selected from what this service can place,مختار مما تستطيع الخدمة طلبه,,Pending,,
ui.selection.applies.to.this.page.only.failed.records.stay.6c13991d,Selection applies to this page only. Failed records stay selected.,التحديد لهذه الصفحة فقط. تبقى السجلات الفاشلة محددة.,,Pending,,
Select…,Select…,اختر…,,Pending,,
field.consultation.payer.option.Self-pay,Self-pay,دفع ذاتي,,Pending,,
Semantic themes,Semantic themes,سمات دلالية,,Pending,,
ui.send.f6f4688f,Send,إرسال,,Pending,,
ui.send.e8fbd3f3,Send ,إرسال ,,Pending,,
ui.send.only.when.data.exists.8bac5dec,Send only when data exists,الإرسال فقط عند وجود بيانات,,Pending,,
Sensation,Sensation,الإحساس,,Pending,,
ui.sensitive.changes.should.be.versioned.and.submitted.with.d2c8dec6,Sensitive changes should be versioned and submitted with a reason.,يجب إصدار نسخ للتغييرات الحساسة وتقديمها مع السبب.,,Pending,,
Sep,Sep,سبتمبر,,Pending,,
menu.hr.separation.label,Separation,إنهاء الخدمة,,Pending,,
ui.september.2026.5111fc9c,September 2026,سبتمبر 2026,,Pending,,
September preview,September preview,معاينة سبتمبر,,Pending,,
menu.healthcare.service-catalog.label,Service Catalogue,دليل الخدمات,,Pending,,
field.user.riskLevel.option.service,Service account,حساب خدمة,,Pending,,
Service level,Service level,مستوى الخدمة,,Pending,,
Services,Services,الخدمات,,Pending,,
api.message.37c08ac1e02f,Session ended.,انتهت الجلسة.,,Pending,,
api.message.26cbd28fd351,Session exceeded the maximum length.,تجاوزت الجلسة المدة القصوى.,,Pending,,
field.user.sessionTimeout.label,Session timeout,مهلة الجلسة,,Pending,,
ui.set.by.bd6cc9a4,Set by,تم الإعداد بواسطة,,Pending,,
ui.set.default.ae188faa,Set default,تعيين كافتراضي,,Pending,,
ui.set.key.d599b6ec,Set key,إعداد المفتاح,,Pending,,
Set the key,Set the key,إعداد المفتاح,,Pending,,
ui.settings.74a883a0,Settings,الإعدادات,,Pending,,
ui.settings.could.not.be.loaded.preference.changes.apply.to.9cc9f6fa,Settings could not be loaded. Preference changes apply to this session only. Reload to try again.,تعذر تحميل الإعدادات. التغييرات لهذه الجلسة فقط. أعد التحميل للمحاولة.,,Pending,,
menu.payroll.settlement-review.label,Settlement Review,مراجعة التسوية,,Pending,,
ui.shaped.grey.blocks.while.a.page.arrives.instead.of.the.o.bdafc552,"Shaped grey blocks while a page arrives, instead of the old page sitting there",كتل رمادية أثناء تحميل الصفحة بدلاً من إبقاء الصفحة القديمة,,Pending,,
field.hr-dashboard.tags.option.shared,Shared,مشترك,,Pending,,
ui.shared.component.registry.7978f6d8,Shared component registry,سجل المكونات المشتركة,,Pending,,
Shared components,Shared components,المكونات المشتركة,,Pending,,
Shell,Shell,واجهة التطبيق,,Pending,,
menu.hr.shift-roster.label,Shift Roster,جدول المناوبات,,Pending,,
menu.library.shortcut-manager.label,Shortcut Manager,مدير الاختصارات,,Pending,,
Shortcuts,Shortcuts,الاختصارات,,Pending,,
ui.show.discoverable.key.combinations.10b3f148,Show discoverable key combinations,إظهار اختصارات لوحة المفاتيح,,Pending,,
ui.show.seconds.f516b99a,Show seconds,إظهار الثواني,,Pending,,
Show this document beside the last one,Show this document beside the last one,عرض المستند بجانب السابق,,Pending,,
Showing,Showing,عرض,,Pending,,
ui.showing.7282e1fb,Showing ,عرض ,,Pending,,
ui.showing.every.section.matching.f4d5fda7,Showing every section matching “,عرض كل قسم يطابق «,,Pending,,
ui.shown.when.clicking.a.result.row.07e0ad52,Shown when clicking a result row,يظهر عند النقر على صف نتيجة,,Pending,,
Sick contacts,Sick contacts,مخالطة المرضى,,Pending,,
ui.sidebar.f7efa7bc,Sidebar,الشريط الجانبي,,Pending,,
ui.sidebar.expands.on.347cb405,Sidebar expands on,يتوسع الشريط الجانبي عند,,Pending,,
ui.sidebar.opens.on.keyboard.focus.453d8c98,Sidebar opens on keyboard focus,يفتح الشريط الجانبي عند التركيز بلوحة المفاتيح,,Pending,,
ui.sidebar.pinned.open.8e3b90f7,Sidebar pinned open,الشريط الجانبي مثبّت مفتوحاً,,Pending,,
ui.sidebar.position.7b4c80ca,Sidebar position,موضع الشريط الجانبي,,Pending,,
ui.sidebar.theme.f7427d59,Sidebar theme,سمة الشريط الجانبي,,Pending,,
ui.sidebar.tone.42a1c3de,Sidebar tone,درجة لون الشريط الجانبي,,Pending,,
Sign blocked,Sign blocked,التوقيع محظور,,Pending,,
ui.sign.in.bfd402b2,Sign in,تسجيل الدخول,,Pending,,
Sign in again to continue. Anything unsaved is still on this screen.,Sign in again to continue. Anything unsaved is still on this screen.,سجّل الدخول مجدداً للمتابعة. غير المحفوظ ما زال على الشاشة.,,Pending,,
ui.sign.in.again.then.open.the.link.a.second.time.9ecefe43,"Sign in again, then open the link a second time.",سجّل الدخول مجدداً ثم افتح الرابط مرة أخرى.,,Pending,,
ui.sign.in.to.your.workspace.a49b670e,Sign in to your workspace,سجّل الدخول إلى مساحة عملك,,Pending,,
ui.sign.out.48f0d3d3,Sign out,تسجيل الخروج,,Pending,,
Signed contract,Signed contract,عقد موقّع,,Pending,,
Signed in as,Signed in as,مسجل الدخول باسم,,Pending,,
Signed notes are versioned; corrections are addenda,Signed notes are versioned; corrections are addenda,الملاحظات الموقعة بإصدارات؛ التصحيحات ملاحق,,Pending,,
Signed out,Signed out,تم تسجيل الخروج,,Pending,,
"Significance, trend, correlation, next investigation.","Significance, trend, correlation, next investigation.",الأهمية والاتجاه والارتباط والفحص التالي.,,Pending,,
Signs of congestion,Signs of congestion,علامات الاحتقان,,Pending,,
Single schema source,Single schema source,مصدر مخطط واحد,,Pending,,
field.user.sso.label,Single sign-on account,حساب دخول موحّد,,Pending,,
Site and laterality,Site and laterality,الموضع والجهة,,Pending,,
Skin and wound,Skin and wound,الجلد والجرح,,Pending,,
Skin temperature,Skin temperature,حرارة الجلد,,Pending,,
ui.skip.delivery.when.the.filtered.result.is.empty.8d7b6625,Skip delivery when the filtered result is empty.,تخطي التسليم عند خلو النتائج المصفاة.,,Pending,,
Sleep,Sleep,النوم,,Pending,,
Slow-moving stock,Slow-moving stock,مخزون بطيء الحركة,,Pending,,
"Smart — every word, anywhere in the row","Smart — every word, anywhere in the row",ذكي — كل كلمة في أي موضع بالصف,,Pending,,
Soft modern workspace,Soft modern workspace,مساحة عمل حديثة ناعمة,,Pending,,
Solid — filled with its colour,Solid — filled with its colour,مصمت — مملوء بلونه,,Pending,,
ui.some.reference.lists.could.not.be.loaded.e9a89fdf,Some reference lists could not be loaded.,تعذر تحميل بعض القوائم المرجعية.,,Pending,,
api.message.cc80e385e722,Someone changed this while you were editing.,غيّر شخص آخر هذا أثناء تعديلك.,,Pending,,
Someone updated this while you were working. Reload to see their version before saving yours.,Someone updated this while you were working. Reload to see their version before saving yours.,عدّله شخص أثناء عملك. أعد التحميل لرؤية نسخته قبل حفظ نسختك.,,Pending,,
Something went wrong,Something went wrong,حدث خطأ,,Pending,,
ui.sortable.report.result.grouped.by.branch.a1f1584f,Sortable report result • grouped by branch,نتائج قابلة للترتيب • مجمّعة حسب الفرع,,Pending,,
ui.source.0e570ca6,Source,المصدر,,Pending,,
Source of history,Source of history,مصدر التاريخ,,Pending,,
Spacious,Spacious,واسع,,Pending,,
field.consultation.specialty.label,Specialty,التخصص,,Pending,,
Speculum if indicated,Speculum if indicated,منظار عند اللزوم,,Pending,,
Speech,Speech,الكلام,,Pending,,
Speech and mood,Speech and mood,الكلام والمزاج,,Pending,,
ui.speech.providers.34325dc3,Speech providers,مزوّدو تحويل الكلام,,Pending,,
Split entry,Split entry,إدخال مقسّم,,Pending,,
Split header and lines,Split header and lines,تقسيم الرأس والبنود,,Pending,,
Split payer,Split payer,تقسيم الدفع,,Pending,,
ui.split.view.915c438b,Split view,عرض مقسّم,,Pending,,
ui.split.with.the.last.document.6b550e05,Split with the last document,تقسيم مع آخر مستند,,Pending,,
ui.spreadsheet.studio.851de496,Spreadsheet Studio,استوديو جداول البيانات,,Pending,,
Stable,Stable,مستقر,,Pending,,
Stable contracts,Stable contracts,عقود مستقرة,,Pending,,
Stage {number} name,Stage {number} name,اسم المرحلة {number},,Pending,,
field.user.riskLevel.option.standard,Standard,قياسي,,Pending,,
Standard adult context with age and sex rules where relevant.,Standard adult context with age and sex rules where relevant.,سياق بالغ قياسي مع قواعد العمر والجنس عند الصلة.,,Pending,,
Standard rated 5%,Standard rated 5%,النسبة القياسية 5%,,Pending,,
ui.start.date.81696931,Start date,تاريخ البدء,,Pending,,
ui.start.new.import.eabc7445,Start new import,بدء استيراد جديد,,Pending,,
ui.start.on.b6089ce4,Start on,البدء من,,Pending,,
ui.start.recording.30756af0,Start recording,بدء التسجيل,,Pending,,
ui.start.up.and.records.5cf466e0,Start-up and records,البدء والسجلات,,Pending,,
Starts with — a cell begins with it,Starts with — a cell begins with it,يبدأ بـ — بداية الخلية,,Pending,,
State / Emirate,State / Emirate,الولاية / الإمارة,,Pending,,
ui.status.920e413c,Status,الحالة,,Pending,,
menu.payroll.pay-compliance.label,Statutory,نظامي,,Pending,,
Statutory + voluntary,Statutory + voluntary,إلزامي + اختياري,,Pending,,
menu.payroll.statutory-report.label,Statutory Report,التقرير النظامي,,Pending,,
menu.payroll.statutory-master.label,Statutory Rule,القاعدة النظامية,,Pending,,
Step,Step,الخطوة,,Pending,,
ui.step.474a987f,Step ,الخطوة ,,Pending,,
ui.sticky.header.71a03535,Sticky header,رأس ثابت,,Pending,,
menu.supply.stock-adjustment.label,Stock Adjustment,تعديل المخزون,,Pending,,
menu.supply.stock-aging.label,Stock Aging,أعمار المخزون,,Pending,,
menu.supply.stock.label,Stock Operations,عمليات المخزون,,Pending,,
menu.supply.stock-transfer.label,Stock Transfer,تحويل المخزون,,Pending,,
menu.pharmacy.stock-turn-report.label,Stock Turn,دوران المخزون,,Pending,,
Stock count variance cleared,Stock count variance cleared,تمت تسوية فرق الجرد,,Pending,,
menu.pharmacy.stock-on-hand.label,Stock on Hand,المخزون المتاح,,Pending,,
Stock-out risk,Stock-out risk,خطر نفاد المخزون,,Pending,,
Stock-outs,Stock-outs,نفاد المخزون,,Pending,,
Stockouts,Stockouts,نفاد المخزون,,Pending,,
ui.stop.cae7d57b,Stop,إيقاف,,Pending,,
field.customer.segment.option.Strategic,Strategic,استراتيجي,,Pending,,
Streamed to the speech gateway; audio is never stored,Streamed to the speech gateway; audio is never stored,يُبث لبوابة الكلام؛ لا يُخزّن الصوت,,Pending,,
Strength,Strength,القوة,,Pending,,
Stroke and bleeding risk,Stroke and bleeding risk,خطر السكتة والنزيف,,Pending,,
Strong,Strong,قوي,,Pending,,
Structured mental state with risk and safety assessment,Structured mental state with risk and safety assessment,حالة نفسية منظمة مع تقييم المخاطر والسلامة,,Pending,,
Structured prompts plus clinician narrative,Structured prompts plus clinician narrative,تعليمات منظمة مع سرد الطبيب,,Pending,,
ui.style.7e744141,Style,النمط,,Pending,,
ui.submit.for.approval.beec6c10,Submit for approval,إرسال للاعتماد,,Pending,,
Submit the current saved record for review? Save any form edits first.,Submit the current saved record for review? Save any form edits first.,تقديم السجل المحفوظ للمراجعة؟ احفظ تعديلات النموذج أولاً.,,Pending,,
Submitted for approval,Submitted for approval,تم التقديم للموافقة,,Pending,,
api.approval.submitted,Submitted for {stage},تم التقديم إلى {stage},,Pending,,
ui.submitted.once.and.not.kept.in.this.page.1a316320,Submitted once and not kept in this page.,يُرسل مرة واحدة ولا يُحتفظ به في الصفحة.,,Pending,,
Substance use,Substance use,استخدام المواد,,Pending,,
Substance-use instrument,Substance-use instrument,أداة تقييم استخدام المواد,,Pending,,
Subtotal,Subtotal,المجموع الفرعي,,Pending,,
ui.success.c88a0b90,Success,نجاح,,Pending,,
Suggest diagnosis codes,Suggest diagnosis codes,اقتراح رموز التشخيص,,Pending,,
Suggest orders,Suggest orders,اقتراح طلبات,,Pending,,
ui.suggest.with.ai.ee9ba75a,Suggest with AI,اقتراح بالذكاء الاصطناعي,,Pending,,
ui.suggestions.only.nothing.is.added.until.you.click.it.and.362de738,"Suggestions only. Nothing is added until you click it, and a code the reply named that is not in this service's catalogue is dropped here rather than shown.",اقتراحات فقط. لا يُضاف شيء حتى تنقر عليه، وتُحذف الرموز غير الموجودة في دليل الخدمة بدلاً من عرضها.,,Pending,,
ui.summarise.76a35d0a,Summarise,تلخيص,,Pending,,
Summarise my unread,Summarise my unread,تلخيص غير المقروء لدي,,Pending,,
Summarise selected records,Summarise selected records,تلخيص السجلات المحددة,,Pending,,
Summarise selection,Summarise selection,تلخيص المحدد,,Pending,,
Summarise this encounter,Summarise this encounter,تلخيص هذه الزيارة,,Pending,,
Summarise this report,Summarise this report,تلخيص هذا التقرير,,Pending,,
ui.summarise.unread.0781ed9e,Summarise unread,تلخيص غير المقروء,,Pending,,
"Summarises the clinical picture of this record — ward, diagnosis, length of stay and status. The patient's name is never sent.","Summarises the clinical picture of this record — ward, diagnosis, length of stay and status. The patient's name is never sent.",يلخص الصورة السريرية للسجل: الجناح والتشخيص ومدة الإقامة والحالة. لا يُرسل اسم المريض.,,Pending,,
"Summarises the clinical records you have selected as a group — where the load is, and which look urgent. No names are sent.","Summarises the clinical records you have selected as a group — where the load is, and which look urgent. No names are sent.",يلخص السجلات السريرية المحددة كمجموعة: حجم العمل والحالات العاجلة. لا تُرسل أسماء.,,Pending,,
"Summarises the records you have selected, using only the columns currently visible.","Summarises the records you have selected, using only the columns currently visible.",يلخص السجلات المحددة باستخدام الأعمدة الظاهرة فقط.,,Pending,,
Summary,Summary,ملخص,,Pending,,
column.supplier-fin-master.name.label,Supplier,المورّد,,Pending,,
menu.supply.supplier-contract.label,Supplier Contract,عقد المورد,,Pending,,
column.supplier-fin-master.id.label,Supplier ID,معرّف المورّد,,Pending,,
Supplier Master,Supplier Master,سجل الموردين,,Pending,,
Supplier OTIF,Supplier OTIF,التزام المورّد بالوقت والكمية,,Pending,,
menu.supply.supplier-performance.label,Supplier Performance,أداء الموردين,,Pending,,
Supplier certificate expired,Supplier certificate expired,انتهت شهادة المورّد,,Pending,,
Supplier delay detected,Supplier delay detected,اكتشاف تأخير المورّد,,Pending,,
module.supply.shortLabel,Supply,الإمداد,,Pending,,
module.supply.label,Supply Chain,سلسلة الإمداد,,Pending,,
page.supply-dashboard.title,Supply Chain Command Center,مركز إدارة سلسلة الإمداد,,Pending,,
menu.supply.supply-dashboard.label,Supply Chain Dashboard,لوحة سلسلة الإمداد,,Pending,,
menu.supply.supply-insights.label,Supply Insights,رؤى الإمداد,,Pending,,
menu.supply.supply-queues.label,Supply Queues,قوائم انتظار الإمداد,,Pending,,
menu.supply.supply-settings.label,Supply Setup,إعداد الإمداد,,Pending,,
Support,Support,الدعم,,Pending,,
Surgical scars,Surgical scars,ندبات جراحية,,Pending,,
ui.swap.the.panes.55e75080,Swap the panes,تبديل اللوحتين,,Pending,,
Swelling,Swelling,التورم,,Pending,,
Swelling or bruising,Swelling or bruising,تورم أو كدمات,,Pending,,
"Symbol — د.إ1,200","Symbol — د.إ1,200","الرمز — د.إ1,200",,Pending,,
Symptom burden,Symptom burden,عبء الأعراض,,Pending,,
Syncope or presyncope,Syncope or presyncope,إغماء أو ما قبله,,Pending,,
System,System,النظام,,Pending,,
System UI,System UI,خط النظام,,Pending,,
Systems,Systems,الأجهزة,,Pending,,
ui.tab.options.743b9c60,Tab options,خيارات التبويب,,Pending,,
Tabbed workspace,Tabbed workspace,مساحة عمل بتبويبات,,Pending,,
ui.tabbing.into.the.rail.expands.it.as.hovering.does.19219038,"Tabbing into the rail expands it, as hovering does",الانتقال للشريط بلوحة المفاتيح يوسّعه مثل المؤشر,,Pending,,
Table,Table,جدول,,Pending,,
Table view,Table view,عرض الجدول,,Pending,,
ui.tables.e3fe2a3f,Tables,الجداول,,Pending,,
Tabs,Tabs,التبويبات,,Pending,,
field.hr-dashboard.tags.label,Tags,الوسوم,,Pending,,
Target 12 min,Target 12 min,الهدف 12 دقيقة,,Pending,,
Target 33.0%,Target 33.0%,الهدف 33.0%,,Pending,,
Target 4.5,Target 4.5,الهدف 4.5,,Pending,,
Target 95%,Target 95%,الهدف 95%,,Pending,,
menu.sales.sales-targets.label,Target Setup,إعداد الأهداف,,Pending,,
Tax,Tax,الضريبة,,Pending,,
Tax %,Tax %,الضريبة %,,Pending,,
Tax & Jurisdiction,Tax & Jurisdiction,الضرائب والاختصاص,,Pending,,
Tax & compliance,Tax & compliance,الضرائب والامتثال,,Pending,,
ui.tax.invoice.e6876b32,Tax Invoice,فاتورة ضريبية,,Pending,,
menu.finance.tax-return.label,Tax Return,الإقرار الضريبي,,Pending,,
Tax calculation,Tax calculation,حساب الضريبة,,Pending,,
ui.tax.evidence.9931fd83,Tax evidence,المستندات الضريبية,,Pending,,
field.customer.taxExempt.label,Tax exempt,معفى من الضريبة,,Pending,,
ui.tax.invoice.preview.bb224ea0,Tax invoice preview,معاينة الفاتورة الضريبية,,Pending,,
ui.tax.jurisdiction.e332a82c,Tax jurisdiction,الاختصاص الضريبي,,Pending,,
ui.tax.note.0f0ab65f,Tax note,ملاحظة ضريبية,,Pending,,
ui.tax.registration.number.a706b6a0,Tax registration number,رقم التسجيل الضريبي,,Pending,,
Tax registration verified,Tax registration verified,تم التحقق من التسجيل الضريبي,,Pending,,
section.customer.tax.description,"Tax registration, jurisdiction and invoicing settings.",إعدادات التسجيل الضريبي والاختصاص والفوترة.,,Pending,,
Tax threshold warning,Tax threshold warning,تنبيه الحد الضريبي,,Pending,,
ui.tax.treatment.3d583bc9,Tax treatment,المعاملة الضريبية,,Pending,,
ui.tax.validated.78e6c997,Tax validated,تم التحقق من الضريبة,,Pending,,
Tax validation completed,Tax validation completed,اكتمل التحقق الضريبي,,Pending,,
ui.tax.credit.and.posting.checks.require.a.connected.busine.99159296,"Tax, credit and posting checks require a connected business service",فحوص الضريبة والائتمان والترحيل تتطلب خدمة أعمال متصلة,,Pending,,
Taxable amount,Taxable amount,المبلغ الخاضع للضريبة,,Pending,,
menu.finance.tax-master.label,Taxation Master,سجل الضرائب,,Pending,,
Technology,Technology,التقنية,,Pending,,
Temperature,Temperature,الحرارة,,Pending,,
field.consultation.temperature.label,Temperature (°C),الحرارة (°م),,Pending,,
ui.tenant.e23969d2,Tenant,المستأجر,,Pending,,
Tenderness,Tenderness,إيلام,,Pending,,
section.customer.credit.description,"Terms, limits and collection risk.",الشروط والحدود ومخاطر التحصيل.,,Pending,,
menu.sales.territory-master.label,Territory Master,سجل المناطق,,Pending,,
ui.test.component.feedback.e618724b,Test component feedback,اختبار استجابة المكوّن,,Pending,,
"Tests, documents, independent historian, independent interpretation, discussion with an external professional.","Tests, documents, independent historian, independent interpretation, discussion with an external professional.",اختبارات ووثائق ومصدر تاريخ مستقل وتفسير مستقل ونقاش مع مختص خارجي.,,Pending,,
api.message.69f686226e9c,That does not look like a provider key.,لا يبدو هذا مفتاح مزود صالحًا.,,Pending,,
That file is not a preferences export.,That file is not a preferences export.,هذا الملف ليس تصديراً للتفضيلات.,,Pending,,
That record is not available,That record is not available,هذا السجل غير متاح,,Pending,,
api.message.611f057aea7f,That record is not on this list.,هذا السجل غير موجود في هذه القائمة.,,Pending,,
api.message.4957a3c56258,That related record was not found on the selected page.,لم يتم العثور على السجل المرتبط في الصفحة المحددة.,,Pending,,
api.message.eb8a7c7f7292,That saved view is not available.,هذا العرض المحفوظ غير متاح.,,Pending,,
api.message.b2d5af196572,That worklist does not exist.,قائمة العمل هذه غير موجودة.,,Pending,,
ui.the.b344d80e,The,الـ,,Pending,,
The CSV contains an unclosed quoted cell.,The CSV contains an unclosed quoted cell.,يحتوي CSV على خلية باقتباس غير مغلق.,,Pending,,
api.message.0d7e2d97e37d,The OpenAI speech credential is missing.,بيانات اعتماد الكلام من OpenAI مفقودة.,,Pending,,
ui.the.action.has.not.been.confirmed.ef061242,The action has not been confirmed.,لم يتم تأكيد الإجراء.,,Pending,,
ui.the.base.url.dispatch.appends.chat.completions.9ba2af6c,The base URL. Dispatch appends /chat/completions.,الرابط الأساسي. يضيف الإرسال /chat/completions.,,Pending,,
The branch is 4.0% above budget and leads absolute growth.,The branch is 4.0% above budget and leads absolute growth.,الفرع أعلى من الميزانية بنسبة 4.0% ويتصدر النمو المطلق.,,Pending,,
ui.the.change.is.awaiting.confirmation.ad7a6793,The change is awaiting confirmation.,التغيير بانتظار التأكيد.,,Pending,,
section.consultation.assessment.description,The clinical conclusion and what happens next.,الخلاصة السريرية والخطوات التالية.,,Pending,,
ui.the.clock.in.the.header.9ff89254,The clock in the header.,الساعة في الشريط العلوي.,,Pending,,
The current module's dashboard,The current module's dashboard,لوحة الوحدة الحالية,,Pending,,
The default worklist view has been restored.,The default worklist view has been restored.,تمت استعادة عرض قائمة العمل الافتراضي.,,Pending,,
The edited worksheet was downloaded as an Excel file.,The edited worksheet was downloaded as an Excel file.,تم تنزيل الورقة المعدلة كملف Excel.,,Pending,,
ui.the.full.page.guide.the.component.library.and.the.develo.c84664a6,"The full page guide, the component library and the developer manual are one click away.",دليل الصفحة الكامل ومكتبة المكونات ودليل المطوّر بنقرة واحدة.,,Pending,,
"The gateway picks the lowest priority number that is enabled, supports the session language, and has a credential. A provider that is enabled but has no key is","The gateway picks the lowest priority number that is enabled, supports the session language, and has a credential. A provider that is enabled but has no key is",تختار البوابة أقل رقم أولوية مفعّل يدعم لغة الجلسة ولديه بيانات اعتماد. المزوّد المفعّل بلا مفتاح يكون,,Pending,,
ui.the.gateway.picks.the.lowest.priority.number.that.is.ena.1c2a2c84,"The gateway picks the lowest priority number that is enabled, supports the session language, and has a credential. A provider that is enabled but has no key is ",تختار البوابة أقل رقم أولوية مفعّل يدعم لغة الجلسة ولديه بيانات اعتماد. المزوّد المفعّل بلا مفتاح يكون ,,Pending,,
api.message.c5d68aa099de,The import definition is no longer available.,تعريف الاستيراد لم يعد متاحًا.,,Pending,,
ui.the.item.will.be.removed.from.this.record.its.activity.e.16a42e63,The item will be removed from this record. Its activity entry will remain.,سيُحذف العنصر من السجل مع بقاء نشاطه.,,Pending,,
The mock snapshot was prepared as CSV.,The mock snapshot was prepared as CSV.,تم إعداد البيانات التجريبية بصيغة CSV.,,Pending,,
api.message.d51b0ec57dae,The model ran out of output budget before answering.,نفدت ميزانية الإخراج للنموذج قبل الإجابة.,,Pending,,
The page I last had open,The page I last had open,آخر صفحة فتحتها,,Pending,,
The page could not finish loading. This is usually temporary.,The page could not finish loading. This is usually temporary.,تعذر إكمال تحميل الصفحة. عادةً ما يكون ذلك مؤقتاً.,,Pending,,
api.message.188e13cb3e2d,The provider could not be reached.,تعذّر الاتصال بالمزود.,,Pending,,
api.message.c1244747b419,The provider rejected the request.,رفض المزود الطلب.,,Pending,,
api.message.933e49bdd239,The provider returned no text.,لم يُرجع المزود أي نص.,,Pending,,
The record service confirmed the save.,The record service confirmed the save.,أكدت خدمة السجلات الحفظ.,,Pending,,
The record service confirmed the save. Posting is a separate workflow.,The record service confirmed the save. Posting is a separate workflow.,أكدت خدمة السجلات الحفظ. الترحيل سير عمل منفصل.,,Pending,,
The record was routed to the configured approval workflow.,The record was routed to the configured approval workflow.,وُجّه السجل إلى سير الموافقة المحدد.,,Pending,,
The selected mock action was started.,The selected mock action was started.,بدأ الإجراء التجريبي المحدد.,,Pending,,
The service was unavailable or another window changed the draft. Review it when reopening the record.,The service was unavailable or another window changed the draft. Review it when reopening the record.,الخدمة غير متاحة أو غيّرت نافذة أخرى المسودة. راجعها عند إعادة فتح السجل.,,Pending,,
The shared toast service handled this component action.,The shared toast service handled this component action.,عالجت خدمة الإشعارات المشتركة هذا الإجراء.,,Pending,,
ui.the.tax.invoice.workspace.0a0c5f0a,The tax invoice workspace.,مساحة عمل الفاتورة الضريبية.,,Pending,,
ui.the.top.bar.takes.the.same.palette.choices.as.the.rail.38e44156,The top bar takes the same palette choices as the rail.,الشريط العلوي يستخدم خيارات ألوان الشريط الجانبي نفسها.,,Pending,,
ui.the.transcript.appears.here.as.it.is.spoken.419b964f,The transcript appears here as it is spoken.,يظهر النص هنا أثناء التحدث.,,Pending,,
ui.the.workspace.asked.for.a.page.that.is.not.in.the.regist.b22d0973,The workspace asked for a page that is not in the registry.,طلبت مساحة العمل صفحة غير موجودة في السجل.,,Pending,,
ui.theme.efb52e71,Theme,السمة,,Pending,,
menu.library.theme-studio.label,Theme Studio,استوديو السمات,,Pending,,
Theme token warning,Theme token warning,تنبيه رمز السمة,,Pending,,
Theme variants,Theme variants,تنويعات السمات,,Pending,,
ui.theme.aware.interactive.examples.fdb52b03,Theme-aware interactive examples,أمثلة تفاعلية تتبع السمة,,Pending,,
Themes,Themes,السمات,,Pending,,
There is no messaging service behind this screen — the draft was discarded.,There is no messaging service behind this screen — the draft was discarded.,لا توجد خدمة مراسلة خلف هذه الشاشة؛ تم تجاهل المسودة.,,Pending,,
ui.they.will.be.excluded.from.this.worklist.records.that.ca.46f15d6e,They will be excluded from this worklist. Records that cannot be archived remain selected.,ستُستبعد من قائمة العمل. تبقى السجلات التي يتعذر أرشفتها محددة.,,Pending,,
ui.this.adapter.has.never.run.against.its.provider.in.this.ae3871c2,"This adapter has never run against its provider in this build. Treat anything below as illustrative, not as a transcript.",لم يعمل هذا المحول مع مزوّده في هذا البناء. اعتبر ما يلي توضيحياً وليس نصاً مفرّغاً.,,Pending,,
api.message.82bc3ebce796,This change requires an administrator.,يتطلب هذا التغيير مسؤولًا.,,Pending,,
api.message.3a7e2a11ea57,This demo supports 100 links per record.,يدعم هذا العرض 100 رابط لكل سجل.,,Pending,,
api.message.9abebc6b02ef,This demo supports 20 attachments per record.,يدعم هذا العرض 20 مرفقًا لكل سجل.,,Pending,,
api.message.b300d15ae4d4,This demo supports 200 comments per record.,يدعم هذا العرض 200 تعليق لكل سجل.,,Pending,,
ui.this.derives.a.level.from.what.is.already.documented.78e65b86,This derives a level from what is already documented.,يستنتج مستوى مما وُثّق بالفعل.,,Pending,,
This device,This device,هذا الجهاز,,Pending,,
ui.this.document.is.a.tax.invoice.issued.under.uae.vat.rule.fc5e9d6b,This document is a tax invoice issued under UAE VAT rules. Values are expressed in AED.,هذا المستند فاتورة ضريبية صادرة وفق قواعد ضريبة القيمة المضافة الإماراتية. القيم بالدرهم الإماراتي.,,Pending,,
This field is required.,This field is required.,هذا الحقل مطلوب.,,Pending,,
api.message.2a46ded27457,This import identifier has already been used.,تم استخدام معرّف الاستيراد هذا مسبقًا.,,Pending,,
This is a clinical use case. I confirm the fields above may be sent for record,This is a clinical use case. I confirm the fields above may be sent for record,هذه حالة استخدام سريرية. أؤكد السماح بإرسال الحقول أعلاه للسجل,,Pending,,
ui.this.is.a.clinical.use.case.i.confirm.the.fields.above.m.f472ba9e,This is a clinical use case. I confirm the fields above may be sent for record ,هذه حالة استخدام سريرية. أؤكد السماح بإرسال الحقول أعلاه للسجل ,,Pending,,
This is not available to your account. Someone with the right permission can open it for you.,This is not available to your account. Someone with the right permission can open it for you.,هذا غير متاح لحسابك. يمكن لصاحب الصلاحية المناسبة فتحه لك.,,Pending,,
ui.this.is.recorded.against.your.account.by.column.never.by.72dc14ba,"This is recorded against your account — by column, never by value.",يُسجل في حسابك حسب العمود وليس حسب القيمة.,,Pending,,
api.message.a446049a1732,This item has already been removed. Refresh the panel.,تمت إزالة هذا العنصر بالفعل. حدّث اللوحة.,,Pending,,
api.message.e308d6ea7237,This operation identifier was already used.,تم استخدام معرّف العملية هذا مسبقًا.,,Pending,,
api.message.6f6495173490,This page does not have an import definition.,لا يوجد تعريف استيراد لهذه الصفحة.,,Pending,,
ui.this.page.is.not.configured.14f9dc66,This page is not configured,هذه الصفحة غير مهيأة,,Pending,,
"This record does not exist, or it has been removed.","This record does not exist, or it has been removed.",السجل غير موجود أو تم حذفه.,,Pending,,
api.message.9260fb90d50d,This record is already linked.,هذا السجل مرتبط بالفعل.,,Pending,,
api.message.ddd2b8b4d7bd,This saved version is already pending or approved.,هذه النسخة المحفوظة قيد الانتظار أو معتمدة بالفعل.,,Pending,,
This should only take a moment.,This should only take a moment.,يستغرق هذا لحظة فقط.,,Pending,,
api.message.f4eb0cf1d3ff,This view changed in another window. Reload the list before trying again.,تغيّر هذا العرض في نافذة أخرى. أعد تحميل القائمة قبل المحاولة.,,Pending,,
ui.this.view.is.not.available.13831e3f,This view is not available,هذا العرض غير متاح,,Pending,,
ui.this.view.was.shared.with.people.who.have.a.different.pe.04f8e47d,This view was shared with people who have a different permission.,تمت مشاركة هذا العرض مع أشخاص لديهم صلاحيات مختلفة.,,Pending,,
Thought,Thought,التفكير,,Pending,,
"Three — 1,200.000","Three — 1,200.000","ثلاثة — 1,200.000",,Pending,,
Thromboembolism risk,Thromboembolism risk,خطر الانصمام الخثاري,,Pending,,
menu.hr.time.label,Time & Leave,الوقت والإجازات,,Pending,,
ui.time.format.80d7dcf2,Time format,تنسيق الوقت,,Pending,,
ui.time.zone.b9fe1464,Time zone,المنطقة الزمنية,,Pending,,
To date,To date,إلى تاريخ,,Pending,,
To my account,To my account,إلى حسابي,,Pending,,
ui.toasts.dd399bac,Toasts,إشعارات منبثقة,,Pending,,
ui.tokens.per.day.7d000080,Tokens per day,الرموز في اليوم,,Pending,,
Tokens today · {day} UTC,Tokens today · {day} UTC,رموز اليوم · {day} UTC,,Pending,,
Top 50 suppliers,Top 50 suppliers,أكبر 50 مورّداً,,Pending,,
Top center,Top center,أعلى الوسط,,Pending,,
Top left,Top left,أعلى اليسار,,Pending,,
Top right,Top right,أعلى اليمين,,Pending,,
ui.total.c9b3c382,Total,الإجمالي,,Pending,,
ui.total.time.on.the.date.of.the.encounter.minutes.da22cb02,Total time on the date of the encounter (minutes),إجمالي الوقت في تاريخ الزيارة (دقائق),,Pending,,
Totals,Totals,المجاميع,,Pending,,
Tour,Tour,جولة,,Pending,,
Trade name,Trade name,الاسم التجاري,,Pending,,
Transactions,Transactions,المعاملات,,Pending,,
menu.hr.transfer.label,Transfer & Promotion,النقل والترقية,,Pending,,
"Transition of care: reconciliation, unresolved issues, safety net.","Transition of care: reconciliation, unresolved issues, safety net.",انتقال الرعاية: المطابقة والمشكلات غير المحلولة وخطة السلامة.,,Pending,,
Transition reconciliation,Transition reconciliation,مطابقة عند الانتقال,,Pending,,
Treatment response,Treatment response,الاستجابة للعلاج,,Pending,,
Trend,Trend,الاتجاه,,Pending,,
ui.try.again.d8b8392e,Try again,حاول مجدداً,,Pending,,
Try changing the search or filters.,Try changing the search or filters.,جرّب تغيير البحث أو الفلاتر.,,Pending,,
ui.trying.3ff51b0b,Trying…,جارٍ المحاولة…,,Pending,,
ui.turn.off.06f0e210,Turn off,إيقاف,,Pending,,
ui.twelve.month.trend.chart.5f2f7a5e,Twelve month trend chart,مخطط اتجاه اثني عشر شهراً,,Pending,,
ui.twelve.month.operating.trend.fce298a1,Twelve-month operating trend,اتجاه العمليات لاثني عشر شهراً,,Pending,,
Two or more self-limited; or one stable chronic; or one acute uncomplicated,Two or more self-limited; or one stable chronic; or one acute uncomplicated,مشكلتان محدودتان ذاتياً أو أكثر؛ أو مرض مزمن مستقر؛ أو مرض حاد غير معقد,,Pending,,
"Two — 1,200.00","Two — 1,200.00","اثنان — 1,200.00",,Pending,,
Type,Type,النوع,,Pending,,
ui.type.068e513f,Type ,النوع ,,Pending,,
Type · Post-discharge,Type · Post-discharge,النوع · بعد الخروج,,Pending,,
Type · Procedure,Type · Procedure,النوع · إجراء,,Pending,,
ui.typography.cab94aba,Typography,الخطوط,,Pending,,
UAE Enterprise,UAE Enterprise,مؤسسات الإمارات,,Pending,,
field.customer.jurisdiction.option.uae-federal,UAE Federal,اتحادي إماراتي,,Pending,,
UAE Federal VAT,UAE Federal VAT,ضريبة القيمة المضافة الاتحادية الإماراتية,,Pending,,
UAE VAT rules passed with no exceptions,UAE VAT rules passed with no exceptions,اجتازت قواعد ضريبة الإمارات دون استثناءات,,Pending,,
menu.library.ui-primitives.label,UI Primitives,عناصر الواجهة الأساسية,,Pending,,
USD — US dollar,USD — US dollar,USD — الدولار الأمريكي,,Pending,,
USD • US Dollar,USD • US Dollar,USD • الدولار الأمريكي,,Pending,,
Undo navigation,Undo navigation,التراجع عن التنقل,,Pending,,
Unexpected text after a closing quote.,Unexpected text after a closing quote.,نص غير متوقع بعد إغلاق الاقتباس.,,Pending,,
ui.unfix.sidebar.fcdb31f7,Unfix sidebar,إلغاء تثبيت الشريط الجانبي,,Pending,,
Unit Cost,Unit Cost,تكلفة الوحدة,,Pending,,
column.drug-master.unitCost.label,Unit cost,تكلفة الوحدة,,Pending,,
menu.supply.uom-master.label,Unit of Measure,وحدة القياس,,Pending,,
Unit price,Unit price,سعر الوحدة,,Pending,,
field.customer.country.option.AE,United Arab Emirates,الإمارات العربية المتحدة,,Pending,,
field.customer.country.option.GB,United Kingdom,المملكة المتحدة,,Pending,,
api.message.0368f2f2c447,Unknown approval action.,إجراء الموافقة غير معروف.,,Pending,,
api.message.a973ef3ea081,Unknown credential scope.,نطاق بيانات الاعتماد غير معروف.,,Pending,,
api.message.f5003afb7710,Unknown import operation.,عملية الاستيراد غير معروفة.,,Pending,,
api.message.500eb14fd034,Unknown panel operation.,عملية اللوحة غير معروفة.,,Pending,,
api.message.adbc9361826f,Unknown prompt.,الموجّه غير معروف.,,Pending,,
api.message.72f49363c1ee,Unknown record panel.,لوحة السجل غير معروفة.,,Pending,,
api.message.4875fa0b83e1,Unknown record route.,مسار السجل غير معروف.,,Pending,,
api.message.b0c9365a80bf,Unknown view operation.,عملية العرض غير معروفة.,,Pending,,
Unmapped default: {value},Unmapped default: {value},القيمة الافتراضية عند عدم الربط: {value},,Pending,,
Unposted journals,Unposted journals,قيود غير مرحّلة,,Pending,,
Unread only,Unread only,غير المقروء فقط,,Pending,,
ui.unread.8abefced,Unread · ,غير مقروء · ,,Pending,,
Unresolved issues,Unresolved issues,المشكلات غير المحلولة,,Pending,,
ui.unsaved.changes.a710c2b9,Unsaved changes,تغييرات غير محفوظة,,Pending,,
ui.unsaved.changes.recovery.pending.f83c324c,Unsaved changes · recovery pending,تغييرات غير محفوظة · الاسترداد معلق,,Pending,,
ui.unset.default.5201a8a8,Unset default,إلغاء الافتراضي,,Pending,,
Unsigned clinical notes,Unsigned clinical notes,ملاحظات سريرية غير موقعة,,Pending,,
api.message.55d7eb65faaa,Unsupported language.,اللغة غير مدعومة.,,Pending,,
ui.unusual.combination.allowed.not.blocked.6e1c22ec,"Unusual combination — allowed, not blocked.",تركيبة غير معتادة؛ مسموحة وليست محظورة.,,Pending,,
column.hr-dashboard.updated.label,Updated,تم التحديث,,Pending,,
ui.updated.recently.12065961,Updated recently,تم التحديث مؤخراً,,Pending,,
ui.updating.approvals.8c051f99,Updating approvals…,جارٍ تحديث الاعتمادات…,,Pending,,
ui.updating.views.e489ff72,Updating views…,جارٍ تحديث العروض…,,Pending,,
ui.upload.csv.file.032e2024,Upload CSV file,رفع ملف CSV,,Pending,,
ui.upload.csv.map.columns.review.validation.confirm.results.e725ed21,Upload CSV → map columns → review validation → confirm → results,رفع CSV ← ربط الأعمدة ← مراجعة التحقق ← تأكيد ← النتائج,,Pending,,
field.consultation.acuity.option.Urgent,Urgent,عاجل,,Pending,,
Urine output,Urine output,إدرار البول,,Pending,,
api.message.a122b81f1ee3,Use 1–5 named stages with at least one supported approver role.,استخدم من مرحلة إلى خمس مراحل مسماة مع دور موافق مدعوم واحد على الأقل.,,Pending,,
"Use 1–80 unique, non-empty column headers.","Use 1–80 unique, non-empty column headers.",استخدم 1–80 عنوان عمود فريداً وغير فارغ.,,Pending,,
Use a number without currency symbols or grouping separators,Use a number without currency symbols or grouping separators,استخدم رقماً دون رموز عملة أو فواصل تجميع,,Pending,,
Use a valid date in YYYY-MM-DD format,Use a valid date in YYYY-MM-DD format,استخدم تاريخاً صالحاً بتنسيق YYYY-MM-DD,,Pending,,
Use case,Use case,حالة الاستخدام,,Pending,,
ui.use.saved.version.a5955780,Use saved version,استخدام الإصدار المحفوظ,,Pending,,
"Use true/false, yes/no or 1/0","Use true/false, yes/no or 1/0",استخدم true/false أو yes/no أو 1/0,,Pending,,
column.user-master.name.label,User,المستخدم,,Pending,,
column.user-master.id.label,User ID,معرّف المستخدم,,Pending,,
menu.hr.user-master.label,User Master,سجل المستخدمين,,Pending,,
field.user.userCode.label,User code,رمز المستخدم,,Pending,,
section.user.preferences.title,User defaults,إعدادات المستخدم الافتراضية,,Pending,,
ui.username.e3b89e9d,Username,اسم المستخدم,,Pending,,
api.message.e0fd61be9310,Username or password is incorrect.,اسم المستخدم أو كلمة المرور غير صحيحة.,,Pending,,
Using the patient-reported scale already in use.,Using the patient-reported scale already in use.,باستخدام مقياس المريض المستخدم حالياً.,,Pending,,
Using the validated tool configured for this service.,Using the validated tool configured for this service.,باستخدام الأداة المعتمدة المهيأة لهذه الخدمة.,,Pending,,
section.library.lib-tools.label,Utilities,الأدوات,,Pending,,
ui.utilization.dee34f53,Utilization,الاستخدام,,Pending,,
ui.validate.40611abb,Validate,تحقق,,Pending,,
ui.validate.mapped.rows.ecc729da,Validate mapped rows,التحقق من الصفوف المربوطة,,Pending,,
ui.validate.tax.at.posting.cd691d35,Validate tax at posting,التحقق من الضريبة عند الترحيل,,Pending,,
Validating rows…,Validating rows…,جارٍ التحقق من الصفوف…,,Pending,,
ui.validation.and.import.results.37168996,Validation and import results,نتائج التحقق والاستيراد,,Pending,,
ui.validation.status.d7b6a8ce,Validation status,حالة التحقق,,Pending,,
ui.validation.approval.posting.and.delivery.history.cc846e31,"Validation, approval, posting and delivery history.",سجل التحقق والموافقة والترحيل والتسليم.,,Pending,,
ui.validation.density.and.theme.are.inherited.80e13234,"Validation, density and theme are inherited.",تُورث قواعد التحقق والكثافة والسمة.,,Pending,,
menu.supply.valuation-method.label,Valuation Method,طريقة التقييم,,Pending,,
Values: {values},Values: {values},القيم: {values},,Pending,,
Variance,Variance,الفرق,,Pending,,
"Variants, sizes, loading, icons and focus contract","Variants, sizes, loading, icons and focus contract",الأنواع والأحجام والتحميل والأيقونات وسلوك التركيز,,Pending,,
ui.verify.eea2745e,Verify,تحقق,,Pending,,
ui.verifying.and.removing.both.reach.the.provider.or.the.st.b63b3716,"Verifying and removing both reach the provider or the store, so both are audited and both count against the rate limit below. Removing cannot be undone from here — the old value is unreadable by design.",التحقق والحذف يصلان للمزوّد أو المخزن، لذلك يُدقّقان ويُحتسبان ضمن حد المعدل. لا يمكن التراجع عن الحذف هنا لأن القيمة القديمة غير قابلة للقراءة.,,Pending,,
ui.verifying.63bbd08c,Verifying…,جارٍ التحقق…,,Pending,,
Version,Version,الإصدار,,Pending,,
api.message.b54d5a8e0bd4,Version conflict.,تعارض في النسخ.,,Pending,,
Vertical document,Vertical document,مستند عمودي,,Pending,,
Vertical sections,Vertical sections,أقسام عمودية,,Pending,,
View,View,عرض,,Pending,,
ui.view.analysis.4d2cce36,View analysis,عرض التحليل,,Pending,,
ui.view.audit.history.c6481351,View audit history,عرض سجل التدقيق,,Pending,,
View name,View name,اسم العرض,,Pending,,
api.message.498dd0882e44,View not available.,العرض غير متاح.,,Pending,,
"View, Edit and New each get their own container.","View, Edit and New each get their own container.",لكل من العرض والتعديل والجديد حاوية مستقلة.,,Pending,,
ui.view.edit.and.new.records.bf236f03,"View, edit and new records",عرض السجلات وتعديلها وإنشاؤها,,Pending,,
ui.view.1d016dda,View:,العرض:,,Pending,,
ui.visibility.is.filtered.by.your.current.role.branch.and.f.8c7ca791,"Visibility is filtered by your current role, branch and field-level permissions.",تُصفّى الرؤية بحسب دورك وفرعك وصلاحيات الحقول.,,Pending,,
ui.visible.and.editable.fields.can.be.controlled.by.role.br.a623600c,"Visible and editable fields can be controlled by role, branch and record state.",يمكن التحكم بالحقول الظاهرة والقابلة للتعديل بحسب الدور والفرع وحالة السجل.,,Pending,,
menu.healthcare.vitals-worklist.label,Vitals & Observations,العلامات الحيوية والملاحظات,,Pending,,
Vitals and measurements,Vitals and measurements,العلامات الحيوية والقياسات,,Pending,,
Volume,Volume,الحجم,,Pending,,
column.patient-master.ward.label,Ward,الجناح,,Pending,,
column.product-master.warehouse.label,Warehouse,المستودع,,Pending,,
menu.supply.warehouse-master.label,Warehouse Master,سجل المستودعات,,Pending,,
Warm amber and clay,Warm amber and clay,كهرماني وطيني دافئ,,Pending,,
Warm boardroom neutral,Warm boardroom neutral,محايد دافئ لغرفة الاجتماعات,,Pending,,
"Warm paper, low-glare accents","Warm paper, low-glare accents",ورق دافئ ولمسات منخفضة الوهج,,Pending,,
ui.warning.e981ddae,Warning,تحذير,,Pending,,
Warning signs,Warning signs,علامات التحذير,,Pending,,
Watch,Watch,للمراقبة,,Pending,,
Week to date,Week to date,الأسبوع حتى اليوم,,Pending,,
Weekly,Weekly,أسبوعي,,Pending,,
Weight centile,Weight centile,مئين الوزن,,Pending,,
Weight-based medication review,Weight-based medication review,مراجعة الأدوية حسب الوزن,,Pending,,
Weight-bearing ability,Weight-bearing ability,القدرة على تحمل الوزن,,Pending,,
Weighted AED 41.8M,Weighted AED 41.8M,مرجّح AED 41.8M,,Pending,,
ui.welcome.back.66212495,Welcome back,مرحباً بعودتك,,Pending,,
Well-child and immunisation review,Well-child and immunisation review,مراجعة صحة الطفل والتطعيم,,Pending,,
Wellbeing and risk review,Wellbeing and risk review,مراجعة العافية والمخاطر,,Pending,,
page.dispense-history.subtitle,"What has been dispensed, when and by whom.",ما تم صرفه ومتى وبواسطة من.,,Pending,,
ui.what.is.allowed.and.what.has.been.used.5a7bc7b9,"What is allowed, and what has been used.",ما هو مسموح وما تم استخدامه.,,Pending,,
section.consultation.presentation.description,"What the patient came with, in their terms and yours.",سبب زيارة المريض بكلماته وكلماتك.,,Pending,,
Where a joint-specific instrument is configured.,Where a joint-specific instrument is configured.,عندما تُهيأ أداة خاصة بالمفصل.,,Pending,,
Where a perinatal screening workflow is configured.,Where a perinatal screening workflow is configured.,حيث يُهيأ مسار فحص حول الولادة.,,Pending,,
Where anxiety assessment is clinically appropriate.,Where anxiety assessment is clinically appropriate.,عندما يكون تقييم القلق مناسباً سريرياً.,,Pending,,
Where configured for this setting and age band.,Where configured for this setting and age band.,حيث تكون مهيأة لهذا السياق والفئة العمرية.,,Pending,,
ui.where.dispatch.sends.and.as.what.88c3fbaa,"Where dispatch sends, and as what.",وجهة الإرسال والنموذج المستخدم.,,Pending,,
Where heart-failure symptom burden is being assessed.,Where heart-failure symptom burden is being assessed.,عند تقييم عبء أعراض فشل القلب.,,Pending,,
Where screening or monitoring is clinically appropriate.,Where screening or monitoring is clinically appropriate.,عندما يكون الفحص أو المتابعة مناسباً سريرياً.,,Pending,,
Where syncope or hypotension is part of the presentation.,Where syncope or hypotension is part of the presentation.,عندما تشمل الأعراض إغماء أو انخفاض ضغط.,,Pending,,
ui.where.they.appear.how.long.they.stay.and.how.they.look.t.45d90d6b,"Where they appear, how long they stay, and how they look. Try one below.",مكان ظهورها ومدتها وشكلها. جرّب واحدة أدناه.,,Pending,,
ui.where.you.land.and.how.records.open.966655be,"Where you land, and how records open.",صفحة البدء وطريقة فتح السجلات.,,Pending,,
ui.which.side.the.panel.slides.in.from.f9b767af,Which side the panel slides in from,الجانب الذي تظهر منه اللوحة,,Pending,,
section.consultation.encounter.description,"Who was seen, by whom, and under what cover.",من تمت معاينته وبواسطة من وتحت أي تغطية.,,Pending,,
Win rate,Win rate,معدل الفوز,,Pending,,
Within budget,Within budget,ضمن الميزانية,,Pending,,
Wizard,Wizard,معالج,,Pending,,
Work of breathing,Work of breathing,جهد التنفس,,Pending,,
Workbook exported,Workbook exported,تم تصدير المصنف,,Pending,,
Workbook imported,Workbook imported,تم استيراد المصنف,,Pending,,
menu.hr.workforce-report.label,Workforce Analytics,تحليلات القوى العاملة,,Pending,,
menu.hr.workforce.label,Workforce Events,أحداث القوى العاملة,,Pending,,
Worklist,Worklist,قائمة العمل,,Pending,,
ui.worklist.result.view.cf59af18,Worklist result view,عرض نتائج قائمة العمل,,Pending,,
ui.worklist.tables.and.card.grids.5a500f4e,Worklist tables and card grids.,جداول قوائم العمل وشبكات البطاقات.,,Pending,,
Worklists,Worklists,قوائم العمل,,Pending,,
ui.worklists.searching.filtering.previews.and.exports.92f2139f,"Worklists, searching, filtering, previews and exports.",قوائم العمل والبحث والتصفية والمعاينات والتصدير.,,Pending,,
Workspace,Workspace,مساحة العمل,,Pending,,
menu.library.workspace-tools.label,Workspace Tools,أدوات مساحة العمل,,Pending,,
ui.workspace.and.organization.d397b4b0,Workspace and organization,مساحة العمل والمؤسسة,,Pending,,
Workspace tabs,Workspace tabs,تبويبات مساحة العمل,,Pending,,
ui.wrap.long.text.0815b2b6,Wrap long text,التفاف النص الطويل,,Pending,,
ui.write.a.reply.182fe0aa,Write a reply…,اكتب رداً…,,Pending,,
Write-only,Write-only,للكتابة فقط,,Pending,,
ui.write.only.set.and.replaced.here.never.read.back.c6b23d5d,"Write-only — set and replaced here, never read back.",للكتابة فقط؛ يُضبط ويُستبدل هنا ولا يُقرأ مجدداً.,,Pending,,
"Write-only. The value is never returned by any endpoint, so it cannot be shown here or checked by eye — the last four characters and a fingerprint are what distinguish one key from another. Use","Write-only. The value is never returned by any endpoint, so it cannot be shown here or checked by eye — the last four characters and a fingerprint are what distinguish one key from another. Use",للكتابة فقط. لا تعيد أي نقطة نهاية القيمة فلا يمكن عرضها أو فحصها بصرياً؛ تميّز المفاتيح بآخر أربعة أحرف وبصمة. استخدم,,Pending,,
ui.write.only.the.value.is.never.returned.by.any.endpoint.s.b22264b9,"Write-only. The value is never returned by any endpoint, so it cannot be shown here or checked by eye — the last four characters and a fingerprint are what distinguish one key from another. Use ",للكتابة فقط. لا تعيد أي نقطة نهاية القيمة فلا يمكن عرضها أو فحصها بصرياً؛ تميّز المفاتيح بآخر أربعة أحرف وبصمة. استخدم ,,Pending,,
Year to date,Year to date,العام حتى اليوم,,Pending,,
ui.you.can.return.to.the.list.to.view.available.records.5482214b,You can return to the list to view available records.,يمكنك العودة للقائمة لعرض السجلات المتاحة.,,Pending,,
api.message.56965921d180,You cannot archive this record.,لا يمكنك أرشفة هذا السجل.,,Pending,,
"You typed ""{mine}"". It now says ""{theirs}"". Your change was not saved.","You typed ""{mine}"". It now says ""{theirs}"". Your change was not saved.","أدخلت ""{mine}"". القيمة الآن ""{theirs}"". لم يتم حفظ تغييرك.",,Pending,,
ui.your.account.does.not.have.access.to.this.page.e10366ba,Your account does not have access to this page.,حسابك لا يملك صلاحية الوصول لهذه الصفحة.,,Pending,,
ui.your.current.access.allows.reading.only.e3f1b863,Your current access allows reading only.,صلاحياتك الحالية تسمح بالقراءة فقط.,,Pending,,
ui.your.edits.1eaa375b,Your edits,تعديلاتك,,Pending,,
ui.your.message.7a057bd9,Your message,رسالتك,,Pending,,
api.message.78430f3b7add,Your role cannot change record panels.,دورك لا يسمح بتغيير لوحات السجل.,,Pending,,
api.message.7cfa1d1c6fe6,Your role cannot import records.,دورك لا يسمح باستيراد السجلات.,,Pending,,
api.message.097943763f47,Your role cannot use approvals.,دورك لا يسمح باستخدام الموافقات.,,Pending,,
api.message.1970417725ab,Your session ended.,انتهت جلستك.,,Pending,,
Your session has ended,Your session has ended,انتهت جلستك,,Pending,,
ui.your.values.match.this.version.deecc49a,Your values match this version.,قيمك مطابقة لهذا الإصدار.,,Pending,,
ui.zebra.stripes.ad73773d,Zebra stripes,تظليل الصفوف بالتناوب,,Pending,,
Zero rated,Zero rated,نسبة صفرية,,Pending,,
ago,ago,مضت,,Pending,,
an unidentified user,an unidentified user,مستخدم غير معروف,,Pending,,
an unknown role,an unknown role,دور غير معروف,,Pending,,
approve,approve,اعتماد,,Pending,,
approved,approved,معتمد,,Pending,,
ui.by.decision.making.8638211d,by decision making,باتخاذ القرار,,Pending,,
ui.by.time.2af7b471,by time,بالوقت,,Pending,,
ui.cannot.be.put.in.a.link.save.a.view.to.share.this.b838f347,cannot be put in a link. Save a view to share this.,لا يمكن وضعه في رابط. احفظ عرضاً لمشاركته.,,Pending,,
captured,captured,تم التقاطه,,Pending,,
ui.carried.out.of.the.building.fe624e77,carried out of the building,أُخرج من المبنى,,Pending,,
ui.changed.d67e2e94,changed,تم تغييره,,Pending,,
changes-requested,changes-requested,تعديلات مطلوبة,,Pending,,
ui.clinical.98569e7e,clinical,سريري,,Pending,,
clinical template,clinical template,قالب سريري,,Pending,,
combinations,combinations,تركيبات,,Pending,,
composed template,composed template,قالب مركّب,,Pending,,
ui.configured.20158224,configured,مهيأ,,Pending,,
ui.connecting.4b639453,connecting…,جارٍ الاتصال…,,Pending,,
ui.data.rows.the.first.row.supplies.column.headers.7533f307,data rows. The first row supplies column headers.,صفوف بيانات. يوفر الصف الأول عناوين الأعمدة.,,Pending,,
days,days,أيام,,Pending,,
ui.defaults.in.use.9afc074e,defaults in use,الإعدادات الافتراضية مستخدمة,,Pending,,
ui.disabled.17eb3c01,disabled,معطّل,,Pending,,
down,down,هبوط,,Pending,,
ui.enabled.fb9cf756,enabled,مفعّل,,Pending,,
ui.enterprise.admin.c90de4a1,enterprise-admin,مدير المؤسسة,,Pending,,
ui.failed.5d28a90f,failed,فشل,,Pending,,
families,families,عائلات,,Pending,,
ui.field.c0d2856b,field,حقل,,Pending,,
ui.fields.bfe5d697,fields,حقول,,Pending,,
ui.filter.dfc3376b,filter,عامل تصفية,,Pending,,
final segment,final segment,المقطع النهائي,,Pending,,
finance-manager,finance-manager,مدير المالية,,Pending,,
for the commands available on this page.,for the commands available on this page.,للأوامر المتاحة في هذه الصفحة.,,Pending,,
ui.forwarded.8e12cac1,forwarded,أُعيد إرساله,,Pending,,
gate. You will see exactly what is captured before anything is sent.,gate. You will see exactly what is captured before anything is sent.,. سترى ما يتم التقاطه قبل إرسال أي شيء.,,Pending,,
ui.healthy.87695fda,healthy,سليم,,Pending,,
ui.in.my.preferences.to.skip.this.prompt.0e1972b0,in My Preferences to skip this prompt.,في تفضيلاتي لتخطي هذا الطلب.,,Pending,,
invalid,invalid,غير صالح,,Pending,,
"is resolved server-side at dispatch and is never sent to a browser, so it cannot be read, replayed or edited from here — changing one is a server deployment.","is resolved server-side at dispatch and is never sent to a browser, so it cannot be read, replayed or edited from here — changing one is a server deployment.",يُحل على الخادم عند الإرسال ولا يُرسل للمتصفح؛ فلا يمكن قراءته أو إعادة استخدامه أو تعديله هنا. تغييره يتطلب نشر الخادم.,,Pending,,
is worth showing: 20 because someone chose 20 and 20 because nothing is configured look identical in the number alone.,is worth showing: 20 because someone chose 20 and 20 because nothing is configured look identical in the number alone.,يستحق العرض: العدد 20 يبدو نفسه سواء اختاره شخص أو لم يُضبط شيء.,,Pending,,
ui.it.is.outside.this.application.no.retention.rule.reaches.b3c815a5,"it is outside this application: no retention rule reaches it, and nobody is asked again when it is",يكون خارج التطبيق: لا تنطبق عليه قاعدة احتفاظ ولا يُطلب التأكيد مجدداً عند,,Pending,,
ui.key.cbc3fdcb,key ····,مفتاح ····,,Pending,,
api.message.fbdc4d87103a,layout.columns must be an array.,يجب أن تكون layout.columns مصفوفة.,,Pending,,
left drawer,left drawer,لوحة يسارية,,Pending,,
line items •,line items •,بنود •,,Pending,,
messages,messages,رسائل,,Pending,,
min ·,min ·,دقيقة ·,,Pending,,
ui.navigation.d70d5a79,navigation,التنقل,,Pending,,
ui.never.6497e4b3,never,أبداً,,Pending,,
ui.no.key.a199dc8c,no key,بلا مفتاح,,Pending,,
ui.not.set.1aef9399,not set,غير مضبوط,,Pending,,
notifications,notifications,إشعارات,,Pending,,
ui.of.28391d3b,of,من,,Pending,,
open,open,مفتوح,,Pending,,
operational,operational,يعمل,,Pending,,
operations-analyst,operations-analyst,محلل العمليات,,Pending,,
ui.or.7175517a,or,أو,,Pending,,
patient,patient,مريض,,Pending,,
ui.paused.a7a9dc5b,paused,متوقف مؤقتاً,,Pending,,
pending,pending,قيد الانتظار,,Pending,,
ui.printed.dda3af6e,printed,مطبوع,,Pending,,
ui.printout.c05892a2,printout,نسخة مطبوعة,,Pending,,
priority,priority,الأولوية,,Pending,,
ui.priority.5f016d6d,priority ,الأولوية ,,Pending,,
problem context,problem context,سياق المشكلة,,Pending,,
ui.records.a94e7bcf,records,سجلات,,Pending,,
ui.redacted.b68919af,redacted,محجوب,,Pending,,
registered,registered,مسجل,,Pending,,
reject,reject,رفض,,Pending,,
rejected,rejected,مرفوض,,Pending,,
request-changes,request-changes,طلب تعديلات,,Pending,,
ui.required.d0a36305,required,مطلوب,,Pending,,
"required sections. This measures whether the note is filled in, not whether it is clinically sufficient — and it is not a billing indicator.","required sections. This measures whether the note is filled in, not whether it is clinically sufficient — and it is not a billing indicator.",أقسام مطلوبة. يقيس اكتمال الملاحظة لا كفايتها السريرية، وليس مؤشراً للفوترة.,,Pending,,
resubmitted,resubmitted,أعيد الإرسال,,Pending,,
right drawer,right drawer,لوحة يمينية,,Pending,,
risk layer,risk layer,طبقة المخاطر,,Pending,,
rows,rows,صفوف,,Pending,,
ui.sections.4697ef32,sections,أقسام,,Pending,,
"sections, ordered core → type → specialty → complaint → context. Each names its layer.","sections, ordered core → type → specialty → complaint → context. Each names its layer.",أقسام مرتبة: أساسي ← نوع ← تخصص ← شكوى ← سياق. كل قسم يذكر طبقته.,,Pending,,
ui.selected.d7cbbb68,selected,محدد,,Pending,,
ui.skipped.not.attempted.59189ba9,"skipped, not attempted",متخطى دون محاولة,,Pending,,
ui.streaming.b304adc3,streaming,بث مباشر,,Pending,,
submitted,submitted,تم الإرسال,,Pending,,
ui.succeeded.5cbc2fb4,succeeded ·,نجح ·,,Pending,,
ui.success.aee40884,success,ناجح,,Pending,,
ui.text.982d9e3e,text,النص,,Pending,,
ui.that.field.533d6c97,that field,ذلك الحقل,,Pending,,
this view,this view,هذا العرض,,Pending,,
ui.those.fields.1ad330c4,those fields,تلك الحقول,,Pending,,
to,to,إلى,,Pending,,
to find out whether it still works.,to find out whether it still works.,لمعرفة ما إذا كان لا يزال يعمل.,,Pending,,
ui.total.time.not.by.counting.history.and.examination.bulle.4ca4c59a,"total time, not by counting history and examination bullets. US CPT guidance; it does not apply to this tenant's UAE billing.",إجمالي الوقت، لا بعدّ بنود التاريخ والفحص. إرشادات CPT أمريكية لا تنطبق على فوترة هذا المستأجر في الإمارات.,,Pending,,
"unavailable, so","unavailable, so",غير متاح، لذا,,Pending,,
unchanged,unchanged,دون تغيير,,Pending,,
unknown,unknown,غير معروف,,Pending,,
ui.unread.2cc1c371,unread,غير مقروء,,Pending,,
up,up,صعود,,Pending,,
visit intent,visit intent,غرض الزيارة,,Pending,,
vs previous period,vs previous period,مقارنة بالفترة السابقة,,Pending,,
ui.will.contain.8ae754fa,will contain,سيحتوي على,,Pending,,
will look empty. Other fields are unaffected.,will look empty. Other fields are unaffected.,سيظهر فارغاً. الحقول الأخرى لا تتأثر.,,Pending,,
ui.working.5aaf3b70,working…,جارٍ العمل…,,Pending,,
worklist,worklist,قائمة العمل,,Pending,,
{action} action,{action} action,إجراء {action},,Pending,,
{count} field captured,{count} field captured,عدد الحقول الملتقطة: {count},,Pending,,
{count} field need attention.,{count} field need attention.,حقول تحتاج مراجعة: {count}.,,Pending,,
{count} fields captured,{count} fields captured,عدد الحقول الملتقطة: {count},,Pending,,
{count} fields need attention.,{count} fields need attention.,حقول تحتاج مراجعة: {count}.,,Pending,,
{count} filter cannot be put in a link. Save a view to share this.,{count} filter cannot be put in a link. Save a view to share this.,فلاتر لا يمكن تضمينها في رابط: {count}. احفظ عرضاً لمشاركتها.,,Pending,,
{count} filters cannot be put in a link. Save a view to share this.,{count} filters cannot be put in a link. Save a view to share this.,فلاتر لا يمكن تضمينها في رابط: {count}. احفظ عرضاً لمشاركتها.,,Pending,,
{count} option,{count} option,عدد الخيارات: {count},,Pending,,
{count} options,{count} options,عدد الخيارات: {count},,Pending,,
{count} palettes. Each card is drawn with that theme's real tokens.,{count} palettes. Each card is drawn with that theme's real tokens.,{count} لوحات ألوان. تُعرض كل بطاقة باستخدام قيم المظهر الفعلية.,,Pending,,
{count} rows loaded into Spreadsheet Studio.,{count} rows loaded into Spreadsheet Studio.,تم تحميل صفوف إلى استوديو الجداول: {count}.,,Pending,,
{decision} for {count} record(s)? Your comment will be added to each history.,{decision} for {count} record(s)? Your comment will be added to each history.,{decision} لسجلات عددها {count}؟ سيُضاف تعليقك إلى سجل كل منها.,,Pending,,
{field} cannot be empty.,{field} cannot be empty.,لا يمكن ترك {field} فارغاً.,,Pending,,
{field} cannot be negative.,{field} cannot be negative.,لا يمكن أن يكون {field} سالباً.,,Pending,,
{field} is required,{field} is required,{field} مطلوب,,Pending,,
{field} must be a number,{field} must be a number,يجب أن يكون {field} رقماً,,Pending,,
{field} must be a number.,{field} must be a number.,يجب أن يكون {field} رقماً.,,Pending,,
{field} must be at least {value},{field} must be at least {value},يجب ألا يقل {field} عن {value},,Pending,,
{field} must be at most {value},{field} must be at most {value},يجب ألا يزيد {field} عن {value},,Pending,,
{field} was changed by someone else,{field} was changed by someone else,تم تغيير {field} بواسطة شخص آخر,,Pending,,
{label} ({count} unread),{label} ({count} unread),{label} ({count} غير مقروء),,Pending,,
{percent}% favorable,{percent}% favorable,{percent}% لصالح الخطة,,Pending,,
{provider} key,{provider} key,مفتاح {provider},,Pending,,
{report} completed using the selected filters.,{report} completed using the selected filters.,اكتمل {report} باستخدام الفلاتر المحددة.,,Pending,,
{report} will be delivered to {count} recipients.,{report} will be delivered to {count} recipients.,سيُرسل {report} إلى مستلمين عددهم {count}.,,Pending,,
ui.requested.by.83e44ed5,· Requested by,· طُلب بواسطة,,Pending,,
"· audio is streamed, never stored · the transcript is not saved until you use it","· audio is streamed, never stored · the transcript is not saved until you use it",· يُبث الصوت ولا يُخزّن · لا يُحفظ النص حتى تستخدمه,,Pending,,
ui.tenant.b34b287f,· tenant,· المستأجر,,Pending,,
— failing at call time would turn a configuration mistake into an outage in the middle of a consultation.,— failing at call time would turn a configuration mistake into an outage in the middle of a consultation.,— الفشل وقت الاتصال يحوّل خطأ التهيئة إلى انقطاع أثناء الاستشارة.,,Pending,,
ui.is.not.in.82f33b7f,” is not in,» ليس في,,Pending,,
ui.clear.the.search.to.go.back.to.tabs.abb33ccd,”. Clear the search to go back to tabs.,». امسح البحث للعودة للتبويبات.,,Pending,,
ui.back.aceb696a,← Back,← رجوع,,Pending,,
api.message.eda4913ca4aa,Approval unavailable.,الموافقة غير متاحة.,,Pending,,
api.message.8bdf033a7cbe,Approval changed. Refresh and review again.,تغيّرت الموافقة. حدّث الصفحة وراجعها مجددًا.,,Pending,,
api.message.4288840bf0c7,"Your role cannot decide this stage, or you are the requester.",دورك لا يسمح باتخاذ قرار في هذه المرحلة، أو أنك مقدم الطلب.,,Pending,,
api.message.edf9820feae1,Saved record changed. Ask the requester to resubmit it.,تغيّر السجل المحفوظ. اطلب من مقدم الطلب إعادة إرساله.,,Pending,,
ui.components.cards,Cards and grids,البطاقات والشبكات,,Pending,,Shared component registry
ui.components.cards.help,"Card sections, footers and configurable grids",أقسام البطاقات وتذييلاتها وشبكات قابلة للتكوين,,Pending,,Shared component registry
ui.components.tables,Tables,الجداول,,Pending,,Shared component registry
ui.components.tables.help,"Shared table structure, density, stripes and sticky headers",بنية جدول مشتركة وكثافة الصفوف وتظليل متناوب ورؤوس ثابتة,,Pending,,Shared component registry
ui.components.dates,Date and time,التاريخ والوقت,,Pending,,Shared component registry
ui.components.dates.help,"Calendar, date ranges and date/time inputs",التقويم ونطاقات التاريخ وحقول التاريخ والوقت,,Pending,,Shared component registry
ui.components.values,Data display,عرض البيانات,,Pending,,Shared component registry
ui.components.values.help,Formatted values and labeled record details,قيم منسقة وتفاصيل سجلات مع تسميات,,Pending,,Shared component registry
Could not load language,Could not load language,تعذر تحميل اللغة,,Pending,,Engineering review follow-up
Your current language was kept. Please try again.,Your current language was kept. Please try again.,تم الاحتفاظ بلغتك الحالية. حاول مرة أخرى.,,Pending,,Engineering review follow-up
Use the eight costing-template column headers. Unknown or duplicate columns cannot be imported.,Use the eight costing-template column headers. Unknown or duplicate columns cannot be imported.,استخدم عناوين الأعمدة الثمانية لقالب التكاليف. لا يمكن استيراد أعمدة غير معروفة أو مكررة.,,Pending,,Engineering review follow-up
Import at most 500 costing rows.,Import at most 500 costing rows.,استورد 500 صف تكاليف كحد أقصى.,,Pending,,Engineering review follow-up
Values outside the costing-template columns cannot be imported.,Values outside the costing-template columns cannot be imported.,لا يمكن استيراد قيم خارج أعمدة قالب التكاليف.,,Pending,,Engineering review follow-up
"Costing cells must contain text or finite numbers, up to 4000 characters.","Costing cells must contain text or finite numbers, up to 4000 characters.",يجب أن تحتوي خلايا التكاليف على نص أو أرقام محدودة، بحد أقصى 4000 حرف.,,Pending,,Engineering review follow-up
Costing amounts must be non-negative numbers; percentages must be between 0 and 100.,Costing amounts must be non-negative numbers; percentages must be between 0 and 100.,يجب أن تكون مبالغ التكاليف غير سالبة، والنسب المئوية بين 0 و100.,,Pending,,Engineering review follow-up
The costing export schema requires review before downloading.,The costing export schema requires review before downloading.,يتطلب مخطط تصدير التكاليف مراجعة قبل التنزيل.,,Pending,,Engineering review follow-up
The export could not be recorded. Please retry.,The export could not be recorded. Please retry.,تعذر تسجيل التصدير. حاول مرة أخرى.,,Pending,,Engineering review follow-up
Could not read workbook.,Could not read workbook.,تعذرت قراءة المصنف.,,Pending,,Engineering review follow-up
api.security.3c964cd8b6e5,AI provider is not approved.,مزود الذكاء الاصطناعي غير معتمد.,,Pending,,AI-authored; native review required
api.security.4dd9062361e3,Audit storage is unavailable.,تخزين سجل التدقيق غير متاح.,,Pending,,AI-authored; native review required
api.security.0c9544b75527,Origin is not allowed.,مصدر الطلب غير مسموح به.,,Pending,,AI-authored; native review required
api.security.2eefa1d8b871,Report is not available for this account.,التقرير غير متاح لهذا الحساب.,,Pending,,AI-authored; native review required
api.security.e5df7a3f454a,"Check the schedule name, frequency and start time.",تحقق من اسم الجدول وتكراره ووقت البدء.,,Pending,,AI-authored; native review required
api.security.1abfc8632394,Report delivery is not ready.,التقرير غير جاهز للتسليم.,,Pending,,AI-authored; native review required
api.security.2dadd486ec63,Unknown report schedule action.,إجراء غير معروف لجدول التقرير.,,Pending,,AI-authored; native review required
api.security.66db97bec1c7,Provider credential has expired. Rotate it before use.,انتهت صلاحية بيانات اعتماد المزود. استبدلها قبل الاستخدام.,,Pending,,AI-authored; native review required
api.security.44b095ad73e5,AI access is disabled for this request.,الوصول إلى الذكاء الاصطناعي معطل لهذا الطلب.,,Pending,,AI-authored; native review required
api.security.f222b526aed8,AI context is not approved for this provider.,سياق الذكاء الاصطناعي غير معتمد لهذا المزود.,,Pending,,AI-authored; native review required
api.security.6cfc1a2964dc,Service is temporarily unavailable.,الخدمة غير متاحة مؤقتًا.,,Pending,,AI-authored; native review required
api.security.e45696f265e5,Clinical speech delivery requires an approved provider contract.,يتطلب إرسال الصوت السريري عقدًا مع مزود معتمد.,,Pending,,AI-authored; native review required
Report request failed.,Report request failed.,فشل طلب التقرير.,,Pending,,AI-authored; native review required
Scheduled demo summaries are delivered here as CSV. Times use UTC. Email delivery is not configured.,Scheduled demo summaries are delivered here as CSV. Times use UTC. Email delivery is not configured.,تُسلّم ملخصات العرض المجدولة هنا بصيغة CSV. الأوقات بتوقيت UTC. التسليم بالبريد الإلكتروني غير مهيأ.,,Pending,,AI-authored; native review required
Delivery time (UTC),Delivery time (UTC),وقت التسليم (UTC),,Pending,,AI-authored; native review required
Next run (UTC),Next run (UTC),التشغيل التالي (UTC),,Pending,,AI-authored; native review required
Delivered reports are retained for 30 days. Failed deliveries retry automatically up to five times.,Delivered reports are retained for 30 days. Failed deliveries retry automatically up to five times.,تُحتفظ التقارير المسلّمة لمدة 30 يومًا. تُعاد محاولة التسليم الفاشل تلقائيًا حتى خمس مرات.,,Pending,,AI-authored; native review required
Keyboard shortcuts,Keyboard shortcuts,اختصارات لوحة المفاتيح,,Pending,,Tenant preference policy controls
Open records,Open records,فتح السجلات,,Pending,,Tenant preference policy controls
Loading skeletons,Loading skeletons,هياكل التحميل,,Pending,,Tenant preference policy controls
Preference policies,Preference policies,سياسات التفضيلات,,Pending,,Tenant preference policy controls
Managed by your administrator,Managed by your administrator,يديره المسؤول,,Pending,,Tenant preference policy controls
Locked preferences were not changed.,Locked preferences were not changed.,لم تتغير التفضيلات المقفلة.,,Pending,,Tenant preference policy controls
Set defaults and lock settings for everyone in this tenant and application. Unlocking restores personal choices.,Set defaults and lock settings for everyone in this tenant and application. Unlocking restores personal choices.,عيّن القيم الافتراضية واقفل الإعدادات للجميع في هذه المؤسسة والتطبيق. إلغاء القفل يعيد الخيارات الشخصية.,,Pending,,Tenant preference policy controls
Could not load preference policy.,Could not load preference policy.,تعذر تحميل سياسة التفضيلات.,,Pending,,Tenant preference policy controls
Could not save preference policy.,Could not save preference policy.,تعذر حفظ سياسة التفضيلات.,,Pending,,Tenant preference policy controls
Preference policy changed. Reload before saving.,Preference policy changed. Reload before saving.,تغيرت سياسة التفضيلات. أعد التحميل قبل الحفظ.,,Pending,,Tenant preference policy controls
Preference policy saved.,Preference policy saved.,تم حفظ سياسة التفضيلات.,,Pending,,Tenant preference policy controls
Save policy,Save policy,حفظ السياسة,,Pending,,Tenant preference policy controls
Preference,Preference,التفضيل,,Pending,,Tenant preference policy controls
Default or locked value,Default or locked value,القيمة الافتراضية أو المقفلة,,Pending,,Tenant preference policy controls
Use application default,Use application default,استخدام القيمة الافتراضية للتطبيق,,Pending,,Tenant preference policy controls
Policy history,Policy history,سجل السياسة,,Pending,,Tenant preference policy controls
Reload preferences,Reload preferences,إعادة تحميل التفضيلات,,Pending,,Tenant preference policy controls
Could not refresh preferences.,Could not refresh preferences.,تعذر تحديث التفضيلات.,,Pending,,Tenant preference policy controls
Could not save preferences. Retry your changes.,Could not save preferences. Retry your changes.,تعذر حفظ التفضيلات. أعد محاولة التغييرات.,,Pending,,Tenant preference policy controls
Preferences changed. The current administrator policy has been applied.,Preferences changed. The current administrator policy has been applied.,تغيرت التفضيلات. تم تطبيق سياسة المسؤول الحالية.,,Pending,,Tenant preference policy controls
Only a tenant administrator can manage preference policies.,Only a tenant administrator can manage preference policies.,يمكن لمسؤول المؤسسة فقط إدارة سياسات التفضيلات.,,Pending,,Tenant preference policy controls
Invalid preference policy.,Invalid preference policy.,سياسة التفضيلات غير صالحة.,,Pending,,Tenant preference policy controls
Invalid preference values.,Invalid preference values.,قيم التفضيلات غير صالحة.,,Pending,,Tenant preference policy controls
This preference is managed by your administrator.,This preference is managed by your administrator.,يدير المسؤول هذا التفضيل.,,Pending,,Tenant preference policy controls
Preferences changed in another session. Reload before saving.,Preferences changed in another session. Reload before saving.,تغيرت التفضيلات في جلسة أخرى. أعد التحميل قبل الحفظ.,,Pending,,Tenant preference policy controls
preference.label.theme,Theme,السمة,,Pending,,Tenant preference policy controls
preference.label.formNavigation,Record form style,نمط نموذج السجل,,Pending,,Tenant preference policy controls
preference.option.formNavigation.rail,Rail,الشريط الجانبي,,Pending,,Tenant preference policy controls
preference.option.formNavigation.tabs,Tabs,التبويبات,,Pending,,Tenant preference policy controls
preference.option.formNavigation.wizard,Wizard,معالج,,Pending,,Tenant preference policy controls
preference.label.resultView,Worklist result view,عرض نتائج قائمة العمل,,Pending,,Tenant preference policy controls
preference.option.resultView.table,Table,جدول,,Pending,,Tenant preference policy controls
preference.option.resultView.cards,Card grid,شبكة بطاقات,,Pending,,Tenant preference policy controls
preference.label.previewMode,Quick view style,نمط العرض السريع,,Pending,,Tenant preference policy controls
preference.option.previewMode.center-card,Centered record card,بطاقة سجل في الوسط,,Pending,,Tenant preference policy controls
preference.option.previewMode.center-modal,Center modal,نافذة وسطية,,Pending,,Tenant preference policy controls
preference.option.previewMode.left-drawer,Left side panel,لوحة جانبية يسرى,,Pending,,Tenant preference policy controls
preference.option.previewMode.right-drawer,Right side panel,لوحة جانبية يمنى,,Pending,,Tenant preference policy controls
preference.label.sidebarPlacement,Position,الموضع,,Pending,,Tenant preference policy controls
preference.option.sidebarPlacement.left,Left,يسار,,Pending,,Tenant preference policy controls
preference.option.sidebarPlacement.right,Right,يمين,,Pending,,Tenant preference policy controls
preference.label.sidebarPinned,Pinned open,مثبّت مفتوحاً,,Pending,,Tenant preference policy controls
preference.label.density,Density,الكثافة,,Pending,,Tenant preference policy controls
preference.option.density.compact,Compact,مضغوط,,Pending,,Tenant preference policy controls
preference.option.density.comfortable,Comfortable,مريح,,Pending,,Tenant preference policy controls
preference.option.density.spacious,Spacious,واسع,,Pending,,Tenant preference policy controls
preference.label.pageSize,Default rows per page,عدد الصفوف الافتراضي لكل صفحة,,Pending,,Tenant preference policy controls
preference.option.pageSize.10,10,10,,Pending,,Tenant preference policy controls
preference.option.pageSize.20,20,20,,Pending,,Tenant preference policy controls
preference.option.pageSize.50,50,50,,Pending,,Tenant preference policy controls
preference.option.pageSize.100,100,100,,Pending,,Tenant preference policy controls
preference.label.fontFamily,Font family,عائلة الخط,,Pending,,Tenant preference policy controls
preference.option.fontFamily.inter,Inter (default),Inter (افتراضي),,Pending,,Tenant preference policy controls
preference.option.fontFamily.system,System UI,خط النظام,,Pending,,Tenant preference policy controls
preference.option.fontFamily.georgia,Georgia (serif),Georgia (بزوائد),,Pending,,Tenant preference policy controls
preference.label.fontSizeBase,Base font size,حجم الخط الأساسي,,Pending,,Tenant preference policy controls
preference.label.fontSizeForm,Form field size,حجم حقول النموذج,,Pending,,Tenant preference policy controls
preference.label.fontSizeResult,Result / table size,حجم النتائج / الجدول,,Pending,,Tenant preference policy controls
preference.label.toastPosition,Position,الموضع,,Pending,,Tenant preference policy controls
preference.option.toastPosition.top-left,Top left,أعلى اليسار,,Pending,,Tenant preference policy controls
preference.option.toastPosition.top-center,Top center,أعلى الوسط,,Pending,,Tenant preference policy controls
preference.option.toastPosition.top-right,Top right,أعلى اليمين,,Pending,,Tenant preference policy controls
preference.option.toastPosition.bottom-left,Bottom left,أسفل اليسار,,Pending,,Tenant preference policy controls
preference.option.toastPosition.bottom-center,Bottom center,أسفل الوسط,,Pending,,Tenant preference policy controls
preference.option.toastPosition.bottom-right,Bottom right,أسفل اليمين,,Pending,,Tenant preference policy controls
preference.label.toastDuration,Duration,المدة,,Pending,,Tenant preference policy controls
preference.option.toastDuration.2000,2 seconds,ثانيتان,,Pending,,Tenant preference policy controls
preference.option.toastDuration.3500,3.5 seconds,3.5 ثانية,,Pending,,Tenant preference policy controls
preference.option.toastDuration.5000,5 seconds,5 ثوانٍ,,Pending,,Tenant preference policy controls
preference.option.toastDuration.8000,8 seconds,8 ثوانٍ,,Pending,,Tenant preference policy controls
preference.label.toastStyle,Style,النمط,,Pending,,Tenant preference policy controls
preference.option.toastStyle.solid,Solid — filled with its colour,مصمت — مملوء بلونه,,Pending,,Tenant preference policy controls
preference.option.toastStyle.light,Light — tinted icon on a surface,فاتح — أيقونة ملونة على سطح,,Pending,,Tenant preference policy controls
preference.label.helperEnabled,Help assistant button,زر مساعد المساعدة,,Pending,,Tenant preference policy controls
preference.label.documentationEnabled,Documentation panel on pages,لوحة التوثيق في الصفحات,,Pending,,Tenant preference policy controls
preference.label.reducedMotion,Animations,الحركات,,Pending,,Tenant preference policy controls
preference.label.language,Language,اللغة,,Pending,,Tenant preference policy controls
preference.option.language.en,English,الإنجليزية,,Pending,,Tenant preference policy controls
preference.option.language.ar,Arabic,العربية,,Pending,,Tenant preference policy controls
preference.option.language.hi,Hindi,الهندية,,Pending,,Tenant preference policy controls
preference.option.language.ml,Malayalam,المالايالامية,,Pending,,Tenant preference policy controls
preference.label.billingLayout,Billing workspace layout,تخطيط مساحة الفوترة,,Pending,,Tenant preference policy controls
preference.option.billingLayout.workspace,Workspace tabs,تبويبات مساحة العمل,,Pending,,Tenant preference policy controls
preference.option.billingLayout.vertical,Vertical sections,أقسام عمودية,,Pending,,Tenant preference policy controls
preference.option.billingLayout.split,Split header and lines,تقسيم الرأس والبنود,,Pending,,Tenant preference policy controls
preference.label.globalSearchMode,Search matching,مطابقة البحث,,Pending,,Tenant preference policy controls
preference.option.globalSearchMode.contains,"Contains — the phrase, in any cell",يحتوي على — العبارة في أي خلية,,Pending,,Tenant preference policy controls
preference.option.globalSearchMode.starts-with,Starts with — a cell begins with it,يبدأ بـ — بداية الخلية,,Pending,,Tenant preference policy controls
preference.option.globalSearchMode.smart,"Smart — every word, anywhere in the row",ذكي — كل كلمة في أي موضع بالصف,,Pending,,Tenant preference policy controls
preference.label.rememberFilters,Remember filters and search,تذكّر عوامل التصفية والبحث,,Pending,,Tenant preference policy controls
preference.label.openRecordsInTabs,Open records in tabs,فتح السجلات في تبويبات,,Pending,,Tenant preference policy controls
preference.label.showKeyboardHints,Keyboard shortcut hints,تلميحات اختصارات لوحة المفاتيح,,Pending,,Tenant preference policy controls
preference.label.floatingWindows,Floating windows,نوافذ عائمة,,Pending,,Tenant preference policy controls
preference.label.openRecordsIn,Open records,فتح السجلات,,Pending,,Tenant preference policy controls
preference.option.openRecordsIn.new-tab,Open records in a new tab,فتح السجلات في تبويب جديد,,Pending,,Tenant preference policy controls
preference.option.openRecordsIn.same-tab,Open records in place,فتح السجلات في نفس المكان,,Pending,,Tenant preference policy controls
preference.label.dateFormat,Date format,تنسيق التاريخ,,Pending,,Tenant preference policy controls
preference.option.dateFormat.iso,2026-09-03 — ISO,2026-09-03 — تنسيق ISO,,Pending,,Tenant preference policy controls
preference.option.dateFormat.dmy,03/09/2026 — day first,03/09/2026 — اليوم أولاً,,Pending,,Tenant preference policy controls
preference.option.dateFormat.mdy,09/03/2026 — month first,09/03/2026 — الشهر أولاً,,Pending,,Tenant preference policy controls
preference.option.dateFormat.medium,03 Sep 2026,03 سبتمبر 2026,,Pending,,Tenant preference policy controls
preference.label.numberLocale,Number format,تنسيق الأرقام,,Pending,,Tenant preference policy controls
preference.option.numberLocale.en-US,"1,234,567.89","1,234,567.89",,Pending,,Tenant preference policy controls
preference.option.numberLocale.de-DE,"1.234.567,89","1.234.567,89",,Pending,,Tenant preference policy controls
preference.option.numberLocale.fr-FR,"1 234 567,89","1 234 567,89",,Pending,,Tenant preference policy controls
preference.option.numberLocale.en-IN,"12,34,567.89 — lakh/crore","12,34,567.89 — لاك/كرور",,Pending,,Tenant preference policy controls
preference.label.currencyCode,Currency,العملة,,Pending,,Tenant preference policy controls
preference.option.currencyCode.AED,AED — UAE dirham,AED — الدرهم الإماراتي,,Pending,,Tenant preference policy controls
preference.option.currencyCode.USD,USD — US dollar,USD — الدولار الأمريكي,,Pending,,Tenant preference policy controls
preference.option.currencyCode.EUR,EUR — Euro,EUR — اليورو,,Pending,,Tenant preference policy controls
preference.option.currencyCode.INR,INR — Indian rupee,INR — الروبية الهندية,,Pending,,Tenant preference policy controls
preference.option.currencyCode.GBP,GBP — Pound sterling,GBP — الجنيه الإسترليني,,Pending,,Tenant preference policy controls
preference.label.decimalPlaces,Decimal places,المنازل العشرية,,Pending,,Tenant preference policy controls
preference.option.decimalPlaces.0,"None — 1,200","بلا — 1,200",,Pending,,Tenant preference policy controls
preference.option.decimalPlaces.2,"Two — 1,200.00","اثنان — 1,200.00",,Pending,,Tenant preference policy controls
preference.option.decimalPlaces.3,"Three — 1,200.000","ثلاثة — 1,200.000",,Pending,,Tenant preference policy controls
preference.label.columnLayoutScope,Column layout is saved,تم حفظ تخطيط الأعمدة,,Pending,,Tenant preference policy controls
preference.option.columnLayoutScope.browser,For this browser only,لهذا المتصفح فقط,,Pending,,Tenant preference policy controls
preference.option.columnLayoutScope.account,To my account,إلى حسابي,,Pending,,Tenant preference policy controls
preference.label.sidebarExpandOn,Expands on,يتوسع عند,,Pending,,Tenant preference policy controls
preference.option.sidebarExpandOn.hover,Hover,التمرير بالمؤشر,,Pending,,Tenant preference policy controls
preference.option.sidebarExpandOn.click,Click,النقر,,Pending,,Tenant preference policy controls
preference.label.sidebarFocusExpand,Opens on keyboard focus,يفتح عند التركيز بلوحة المفاتيح,,Pending,,Tenant preference policy controls
preference.label.keyboardShortcuts,Keyboard shortcuts,اختصارات لوحة المفاتيح,,Pending,,Tenant preference policy controls
preference.label.loadingSkeletons,Loading skeletons,هياكل التحميل,,Pending,,Tenant preference policy controls
preference.label.sidebarTone,Rail tone,درجة لون الشريط الجانبي,,Pending,,Tenant preference policy controls
preference.option.sidebarTone.surface,Match,تطابق,,Pending,,Tenant preference policy controls
preference.option.sidebarTone.light,Light,فاتح,,Pending,,Tenant preference policy controls
preference.option.sidebarTone.contrast,Deep,داكن,,Pending,,Tenant preference policy controls
preference.label.sidebarTheme,Rail theme,سمة الشريط الجانبي,,Pending,,Tenant preference policy controls
preference.option.sidebarTheme.match,Match the page theme,مطابقة سمة الصفحة,,Pending,,Tenant preference policy controls
preference.label.headerTone,Bar tone,درجة لون الشريط,,Pending,,Tenant preference policy controls
preference.option.headerTone.surface,Match,تطابق,,Pending,,Tenant preference policy controls
preference.option.headerTone.light,Light,فاتح,,Pending,,Tenant preference policy controls
preference.option.headerTone.contrast,Deep,داكن,,Pending,,Tenant preference policy controls
preference.label.headerTheme,Bar theme,سمة الشريط,,Pending,,Tenant preference policy controls
preference.option.headerTheme.match,Match the page theme,مطابقة سمة الصفحة,,Pending,,Tenant preference policy controls
preference.label.maxVisibleToasts,On screen at once,ظاهرة في آن واحد,,Pending,,Tenant preference policy controls
preference.option.maxVisibleToasts.1,1 — newest only,1 — الأحدث فقط,,Pending,,Tenant preference policy controls
preference.option.maxVisibleToasts.3,3,3,,Pending,,Tenant preference policy controls
preference.option.maxVisibleToasts.5,5,5,,Pending,,Tenant preference policy controls
preference.label.timeFormat,Time format,تنسيق الوقت,,Pending,,Tenant preference policy controls
preference.option.timeFormat.12h,12-hour — 2:30 PM,12 ساعة — 2:30 م,,Pending,,Tenant preference policy controls
preference.option.timeFormat.24h,24-hour — 14:30,24 ساعة — 14:30,,Pending,,Tenant preference policy controls
preference.label.currencyDisplay,Currency shown as,عرض العملة كـ,,Pending,,Tenant preference policy controls
preference.option.currencyDisplay.symbol,"Symbol — د.إ1,200","الرمز — د.إ1,200",,Pending,,Tenant preference policy controls
preference.option.currencyDisplay.code,"Code — AED 1,200","الرمز — AED 1,200",,Pending,,Tenant preference policy controls
preference.option.currencyDisplay.none,"Number only — 1,200","رقم فقط — 1,200",,Pending,,Tenant preference policy controls
preference.label.negativeStyle,Negative amounts,المبالغ السالبة,,Pending,,Tenant preference policy controls
preference.option.negativeStyle.minus,"Minus sign — -1,200","علامة ناقص — -1,200",,Pending,,Tenant preference policy controls
preference.option.negativeStyle.parentheses,"Parentheses — (1,200)","أقواس — (1,200)",,Pending,,Tenant preference policy controls
preference.label.cornerRadius,Corner radius,نصف قطر الزوايا,,Pending,,Tenant preference policy controls
preference.label.landingPage,Start on,البدء من,,Pending,,Tenant preference policy controls
preference.option.landingPage.last-visited,The page I last had open,آخر صفحة فتحتها,,Pending,,Tenant preference policy controls
preference.option.landingPage.module-dashboard,The current module's dashboard,لوحة الوحدة الحالية,,Pending,,Tenant preference policy controls
preference.label.stickyTableHeader,Sticky header,رأس ثابت,,Pending,,Tenant preference policy controls
preference.label.zebraStripes,Zebra stripes,تظليل الصفوف بالتناوب,,Pending,,Tenant preference policy controls
preference.label.wrapCellText,Wrap long text,التفاف النص الطويل,,Pending,,Tenant preference policy controls
preference.label.confirmBulkActions,Confirm bulk actions,تأكيد الإجراءات الجماعية,,Pending,,Tenant preference policy controls
preference.label.exportFormat,Export format,تنسيق التصدير,,Pending,,Tenant preference policy controls
preference.option.exportFormat.csv,CSV — opens anywhere,CSV — يفتح في كل مكان,,Pending,,Tenant preference policy controls
preference.option.exportFormat.xlsx,Excel workbook (.xlsx),مصنف Excel (.xlsx),,Pending,,Tenant preference policy controls
preference.label.clockSeconds,Show seconds,إظهار الثواني,,Pending,,Tenant preference policy controls
preference.label.clockZone,Time zone,المنطقة الزمنية,,Pending,,Tenant preference policy controls
preference.option.clockZone.browser,This device,هذا الجهاز,,Pending,,Tenant preference policy controls
preference.option.clockZone.branch,Selected branch,الفرع المحدد,,Pending,,Tenant preference policy controls
preference.label.docsPosition,Documentation position,موضع التوثيق,,Pending,,Tenant preference policy controls
preference.option.docsPosition.left,Left,يسار,,Pending,,Tenant preference policy controls
preference.option.docsPosition.right,Right,يمين,,Pending,,Tenant preference policy controls
Some content is shown in English.,Some content is shown in English.,يُعرض بعض المحتوى باللغة الإنجليزية.,,Pending,,Documentation Center UI
Invalid documentation request.,Invalid documentation request.,طلب توثيق غير صالح.,,Pending,,Documentation Center UI
What's new,What's new,ما الجديد,,Pending,,Documentation Center UI
Page is unavailable.,Page is unavailable.,الصفحة غير متاحة.,,Pending,,Documentation Center UI
Guide coverage,Guide coverage,تغطية الأدلة,,Pending,,Documentation Center UI
Could not load documentation.,Could not load documentation.,تعذر تحميل التوثيق.,,Pending,,Documentation Center UI
Documentation version is unavailable.,Documentation version is unavailable.,إصدار التوثيق غير متاح.,,Pending,,Documentation Center UI
Offline copy. Reconnect to check for updates.,Offline copy. Reconnect to check for updates.,نسخة دون اتصال. أعد الاتصال للتحقق من التحديثات.,,Pending,,Documentation Center UI
Read explanation,Read explanation,اقرأ الشرح,,Pending,,Documentation Center UI
No published patches for this version.,No published patches for this version.,لا توجد تحديثات تصحيحية منشورة لهذا الإصدار.,,Pending,,Documentation Center UI
Troubleshooting,Troubleshooting,استكشاف الأخطاء وإصلاحها,,Pending,,Documentation Center UI
Documentation Center,Documentation Center,مركز التوثيق,,Pending,,Documentation Center UI
How to use this page,How to use this page,كيفية استخدام هذه الصفحة,,Pending,,Documentation Center UI
Acknowledged,Acknowledged,تم الإقرار,,Pending,,Documentation Center UI
Translation review pending.,Translation review pending.,مراجعة الترجمة قيد الانتظار.,,Pending,,Documentation Center UI
Start tour,Start tour,بدء الجولة,,Pending,,Documentation Center UI
Purpose,Purpose,الغرض,,Pending,,Documentation Center UI
Authored guides,Authored guides,الأدلة المؤلفة,,Pending,,Documentation Center UI
Known issues,Known issues,المشكلات المعروفة,,Pending,,Documentation Center UI
Patches,Patches,التحديثات التصحيحية,,Pending,,Documentation Center UI
Select a guide or release to read.,Select a guide or release to read.,اختر دليلاً أو إصداراً للقراءة.,,Pending,,Documentation Center UI
Change notice changed. Reload before continuing.,Change notice changed. Reload before continuing.,تغير الإشعار. أعد التحميل قبل المتابعة.,,Pending,,Documentation Center UI
Search documentation,Search documentation,البحث في التوثيق,,Pending,,Documentation Center UI
"Page guides, releases, patches and changes.","Page guides, releases, patches and changes.",أدلة الصفحات والإصدارات والتحديثات والتغييرات.,,Pending,,Documentation Center UI
Showing English for this document revision.,Showing English for this document revision.,يُعرض هذا التنقيح من المستند باللغة الإنجليزية.,,Pending,,Documentation Center UI
Releases,Releases,الإصدارات,,Pending,,Documentation Center UI
Could not save reading status.,Could not save reading status.,تعذر حفظ حالة القراءة.,,Pending,,Documentation Center UI
Reference guide; detailed workflow review pending.,Reference guide; detailed workflow review pending.,دليل مرجعي؛ مراجعة سير العمل التفصيلية قيد الانتظار.,,Pending,,Documentation Center UI
I understand,I understand,فهمت,,Pending,,Documentation Center UI
Change notice is unavailable.,Change notice is unavailable.,إشعار التغيير غير متاح.,,Pending,,Documentation Center UI
Page guides,Page guides,أدلة الصفحات,,Pending,,Documentation Center UI
Distinct from first set: an incident usually turns on when it last changed.,Distinct from first set: an incident usually turns on when it last changed.,يختلف عن أول إعداد: عادةً ما يهم وقت آخر تغيير عند حدوث مشكلة.,,Pending,,Sentinel monitoring
Error Monitor,Error Monitor,مراقب الأخطاء,,Pending,,Sentinel monitoring
Review sanitized application incidents.,Review sanitized application incidents.,راجع حوادث التطبيق بعد إزالة البيانات الحساسة.,,Pending,,Sentinel monitoring
This page encountered an error. Please retry.,This page encountered an error. Please retry.,حدث خطأ في هذه الصفحة. يرجى إعادة المحاولة.,,Pending,,Sentinel monitoring
Invalid monitoring events.,Invalid monitoring events.,أحداث مراقبة غير صالحة.,,Pending,,Sentinel monitoring
Monitoring rate limit reached.,Monitoring rate limit reached.,تم بلوغ حد معدل المراقبة.,,Pending,,Sentinel monitoring
Monitoring administrator permission is required.,Monitoring administrator permission is required.,يلزم إذن مسؤول المراقبة.,,Pending,,Sentinel monitoring
Invalid monitoring filter.,Invalid monitoring filter.,مرشح مراقبة غير صالح.,,Pending,,Sentinel monitoring
Monitoring incident is unavailable.,Monitoring incident is unavailable.,حادثة المراقبة غير متاحة.,,Pending,,Sentinel monitoring
Invalid monitoring update.,Invalid monitoring update.,تحديث مراقبة غير صالح.,,Pending,,Sentinel monitoring
Monitoring incident changed. Reload before saving.,Monitoring incident changed. Reload before saving.,تغيرت الحادثة. أعد التحميل قبل الحفظ.,,Pending,,Sentinel monitoring
Could not load monitoring incidents.,Could not load monitoring incidents.,تعذر تحميل حوادث المراقبة.,,Pending,,Sentinel monitoring
Could not update monitoring incident.,Could not update monitoring incident.,تعذر تحديث حادثة المراقبة.,,Pending,,Sentinel monitoring
No incidents found.,No incidents found.,لم يتم العثور على حوادث.,,Pending,,Sentinel monitoring
Incident details,Incident details,تفاصيل الحادثة,,Pending,,Sentinel monitoring
Incident reference,Incident reference,مرجع الحادثة,,Pending,,Sentinel monitoring
sentinel.status.new,New,جديدة,,Pending,,Sentinel monitoring
sentinel.status.investigating,Investigating,قيد التحقيق,,Pending,,Sentinel monitoring
sentinel.status.resolved,Resolved,تم الحل,,Pending,,Sentinel monitoring
sentinel.code.runtime-error,Runtime error,خطأ وقت التشغيل,,Pending,,Sentinel monitoring
sentinel.code.unhandled-rejection,Unhandled asynchronous failure,عملية غير متزامنة غير معالجة,,Pending,,Sentinel monitoring
sentinel.code.render-error,Page rendering error,خطأ عرض الصفحة,,Pending,,Sentinel monitoring
sentinel.code.request-failed,Service request failed,فشل طلب الخدمة,,Pending,,Sentinel monitoring
sentinel.code.request-timeout,Request timed out,انتهت مهلة الطلب,,Pending,,Sentinel monitoring
sentinel.code.operation-failed,Operation failed,فشلت العملية,,Pending,,Sentinel monitoring
sentinel.code.native-command-failed,Native command failed,فشل أمر سطح المكتب,,Pending,,Sentinel monitoring
sentinel.code.native-panic,Native application failure,فشل تطبيق سطح المكتب,,Pending,,Sentinel monitoring
View details,View details,عرض التفاصيل,,Pending,,Sentinel monitoring
History,History,السجل,,Pending,,Sentinel monitoring
recovery.network,Check your connection. The result is not confirmed; check the record before starting a new operation.,تحقق من اتصالك. لم يتم تأكيد النتيجة؛ تحقق من السجل قبل بدء عملية جديدة.,,Pending,,User-facing recovery; native-speaker review required
recovery.timeout,The service did not respond in time. The operation may have completed; retry the same action to check its result.,لم تستجب الخدمة في الوقت المحدد. ربما اكتملت العملية؛ أعد محاولة الإجراء نفسه للتحقق من النتيجة.,,Pending,,User-facing recovery; native-speaker review required
recovery.retained,Your values are still here. Keep this page open while recovering.,قيمك لا تزال هنا. أبقِ هذه الصفحة مفتوحة أثناء الاستعادة.,,Pending,,User-facing recovery; native-speaker review required
recovery.session,Sign in with the same account to continue with your unsaved work. Do not reload or close this window.,سجّل الدخول بالحساب نفسه لمتابعة عملك غير المحفوظ. لا تُعد تحميل هذه النافذة أو تغلقها.,,Pending,,User-facing recovery; native-speaker review required
recovery.sameUser,Use the same account and access role to recover this work. Sign out to use a different account.,استخدم الحساب نفسه ودور الوصول نفسه لاستعادة هذا العمل. سجّل الخروج لاستخدام حساب آخر.,,Pending,,User-facing recovery; native-speaker review required
recovery.return,Return to page,العودة إلى الصفحة,,Pending,,User-facing recovery; native-speaker review required
recovery.discardSignOut,Discard unsaved work and sign out,تجاهل العمل غير المحفوظ وتسجيل الخروج,,Pending,,User-facing recovery; native-speaker review required
recovery.discardConfirm,Discard the work kept in this window and sign out? Unsaved values may be lost.,هل تريد تجاهل العمل المحتفظ به في هذه النافذة وتسجيل الخروج؟ قد تفقد القيم غير المحفوظة.,,Pending,,User-facing recovery; native-speaker review required
recovery.rateTitle,Too many requests,طلبات كثيرة جداً,,Pending,,User-facing recovery; native-speaker review required
recovery.rate,"Wait a moment, then retry the same action.",انتظر قليلاً، ثم أعد محاولة الإجراء نفسه.,,Pending,,User-facing recovery; native-speaker review required
recovery.exportAudit,"The file was generated, but its audit entry was not confirmed. Retry records the audit only; it does not download another file.",تم إنشاء الملف، لكن لم يتم تأكيد سجل التدقيق الخاص به. إعادة المحاولة تسجل التدقيق فقط ولا تنزّل ملفاً آخر.,,Pending,,User-facing recovery; native-speaker review required
recovery.resumeTitle,You are signed in again,تم تسجيل الدخول مجدداً,,Pending,,User-facing recovery; native-speaker review required
recovery.resume,Your work is still here. Retry the pending action when you are ready.,عملك لا يزال هنا. أعد محاولة الإجراء المعلّق عندما تكون مستعداً.,,Pending,,User-facing recovery; native-speaker review required
recovery.signInUnavailable,Sign-in is temporarily unavailable. Please try again.,تسجيل الدخول غير متاح مؤقتاً. يرجى المحاولة مجدداً.,,Pending,,User-facing recovery; native-speaker review required
recovery.signInFailed,Sign-in failed. Check your username and password.,فشل تسجيل الدخول. تحقق من اسم المستخدم وكلمة المرور.,,Pending,,User-facing recovery; native-speaker review required
recovery.exportTitle,The file could not be generated,تعذّر إنشاء الملف,,Pending,,User-facing recovery; native-speaker review required
recovery.exportFailed,"Check your browser downloads, then retry if the file is missing. Your selected rows are unchanged.",تحقق من تنزيلات المتصفح، ثم أعد المحاولة إذا كان الملف مفقوداً. الصفوف المحددة لم تتغير.,,Pending,,User-facing recovery; native-speaker review required
 (full), (full), (كامل),,Pending,,New shared catalog copy; native-speaker review required.
" (last {value0}, {value1})"," (last {value0}, {value1})"," (آخر {value0}, {value1})",,Pending,,New shared catalog copy; native-speaker review required.
 (you), (you), (أنت),,Pending,,New shared catalog copy; native-speaker review required.
 from cache, from cache, من الذاكرة المؤقتة,,Pending,,New shared catalog copy; native-speaker review required.
 · Account {value0} · Routing {value1}, · Account {value0} · Routing {value1}, · الحساب {value0} · رقم التوجيه {value1},,Pending,,New shared catalog copy; native-speaker review required.
 · P H E L A R O T switch tools, · P H E L A R O T switch tools, · P H E L A R O T تبديل الأدوات,,Pending,,New shared catalog copy; native-speaker review required.
 · Today, · Today, · اليوم,,Pending,,New shared catalog copy; native-speaker review required.
 · click a period to edit, · click a period to edit, · انقر على فترة للتعديل,,Pending,,New shared catalog copy; native-speaker review required.
 · last paid {value0} via {value1}, · last paid {value0} via {value1}, · آخر دفعة {value0} عبر {value1},,Pending,,New shared catalog copy; native-speaker review required.
 · use the bank details printed on your invoice, · use the bank details printed on your invoice, · استخدم بيانات البنك المطبوعة على فاتورتك,,Pending,,New shared catalog copy; native-speaker review required.
 · ✅ you got it right, · ✅ you got it right, · ✅ إجابتك صحيحة,,Pending,,New shared catalog copy; native-speaker review required.
 · ❌ not quite, · ❌ not quite, · ❌ ليست صحيحة,,Pending,,New shared catalog copy; native-speaker review required.
% applies to the second child's tuition. Late payment attracts a,% applies to the second child's tuition. Late payment attracts a,% تنطبق على رسوم الطفل الثاني. التأخر في السداد يستوجب غرامة,,Pending,,New shared catalog copy; native-speaker review required.
% occupancy,% occupancy,% نسبة الإشغال,,Pending,,New shared catalog copy; native-speaker review required.
's team,'s team, فريق,,Pending,,New shared catalog copy; native-speaker review required.
(max,(max,(الحد الأقصى,,Pending,,New shared catalog copy; native-speaker review required.
(you),(you),(أنت),,Pending,,New shared catalog copy; native-speaker review required.
", SWIFT",", SWIFT",، SWIFT,,Pending,,New shared catalog copy; native-speaker review required.
", about {rows} rows",", about {rows} rows",، حوالي {rows} صف,,Pending,,New shared catalog copy; native-speaker review required.
", and your {value0} class is live now.",", and your {value0} class is live now.",، وحصة {value0} مباشرة الآن.,,Pending,,New shared catalog copy; native-speaker review required.
", authorised signatory",", authorised signatory",، الموقّع المفوّض,,Pending,,New shared catalog copy; native-speaker review required.
", oldest due first",", oldest due first",، الأقدم استحقاقًا أولًا,,Pending,,New shared catalog copy; native-speaker review required.
", roll",", roll",، رقم القيد,,Pending,,New shared catalog copy; native-speaker review required.
", soonest due first",", soonest due first",، الأقرب استحقاقًا أولًا,,Pending,,New shared catalog copy; native-speaker review required.
", {rows} rows",", {rows} rows",، {rows} صف,,Pending,,New shared catalog copy; native-speaker review required.
. Check your camera and microphone before entering.,. Check your camera and microphone before entering.,. تحقق من الكاميرا والميكروفون قبل الدخول.,,Pending,,New shared catalog copy; native-speaker review required.
. You cannot undo this.,. You cannot undo this.,. لا يمكنك التراجع عن هذا.,,Pending,,New shared catalog copy; native-speaker review required.
. Your,. Your,. الخاص بك,,Pending,,New shared catalog copy; native-speaker review required.
"10+ characters with a capital, a number and a symbol","10+ characters with a capital, a number and a symbol",10 أحرف أو أكثر تحتوي على حرف كبير ورقم ورمز,,Pending,,New shared catalog copy; native-speaker review required.
1096 days is three years.,1096 days is three years.,1096 يومًا تساوي ثلاث سنوات.,,Pending,,New shared catalog copy; native-speaker review required.
14-day loans,14-day loans,إعارة لمدة 14 يومًا,,Pending,,New shared catalog copy; native-speaker review required.
2-step,2-step,خطوتان,,Pending,,New shared catalog copy; native-speaker review required.
30-day readmissions,30-day readmissions,حالات إعادة الدخول خلال 30 يومًا,,Pending,,New shared catalog copy; native-speaker review required.
? This cannot be undone.,? This cannot be undone.,؟ لا يمكن التراجع عن هذا.,,Pending,,New shared catalog copy; native-speaker review required.
A,A,A,,Pending,,New shared catalog copy; native-speaker review required.
"A key acts as you: same reports, branches and masking. Only reports with the API / BI action can be pulled.","A key acts as you: same reports, branches and masking. Only reports with the API / BI action can be pulled.",يتصرف المفتاح نيابة عنك: نفس التقارير والفروع والإخفاء. لا يمكن سحب إلا التقارير التي تحمل إجراء API / BI.,,Pending,,New shared catalog copy; native-speaker review required.
A production connector implements the source adapter against a read replica or warehouse and registers its datasets. Credentials belong in server-side configuration only.,A production connector implements the source adapter against a read replica or warehouse and registers its datasets. Credentials belong in server-side configuration only.,يقوم موصل الإنتاج بتنفيذ محول المصدر مقابل نسخة قراءة متماثلة أو مستودع بيانات ويسجل مجموعات بياناته. يجب أن تكون بيانات الاعتماد في إعدادات الخادم فقط.,,Pending,,New shared catalog copy; native-speaker review required.
A role default applies to everyone in the role unless they set a personal default.,A role default applies to everyone in the role unless they set a personal default.,ينطبق الإعداد الافتراضي للدور على الجميع في هذا الدور ما لم يحددوا إعدادًا افتراضيًا شخصيًا.,,Pending,,New shared catalog copy; native-speaker review required.
API / BI,API / BI,واجهة برمجة التطبيقات / ذكاء الأعمال,,Pending,,New shared catalog copy; native-speaker review required.
API and BI tools,API and BI tools,أدوات API وذكاء الأعمال,,Pending,,New shared catalog copy; native-speaker review required.
API keys and BI,API keys and BI,مفاتيح API وذكاء الأعمال,,Pending,,New shared catalog copy; native-speaker review required.
AY 2027–28 intake,AY 2027–28 intake,دفعة السنة الدراسية 2027-28,,Pending,,New shared catalog copy; native-speaker review required.
About the report,About the report,حول التقرير,,Pending,,New shared catalog copy; native-speaker review required.
Absence policy,Absence policy,سياسة الغياب,,Pending,,New shared catalog copy; native-speaker review required.
Absent,Absent,غائب,,Pending,,New shared catalog copy; native-speaker review required.
Academic,Academic,أكاديمي,,Pending,,New shared catalog copy; native-speaker review required.
Academics,Academics,الشؤون الأكاديمية,,Pending,,New shared catalog copy; native-speaker review required.
Accept,Accept,قبول,,Pending,,New shared catalog copy; native-speaker review required.
Accept email requests,Accept email requests,قبول طلبات البريد الإلكتروني,,Pending,,New shared catalog copy; native-speaker review required.
Account,Account,الحساب,,Pending,,New shared catalog copy; native-speaker review required.
Account / IBAN,Account / IBAN,الحساب / آيبان,,Pending,,New shared catalog copy; native-speaker review required.
Account groups and ledgers,Account groups and ledgers,مجموعات الحسابات ودفاتر الأستاذ,,Pending,,New shared catalog copy; native-speaker review required.
Account no.,Account no.,رقم الحساب,,Pending,,New shared catalog copy; native-speaker review required.
Account type,Account type,نوع الحساب,,Pending,,New shared catalog copy; native-speaker review required.
Action,Action,الإجراء,,Pending,,New shared catalog copy; native-speaker review required.
Active sessions,Active sessions,الجلسات النشطة,,Pending,,New shared catalog copy; native-speaker review required.
Active students,Active students,الطلاب النشطون,,Pending,,New shared catalog copy; native-speaker review required.
Activity by department,Activity by department,النشاط حسب القسم,,Pending,,New shared catalog copy; native-speaker review required.
"Activity, capacity, diagnostics and quality.","Activity, capacity, diagnostics and quality.",النشاط والسعة والتشخيص والجودة.,,Pending,,New shared catalog copy; native-speaker review required.
Actual,Actual,الفعلي,,Pending,,New shared catalog copy; native-speaker review required.
Add a note for the requester (optional),Add a note for the requester (optional),أضف ملاحظة لمقدم الطلب (اختياري),,Pending,,New shared catalog copy; native-speaker review required.
Add an update or reply,Add an update or reply,أضف تحديثًا أو ردًا,,Pending,,New shared catalog copy; native-speaker review required.
Add at least one line before saving,Add at least one line before saving,أضف سطرًا واحدًا على الأقل قبل الحفظ,,Pending,,New shared catalog copy; native-speaker review required.
Add at least one line first,Add at least one line first,أضف سطرًا واحدًا على الأقل أولًا,,Pending,,New shared catalog copy; native-speaker review required.
Add book,Add book,إضافة كتاب,,Pending,,New shared catalog copy; native-speaker review required.
Add book to catalogue,Add book to catalogue,إضافة كتاب إلى الفهرس,,Pending,,New shared catalog copy; native-speaker review required.
Add calculated column,Add calculated column,إضافة عمود محسوب,,Pending,,New shared catalog copy; native-speaker review required.
Add calendar event,Add calendar event,إضافة حدث إلى التقويم,,Pending,,New shared catalog copy; native-speaker review required.
Add child,Add child,إضافة طفل,,Pending,,New shared catalog copy; native-speaker review required.
Add class,Add class,إضافة صف,,Pending,,New shared catalog copy; native-speaker review required.
Add class section,Add class section,إضافة شعبة صف,,Pending,,New shared catalog copy; native-speaker review required.
"Add columns, then refresh the preview.","Add columns, then refresh the preview.",أضف أعمدة، ثم قم بتحديث المعاينة.,,Pending,,New shared catalog copy; native-speaker review required.
Add event,Add event,إضافة حدث,,Pending,,New shared catalog copy; native-speaker review required.
Add measure,Add measure,إضافة مقياس,,Pending,,New shared catalog copy; native-speaker review required.
Add option,Add option,إضافة خيار,,Pending,,New shared catalog copy; native-speaker review required.
"Add optional columns, remove ones you do not need and set their order. Save a view to keep the layout.","Add optional columns, remove ones you do not need and set their order. Save a view to keep the layout.",أضف أعمدة اختيارية، وأزل الأعمدة التي لا تحتاجها، وحدد ترتيبها. احفظ عرضًا للحفاظ على التخطيط.,,Pending,,New shared catalog copy; native-speaker review required.
Add question,Add question,إضافة سؤال,,Pending,,New shared catalog copy; native-speaker review required.
Add subject,Add subject,إضافة مادة,,Pending,,New shared catalog copy; native-speaker review required.
Add the first one,Add the first one,أضف الأول,,Pending,,New shared catalog copy; native-speaker review required.
Add top-level item,Add top-level item,إضافة عنصر من المستوى الأعلى,,Pending,,New shared catalog copy; native-speaker review required.
Add under {value0},Add under {value0},أضف ضمن {value0},,Pending,,New shared catalog copy; native-speaker review required.
Add user,Add user,إضافة مستخدم,,Pending,,New shared catalog copy; native-speaker review required.
Add widget,Add widget,إضافة أداة,,Pending,,New shared catalog copy; native-speaker review required.
Administration,Administration,الإدارة,,Pending,,New shared catalog copy; native-speaker review required.
Administrators always have every permission and every report. Assign this role sparingly.,Administrators always have every permission and every report. Assign this role sparingly.,يمتلك المسؤولون دائمًا كل الصلاحيات وكل التقارير. قم بتعيين هذا الدور بحذر.,,Pending,,New shared catalog copy; native-speaker review required.
"Administrators can test other senders, including unregistered ones.","Administrators can test other senders, including unregistered ones.",يمكن للمسؤولين اختبار مرسلين آخرين، بما في ذلك غير المسجلين.,,Pending,,New shared catalog copy; native-speaker review required.
Admission ID,Admission ID,معرّف الدخول,,Pending,,New shared catalog copy; native-speaker review required.
Admission date,Admission date,تاريخ القبول,,Pending,,New shared catalog copy; native-speaker review required.
Admissions by discharge status.,Admissions by discharge status.,حالات القبول حسب حالة الخروج.,,Pending,,New shared catalog copy; native-speaker review required.
Admissions funnel,Admissions funnel,قمع القبول,,Pending,,New shared catalog copy; native-speaker review required.
Admissions pipeline,Admissions pipeline,خط سير القبول,,Pending,,New shared catalog copy; native-speaker review required.
Admissions register,Admissions register,سجل القبول,,Pending,,New shared catalog copy; native-speaker review required.
"Admissions, average length of stay and average bill.","Admissions, average length of stay and average bill.",حالات القبول ومتوسط مدة الإقامة ومتوسط الفاتورة.,,Pending,,New shared catalog copy; native-speaker review required.
Advance to,Advance to,التقدم إلى,,Pending,,New shared catalog copy; native-speaker review required.
Advanced filter,Advanced filter,عامل تصفية متقدم,,Pending,,New shared catalog copy; native-speaker review required.
After search and filters,After search and filters,بعد البحث والتصفية,,Pending,,New shared catalog copy; native-speaker review required.
Again,Again,مرة أخرى,,Pending,,New shared catalog copy; native-speaker review required.
Age,Age,العمر,,Pending,,New shared catalog copy; native-speaker review required.
Age bucket,Age bucket,فئة العمر,,Pending,,New shared catalog copy; native-speaker review required.
Aging bucket,Aging bucket,فئة تقادم الأرصدة,,Pending,,New shared catalog copy; native-speaker review required.
All actions: {title},All actions: {title},كل الإجراءات: {title},,Pending,,New shared catalog copy; native-speaker review required.
All areas,All areas,كل المناطق,,Pending,,New shared catalog copy; native-speaker review required.
All branches,All branches,كل الفروع,,Pending,,New shared catalog copy; native-speaker review required.
All categories,All categories,كل الفئات,,Pending,,New shared catalog copy; native-speaker review required.
All caught up,All caught up,تم الانتهاء من كل شيء,,Pending,,New shared catalog copy; native-speaker review required.
All classes,All classes,كل الصفوف,,Pending,,New shared catalog copy; native-speaker review required.
All columns are shown.,All columns are shown.,يتم عرض جميع الأعمدة.,,Pending,,New shared catalog copy; native-speaker review required.
All copies out,All copies out,جميع النسخ معارة,,Pending,,New shared catalog copy; native-speaker review required.
All custom reports,All custom reports,كل التقارير المخصصة,,Pending,,New shared catalog copy; native-speaker review required.
All departments,All departments,كل الأقسام,,Pending,,New shared catalog copy; native-speaker review required.
All grades,All grades,كل الصفوف الدراسية,,Pending,,New shared catalog copy; native-speaker review required.
All my reports,All my reports,كل تقاريري,,Pending,,New shared catalog copy; native-speaker review required.
All orders,All orders,كل الطلبات,,Pending,,New shared catalog copy; native-speaker review required.
All periods,All periods,كل الفترات,,Pending,,New shared catalog copy; native-speaker review required.
All present,All present,الجميع حاضرون,,Pending,,New shared catalog copy; native-speaker review required.
All records,All records,كل السجلات,,Pending,,New shared catalog copy; native-speaker review required.
All terms,All terms,كل الفصول الدراسية,,Pending,,New shared catalog copy; native-speaker review required.
All types,All types,كل الأنواع,,Pending,,New shared catalog copy; native-speaker review required.
All work,All work,كل الأعمال,,Pending,,New shared catalog copy; native-speaker review required.
All {parent} records,All {parent} records,جميع سجلات {parent},,Pending,,New shared catalog copy; native-speaker review required.
Allergies / alerts,Allergies / alerts,الحساسية / التنبيهات,,Pending,,New shared catalog copy; native-speaker review required.
Allow negative stock,Allow negative stock,السماح بالمخزون السالب,,Pending,,New shared catalog copy; native-speaker review required.
Allow-listed HTTPS endpoint with server-side token and row limits.,Allow-listed HTTPS endpoint with server-side token and row limits.,نقطة نهاية HTTPS مدرجة في القائمة المسموح بها مع رمز مميز من جانب الخادم وحدود للصفوف.,,Pending,,New shared catalog copy; native-speaker review required.
Allowed recipient domains,Allowed recipient domains,نطاقات المستلمين المسموح بها,,Pending,,New shared catalog copy; native-speaker review required.
Also waiting from,Also waiting from,أيضًا في انتظار من,,Pending,,New shared catalog copy; native-speaker review required.
Amount ({value0}),Amount ({value0}),المبلغ ({value0}),,Pending,,New shared catalog copy; native-speaker review required.
Amount in words,Amount in words,المبلغ بالحروف,,Pending,,New shared catalog copy; native-speaker review required.
Answer locked in. Waiting for the teacher to reveal…,Answer locked in. Waiting for the teacher to reveal…,تم قفل الإجابة. في انتظار أن يكشف المعلم عنها…,,Pending,,New shared catalog copy; native-speaker review required.
Answer review,Answer review,مراجعة الإجابة,,Pending,,New shared catalog copy; native-speaker review required.
Answer:,Answer:,الإجابة:,,Pending,,New shared catalog copy; native-speaker review required.
Answered,Answered,تمت الإجابة,,Pending,,New shared catalog copy; native-speaker review required.
Any,Any,أي,,Pending,,New shared catalog copy; native-speaker review required.
Any fees,Any fees,أي رسوم,,Pending,,New shared catalog copy; native-speaker review required.
Any gender,Any gender,أي جنس,,Pending,,New shared catalog copy; native-speaker review required.
Any priority,Any priority,أي أولوية,,Pending,,New shared catalog copy; native-speaker review required.
Any status,Any status,أي حالة,,Pending,,New shared catalog copy; native-speaker review required.
Any type,Any type,أي نوع,,Pending,,New shared catalog copy; native-speaker review required.
Applicant name,Applicant name,اسم مقدم الطلب,,Pending,,New shared catalog copy; native-speaker review required.
Application {value0} created,Application {value0} created,تم إنشاء الطلب {value0},,Pending,,New shared catalog copy; native-speaker review required.
Applies to,Applies to,ينطبق على,,Pending,,New shared catalog copy; native-speaker review required.
Applies to row-detail reports.,Applies to row-detail reports.,ينطبق على تقارير تفاصيل الصفوف.,,Pending,,New shared catalog copy; native-speaker review required.
Apply columns,Apply columns,تطبيق الأعمدة,,Pending,,New shared catalog copy; native-speaker review required.
Apply filters,Apply filters,تطبيق عوامل التصفية,,Pending,,New shared catalog copy; native-speaker review required.
"Apply, track and approve leave","Apply, track and approve leave",تقديم الإجازة وتتبعها واعتمادها,,Pending,,New shared catalog copy; native-speaker review required.
Applying for,Applying for,التقديم على,,Pending,,New shared catalog copy; native-speaker review required.
Appointment attendance,Appointment attendance,حضور المواعيد,,Pending,,New shared catalog copy; native-speaker review required.
"Appointments, activity, diagnostics and inventory.","Appointments, activity, diagnostics and inventory.",المواعيد والنشاط والتشخيص والمخزون.,,Pending,,New shared catalog copy; native-speaker review required.
Approval route,Approval route,مسار الموافقة,,Pending,,New shared catalog copy; native-speaker review required.
Approval trail,Approval trail,سجل الموافقات,,Pending,,New shared catalog copy; native-speaker review required.
Approvals,Approvals,الموافقات,,Pending,,New shared catalog copy; native-speaker review required.
Approvals inbox,Approvals inbox,صندوق الموافقات,,Pending,,New shared catalog copy; native-speaker review required.
Approve all,Approve all,الموافقة على الكل,,Pending,,New shared catalog copy; native-speaker review required.
Approved claims,Approved claims,المطالبات المعتمدة,,Pending,,New shared catalog copy; native-speaker review required.
Area,Area,المنطقة,,Pending,,New shared catalog copy; native-speaker review required.
Arrive 15 minutes early with your admit card and ID.,Arrive 15 minutes early with your admit card and ID.,احضر قبل 15 دقيقة مع بطاقة الدخول والهوية.,,Pending,,New shared catalog copy; native-speaker review required.
Arrow,Arrow,سهم,,Pending,,New shared catalog copy; native-speaker review required.
As on {value0},As on {value0},حتى تاريخ {value0},,Pending,,New shared catalog copy; native-speaker review required.
Ask,Ask,اسأل,,Pending,,New shared catalog copy; native-speaker review required.
Assessment,Assessment,التقييم,,Pending,,New shared catalog copy; native-speaker review required.
Asset class,Asset class,فئة الأصول,,Pending,,New shared catalog copy; native-speaker review required.
Assets,Assets,الأصول,,Pending,,New shared catalog copy; native-speaker review required.
Assign roles and branches. A user with several roles gets the combined access of all of them.,Assign roles and branches. A user with several roles gets the combined access of all of them.,تعيين الأدوار والفروع. يحصل المستخدم الذي لديه عدة أدوار على الوصول المجمّع لكل منها.,,Pending,,New shared catalog copy; native-speaker review required.
Assigned driver,Assigned driver,السائق المعيَّن,,Pending,,New shared catalog copy; native-speaker review required.
Assignee,Assignee,المكلَّف,,Pending,,New shared catalog copy; native-speaker review required.
Assignment published to {value0},Assignment published to {value0},تم نشر الواجب إلى {value0},,Pending,,New shared catalog copy; native-speaker review required.
Assignments,Assignments,الواجبات,,Pending,,New shared catalog copy; native-speaker review required.
Assignments due,Assignments due,الواجبات المستحقة,,Pending,,New shared catalog copy; native-speaker review required.
Assignments pending,Assignments pending,الواجبات المعلقة,,Pending,,New shared catalog copy; native-speaker review required.
At least 10 characters,At least 10 characters,10 أحرف على الأقل,,Pending,,New shared catalog copy; native-speaker review required.
At least 10 characters. Sign-in is handled by the host application; this demo directory does not store passwords.,At least 10 characters. Sign-in is handled by the host application; this demo directory does not store passwords.,10 أحرف على الأقل. يتم التعامل مع تسجيل الدخول بواسطة التطبيق المضيف؛ لا يخزن هذا الدليل التجريبي كلمات المرور.,,Pending,,New shared catalog copy; native-speaker review required.
At least 5 characters,At least 5 characters,5 أحرف على الأقل,,Pending,,New shared catalog copy; native-speaker review required.
Attach,Attach,إرفاق,,Pending,,New shared catalog copy; native-speaker review required.
"Attach files (PDF, images, docs)","Attach files (PDF, images, docs)",إرفاق ملفات (PDF، صور، مستندات),,Pending,,New shared catalog copy; native-speaker review required.
"Attach worksheet, rubric or reference files","Attach worksheet, rubric or reference files",إرفاق ورقة عمل أو معايير تقييم أو ملفات مرجعية,,Pending,,New shared catalog copy; native-speaker review required.
Attachments:,Attachments:,المرفقات:,,Pending,,New shared catalog copy; native-speaker review required.
Attempts,Attempts,المحاولات,,Pending,,New shared catalog copy; native-speaker review required.
Attendance,Attendance,الحضور,,Pending,,New shared catalog copy; native-speaker review required.
Attendance (last 60 days),Attendance (last 60 days),الحضور (آخر 60 يومًا),,Pending,,New shared catalog copy; native-speaker review required.
Attendance defaulters,Attendance defaulters,المتخلفون عن الحضور,,Pending,,New shared catalog copy; native-speaker review required.
Attendance for {value0},Attendance for {value0},الحضور لـ {value0},,Pending,,New shared catalog copy; native-speaker review required.
Attendance register,Attendance register,سجل الحضور,,Pending,,New shared catalog copy; native-speaker review required.
Attendance trend,Attendance trend,اتجاه الحضور,,Pending,,New shared catalog copy; native-speaker review required.
"Attendance, last 20 school days","Attendance, last 20 school days",الحضور، آخر 20 يوم دراسي,,Pending,,New shared catalog copy; native-speaker review required.
Attended,Attended,الحاضرة,,Pending,,New shared catalog copy; native-speaker review required.
Audience,Audience,الجمهور,,Pending,,New shared catalog copy; native-speaker review required.
Audit log,Audit log,سجل التدقيق,,Pending,,New shared catalog copy; native-speaker review required.
Author,Author,المؤلف,,Pending,,New shared catalog copy; native-speaker review required.
Auto,Auto,تلقائي,,Pending,,New shared catalog copy; native-speaker review required.
Auto-assign,Auto-assign,تعيين تلقائي,,Pending,,New shared catalog copy; native-speaker review required.
Available bed-days,Available bed-days,أيام الأسرّة المتاحة,,Pending,,New shared catalog copy; native-speaker review required.
Available now,Available now,متاح الآن,,Pending,,New shared catalog copy; native-speaker review required.
Available only,Available only,المتاح فقط,,Pending,,New shared catalog copy; native-speaker review required.
Available to add,Available to add,متاح للإضافة,,Pending,,New shared catalog copy; native-speaker review required.
Average,Average,المتوسط,,Pending,,New shared catalog copy; native-speaker review required.
Average GPA,Average GPA,متوسط المعدل التراكمي,,Pending,,New shared catalog copy; native-speaker review required.
Average LOS (days),Average LOS (days),متوسط مدة الإقامة (أيام),,Pending,,New shared catalog copy; native-speaker review required.
Average Quarterly score by class,Average Quarterly score by class,متوسط الدرجة الفصلية حسب الصف,,Pending,,New shared catalog copy; native-speaker review required.
Average TAT (hours),Average TAT (hours),متوسط زمن الإنجاز (ساعات),,Pending,,New shared catalog copy; native-speaker review required.
Average attendance,Average attendance,متوسط الحضور,,Pending,,New shared catalog copy; native-speaker review required.
Average bill,Average bill,متوسط الفاتورة,,Pending,,New shared catalog copy; native-speaker review required.
Average on graded work,Average on graded work,المتوسط في الأعمال المقيَّمة,,Pending,,New shared catalog copy; native-speaker review required.
Average patient waiting time.,Average patient waiting time.,متوسط وقت انتظار المريض.,,Pending,,New shared catalog copy; native-speaker review required.
Average rating,Average rating,متوسط التقييم,,Pending,,New shared catalog copy; native-speaker review required.
Average score,Average score,متوسط الدرجة,,Pending,,New shared catalog copy; native-speaker review required.
Average teaching load,Average teaching load,متوسط العبء التدريسي,,Pending,,New shared catalog copy; native-speaker review required.
Average wait (min),Average wait (min),متوسط الانتظار (دقيقة),,Pending,,New shared catalog copy; native-speaker review required.
Avg {amount} per row,Avg {amount} per row,بمعدل {amount} لكل صف,,Pending,,New shared catalog copy; native-speaker review required.
B-204,B-204,B-204,,Pending,,New shared catalog copy; native-speaker review required.
Back to My reports,Back to My reports,العودة إلى تقاريري,,Pending,,New shared catalog copy; native-speaker review required.
Back to list,Back to list,العودة إلى القائمة,,Pending,,New shared catalog copy; native-speaker review required.
Back to live classes,Back to live classes,العودة إلى الحصص المباشرة,,Pending,,New shared catalog copy; native-speaker review required.
Back to quizzes,Back to quizzes,العودة إلى الاختبارات,,Pending,,New shared catalog copy; native-speaker review required.
Back to students,Back to students,العودة إلى الطلاب,,Pending,,New shared catalog copy; native-speaker review required.
Back to {value0},Back to {value0},العودة إلى {value0},,Pending,,New shared catalog copy; native-speaker review required.
Background report {id},Background report {id},تقرير في الخلفية {id},,Pending,,New shared catalog copy; native-speaker review required.
Background reports,Background reports,التقارير في الخلفية,,Pending,,New shared catalog copy; native-speaker review required.
"Background reports, scheduled runs and email requests. Results are kept for {hours} hours. You can run up to {max} at a time.","Background reports, scheduled runs and email requests. Results are kept for {hours} hours. You can run up to {max} at a time.",التقارير في الخلفية، عمليات التشغيل المجدولة وطلبات البريد الإلكتروني. يتم الاحتفاظ بالنتائج لمدة {hours} ساعة. يمكنك تشغيل ما يصل إلى {max} في المرة الواحدة.,,Pending,,New shared catalog copy; native-speaker review required.
Balance check,Balance check,فحص الرصيد,,Pending,,New shared catalog copy; native-speaker review required.
Balanced. Ready to post.,Balanced. Ready to post.,متوازن. جاهز للترحيل.,,Pending,,New shared catalog copy; native-speaker review required.
Bank,Bank,البنك,,Pending,,New shared catalog copy; native-speaker review required.
Bank transfer,Bank transfer,تحويل بنكي,,Pending,,New shared catalog copy; native-speaker review required.
Bar,Bar,شريطي,,Pending,,New shared catalog copy; native-speaker review required.
Bar chart of {series},Bar chart of {series},مخطط شريطي لـ {series},,Pending,,New shared catalog copy; native-speaker review required.
"Bar: score, grey: class average","Bar: score, grey: class average",الشريط: الدرجة، الرمادي: متوسط الصف,,Pending,,New shared catalog copy; native-speaker review required.
Base currency,Base currency,العملة الأساسية,,Pending,,New shared catalog copy; native-speaker review required.
Batch,Batch,الدفعة,,Pending,,New shared catalog copy; native-speaker review required.
Batch expiry warning (days),Batch expiry warning (days),تحذير انتهاء صلاحية الدفعة (أيام),,Pending,,New shared catalog copy; native-speaker review required.
Batch tracked,Batch tracked,متتبَّع الدفعة,,Pending,,New shared catalog copy; native-speaker review required.
Bed occupancy trend,Bed occupancy trend,اتجاه إشغال الأسرّة,,Pending,,New shared catalog copy; native-speaker review required.
Before you create,Before you create,قبل الإنشاء,,Pending,,New shared catalog copy; native-speaker review required.
Below 40%,Below 40%,أقل من 40%,,Pending,,New shared catalog copy; native-speaker review required.
Below 85% attendance,Below 85% attendance,أقل من 85% حضور,,Pending,,New shared catalog copy; native-speaker review required.
"Bigger files, and any file with unmasked sensitive data, are sent as a sign-in link.","Bigger files, and any file with unmasked sensitive data, are sent as a sign-in link.",يتم إرسال الملفات الأكبر حجمًا، وأي ملف يحتوي على بيانات حساسة غير مخفية، كرابط تسجيل دخول.,,Pending,,New shared catalog copy; native-speaker review required.
Bill,Bill,الفاتورة,,Pending,,New shared catalog copy; native-speaker review required.
Bill of materials,Bill of materials,قائمة المواد,,Pending,,New shared catalog copy; native-speaker review required.
Billed,Billed,المفوتر,,Pending,,New shared catalog copy; native-speaker review required.
Billed this year,Billed this year,المفوتر هذا العام,,Pending,,New shared catalog copy; native-speaker review required.
Billing email,Billing email,بريد الفوترة الإلكتروني,,Pending,,New shared catalog copy; native-speaker review required.
"Billing, dues and collections","Billing, dues and collections",الفوترة والمستحقات والتحصيلات,,Pending,,New shared catalog copy; native-speaker review required.
Blood group,Blood group,فصيلة الدم,,Pending,,New shared catalog copy; native-speaker review required.
Board,Board,المجلس التعليمي,,Pending,,New shared catalog copy; native-speaker review required.
Book meeting rooms and training halls,Book meeting rooms and training halls,حجز قاعات الاجتماعات وقاعات التدريب,,Pending,,New shared catalog copy; native-speaker review required.
Book {value0} at {value1},Book {value0} at {value1},احجز {value0} في {value1},,Pending,,New shared catalog copy; native-speaker review required.
Booked,Booked,المحجوزة,,Pending,,New shared catalog copy; native-speaker review required.
Booked by,Booked by,تم الحجز بواسطة,,Pending,,New shared catalog copy; native-speaker review required.
"Booked, attended, cancelled and no-show appointments by department.","Booked, attended, cancelled and no-show appointments by department.",المواعيد المحجوزة والحاضرة والملغاة والغائبة حسب القسم.,,Pending,,New shared catalog copy; native-speaker review required.
Booking details,Booking details,تفاصيل الحجز,,Pending,,New shared catalog copy; native-speaker review required.
Books with you,Books with you,الكتب معك,,Pending,,New shared catalog copy; native-speaker review required.
Borrower type,Borrower type,نوع المستعير,,Pending,,New shared catalog copy; native-speaker review required.
Branch is always available as a filter.,Branch is always available as a filter.,الفرع متاح دائمًا كعامل تصفية.,,Pending,,New shared catalog copy; native-speaker review required.
Branches,Branches,الفروع,,Pending,,New shared catalog copy; native-speaker review required.
Brand,Brand,العلامة التجارية,,Pending,,New shared catalog copy; native-speaker review required.
Breakdowns and planned maintenance jobs,Breakdowns and planned maintenance jobs,الأعطال وأعمال الصيانة المخططة,,Pending,,New shared catalog copy; native-speaker review required.
Browsing the saved result. Changing pages does not re-run the report.,Browsing the saved result. Changing pages does not re-run the report.,يتم تصفح النتيجة المحفوظة. تغيير الصفحات لا يعيد تشغيل التقرير.,,Pending,,New shared catalog copy; native-speaker review required.
Budget versus actual,Budget versus actual,الميزانية مقابل الفعلي,,Pending,,New shared catalog copy; native-speaker review required.
Build a report,Build a report,إنشاء تقرير,,Pending,,New shared catalog copy; native-speaker review required.
Build custom reports,Build custom reports,إنشاء تقارير مخصصة,,Pending,,New shared catalog copy; native-speaker review required.
Build quiz,Build quiz,إنشاء اختبار,,Pending,,New shared catalog copy; native-speaker review required.
Build your first quiz,Build your first quiz,أنشئ أول اختبار لك,,Pending,,New shared catalog copy; native-speaker review required.
Build your first report,Build your first report,أنشئ أول تقرير لك,,Pending,,New shared catalog copy; native-speaker review required.
Builds and exports reports; no patient identifiers.,Builds and exports reports; no patient identifiers.,ينشئ التقارير ويصدرها؛ بدون معرّفات المرضى.,,Pending,,New shared catalog copy; native-speaker review required.
Buyer,Buyer,المشتري,,Pending,,New shared catalog copy; native-speaker review required.
By class,By class,حسب الصف,,Pending,,New shared catalog copy; native-speaker review required.
By rank,By rank,حسب الترتيب,,Pending,,New shared catalog copy; native-speaker review required.
By roll,By roll,حسب رقم القيد,,Pending,,New shared catalog copy; native-speaker review required.
C,C,C,,Pending,,New shared catalog copy; native-speaker review required.
C-4,C-4,C-4,,Pending,,New shared catalog copy; native-speaker review required.
CSV,CSV,CSV,,Pending,,New shared catalog copy; native-speaker review required.
CVC,CVC,CVC,,Pending,,New shared catalog copy; native-speaker review required.
Calculate and post monthly payroll,Calculate and post monthly payroll,حساب الرواتب الشهرية وترحيلها,,Pending,,New shared catalog copy; native-speaker review required.
Calendar,Calendar,التقويم,,Pending,,New shared catalog copy; native-speaker review required.
Call guardian,Call guardian,اتصل بولي الأمر,,Pending,,New shared catalog copy; native-speaker review required.
Camera,Camera,الكاميرا,,Pending,,New shared catalog copy; native-speaker review required.
"Camera, microphone, screen sharing, whiteboard and live polls — right in the browser.","Camera, microphone, screen sharing, whiteboard and live polls — right in the browser.",الكاميرا والميكروفون ومشاركة الشاشة واللوحة البيضاء واستطلاعات الرأي المباشرة — مباشرة في المتصفح.,,Pending,,New shared catalog copy; native-speaker review required.
Cancel booking,Cancel booking,إلغاء الحجز,,Pending,,New shared catalog copy; native-speaker review required.
Capacity,Capacity,السعة,,Pending,,New shared catalog copy; native-speaker review required.
Capacity (kg),Capacity (kg),السعة (كجم),,Pending,,New shared catalog copy; native-speaker review required.
Card,Card,بطاقة,,Pending,,New shared catalog copy; native-speaker review required.
Card number,Card number,رقم البطاقة,,Pending,,New shared catalog copy; native-speaker review required.
Card view,Card view,عرض البطاقات,,Pending,,New shared catalog copy; native-speaker review required.
Carry forward,Carry forward,ترحيل,,Pending,,New shared catalog copy; native-speaker review required.
"Cash, claims and receivables for the finance team.","Cash, claims and receivables for the finance team.",النقدية والمطالبات والمستحقات لفريق المالية.,,Pending,,New shared catalog copy; native-speaker review required.
Catalogue,Catalogue,الفهرس,,Pending,,New shared catalog copy; native-speaker review required.
Catalogue & circulation,Catalogue & circulation,الفهرس والإعارة,,Pending,,New shared catalog copy; native-speaker review required.
Category hierarchy used for reporting and pricing,Category hierarchy used for reporting and pricing,التسلسل الهرمي للفئات المستخدم في التقارير والتسعير,,Pending,,New shared catalog copy; native-speaker review required.
Change,Change,تغيير,,Pending,,New shared catalog copy; native-speaker review required.
Change password,Change password,تغيير كلمة المرور,,Pending,,New shared catalog copy; native-speaker review required.
Change system settings,Change system settings,تغيير إعدادات النظام,,Pending,,New shared catalog copy; native-speaker review required.
Changes,Changes,التغييرات,,Pending,,New shared catalog copy; native-speaker review required.
"Changes apply to every report, schedule and API pull after saving.","Changes apply to every report, schedule and API pull after saving.",تُطبَّق التغييرات على كل تقرير وجدولة وطلب واجهة برمجة تطبيقات بعد الحفظ.,,Pending,,New shared catalog copy; native-speaker review required.
Changes are validated against the dataset on save. Existing saved views and schedules keep working.,Changes are validated against the dataset on save. Existing saved views and schedules keep working.,يتم التحقق من صحة التغييرات مقابل مجموعة البيانات عند الحفظ. تستمر طرق العرض المحفوظة والجدولات الحالية في العمل.,,Pending,,New shared catalog copy; native-speaker review required.
Chart,Chart,رسم بياني,,Pending,,New shared catalog copy; native-speaker review required.
Chart of accounts,Chart of accounts,دليل الحسابات,,Pending,,New shared catalog copy; native-speaker review required.
Chart type,Chart type,نوع الرسم البياني,,Pending,,New shared catalog copy; native-speaker review required.
Chat,Chat,محادثة,,Pending,,New shared catalog copy; native-speaker review required.
Check in,Check in,تسجيل الحضور,,Pending,,New shared catalog copy; native-speaker review required.
"Check the address, or head back to the dashboard.","Check the address, or head back to the dashboard.",تحقق من العنوان، أو عد إلى لوحة التحكم.,,Pending,,New shared catalog copy; native-speaker review required.
"Check the parameters, then start the run.","Check the parameters, then start the run.",تحقق من المعايير، ثم ابدأ التشغيل.,,Pending,,New shared catalog copy; native-speaker review required.
Check these before starting. They cannot change while the run is in progress.,Check these before starting. They cannot change while the run is in progress.,تحقق من هذه العناصر قبل البدء. لا يمكن تغييرها أثناء تنفيذ العملية.,,Pending,,New shared catalog copy; native-speaker review required.
Choose,Choose,اختر,,Pending,,New shared catalog copy; native-speaker review required.
Choose a grade first,Choose a grade first,اختر الصف أولًا,,Pending,,New shared catalog copy; native-speaker review required.
Choose a recipient,Choose a recipient,اختر مستلمًا,,Pending,,New shared catalog copy; native-speaker review required.
Choose a report to schedule,Choose a report to schedule,اختر تقريرًا للجدولة,,Pending,,New shared catalog copy; native-speaker review required.
Choose branches,Choose branches,اختر الفروع,,Pending,,New shared catalog copy; native-speaker review required.
Choose child,Choose child,اختر الطالب/الابن,,Pending,,New shared catalog copy; native-speaker review required.
Choose how you hear about each kind of update,Choose how you hear about each kind of update,اختر كيفية تلقي الإشعار بكل نوع من التحديثات,,Pending,,New shared catalog copy; native-speaker review required.
Choose one or more fields,Choose one or more fields,اختر حقلاً واحدًا أو أكثر,,Pending,,New shared catalog copy; native-speaker review required.
Choose roles,Choose roles,اختر الأدوار,,Pending,,New shared catalog copy; native-speaker review required.
Choose {value0},Choose {value0},اختر {value0},,Pending,,New shared catalog copy; native-speaker review required.
Circulation,Circulation,الإعارة,,Pending,,New shared catalog copy; native-speaker review required.
"Circulation, last 14 school days","Circulation, last 14 school days",الإعارة، آخر 14 يوم دراسي,,Pending,,New shared catalog copy; native-speaker review required.
Claim value,Claim value,قيمة المطالبة,,Pending,,New shared catalog copy; native-speaker review required.
Claims and denials by payer,Claims and denials by payer,المطالبات والرفض حسب الجهة الدافعة,,Pending,,New shared catalog copy; native-speaker review required.
Clash: this teacher already teaches,Clash: this teacher already teaches,تعارض: هذا المعلم يُدرّس بالفعل,,Pending,,New shared catalog copy; native-speaker review required.
Class average,Class average,متوسط الصف,,Pending,,New shared catalog copy; native-speaker review required.
Class avg,Class avg,متوسط الصف,,Pending,,New shared catalog copy; native-speaker review required.
Class not chosen,Class not chosen,لم يتم اختيار الفصل,,Pending,,New shared catalog copy; native-speaker review required.
Class teacher,Class teacher,معلم الصف,,Pending,,New shared catalog copy; native-speaker review required.
Class teacher of,Class teacher of,معلم صف,,Pending,,New shared catalog copy; native-speaker review required.
Classes,Classes,الصفوف,,Pending,,New shared catalog copy; native-speaker review required.
Classes & sections,Classes & sections,الصفوف والشعب,,Pending,,New shared catalog copy; native-speaker review required.
"Classes, {value0}","Classes, {value0}",الفصول، {value0},,Pending,,New shared catalog copy; native-speaker review required.
Clear all,Clear all,مسح الكل,,Pending,,New shared catalog copy; native-speaker review required.
Clear page,Clear page,مسح الصفحة,,Pending,,New shared catalog copy; native-speaker review required.
Clear search and filters,Clear search and filters,مسح البحث والفلاتر,,Pending,,New shared catalog copy; native-speaker review required.
Click Pay to confirm you've made the transfer. It's marked paid once the bank confirms (demo: instant).,Click Pay to confirm you've made the transfer. It's marked paid once the bank confirms (demo: instant).,"انقر على ""دفع"" لتأكيد إتمام التحويل. تُعلَّم كمدفوعة بمجرد تأكيد البنك (في العرض التجريبي: فوري).",,Pending,,New shared catalog copy; native-speaker review required.
Clinical activity by department,Clinical activity by department,النشاط السريري حسب القسم,,Pending,,New shared catalog copy; native-speaker review required.
"Clinical, quality and diagnostics reporting including patient-level data.","Clinical, quality and diagnostics reporting including patient-level data.",تقارير سريرية وجودة وتشخيصات تشمل بيانات على مستوى المريض.,,Pending,,New shared catalog copy; native-speaker review required.
Close submissions,Close submissions,إغلاق التقديمات,,Pending,,New shared catalog copy; native-speaker review required.
Closed,Closed,مغلق,,Pending,,New shared catalog copy; native-speaker review required.
Closed – not submitted,Closed – not submitted,مغلق – لم يُسلَّم,,Pending,,New shared catalog copy; native-speaker review required.
Closed — not attempted,Closed — not attempted,مغلق — لم تتم المحاولة,,Pending,,New shared catalog copy; native-speaker review required.
Closing,Closing,الإغلاق,,Pending,,New shared catalog copy; native-speaker review required.
Closing balance,Closing balance,الرصيد الختامي,,Pending,,New shared catalog copy; native-speaker review required.
Closing balance (,Closing balance (,الرصيد الختامي (,,Pending,,New shared catalog copy; native-speaker review required.
Closing qty,Closing qty,الكمية الختامية,,Pending,,New shared catalog copy; native-speaker review required.
Closing value,Closing value,القيمة الختامية,,Pending,,New shared catalog copy; native-speaker review required.
Code assigned on save,Code assigned on save,يُخصَّص الرمز عند الحفظ,,Pending,,New shared catalog copy; native-speaker review required.
Collapse all,Collapse all,طي الكل,,Pending,,New shared catalog copy; native-speaker review required.
Collect,Collect,تحصيل,,Pending,,New shared catalog copy; native-speaker review required.
Collect payment,Collect payment,تحصيل الدفعة,,Pending,,New shared catalog copy; native-speaker review required.
Collected,Collected,تم التحصيل,,Pending,,New shared catalog copy; native-speaker review required.
Collection rate,Collection rate,معدل التحصيل,,Pending,,New shared catalog copy; native-speaker review required.
Collection rate by class,Collection rate by class,معدل التحصيل حسب الصف,,Pending,,New shared catalog copy; native-speaker review required.
Collections and payables.,Collections and payables.,التحصيلات والمستحقات.,,Pending,,New shared catalog copy; native-speaker review required.
Collections by month,Collections by month,التحصيلات حسب الشهر,,Pending,,New shared catalog copy; native-speaker review required.
Collections ledger,Collections ledger,دفتر التحصيلات,,Pending,,New shared catalog copy; native-speaker review required.
Colour,Colour,اللون,,Pending,,New shared catalog copy; native-speaker review required.
Colour {value0},Colour {value0},اللون {value0},,Pending,,New shared catalog copy; native-speaker review required.
Column label,Column label,تسمية العمود,,Pending,,New shared catalog copy; native-speaker review required.
Column store for multi-year aggregates as volume grows.,Column store for multi-year aggregates as volume grows.,مخزن أعمدة للتجميعات متعددة السنوات مع تزايد الحجم.,,Pending,,New shared catalog copy; native-speaker review required.
Columns with a lock contain sensitive data and appear masked for your role.,Columns with a lock contain sensitive data and appear masked for your role.,الأعمدة التي عليها قفل تحتوي على بيانات حساسة وتظهر مُخفاة حسب دورك.,,Pending,,New shared catalog copy; native-speaker review required.
Coming up,Coming up,قادم,,Pending,,New shared catalog copy; native-speaker review required.
Comma-separated. Registered users and approved domains only.,Comma-separated. Registered users and approved domains only.,مفصولة بفواصل. المستخدمون المسجلون والنطاقات المعتمدة فقط.,,Pending,,New shared catalog copy; native-speaker review required.
Compact (recommended),Compact (recommended),مضغوط (موصى به),,Pending,,New shared catalog copy; native-speaker review required.
Company profile,Company profile,ملف الشركة,,Pending,,New shared catalog copy; native-speaker review required.
Company settings,Company settings,إعدادات الشركة,,Pending,,New shared catalog copy; native-speaker review required.
"Company, divisions, departments and teams","Company, divisions, departments and teams",الشركة والأقسام والإدارات والفرق,,Pending,,New shared catalog copy; native-speaker review required.
Completed papers,Completed papers,الأوراق المكتملة,,Pending,,New shared catalog copy; native-speaker review required.
Components and quantities to build a product,Components and quantities to build a product,المكونات والكميات اللازمة لتصنيع المنتج,,Pending,,New shared catalog copy; native-speaker review required.
Confirm booking,Confirm booking,تأكيد الحجز,,Pending,,New shared catalog copy; native-speaker review required.
Confirm new password,Confirm new password,تأكيد كلمة المرور الجديدة,,Pending,,New shared catalog copy; native-speaker review required.
Connect a BI tool,Connect a BI tool,ربط أداة ذكاء الأعمال,,Pending,,New shared catalog copy; native-speaker review required.
Consultant,Consultant,الاستشاري,,Pending,,New shared catalog copy; native-speaker review required.
Consultation fee,Consultation fee,رسوم الاستشارة,,Pending,,New shared catalog copy; native-speaker review required.
Consultation fees,Consultation fees,رسوم الاستشارات,,Pending,,New shared catalog copy; native-speaker review required.
Contact person,Contact person,جهة الاتصال,,Pending,,New shared catalog copy; native-speaker review required.
Contains…,Contains…,يحتوي على…,,Pending,,New shared catalog copy; native-speaker review required.
Continue to reports,Continue to reports,المتابعة إلى التقارير,,Pending,,New shared catalog copy; native-speaker review required.
Continue with single sign-on,Continue with single sign-on,المتابعة باستخدام تسجيل الدخول الموحد,,Pending,,New shared catalog copy; native-speaker review required.
Controls whether this {value0} can be used on new transactions.,Controls whether this {value0} can be used on new transactions.,يتحكم في إمكانية استخدام {value0} هذا في المعاملات الجديدة.,,Pending,,New shared catalog copy; native-speaker review required.
Conversation,Conversation,محادثة,,Pending,,New shared catalog copy; native-speaker review required.
Copied as a new draft,Copied as a new draft,تم النسخ كمسودة جديدة,,Pending,,New shared catalog copy; native-speaker review required.
Copied into a new draft,Copied into a new draft,تم النسخ إلى مسودة جديدة,,Pending,,New shared catalog copy; native-speaker review required.
Copies,Copies,نسخ,,Pending,,New shared catalog copy; native-speaker review required.
Copy,Copy,نسخ,,Pending,,New shared catalog copy; native-speaker review required.
Copy this key now. It will not be shown again.,Copy this key now. It will not be shown again.,انسخ هذا المفتاح الآن. لن يُعرض مرة أخرى.,,Pending,,New shared catalog copy; native-speaker review required.
Copy to new,Copy to new,نسخ إلى جديد,,Pending,,New shared catalog copy; native-speaker review required.
Core subjects,Core subjects,المواد الأساسية,,Pending,,New shared catalog copy; native-speaker review required.
Correct answers are shown in green,Correct answers are shown in green,تظهر الإجابات الصحيحة باللون الأخضر,,Pending,,New shared catalog copy; native-speaker review required.
Cost center,Cost center,مركز التكلفة,,Pending,,New shared catalog copy; native-speaker review required.
Count,Count,العدد,,Pending,,New shared catalog copy; native-speaker review required.
"Countries, dialing codes and default currency","Countries, dialing codes and default currency",الدول ورموز الاتصال والعملة الافتراضية,,Pending,,New shared catalog copy; native-speaker review required.
Country master,Country master,بيانات الدول,,Pending,,New shared catalog copy; native-speaker review required.
Create,Create,إنشاء,,Pending,,New shared catalog copy; native-speaker review required.
Create API keys for BI tools,Create API keys for BI tools,إنشاء مفاتيح API لأدوات ذكاء الأعمال,,Pending,,New shared catalog copy; native-speaker review required.
Create and edit dashboards,Create and edit dashboards,إنشاء لوحات المعلومات وتعديلها,,Pending,,New shared catalog copy; native-speaker review required.
Create application,Create application,إنشاء طلب,,Pending,,New shared catalog copy; native-speaker review required.
Create class,Create class,إنشاء صف,,Pending,,New shared catalog copy; native-speaker review required.
Create dashboard,Create dashboard,إنشاء لوحة تحكم,,Pending,,New shared catalog copy; native-speaker review required.
Create key,Create key,إنشاء مفتاح,,Pending,,New shared catalog copy; native-speaker review required.
"Create one here, or open any report and choose Schedule.","Create one here, or open any report and choose Schedule.",أنشئ واحدة هنا، أو افتح أي تقرير واختر جدولة.,,Pending,,New shared catalog copy; native-speaker review required.
"Create reports from approved datasets: pick grouping, measures and calculated columns, then share them with roles. Access, branch limits and masking still apply.","Create reports from approved datasets: pick grouping, measures and calculated columns, then share them with roles. Access, branch limits and masking still apply.",أنشئ تقارير من مجموعات البيانات المعتمدة: اختر التجميع والمقاييس والأعمدة المحسوبة، ثم شاركها مع الأدوار. تظل قيود الوصول والفروع والإخفاء سارية.,,Pending,,New shared catalog copy; native-speaker review required.
Create role,Create role,إنشاء دور,,Pending,,New shared catalog copy; native-speaker review required.
Created,Created,تم الإنشاء,,Pending,,New shared catalog copy; native-speaker review required.
Creates an application in the Applied stage,Creates an application in the Applied stage,"ينشئ طلبًا في مرحلة ""تم التقديم""",,Pending,,New shared catalog copy; native-speaker review required.
Creating,Creating,جارٍ الإنشاء,,Pending,,New shared catalog copy; native-speaker review required.
Credit,Credit,دائن,,Pending,,New shared catalog copy; native-speaker review required.
Credits,Credits,الدائن,,Pending,,New shared catalog copy; native-speaker review required.
Credits in period,Credits in period,الدائن خلال الفترة,,Pending,,New shared catalog copy; native-speaker review required.
Critical results,Critical results,النتائج الحرجة,,Pending,,New shared catalog copy; native-speaker review required.
Ctrl + Enter to post,Ctrl + Enter to post,Ctrl + Enter للترحيل,,Pending,,New shared catalog copy; native-speaker review required.
Ctrl Shift K,Ctrl Shift K,Ctrl Shift K,,Pending,,New shared catalog copy; native-speaker review required.
Currencies and exchange rates to base,Currencies and exchange rates to base,العملات وأسعار الصرف مقابل العملة الأساسية,,Pending,,New shared catalog copy; native-speaker review required.
Currency master,Currency master,بيانات العملات,,Pending,,New shared catalog copy; native-speaker review required.
Current password,Current password,كلمة المرور الحالية,,Pending,,New shared catalog copy; native-speaker review required.
Custodian,Custodian,أمين العهدة,,Pending,,New shared catalog copy; native-speaker review required.
Custom colour,Custom colour,لون مخصص,,Pending,,New shared catalog copy; native-speaker review required.
Customer group,Customer group,مجموعة العملاء,,Pending,,New shared catalog copy; native-speaker review required.
Customer issues from new to resolved,Customer issues from new to resolved,مشكلات العملاء من جديدة إلى محلولة,,Pending,,New shared catalog copy; native-speaker review required.
Customer ledger,Customer ledger,دفتر أستاذ العملاء,,Pending,,New shared catalog copy; native-speaker review required.
Customer master,Customer master,بيانات العملاء,,Pending,,New shared catalog copy; native-speaker review required.
Customer orders from draft to delivery,Customer orders from draft to delivery,طلبات العملاء من المسودة إلى التسليم,,Pending,,New shared catalog copy; native-speaker review required.
Customer since,Customer since,عميل منذ,,Pending,,New shared catalog copy; native-speaker review required.
"Customers, contacts, credit and terms","Customers, contacts, credit and terms",العملاء وجهات الاتصال والائتمان والشروط,,Pending,,New shared catalog copy; native-speaker review required.
Daily attendance for the month,Daily attendance for the month,الحضور اليومي للشهر,,Pending,,New shared catalog copy; native-speaker review required.
Daily overdue digest,Daily overdue digest,ملخص يومي للمتأخرات,,Pending,,New shared catalog copy; native-speaker review required.
Daily presence over 20 school days,Daily presence over 20 school days,الحضور اليومي خلال 20 يوم دراسي,,Pending,,New shared catalog copy; native-speaker review required.
Daily revenue and collections,Daily revenue and collections,الإيرادات والتحصيلات اليومية,,Pending,,New shared catalog copy; native-speaker review required.
Dashboard,Dashboard,لوحة التحكم,,Pending,,New shared catalog copy; native-speaker review required.
Dashboards,Dashboards,لوحات التحكم,,Pending,,New shared catalog copy; native-speaker review required.
Data refreshed {when},Data refreshed {when},تم تحديث البيانات {when},,Pending,,New shared catalog copy; native-speaker review required.
Data sources,Data sources,مصادر البيانات,,Pending,,New shared catalog copy; native-speaker review required.
Dataset,Dataset,مجموعة البيانات,,Pending,,New shared catalog copy; native-speaker review required.
Date of joining,Date of joining,تاريخ الالتحاق,,Pending,,New shared catalog copy; native-speaker review required.
Date sheet,Date sheet,جدول الامتحانات,,Pending,,New shared catalog copy; native-speaker review required.
Day,Day,يوم,,Pending,,New shared catalog copy; native-speaker review required.
Day of month,Day of month,يوم من الشهر,,Pending,,New shared catalog copy; native-speaker review required.
Days,Days,أيام,,Pending,,New shared catalog copy; native-speaker review required.
Days / year,Days / year,أيام / سنة,,Pending,,New shared catalog copy; native-speaker review required.
Deactivate,Deactivate,إلغاء التفعيل,,Pending,,New shared catalog copy; native-speaker review required.
Debit,Debit,مدين,,Pending,,New shared catalog copy; native-speaker review required.
"Debit and credit movements by account for the period, with net balance. Totals should reconcile to zero.","Debit and credit movements by account for the period, with net balance. Totals should reconcile to zero.",حركات المدين والدائن حسب الحساب خلال الفترة، مع صافي الرصيد. يجب أن تتوافق الإجماليات إلى صفر.,,Pending,,New shared catalog copy; native-speaker review required.
Debits and credits must match before posting,Debits and credits must match before posting,يجب أن تتساوى المدين والدائن قبل الترحيل,,Pending,,New shared catalog copy; native-speaker review required.
Debits in period,Debits in period,المدين خلال الفترة,,Pending,,New shared catalog copy; native-speaker review required.
"Decide, per role, which reports can be viewed, exported, emailed, scheduled or pulled by BI tools. Every screen, export, schedule, email request and API call checks these rules on the server.","Decide, per role, which reports can be viewed, exported, emailed, scheduled or pulled by BI tools. Every screen, export, schedule, email request and API call checks these rules on the server.",حدد، لكل دور، التقارير التي يمكن عرضها أو تصديرها أو إرسالها بالبريد الإلكتروني أو جدولتها أو سحبها بواسطة أدوات ذكاء الأعمال. تتحقق كل شاشة وتصدير وجدولة وطلب بريد إلكتروني واستدعاء واجهة برمجة تطبيقات من هذه القواعد على الخادم.,,Pending,,New shared catalog copy; native-speaker review required.
Decided. This request is,Decided. This request is,تم اتخاذ القرار. هذا الطلب,,Pending,,New shared catalog copy; native-speaker review required.
Decimals,Decimals,الخانات العشرية,,Pending,,New shared catalog copy; native-speaker review required.
Decline,Decline,رفض,,Pending,,New shared catalog copy; native-speaker review required.
Default payment terms,Default payment terms,شروط الدفع الافتراضية,,Pending,,New shared catalog copy; native-speaker review required.
Default period,Default period,الفترة الافتراضية,,Pending,,New shared catalog copy; native-speaker review required.
Default tax,Default tax,الضريبة الافتراضية,,Pending,,New shared catalog copy; native-speaker review required.
Default warehouse,Default warehouse,المستودع الافتراضي,,Pending,,New shared catalog copy; native-speaker review required.
Default: {value0},Default: {value0},الافتراضي: {value0},,Pending,,New shared catalog copy; native-speaker review required.
Defaults for sales and purchase documents.,Defaults for sales and purchase documents.,الإعدادات الافتراضية لمستندات المبيعات والمشتريات.,,Pending,,New shared catalog copy; native-speaker review required.
"Delete ""{name}""?","Delete ""{name}""?","حذف ""{name}""؟",,Pending,,New shared catalog copy; native-speaker review required.
"Delete ""{title}""? Saved views and favorites for it are removed and its schedules are paused.","Delete ""{title}""? Saved views and favorites for it are removed and its schedules are paused.","حذف ""{title}""؟ ستُحذف طرق العرض المحفوظة والمفضلات الخاصة به وتُوقف جدولاته.",,Pending,,New shared catalog copy; native-speaker review required.
Delete dashboard,Delete dashboard,حذف لوحة التحكم,,Pending,,New shared catalog copy; native-speaker review required.
Delete notice?,Delete notice?,حذف الإشعار؟,,Pending,,New shared catalog copy; native-speaker review required.
Delete page,Delete page,حذف الصفحة,,Pending,,New shared catalog copy; native-speaker review required.
Delete report,Delete report,حذف التقرير,,Pending,,New shared catalog copy; native-speaker review required.
Delete role,Delete role,حذف الدور,,Pending,,New shared catalog copy; native-speaker review required.
Delete schedule,Delete schedule,حذف الجدولة,,Pending,,New shared catalog copy; native-speaker review required.
"Delete the dashboard ""{name}""?","Delete the dashboard ""{name}""?","حذف لوحة التحكم ""{name}""؟",,Pending,,New shared catalog copy; native-speaker review required.
Delete the role {name}? Its report access and role views are removed.,Delete the role {name}? Its report access and role views are removed.,حذف الدور {name}؟ ستُحذف صلاحيات الوصول إلى التقارير وطرق عرض الدور الخاصة به.,,Pending,,New shared catalog copy; native-speaker review required.
Delete this,Delete this,حذف هذا,,Pending,,New shared catalog copy; native-speaker review required.
Delete view {name},Delete view {name},حذف طريقة العرض {name},,Pending,,New shared catalog copy; native-speaker review required.
Delete view {value0},Delete view {value0},حذف طريقة العرض {value0},,Pending,,New shared catalog copy; native-speaker review required.
Delete {value0}?,Delete {value0}?,حذف {value0}؟,,Pending,,New shared catalog copy; native-speaker review required.
Delete “{value0}”? Recipients will no longer see it.,Delete “{value0}”? Recipients will no longer see it.,حذف “{value0}”؟ لن يتمكن المستلمون من رؤيته بعد الآن.,,Pending,,New shared catalog copy; native-speaker review required.
Delivery,Delivery,التسليم,,Pending,,New shared catalog copy; native-speaker review required.
Delivery date,Delivery date,تاريخ التسليم,,Pending,,New shared catalog copy; native-speaker review required.
"Demo data is synthetic and generated by the demo API. Email is recorded in the outbox, never sent.","Demo data is synthetic and generated by the demo API. Email is recorded in the outbox, never sent.",بيانات العرض التجريبي اصطناعية ويتم إنشاؤها بواسطة واجهة برمجة تطبيقات العرض التجريبي. يُسجَّل البريد الإلكتروني في صندوق الصادر ولا يُرسل أبدًا.,,Pending,,New shared catalog copy; native-speaker review required.
Demo host: these paths are served by the reference demo API behind the host session. A production deployment must publish its own authenticated BI endpoint.,Demo host: these paths are served by the reference demo API behind the host session. A production deployment must publish its own authenticated BI endpoint.,المضيف التجريبي: يتم تقديم هذه المسارات بواسطة واجهة برمجة التطبيقات المرجعية للعرض التجريبي خلف جلسة المضيف. يجب أن ينشر النشر الفعلي (الإنتاجي) نقطة نهاية ذكاء أعمال موثّقة خاصة به.,,Pending,,New shared catalog copy; native-speaker review required.
Demo mode: any email and a password of 4 or more characters will sign you in.,Demo mode: any email and a password of 4 or more characters will sign you in.,وضع العرض التجريبي: أي بريد إلكتروني وكلمة مرور مكونة من 4 أحرف أو أكثر تتيح لك تسجيل الدخول.,,Pending,,New shared catalog copy; native-speaker review required.
Denial rate,Denial rate,معدل الرفض,,Pending,,New shared catalog copy; native-speaker review required.
Denial reason,Denial reason,سبب الرفض,,Pending,,New shared catalog copy; native-speaker review required.
Denial reasons,Denial reasons,أسباب الرفض,,Pending,,New shared catalog copy; native-speaker review required.
Denials by payer,Denials by payer,الرفض حسب الجهة الدافعة,,Pending,,New shared catalog copy; native-speaker review required.
Denied,Denied,مرفوض,,Pending,,New shared catalog copy; native-speaker review required.
Denied claims,Denied claims,المطالبات المرفوضة,,Pending,,New shared catalog copy; native-speaker review required.
Denied claims and value by main denial reason.,Denied claims and value by main denial reason.,المطالبات المرفوضة وقيمتها حسب سبب الرفض الرئيسي.,,Pending,,New shared catalog copy; native-speaker review required.
Denied value,Denied value,القيمة المرفوضة,,Pending,,New shared catalog copy; native-speaker review required.
Department master,Department master,بيانات الإدارات,,Pending,,New shared catalog copy; native-speaker review required.
"Departments, heads and cost centers","Departments, heads and cost centers",الإدارات ورؤساؤها ومراكز التكلفة,,Pending,,New shared catalog copy; native-speaker review required.
Depreciation,Depreciation,الإهلاك,,Pending,,New shared catalog copy; native-speaker review required.
Depreciation run,Depreciation run,تشغيل الإهلاك,,Pending,,New shared catalog copy; native-speaker review required.
Designation,Designation,المسمى الوظيفي,,Pending,,New shared catalog copy; native-speaker review required.
Detail,Detail,التفاصيل,,Pending,,New shared catalog copy; native-speaker review required.
Detail: one row per record,Detail: one row per record,التفصيل: صف واحد لكل سجل,,Pending,,New shared catalog copy; native-speaker review required.
Diagnostics turnaround,Diagnostics turnaround,زمن إنجاز التشخيص,,Pending,,New shared catalog copy; native-speaker review required.
Diagnostics volume trend,Diagnostics volume trend,اتجاه حجم التشخيصات,,Pending,,New shared catalog copy; native-speaker review required.
Dial code,Dial code,رمز الاتصال,,Pending,,New shared catalog copy; native-speaker review required.
Difference,Difference,الفرق,,Pending,,New shared catalog copy; native-speaker review required.
Digits,Digits,الأرقام,,Pending,,New shared catalog copy; native-speaker review required.
Direction,Direction,الاتجاه,,Pending,,New shared catalog copy; native-speaker review required.
Directly under,Directly under,تابع مباشرة لـ,,Pending,,New shared catalog copy; native-speaker review required.
Discard and switch,Discard and switch,تجاهل والتبديل,,Pending,,New shared catalog copy; native-speaker review required.
Discard unsaved marks?,Discard unsaved marks?,تجاهل الدرجات غير المحفوظة؟,,Pending,,New shared catalog copy; native-speaker review required.
Discharge outcomes,Discharge outcomes,نتائج الخروج,,Pending,,New shared catalog copy; native-speaker review required.
Discharge status,Discharge status,حالة الخروج,,Pending,,New shared catalog copy; native-speaker review required.
Doctor,Doctor,الطبيب,,Pending,,New shared catalog copy; native-speaker review required.
Doctor master,Doctor master,بيانات الأطباء,,Pending,,New shared catalog copy; native-speaker review required.
Doctor schedules and patient bookings,Doctor schedules and patient bookings,جداول الأطباء وحجوزات المرضى,,Pending,,New shared catalog copy; native-speaker review required.
Document,Document,مستند,,Pending,,New shared catalog copy; native-speaker review required.
Documents,Documents,المستندات,,Pending,,New shared catalog copy; native-speaker review required.
Documents received,Documents received,المستندات المستلمة,,Pending,,New shared catalog copy; native-speaker review required.
Domain,Domain,النطاق,,Pending,,New shared catalog copy; native-speaker review required.
Donut,Donut,دائري مجوف,,Pending,,New shared catalog copy; native-speaker review required.
Donut chart of {series},Donut chart of {series},رسم بياني دائري مجوف لـ {series},,Pending,,New shared catalog copy; native-speaker review required.
Download PNG,Download PNG,تنزيل PNG,,Pending,,New shared catalog copy; native-speaker review required.
Download {format},Download {format},تنزيل {format},,Pending,,New shared catalog copy; native-speaker review required.
Download {name},Download {name},تنزيل {name},,Pending,,New shared catalog copy; native-speaker review required.
Downloads are not available in this host.,Downloads are not available in this host.,التنزيلات غير متاحة في هذا المضيف.,,Pending,,New shared catalog copy; native-speaker review required.
Drafts,Drafts,المسودات,,Pending,,New shared catalog copy; native-speaker review required.
"Drag cards between stages, or use the arrows","Drag cards between stages, or use the arrows",اسحب البطاقات بين المراحل، أو استخدم الأسهم,,Pending,,New shared catalog copy; native-speaker review required.
"Draw with mouse, touch or stylus · hold Shift for straight lines","Draw with mouse, touch or stylus · hold Shift for straight lines",ارسم باستخدام الماوس أو اللمس أو القلم الرقمي · اضغط مع الاستمرار على Shift للخطوط المستقيمة,,Pending,,New shared catalog copy; native-speaker review required.
Drawing canvas,Drawing canvas,لوحة الرسم,,Pending,,New shared catalog copy; native-speaker review required.
Drop an application here,Drop an application here,أفلت طلبًا هنا,,Pending,,New shared catalog copy; native-speaker review required.
Drop items here,Drop items here,أفلت العناصر هنا,,Pending,,New shared catalog copy; native-speaker review required.
Due,Due,المستحق,,Pending,,New shared catalog copy; native-speaker review required.
Due back {value0},Due back {value0},موعد الإرجاع {value0},,Pending,,New shared catalog copy; native-speaker review required.
Due by,Due by,مستحق بحلول,,Pending,,New shared catalog copy; native-speaker review required.
Due {date},Due {date},الاستحقاق {date},,Pending,,New shared catalog copy; native-speaker review required.
Due {value0},Due {value0},مستحق {value0},,Pending,,New shared catalog copy; native-speaker review required.
Duplicate,Duplicate,تكرار,,Pending,,New shared catalog copy; native-speaker review required.
ED visits,ED visits,زيارات الطوارئ,,Pending,,New shared catalog copy; native-speaker review required.
Earnings,Earnings,الاستحقاقات,,Pending,,New shared catalog copy; native-speaker review required.
Earnings and deductions by grade,Earnings and deductions by grade,الاستحقاقات والخصومات حسب الدرجة,,Pending,,New shared catalog copy; native-speaker review required.
Edit {value0} · {value1} {value2},Edit {value0} · {value1} {value2},تعديل {value0} · {value1} {value2},,Pending,,New shared catalog copy; native-speaker review required.
Edit: {title},Edit: {title},تعديل: {title},,Pending,,New shared catalog copy; native-speaker review required.
Editing,Editing,جارٍ التعديل,,Pending,,New shared catalog copy; native-speaker review required.
Electives & activities,Electives & activities,المواد الاختيارية والأنشطة,,Pending,,New shared catalog copy; native-speaker review required.
Ellipse,Ellipse,شكل بيضاوي,,Pending,,New shared catalog copy; native-speaker review required.
Email and in-app alerts,Email and in-app alerts,تنبيهات البريد الإلكتروني وداخل التطبيق,,Pending,,New shared catalog copy; native-speaker review required.
Email approvers,Email approvers,إرسال بريد إلكتروني للمعتمدين,,Pending,,New shared catalog copy; native-speaker review required.
Email delivery,Email delivery,تسليم البريد الإلكتروني,,Pending,,New shared catalog copy; native-speaker review required.
Email it,Email it,إرساله بالبريد الإلكتروني,,Pending,,New shared catalog copy; native-speaker review required.
Email outbox,Email outbox,صندوق صادر البريد الإلكتروني,,Pending,,New shared catalog copy; native-speaker review required.
Email requests,Email requests,طلبات البريد الإلكتروني,,Pending,,New shared catalog copy; native-speaker review required.
Email requests are currently turned off by an administrator.,Email requests are currently turned off by an administrator.,طلبات البريد الإلكتروني معطّلة حاليًا من قِبل أحد المسؤولين.,,Pending,,New shared catalog copy; native-speaker review required.
Email to {to},Email to {to},إرسال بريد إلكتروني إلى {to},,Pending,,New shared catalog copy; native-speaker review required.
"Email, report id or detail","Email, report id or detail",البريد الإلكتروني أو معرّف التقرير أو التفاصيل,,Pending,,New shared catalog copy; native-speaker review required.
Emergency contact,Emergency contact,جهة اتصال الطوارئ,,Pending,,New shared catalog copy; native-speaker review required.
Emergency phone,Emergency phone,هاتف الطوارئ,,Pending,,New shared catalog copy; native-speaker review required.
Employee master,Employee master,بيانات الموظفين,,Pending,,New shared catalog copy; native-speaker review required.
Employees,Employees,الموظفون,,Pending,,New shared catalog copy; native-speaker review required.
"Employees, roles, reporting and payroll details","Employees, roles, reporting and payroll details",الموظفون والأدوار والتسلسل الإداري وتفاصيل الرواتب,,Pending,,New shared catalog copy; native-speaker review required.
Employment type,Employment type,نوع التوظيف,,Pending,,New shared catalog copy; native-speaker review required.
End,End,نهاية,,Pending,,New shared catalog copy; native-speaker review required.
End date (optional),End date (optional),تاريخ الانتهاء (اختياري),,Pending,,New shared catalog copy; native-speaker review required.
Ends,Ends,ينتهي,,Pending,,New shared catalog copy; native-speaker review required.
Enrol & register,Enrol & register,القيد والتسجيل,,Pending,,New shared catalog copy; native-speaker review required.
Enrolment,Enrolment,القيد,,Pending,,New shared catalog copy; native-speaker review required.
Enter debit and credit lines.,Enter debit and credit lines.,أدخل سطور المدين والدائن.,,Pending,,New shared catalog copy; native-speaker review required.
Enter marks between 0 and {value0},Enter marks between 0 and {value0},أدخل درجات بين 0 و{value0},,Pending,,New shared catalog copy; native-speaker review required.
Enter ↓ · ↑ · ← → to move between cells,Enter ↓ · ↑ · ← → to move between cells,Enter ↓ · ↑ · ← → للتنقل بين الخلايا,,Pending,,New shared catalog copy; native-speaker review required.
Entrance test score,Entrance test score,درجة اختبار القبول,,Pending,,New shared catalog copy; native-speaker review required.
Entry open · exam scheduled,Entry open · exam scheduled,القيد مفتوح · الامتحان مجدول,,Pending,,New shared catalog copy; native-speaker review required.
Eraser,Eraser,ممحاة,,Pending,,New shared catalog copy; native-speaker review required.
Escalate to,Escalate to,تصعيد إلى,,Pending,,New shared catalog copy; native-speaker review required.
Event,Event,فعالية,,Pending,,New shared catalog copy; native-speaker review required.
"Every order, voucher and payslip in one ledger you can trust.","Every order, voucher and payslip in one ledger you can trust.",كل طلب وسند وقسيمة راتب في دفتر أستاذ واحد يمكنك الوثوق به.,,Pending,,New shared catalog copy; native-speaker review required.
Every parameter is within spec. Ready to accept.,Every parameter is within spec. Ready to accept.,جميع المعايير ضمن المواصفات. جاهز للقبول.,,Pending,,New shared catalog copy; native-speaker review required.
"Every report your role allows, from one place.","Every report your role allows, from one place.",كل تقرير يسمح به دورك، من مكان واحد.,,Pending,,New shared catalog copy; native-speaker review required.
Every {parent},Every {parent},كل {parent},,Pending,,New shared catalog copy; native-speaker review required.
Everyone,Everyone,الجميع,,Pending,,New shared catalog copy; native-speaker review required.
Everyone in a role,Everyone in a role,الجميع في دور معين,,Pending,,New shared catalog copy; native-speaker review required.
Everything waiting on your decision,Everything waiting on your decision,كل ما ينتظر قرارك,,Pending,,New shared catalog copy; native-speaker review required.
Exam,Exam,امتحان,,Pending,,New shared catalog copy; native-speaker review required.
Exam-day checklist,Exam-day checklist,قائمة تحقق يوم الامتحان,,Pending,,New shared catalog copy; native-speaker review required.
Examinations,Examinations,الامتحانات,,Pending,,New shared catalog copy; native-speaker review required.
Exams,Exams,الامتحانات,,Pending,,New shared catalog copy; native-speaker review required.
Exams can't be scheduled on a weekend.,Exams can't be scheduled on a weekend.,لا يمكن جدولة الامتحانات في عطلة نهاية الأسبوع.,,Pending,,New shared catalog copy; native-speaker review required.
Excel,Excel,Excel,,Pending,,New shared catalog copy; native-speaker review required.
Excused,Excused,معذور,,Pending,,New shared catalog copy; native-speaker review required.
Existing documents keep their copy of this,Existing documents keep their copy of this,تحتفظ المستندات الحالية بنسختها من هذا,,Pending,,New shared catalog copy; native-speaker review required.
Expand all,Expand all,توسيع الكل,,Pending,,New shared catalog copy; native-speaker review required.
Expected by,Expected by,متوقع بحلول,,Pending,,New shared catalog copy; native-speaker review required.
Expense,Expense,المصروف,,Pending,,New shared catalog copy; native-speaker review required.
Expense by cost center,Expense by cost center,المصروفات حسب مركز التكلفة,,Pending,,New shared catalog copy; native-speaker review required.
Expense claims,Expense claims,مطالبات المصروفات,,Pending,,New shared catalog copy; native-speaker review required.
Expense date,Expense date,تاريخ المصروف,,Pending,,New shared catalog copy; native-speaker review required.
Expense postings by cost center.,Expense postings by cost center.,قيود المصروفات حسب مركز التكلفة.,,Pending,,New shared catalog copy; native-speaker review required.
Experience (yrs),Experience (yrs),الخبرة (سنوات),,Pending,,New shared catalog copy; native-speaker review required.
Expiring in 30 days,Expiring in 30 days,تنتهي صلاحيتها خلال 30 يومًا,,Pending,,New shared catalog copy; native-speaker review required.
Expiry,Expiry,انتهاء الصلاحية,,Pending,,New shared catalog copy; native-speaker review required.
Explanation (shown after submitting),Explanation (shown after submitting),التوضيح (يظهر بعد الإرسال),,Pending,,New shared catalog copy; native-speaker review required.
Export not available,Export not available,التصدير غير متاح,,Pending,,New shared catalog copy; native-speaker review required.
Export selected,Export selected,تصدير المحدد,,Pending,,New shared catalog copy; native-speaker review required.
Extension,Extension,تحويلة,,Pending,,New shared catalog copy; native-speaker review required.
Extra filters,Extra filters,مرشحات إضافية,,Pending,,New shared catalog copy; native-speaker review required.
Factor,Factor,العامل,,Pending,,New shared catalog copy; native-speaker review required.
Failed runs,Failed runs,التشغيلات الفاشلة,,Pending,,New shared catalog copy; native-speaker review required.
Family doctor,Family doctor,طبيب العائلة,,Pending,,New shared catalog copy; native-speaker review required.
Favorites,Favorites,المفضلة,,Pending,,New shared catalog copy; native-speaker review required.
Fee,Fee,الرسوم,,Pending,,New shared catalog copy; native-speaker review required.
Fee collection by month,Fee collection by month,تحصيل الرسوم حسب الشهر,,Pending,,New shared catalog copy; native-speaker review required.
Fee defaulters,Fee defaulters,المتخلفون عن سداد الرسوم,,Pending,,New shared catalog copy; native-speaker review required.
Fee due,Fee due,الرسوم المستحقة,,Pending,,New shared catalog copy; native-speaker review required.
Fee head,Fee head,بند الرسوم,,Pending,,New shared catalog copy; native-speaker review required.
Fee heads,Fee heads,بنود الرسوم,,Pending,,New shared catalog copy; native-speaker review required.
Fee heads per program and term,Fee heads per program and term,بنود الرسوم لكل برنامج وفصل دراسي,,Pending,,New shared catalog copy; native-speaker review required.
Fee schedule by doctor and visit type,Fee schedule by doctor and visit type,جدول الرسوم حسب الطبيب ونوع الزيارة,,Pending,,New shared catalog copy; native-speaker review required.
Fee status,Fee status,حالة الرسوم,,Pending,,New shared catalog copy; native-speaker review required.
Fee structure,Fee structure,هيكل الرسوم,,Pending,,New shared catalog copy; native-speaker review required.
Fee structure · AY {value0},Fee structure · AY {value0},هيكل الرسوم · العام الدراسي {value0},,Pending,,New shared catalog copy; native-speaker review required.
Fee structures,Fee structures,هياكل الرسوم,,Pending,,New shared catalog copy; native-speaker review required.
Feedback for the student,Feedback for the student,ملاحظات للطالب,,Pending,,New shared catalog copy; native-speaker review required.
Fees,Fees,الرسوم,,Pending,,New shared catalog copy; native-speaker review required.
Fees & payments,Fees & payments,الرسوم والمدفوعات,,Pending,,New shared catalog copy; native-speaker review required.
Fees collected,Fees collected,الرسوم المحصلة,,Pending,,New shared catalog copy; native-speaker review required.
Fees outstanding,Fees outstanding,الرسوم المستحقة,,Pending,,New shared catalog copy; native-speaker review required.
Fees overdue,Fees overdue,الرسوم المتأخرة,,Pending,,New shared catalog copy; native-speaker review required.
Female,Female,أنثى,,Pending,,New shared catalog copy; native-speaker review required.
Field keys: {keys},Field keys: {keys},مفاتيح الحقول: {keys},,Pending,,New shared catalog copy; native-speaker review required.
Fields marked * are required,Fields marked * are required,الحقول المميزة بـ * مطلوبة,,Pending,,New shared catalog copy; native-speaker review required.
Fields marked * are required. Ctrl + S saves.,Fields marked * are required. Ctrl + S saves.,الحقول المميزة بـ * مطلوبة. Ctrl + S للحفظ.,,Pending,,New shared catalog copy; native-speaker review required.
Files and saved results are deleted after this.,Files and saved results are deleted after this.,يتم حذف الملفات والنتائج المحفوظة بعد ذلك.,,Pending,,New shared catalog copy; native-speaker review required.
"Files are kept for a limited time, then removed automatically.","Files are kept for a limited time, then removed automatically.",يتم الاحتفاظ بالملفات لفترة محدودة، ثم تتم إزالتها تلقائيًا.,,Pending,,New shared catalog copy; native-speaker review required.
Files larger than 1 MB cannot be attached.,Files larger than 1 MB cannot be attached.,لا يمكن إرفاق ملفات أكبر من 1 ميجابايت.,,Pending,,New shared catalog copy; native-speaker review required.
Fill rectangles and ellipses,Fill rectangles and ellipses,تعبئة المستطيلات والأشكال البيضاوية,,Pending,,New shared catalog copy; native-speaker review required.
Filter reports,Filter reports,تصفية التقارير,,Pending,,New shared catalog copy; native-speaker review required.
Filters and sorting,Filters and sorting,المرشحات والفرز,,Pending,,New shared catalog copy; native-speaker review required.
Final,Final,نهائي,,Pending,,New shared catalog copy; native-speaker review required.
Finance office · AY,Finance office · AY,المكتب المالي · السنة الدراسية,,Pending,,New shared catalog copy; native-speaker review required.
Financial year starts,Financial year starts,بداية السنة المالية,,Pending,,New shared catalog copy; native-speaker review required.
Find a person,Find a person,البحث عن شخص,,Pending,,New shared catalog copy; native-speaker review required.
Find a report or page,Find a report or page,البحث عن تقرير أو صفحة,,Pending,,New shared catalog copy; native-speaker review required.
Find an entry,Find an entry,البحث عن إدخال,,Pending,,New shared catalog copy; native-speaker review required.
Find {value0},Find {value0},بحث عن {value0},,Pending,,New shared catalog copy; native-speaker review required.
Fines accrued,Fines accrued,الغرامات المستحقة,,Pending,,New shared catalog copy; native-speaker review required.
Fines accruing,Fines accruing,الغرامات المتراكمة,,Pending,,New shared catalog copy; native-speaker review required.
"First 25 rows for the default period, with your own access applied.","First 25 rows for the default period, with your own access applied.",أول 25 صفًا للفترة الافتراضية، مع تطبيق صلاحية الوصول الخاصة بك.,,Pending,,New shared catalog copy; native-speaker review required.
First name,First name,الاسم الأول,,Pending,,New shared catalog copy; native-speaker review required.
Flag,Flag,وضع علامة,,Pending,,New shared catalog copy; native-speaker review required.
Flag payments above,Flag payments above,وضع علامة على المدفوعات التي تتجاوز,,Pending,,New shared catalog copy; native-speaker review required.
Flagged,Flagged,تم وضع علامة عليه,,Pending,,New shared catalog copy; native-speaker review required.
"Fleet vehicles, drivers and compliance dates","Fleet vehicles, drivers and compliance dates",مركبات الأسطول والسائقون وتواريخ الامتثال,,Pending,,New shared catalog copy; native-speaker review required.
"Follow your children's attendance, results and fees.","Follow your children's attendance, results and fees.",تابع حضور أطفالك ونتائجهم ورسومهم.,,Pending,,New shared catalog copy; native-speaker review required.
Follow-up list for counsellors,Follow-up list for counsellors,قائمة المتابعة للمرشدين,,Pending,,New shared catalog copy; native-speaker review required.
For,For,لـ,,Pending,,New shared catalog copy; native-speaker review required.
"For example en-IN, en-GB, en-US.","For example en-IN, en-GB, en-US.",على سبيل المثال en-IN وen-GB وen-US.,,Pending,,New shared catalog copy; native-speaker review required.
For example: Discount by payer and branch,For example: Discount by payer and branch,على سبيل المثال: الخصم حسب الدافع والفرع,,Pending,,New shared catalog copy; native-speaker review required.
For example: Month-end with discounts,For example: Month-end with discounts,على سبيل المثال: نهاية الشهر مع الخصومات,,Pending,,New shared catalog copy; native-speaker review required.
For example: Power BI finance model,For example: Power BI finance model,على سبيل المثال: نموذج Power BI المالي,,Pending,,New shared catalog copy; native-speaker review required.
For example: Revenue cycle lead,For example: Revenue cycle lead,على سبيل المثال: قائد دورة الإيرادات,,Pending,,New shared catalog copy; native-speaker review required.
Forecast scenarios,Forecast scenarios,سيناريوهات التنبؤ,,Pending,,New shared catalog copy; native-speaker review required.
Forgot password?,Forgot password?,هل نسيت كلمة المرور؟,,Pending,,New shared catalog copy; native-speaker review required.
Format,Format,التنسيق,,Pending,,New shared catalog copy; native-speaker review required.
Formula,Formula,الصيغة,,Pending,,New shared catalog copy; native-speaker review required.
Free,Free,مجاني,,Pending,,New shared catalog copy; native-speaker review required.
From,From,من,,Pending,,New shared catalog copy; native-speaker review required.
Fuel,Fuel,الوقود,,Pending,,New shared catalog copy; native-speaker review required.
"Full access to every report, setting and user.","Full access to every report, setting and user.",وصول كامل إلى كل تقرير وإعداد ومستخدم.,,Pending,,New shared catalog copy; native-speaker review required.
Full balance,Full balance,الرصيد الكامل,,Pending,,New shared catalog copy; native-speaker review required.
Full name,Full name,الاسم الكامل,,Pending,,New shared catalog copy; native-speaker review required.
Full table,Full table,الجدول الكامل,,Pending,,New shared catalog copy; native-speaker review required.
Full width,Full width,العرض الكامل,,Pending,,New shared catalog copy; native-speaker review required.
GPA,GPA,المعدل التراكمي,,Pending,,New shared catalog copy; native-speaker review required.
GPA grade distribution,GPA grade distribution,توزيع درجات المعدل التراكمي,,Pending,,New shared catalog copy; native-speaker review required.
GPA {value0},GPA {value0},المعدل التراكمي {value0},,Pending,,New shared catalog copy; native-speaker review required.
Gallery,Gallery,المعرض,,Pending,,New shared catalog copy; native-speaker review required.
Gender balance,Gender balance,التوازن بين الجنسين,,Pending,,New shared catalog copy; native-speaker review required.
General journal entries that must balance,General journal entries that must balance,قيود اليومية العامة التي يجب أن تتوازن,,Pending,,New shared catalog copy; native-speaker review required.
General ledger detail,General ledger detail,تفاصيل دفتر الأستاذ العام,,Pending,,New shared catalog copy; native-speaker review required.
Generated from live data and downloaded as CSV (opens in Excel or Google Sheets),Generated from live data and downloaded as CSV (opens in Excel or Google Sheets),تم إنشاؤه من بيانات حية وتنزيله بصيغة CSV (يفتح في Excel أو Google Sheets),,Pending,,New shared catalog copy; native-speaker review required.
Give dashboards and spreadsheets read-only access to the reports you are allowed to see.,Give dashboards and spreadsheets read-only access to the reports you are allowed to see.,امنح لوحات المعلومات وجداول البيانات صلاحية القراءة فقط للتقارير المسموح لك بالاطلاع عليها.,,Pending,,New shared catalog copy; native-speaker review required.
Go to dashboard,Go to dashboard,الذهاب إلى لوحة المعلومات,,Pending,,New shared catalog copy; native-speaker review required.
Go to the report library,Go to the report library,الذهاب إلى مكتبة التقارير,,Pending,,New shared catalog copy; native-speaker review required.
Goes to {value0},Goes to {value0},يذهب إلى {value0},,Pending,,New shared catalog copy; native-speaker review required.
Good,Good,جيد,,Pending,,New shared catalog copy; native-speaker review required.
Good effort,Good effort,مجهود جيد,,Pending,,New shared catalog copy; native-speaker review required.
Goods receipts,Goods receipts,إيصالات استلام البضائع,,Pending,,New shared catalog copy; native-speaker review required.
Grace (min),Grace (min),فترة السماح (دقيقة),,Pending,,New shared catalog copy; native-speaker review required.
Grade,Grade,الدرجة,,Pending,,New shared catalog copy; native-speaker review required.
Grade {value0},Grade {value0},الصف {value0},,Pending,,New shared catalog copy; native-speaker review required.
Grade {value0}-{value1} created,Grade {value0}-{value1} created,تم إنشاء الصف {value0}-{value1},,Pending,,New shared catalog copy; native-speaker review required.
Graded,Graded,تم التقييم,,Pending,,New shared catalog copy; native-speaker review required.
Graded {value0}: {value1}/{value2},Graded {value0}: {value1}/{value2},تم تقييم {value0}: {value1}/{value2},,Pending,,New shared catalog copy; native-speaker review required.
Grades,Grades,الدرجات,,Pending,,New shared catalog copy; native-speaker review required.
Grades: A+ ≥90 · A ≥80 · B+ ≥70 · B ≥60 · C ≥50 · D ≥40 · F,Grades: A+ ≥90 · A ≥80 · B+ ≥70 · B ≥60 · C ≥50 · D ≥40 · F,الدرجات: A+ ≥90 · A ≥80 · B+ ≥70 · B ≥60 · C ≥50 · D ≥40 · F,,Pending,,New shared catalog copy; native-speaker review required.
Grading scale,Grading scale,مقياس التقييم,,Pending,,New shared catalog copy; native-speaker review required.
Great work,Great work,عمل رائع,,Pending,,New shared catalog copy; native-speaker review required.
Grey bars show the class average,Grey bars show the class average,الأشرطة الرمادية تُظهر متوسط الفصل,,Pending,,New shared catalog copy; native-speaker review required.
Gross,Gross,الإجمالي,,Pending,,New shared catalog copy; native-speaker review required.
"Gross, discount, net and collected revenue for each service line.","Gross, discount, net and collected revenue for each service line.",الإجمالي والخصم والصافي والإيرادات المحصلة لكل خط خدمة.,,Pending,,New shared catalog copy; native-speaker review required.
Group by,Group by,التجميع حسب,,Pending,,New shared catalog copy; native-speaker review required.
Group in library under,Group in library under,التجميع في المكتبة تحت,,Pending,,New shared catalog copy; native-speaker review required.
Group rows by,Group rows by,تجميع الصفوف حسب,,Pending,,New shared catalog copy; native-speaker review required.
Grouping columns stay visible so each row is labelled.,Grouping columns stay visible so each row is labelled.,تظل أعمدة التجميع مرئية بحيث يتم تسمية كل صف.,,Pending,,New shared catalog copy; native-speaker review required.
Guardian,Guardian,ولي الأمر,,Pending,,New shared catalog copy; native-speaker review required.
Guardian email,Guardian email,البريد الإلكتروني لولي الأمر,,Pending,,New shared catalog copy; native-speaker review required.
Guardian name,Guardian name,اسم ولي الأمر,,Pending,,New shared catalog copy; native-speaker review required.
Guardian phone,Guardian phone,هاتف ولي الأمر,,Pending,,New shared catalog copy; native-speaker review required.
Guardians of absent students receive an automatic SMS after the register is saved. Three unexplained absences in a month trigger a counsellor follow-up.,Guardians of absent students receive an automatic SMS after the register is saved. Three unexplained absences in a month trigger a counsellor follow-up.,يتلقى أولياء أمور الطلاب الغائبين رسالة نصية تلقائية بعد حفظ السجل. تؤدي ثلاث حالات غياب غير مبررة في الشهر إلى متابعة من المرشد.,,Pending,,New shared catalog copy; native-speaker review required.
HOST,HOST,HOST,,Pending,,New shared catalog copy; native-speaker review required.
HS code,HS code,رمز HS,,Pending,,New shared catalog copy; native-speaker review required.
Half width,Half width,نصف العرض,,Pending,,New shared catalog copy; native-speaker review required.
Has sensitive columns,Has sensitive columns,يحتوي على أعمدة حساسة,,Pending,,New shared catalog copy; native-speaker review required.
Has sensitive columns: masked unless the role may see patient identifiers,Has sensitive columns: masked unless the role may see patient identifiers,يحتوي على أعمدة حساسة: يتم إخفاؤها ما لم يكن الدور مسموحًا له برؤية معرّفات المريض,,Pending,,New shared catalog copy; native-speaker review required.
Head,Head,الرئيس,,Pending,,New shared catalog copy; native-speaker review required.
Headcount,Headcount,عدد الموظفين,,Pending,,New shared catalog copy; native-speaker review required.
"Headline revenue, collections, capacity and access measures.","Headline revenue, collections, capacity and access measures.",مؤشرات الإيرادات الرئيسية والتحصيلات والسعة والوصول.,,Pending,,New shared catalog copy; native-speaker review required.
Highest qualification,Highest qualification,أعلى مؤهل,,Pending,,New shared catalog copy; native-speaker review required.
Highlighter,Highlighter,قلم تظليل,,Pending,,New shared catalog copy; native-speaker review required.
History appears after saving this document.,History appears after saving this document.,يظهر السجل بعد حفظ هذا المستند.,,Pending,,New shared catalog copy; native-speaker review required.
Hold,Hold,تعليق,,Pending,,New shared catalog copy; native-speaker review required.
Holiday,Holiday,عطلة,,Pending,,New shared catalog copy; native-speaker review required.
Holiday calendar,Holiday calendar,تقويم العطلات,,Pending,,New shared catalog copy; native-speaker review required.
Home class,Home class,الفصل الرئيسي,,Pending,,New shared catalog copy; native-speaker review required.
Host,Host,المضيف,,Pending,,New shared catalog copy; native-speaker review required.
Host account,Host account,حساب المضيف,,Pending,,New shared catalog copy; native-speaker review required.
Hosted by,Hosted by,استضافه,,Pending,,New shared catalog copy; native-speaker review required.
Hours logged,Hours logged,الساعات المسجَّلة,,Pending,,New shared catalog copy; native-speaker review required.
Hours logged per person for the week,Hours logged per person for the week,الساعات المسجلة لكل شخص خلال الأسبوع,,Pending,,New shared catalog copy; native-speaker review required.
House,House,المنزل,,Pending,,New shared catalog copy; native-speaker review required.
How to request a report by email,How to request a report by email,كيفية طلب تقرير عبر البريد الإلكتروني,,Pending,,New shared catalog copy; native-speaker review required.
IFSC,IFSC,IFSC,,Pending,,New shared catalog copy; native-speaker review required.
ISBN,ISBN,ISBN,,Pending,,New shared catalog copy; native-speaker review required.
ISO code,ISO code,رمز ISO,,Pending,,New shared catalog copy; native-speaker review required.
If guardian unreachable,If guardian unreachable,إذا تعذر الوصول إلى ولي الأمر,,Pending,,New shared catalog copy; native-speaker review required.
"If it keeps happening, send the reference to your administrator.","If it keeps happening, send the reference to your administrator.",إذا استمر حدوث ذلك، أرسل المرجع إلى المسؤول لديك.,,Pending,,New shared catalog copy; native-speaker review required.
In,In,داخل,,Pending,,New shared catalog copy; native-speaker review required.
In stock,In stock,متوفر في المخزون,,Pending,,New shared catalog copy; native-speaker review required.
"Inactive users cannot use reports, their schedules are skipped and email requests from them are ignored.","Inactive users cannot use reports, their schedules are skipped and email requests from them are ignored.",لا يمكن للمستخدمين غير النشطين استخدام التقارير، ويتم تخطي جداولهم الزمنية وتجاهل طلبات البريد الإلكتروني منهم.,,Pending,,New shared catalog copy; native-speaker review required.
Include arrears,Include arrears,تضمين المتأخرات,,Pending,,New shared catalog copy; native-speaker review required.
Income and expense summary,Income and expense summary,ملخص الدخل والمصروفات,,Pending,,New shared catalog copy; native-speaker review required.
"Incoming, in-process and final QC checks","Incoming, in-process and final QC checks",فحوصات مراقبة الجودة الواردة وأثناء العملية والنهائية,,Pending,,New shared catalog copy; native-speaker review required.
Inspection parameters,Inspection parameters,معايير الفحص,,Pending,,New shared catalog copy; native-speaker review required.
Inspection sheet,Inspection sheet,ورقة الفحص,,Pending,,New shared catalog copy; native-speaker review required.
Inspector,Inspector,المفتش,,Pending,,New shared catalog copy; native-speaker review required.
Instalments,Instalments,الأقساط,,Pending,,New shared catalog copy; native-speaker review required.
Instant class,Instant class,حصة فورية,,Pending,,New shared catalog copy; native-speaker review required.
Instructions,Instructions,التعليمات,,Pending,,New shared catalog copy; native-speaker review required.
Insurance expiry,Insurance expiry,انتهاء التأمين,,Pending,,New shared catalog copy; native-speaker review required.
Insurer,Insurer,شركة التأمين,,Pending,,New shared catalog copy; native-speaker review required.
Invigilator,Invigilator,المراقب,,Pending,,New shared catalog copy; native-speaker review required.
Invoice print,Invoice print,طباعة الفاتورة,,Pending,,New shared catalog copy; native-speaker review required.
Invoice value by status,Invoice value by status,قيمة الفاتورة حسب الحالة,,Pending,,New shared catalog copy; native-speaker review required.
Invoices,Invoices,الفواتير,,Pending,,New shared catalog copy; native-speaker review required.
"Invoices with totals, grouping and export","Invoices with totals, grouping and export",الفواتير مع الإجماليات والتجميع والتصدير,,Pending,,New shared catalog copy; native-speaker review required.
"Invoices, collections and outstanding balances.","Invoices, collections and outstanding balances.",الفواتير والتحصيلات والأرصدة المستحقة.,,Pending,,New shared catalog copy; native-speaker review required.
Inward,Inward,وارد,,Pending,,New shared catalog copy; native-speaker review required.
Issue,Issue,إصدار,,Pending,,New shared catalog copy; native-speaker review required.
Issue book,Issue book,إصدار كتاب,,Pending,,New shared catalog copy; native-speaker review required.
Issue “{value0}”,Issue “{value0}”,إصدار “{value0}”,,Pending,,New shared catalog copy; native-speaker review required.
Issues,Issues,المصروفات,,Pending,,New shared catalog copy; native-speaker review required.
It starts private and empty. Add widgets with Edit.,It starts private and empty. Add widgets with Edit.,يبدأ خاصًا وفارغًا. أضف عناصر واجهة باستخدام تعديل.,,Pending,,New shared catalog copy; native-speaker review required.
It will be prepared in the background and sent to you.,It will be prepared in the background and sent to you.,سيتم إعداده في الخلفية وإرساله إليك.,,Pending,,New shared catalog copy; native-speaker review required.
Item master,Item master,بيانات الصنف الرئيسية,,Pending,,New shared catalog copy; native-speaker review required.
Item prices per list with validity periods,Item prices per list with validity periods,أسعار الأصناف لكل قائمة مع فترات الصلاحية,,Pending,,New shared catalog copy; native-speaker review required.
Items,Items,الأصناف,,Pending,,New shared catalog copy; native-speaker review required.
J,J,J,,Pending,,New shared catalog copy; native-speaker review required.
JSON,JSON,JSON,,Pending,,New shared catalog copy; native-speaker review required.
Job {id}.,Job {id}.,المهمة {id}.,,Pending,,New shared catalog copy; native-speaker review required.
Join,Join,انضمام,,Pending,,New shared catalog copy; native-speaker review required.
Join a live class,Join a live class,انضم إلى حصة مباشرة,,Pending,,New shared catalog copy; native-speaker review required.
Join as host,Join as host,انضم كمضيف,,Pending,,New shared catalog copy; native-speaker review required.
"Join classes, submit work, take quizzes and track results.","Join classes, submit work, take quizzes and track results.",انضم إلى الفصول، وأرسل الأعمال، وأجرِ الاختبارات، وتتبع النتائج.,,Pending,,New shared catalog copy; native-speaker review required.
Join lobby,Join lobby,انضم إلى الردهة,,Pending,,New shared catalog copy; native-speaker review required.
Join now,Join now,انضم الآن,,Pending,,New shared catalog copy; native-speaker review required.
Join waitlist,Join waitlist,انضم إلى قائمة الانتظار,,Pending,,New shared catalog copy; native-speaker review required.
Joining,Joining,الانضمام,,Pending,,New shared catalog copy; native-speaker review required.
Joining as,Joining as,الانضمام كـ,,Pending,,New shared catalog copy; native-speaker review required.
Joining date,Joining date,تاريخ الانضمام,,Pending,,New shared catalog copy; native-speaker review required.
Journal no.,Journal no.,رقم القيد,,Pending,,New shared catalog copy; native-speaker review required.
Journal vouchers,Journal vouchers,سندات القيد اليومي,,Pending,,New shared catalog copy; native-speaker review required.
Just me,Just me,أنا فقط,,Pending,,New shared catalog copy; native-speaker review required.
K,K,K,,Pending,,New shared catalog copy; native-speaker review required.
Keep it,Keep it,احتفظ به,,Pending,,New shared catalog copy; native-speaker review required.
Keep it in My reports for download,Keep it in My reports for download,احتفظ به في تقاريري للتنزيل,,Pending,,New shared catalog copy; native-speaker review required.
Keep me signed in on this device,Keep me signed in on this device,أبقني مسجلاً للدخول على هذا الجهاز,,Pending,,New shared catalog copy; native-speaker review required.
Keep practising,Keep practising,واصل التدريب,,Pending,,New shared catalog copy; native-speaker review required.
Keep results for (hours),Keep results for (hours),الاحتفاظ بالنتائج لمدة (ساعات),,Pending,,New shared catalog copy; native-speaker review required.
Keep them,Keep them,احتفظ بها,,Pending,,New shared catalog copy; native-speaker review required.
Keep working,Keep working,استمر في العمل,,Pending,,New shared catalog copy; native-speaker review required.
"Keeps the current columns, filters and sort order.","Keeps the current columns, filters and sort order.",يحتفظ بالأعمدة والمرشحات وترتيب الفرز الحالية.,,Pending,,New shared catalog copy; native-speaker review required.
Key name,Key name,اسم المفتاح,,Pending,,New shared catalog copy; native-speaker review required.
"Keyboard-friendly: Tab to a student, then use the arrow keys to choose P / A / L / E","Keyboard-friendly: Tab to a student, then use the arrow keys to choose P / A / L / E",مناسب للوحة المفاتيح: انتقل بـ Tab إلى طالب، ثم استخدم مفاتيح الأسهم لاختيار P / A / L / E,,Pending,,New shared catalog copy; native-speaker review required.
Keys: 1–,Keys: 1–,المفاتيح: 1–,,Pending,,New shared catalog copy; native-speaker review required.
L,L,L,,Pending,,New shared catalog copy; native-speaker review required.
LIVE,LIVE,مباشر,,Pending,,New shared catalog copy; native-speaker review required.
Lab subjects,Lab subjects,مواد المختبر,,Pending,,New shared catalog copy; native-speaker review required.
Lab test master,Lab test master,بيانات فحوصات المختبر الرئيسية,,Pending,,New shared catalog copy; native-speaker review required.
Labels from,Labels from,التسميات من,,Pending,,New shared catalog copy; native-speaker review required.
Large reports are split into monthly chunks and processed on the server.,Large reports are split into monthly chunks and processed on the server.,يتم تقسيم التقارير الكبيرة إلى أجزاء شهرية ومعالجتها على الخادم.,,Pending,,New shared catalog copy; native-speaker review required.
Largest attachment (MB),Largest attachment (MB),أكبر مرفق (ميجابايت),,Pending,,New shared catalog copy; native-speaker review required.
Largest first,Largest first,الأكبر أولاً,,Pending,,New shared catalog copy; native-speaker review required.
Largest receivables,Largest receivables,أكبر الذمم المدينة,,Pending,,New shared catalog copy; native-speaker review required.
Last 15 school days,Last 15 school days,آخر 15 يوم دراسي,,Pending,,New shared catalog copy; native-speaker review required.
Last 20 school days,Last 20 school days,آخر 20 يوم دراسي,,Pending,,New shared catalog copy; native-speaker review required.
Last name,Last name,اسم العائلة,,Pending,,New shared catalog copy; native-speaker review required.
Last refreshed,Last refreshed,آخر تحديث,,Pending,,New shared catalog copy; native-speaker review required.
Last run,Last run,آخر تشغيل,,Pending,,New shared catalog copy; native-speaker review required.
Last visit,Last visit,آخر زيارة,,Pending,,New shared catalog copy; native-speaker review required.
Late,Late,متأخر,,Pending,,New shared catalog copy; native-speaker review required.
Latest payments,Latest payments,أحدث المدفوعات,,Pending,,New shared catalog copy; native-speaker review required.
Launch a question from the,Launch a question from the,إطلاق سؤال من,,Pending,,New shared catalog copy; native-speaker review required.
Leaderboard,Leaderboard,لوحة المتصدرين,,Pending,,New shared catalog copy; native-speaker review required.
Leadership view across all domains.,Leadership view across all domains.,عرض قيادي عبر جميع المجالات.,,Pending,,New shared catalog copy; native-speaker review required.
Learning,Learning,التعلم,,Pending,,New shared catalog copy; native-speaker review required.
Leave,Leave,إجازة,,Pending,,New shared catalog copy; native-speaker review required.
Leave blank to auto-create a school address,Leave blank to auto-create a school address,اتركه فارغًا لإنشاء عنوان المدرسة تلقائيًا,,Pending,,New shared catalog copy; native-speaker review required.
"Leave categories, entitlements and rules","Leave categories, entitlements and rules",فئات الإجازات والاستحقاقات والقواعد,,Pending,,New shared catalog copy; native-speaker review required.
Leave request,Leave request,طلب إجازة,,Pending,,New shared catalog copy; native-speaker review required.
Leave requests,Leave requests,طلبات الإجازة,,Pending,,New shared catalog copy; native-speaker review required.
Leave type,Leave type,نوع الإجازة,,Pending,,New shared catalog copy; native-speaker review required.
Leave types,Leave types,أنواع الإجازات,,Pending,,New shared catalog copy; native-speaker review required.
"Ledger, trial balance and revenue reporting.","Ledger, trial balance and revenue reporting.",دفتر الأستاذ وميزان المراجعة وتقارير الإيرادات.,,Pending,,New shared catalog copy; native-speaker review required.
"Legal details, defaults and preferences","Legal details, defaults and preferences",التفاصيل القانونية والإعدادات الافتراضية والتفضيلات,,Pending,,New shared catalog copy; native-speaker review required.
Length of stay by department,Length of stay by department,مدة الإقامة حسب القسم,,Pending,,New shared catalog copy; native-speaker review required.
Library books,Library books,كتب المكتبة,,Pending,,New shared catalog copy; native-speaker review required.
Library loans,Library loans,إعارات المكتبة,,Pending,,New shared catalog copy; native-speaker review required.
Library overdue,Library overdue,متأخرات المكتبة,,Pending,,New shared catalog copy; native-speaker review required.
Line,Line,خط,,Pending,,New shared catalog copy; native-speaker review required.
Line chart of {series},Line chart of {series},مخطط خطي لـ {series},,Pending,,New shared catalog copy; native-speaker review required.
Line note,Line note,ملاحظة السطر,,Pending,,New shared catalog copy; native-speaker review required.
Lines,Lines,السطور,,Pending,,New shared catalog copy; native-speaker review required.
List,List,قائمة,,Pending,,New shared catalog copy; native-speaker review required.
List and details side by side,List and details side by side,القائمة والتفاصيل جنبًا إلى جنب,,Pending,,New shared catalog copy; native-speaker review required.
List the reports you can pull,List the reports you can pull,سرد التقارير التي يمكنك سحبها,,Pending,,New shared catalog copy; native-speaker review required.
Live classes,Live classes,الحصص المباشرة,,Pending,,New shared catalog copy; native-speaker review required.
Live classroom,Live classroom,الفصل الدراسي المباشر,,Pending,,New shared catalog copy; native-speaker review required.
Live now,Live now,مباشر الآن,,Pending,,New shared catalog copy; native-speaker review required.
Live right now,Live right now,مباشر الآن,,Pending,,New shared catalog copy; native-speaker review required.
Live sessions,Live sessions,الجلسات المباشرة,,Pending,,New shared catalog copy; native-speaker review required.
Loading company details…,Loading company details…,جارٍ تحميل بيانات الشركة…,,Pending,,New shared catalog copy; native-speaker review required.
Loading field values…,Loading field values…,جارٍ تحميل قيم الحقول…,,Pending,,New shared catalog copy; native-speaker review required.
Loading options…,Loading options…,جارٍ تحميل الخيارات…,,Pending,,New shared catalog copy; native-speaker review required.
Loading record details…,Loading record details…,جارٍ تحميل تفاصيل السجل…,,Pending,,New shared catalog copy; native-speaker review required.
Loading run history…,Loading run history…,جارٍ تحميل سجل التشغيل…,,Pending,,New shared catalog copy; native-speaker review required.
Loading saved layout…,Loading saved layout…,جارٍ تحميل التخطيط المحفوظ…,,Pending,,New shared catalog copy; native-speaker review required.
Loading school data,Loading school data,جارٍ تحميل بيانات المدرسة,,Pending,,New shared catalog copy; native-speaker review required.
Loads on first use,Loads on first use,يتم التحميل عند أول استخدام,,Pending,,New shared catalog copy; native-speaker review required.
Loan period,Loan period,فترة الإعارة,,Pending,,New shared catalog copy; native-speaker review required.
Location,Location,الموقع,,Pending,,New shared catalog copy; native-speaker review required.
Long periods and large exports run here and can be emailed to you.,Long periods and large exports run here and can be emailed to you.,يتم تشغيل الفترات الطويلة والتصديرات الكبيرة هنا ويمكن إرسالها إليك عبر البريد الإلكتروني.,,Pending,,New shared catalog copy; native-speaker review required.
Longest period (days),Longest period (days),أطول فترة (أيام),,Pending,,New shared catalog copy; native-speaker review required.
Longest period on screen (days),Longest period on screen (days),أطول فترة على الشاشة (أيام),,Pending,,New shared catalog copy; native-speaker review required.
Lower all hands,Lower all hands,خفض جميع الأيدي المرفوعة,,Pending,,New shared catalog copy; native-speaker review required.
Lowest attendance,Lowest attendance,أقل نسبة حضور,,Pending,,New shared catalog copy; native-speaker review required.
Lumen Reports,Lumen Reports,Lumen Reports,,Pending,,New shared catalog copy; native-speaker review required.
MM/YY,MM/YY,MM/YY,,Pending,,New shared catalog copy; native-speaker review required.
MRN,MRN,رقم السجل الطبي,,Pending,,New shared catalog copy; native-speaker review required.
Main campus,Main campus,الحرم الجامعي الرئيسي,,Pending,,New shared catalog copy; native-speaker review required.
Maintenance requests,Maintenance requests,طلبات الصيانة,,Pending,,New shared catalog copy; native-speaker review required.
Male,Male,ذكر,,Pending,,New shared catalog copy; native-speaker review required.
Manage,Manage,إدارة,,Pending,,New shared catalog copy; native-speaker review required.
Manage everyone's schedules,Manage everyone's schedules,إدارة جداول جميع المستخدمين,,Pending,,New shared catalog copy; native-speaker review required.
Manage roles and report access,Manage roles and report access,إدارة الأدوار والوصول إلى التقارير,,Pending,,New shared catalog copy; native-speaker review required.
Manage schedules,Manage schedules,إدارة الجداول,,Pending,,New shared catalog copy; native-speaker review required.
"Manage the catalogue, circulation and fines.","Manage the catalogue, circulation and fines.",إدارة الفهرس والإعارة والغرامات.,,Pending,,New shared catalog copy; native-speaker review required.
Manage users,Manage users,إدارة المستخدمين,,Pending,,New shared catalog copy; native-speaker review required.
Managed by the school,Managed by the school,تديره المدرسة,,Pending,,New shared catalog copy; native-speaker review required.
Mark all present today,Mark all present today,تمييز الجميع كحاضرين اليوم,,Pending,,New shared catalog copy; native-speaker review required.
Mark as,Mark as,تمييز كـ,,Pending,,New shared catalog copy; native-speaker review required.
Mark completed,Mark completed,تمييز كمكتمل,,Pending,,New shared catalog copy; native-speaker review required.
Mark list,Mark list,كشف الدرجات,,Pending,,New shared catalog copy; native-speaker review required.
Mark list & results,Mark list & results,كشف الدرجات والنتائج,,Pending,,New shared catalog copy; native-speaker review required.
Mark lists,Mark lists,كشوف الدرجات,,Pending,,New shared catalog copy; native-speaker review required.
Mark on leave,Mark on leave,تمييز كإجازة,,Pending,,New shared catalog copy; native-speaker review required.
Mark option {value0} correct,Mark option {value0} correct,وضع علامة على الخيار {value0} كصحيح,,Pending,,New shared catalog copy; native-speaker review required.
Mark returned,Mark returned,تمييز كمُعاد,,Pending,,New shared catalog copy; native-speaker review required.
Marked,Marked,تم التمييز,,Pending,,New shared catalog copy; native-speaker review required.
Marked as {value0},Marked as {value0},تم وضع علامة كـ {value0},,Pending,,New shared catalog copy; native-speaker review required.
Marks,Marks,الدرجات,,Pending,,New shared catalog copy; native-speaker review required.
Marks entry,Marks entry,إدخال الدرجات,,Pending,,New shared catalog copy; native-speaker review required.
Marks must be between 0 and {value0},Marks must be between 0 and {value0},يجب أن تكون الدرجات بين 0 و{value0},,Pending,,New shared catalog copy; native-speaker review required.
Masked columns,Masked columns,الأعمدة المخفية,,Pending,,New shared catalog copy; native-speaker review required.
"Masters, transactions and reports share one data model, so a customer created in the morning is on an invoice by lunch and in the aging report by close.","Masters, transactions and reports share one data model, so a customer created in the morning is on an invoice by lunch and in the aging report by close.",تشترك السجلات الرئيسية والمعاملات والتقارير في نموذج بيانات واحد، لذا فإن العميل الذي يُنشأ في الصباح يظهر في فاتورة بحلول الظهيرة وفي تقرير أعمار الديون بحلول نهاية الدوام.,,Pending,,New shared catalog copy; native-speaker review required.
Material cost,Material cost,تكلفة المواد,,Pending,,New shared catalog copy; native-speaker review required.
Material received against purchase orders,Material received against purchase orders,المواد المستلمة مقابل أوامر الشراء,,Pending,,New shared catalog copy; native-speaker review required.
Max,Max,الحد الأقصى,,Pending,,New shared catalog copy; native-speaker review required.
Max marks,Max marks,الحد الأقصى للدرجات,,Pending,,New shared catalog copy; native-speaker review required.
Maximum,Maximum,الحد الأقصى,,Pending,,New shared catalog copy; native-speaker review required.
Mean score across exam subjects,Mean score across exam subjects,متوسط الدرجات عبر مواد الامتحان,,Pending,,New shared catalog copy; native-speaker review required.
Measure,Measure,المقياس,,Pending,,New shared catalog copy; native-speaker review required.
Medical conditions & notes,Medical conditions & notes,الحالات الطبية والملاحظات,,Pending,,New shared catalog copy; native-speaker review required.
Meeting rooms,Meeting rooms,قاعات الاجتماعات,,Pending,,New shared catalog copy; native-speaker review required.
Meetings,Meetings,الاجتماعات,,Pending,,New shared catalog copy; native-speaker review required.
Message,Message,رسالة,,Pending,,New shared catalog copy; native-speaker review required.
Message class teacher,Message class teacher,مراسلة معلم الفصل,,Pending,,New shared catalog copy; native-speaker review required.
Message everyone,Message everyone,مراسلة الجميع,,Pending,,New shared catalog copy; native-speaker review required.
Message guardian,Message guardian,مراسلة ولي الأمر,,Pending,,New shared catalog copy; native-speaker review required.
Message not sent — {value0},Message not sent — {value0},لم يتم إرسال الرسالة — {value0},,Pending,,New shared catalog copy; native-speaker review required.
Message sent to {value0},Message sent to {value0},تم إرسال الرسالة إلى {value0},,Pending,,New shared catalog copy; native-speaker review required.
Microphone,Microphone,الميكروفون,,Pending,,New shared catalog copy; native-speaker review required.
Min,Min,الحد الأدنى,,Pending,,New shared catalog copy; native-speaker review required.
Min qty,Min qty,الحد الأدنى للكمية,,Pending,,New shared catalog copy; native-speaker review required.
Minimum,Minimum,الحد الأدنى,,Pending,,New shared catalog copy; native-speaker review required.
Minutes,Minutes,دقائق,,Pending,,New shared catalog copy; native-speaker review required.
Missing,Missing,مفقود,,Pending,,New shared catalog copy; native-speaker review required.
Mobile,Mobile,الجوال,,Pending,,New shared catalog copy; native-speaker review required.
Mode,Mode,الوضع,,Pending,,New shared catalog copy; native-speaker review required.
Monday,Monday,الاثنين,,Pending,,New shared catalog copy; native-speaker review required.
"Month-by-month net revenue, discounts and collections.","Month-by-month net revenue, discounts and collections.",صافي الإيرادات والخصومات والتحصيلات شهرًا بشهر.,,Pending,,New shared catalog copy; native-speaker review required.
Monthly CTC,Monthly CTC,التكلفة الشهرية الإجمالية للموظف,,Pending,,New shared catalog copy; native-speaker review required.
Monthly depreciation across asset classes,Monthly depreciation across asset classes,الإهلاك الشهري عبر فئات الأصول,,Pending,,New shared catalog copy; native-speaker review required.
Monthly diagnostic orders.,Monthly diagnostic orders.,الطلبات التشخيصية الشهرية.,,Pending,,New shared catalog copy; native-speaker review required.
Monthly gross,Monthly gross,الإجمالي الشهري,,Pending,,New shared catalog copy; native-speaker review required.
Monthly no-show rate.,Monthly no-show rate.,معدل عدم الحضور الشهري.,,Pending,,New shared catalog copy; native-speaker review required.
Monthly occupied and available bed-days with occupancy rate.,Monthly occupied and available bed-days with occupancy rate.,أيام الأسرّة المشغولة والمتاحة شهريًا مع معدل الإشغال.,,Pending,,New shared catalog copy; native-speaker review required.
Monthly revenue trend,Monthly revenue trend,اتجاه الإيرادات الشهرية,,Pending,,New shared catalog copy; native-speaker review required.
Monthly salary ({value0}),Monthly salary ({value0}),الراتب الشهري ({value0}),,Pending,,New shared catalog copy; native-speaker review required.
Monthly sales and purchases for the last twelve months,Monthly sales and purchases for the last twelve months,المبيعات والمشتريات الشهرية لآخر اثني عشر شهرًا,,Pending,,New shared catalog copy; native-speaker review required.
"Monthly scenario targets alongside actuals, including future months.","Monthly scenario targets alongside actuals, including future months.",أهداف السيناريو الشهرية إلى جانب الأرقام الفعلية، بما في ذلك الأشهر المستقبلية.,,Pending,,New shared catalog copy; native-speaker review required.
More actions,More actions,المزيد من الإجراءات,,Pending,,New shared catalog copy; native-speaker review required.
Most borrowed,Most borrowed,الأكثر استعارة,,Pending,,New shared catalog copy; native-speaker review required.
Most of the class has answered — pick one!,Most of the class has answered — pick one!,أجاب معظم الفصل — اختر واحدًا!,,Pending,,New shared catalog copy; native-speaker review required.
Most rows,Most rows,أكبر عدد من الصفوف,,Pending,,New shared catalog copy; native-speaker review required.
Most rows on screen,Most rows on screen,أكبر عدد من الصفوف على الشاشة,,Pending,,New shared catalog copy; native-speaker review required.
Most rows per API page,Most rows per API page,أكبر عدد من الصفوف لكل صفحة من واجهة برمجة التطبيقات,,Pending,,New shared catalog copy; native-speaker review required.
Move back,Move back,نقل للخلف,,Pending,,New shared catalog copy; native-speaker review required.
Move earlier,Move earlier,نقل إلى وقت أبكر,,Pending,,New shared catalog copy; native-speaker review required.
Move forward,Move forward,نقل للأمام,,Pending,,New shared catalog copy; native-speaker review required.
Move later,Move later,نقل إلى وقت لاحق,,Pending,,New shared catalog copy; native-speaker review required.
Move or delete the {value0} items under {value1} first,Move or delete the {value0} items under {value1} first,انقل أو احذف العناصر ({value0}) ضمن {value1} أولًا,,Pending,,New shared catalog copy; native-speaker review required.
Move to,Move to,نقل إلى,,Pending,,New shared catalog copy; native-speaker review required.
Move {label} down,Move {label} down,نقل {label} للأسفل,,Pending,,New shared catalog copy; native-speaker review required.
Move {label} up,Move {label} up,نقل {label} للأعلى,,Pending,,New shared catalog copy; native-speaker review required.
Mute,Mute,كتم الصوت,,Pending,,New shared catalog copy; native-speaker review required.
Mute all,Mute all,كتم صوت الجميع,,Pending,,New shared catalog copy; native-speaker review required.
My books,My books,كتبي,,Pending,,New shared catalog copy; native-speaker review required.
My classes,My classes,صفوفي,,Pending,,New shared catalog copy; native-speaker review required.
My duties,My duties,مهامي,,Pending,,New shared catalog copy; native-speaker review required.
My reports,My reports,تقاريري,,Pending,,New shared catalog copy; native-speaker review required.
N/A,N/A,غير متاح,,Pending,,New shared catalog copy; native-speaker review required.
NOW,NOW,الآن,,Pending,,New shared catalog copy; native-speaker review required.
Name and city,Name and city,الاسم والمدينة,,Pending,,New shared catalog copy; native-speaker review required.
Name on card,Name on card,الاسم على البطاقة,,Pending,,New shared catalog copy; native-speaker review required.
Narration,Narration,البيان,,Pending,,New shared catalog copy; native-speaker review required.
Narrow the list by any column,Narrow the list by any column,تضييق القائمة حسب أي عمود,,Pending,,New shared catalog copy; native-speaker review required.
Nationality,Nationality,الجنسية,,Pending,,New shared catalog copy; native-speaker review required.
Nature,Nature,الطبيعة,,Pending,,New shared catalog copy; native-speaker review required.
Near-expiry stock,Near-expiry stock,المخزون قريب انتهاء الصلاحية,,Pending,,New shared catalog copy; native-speaker review required.
Needs,Needs,الاحتياجات,,Pending,,New shared catalog copy; native-speaker review required.
Needs attention,Needs attention,يحتاج إلى اهتمام,,Pending,,New shared catalog copy; native-speaker review required.
Needs grading,Needs grading,يحتاج إلى تصحيح,,Pending,,New shared catalog copy; native-speaker review required.
Needs review,Needs review,بحاجة إلى مراجعة,,Pending,,New shared catalog copy; native-speaker review required.
Net,Net,الصافي,,Pending,,New shared catalog copy; native-speaker review required.
Net (credit - debit),Net (credit - debit),الصافي (دائن - مدين),,Pending,,New shared catalog copy; native-speaker review required.
Net balance,Net balance,الرصيد الصافي,,Pending,,New shared catalog copy; native-speaker review required.
"Net income and expense by account, the basis of a profit and loss view.","Net income and expense by account, the basis of a profit and loss view.",صافي الدخل والمصروفات حسب الحساب، وهو أساس عرض الأرباح والخسائر.,,Pending,,New shared catalog copy; native-speaker review required.
Net pay,Net pay,صافي الراتب,,Pending,,New shared catalog copy; native-speaker review required.
Net revenue,Net revenue,صافي الإيرادات,,Pending,,New shared catalog copy; native-speaker review required.
Net revenue and collections for each day in the period.,Net revenue and collections for each day in the period.,صافي الإيرادات والتحصيلات لكل يوم خلال الفترة.,,Pending,,New shared catalog copy; native-speaker review required.
New admission application,New admission application,طلب قبول جديد,,Pending,,New shared catalog copy; native-speaker review required.
New application,New application,طلب جديد,,Pending,,New shared catalog copy; native-speaker review required.
New assignment,New assignment,واجب جديد,,Pending,,New shared catalog copy; native-speaker review required.
New calculation,New calculation,حساب جديد,,Pending,,New shared catalog copy; native-speaker review required.
New dashboard,New dashboard,لوحة معلومات جديدة,,Pending,,New shared catalog copy; native-speaker review required.
New inspection,New inspection,تفتيش جديد,,Pending,,New shared catalog copy; native-speaker review required.
New message,New message,رسالة جديدة,,Pending,,New shared catalog copy; native-speaker review required.
New page,New page,صفحة جديدة,,Pending,,New shared catalog copy; native-speaker review required.
New password,New password,كلمة مرور جديدة,,Pending,,New shared catalog copy; native-speaker review required.
New question,New question,سؤال جديد,,Pending,,New shared catalog copy; native-speaker review required.
New report,New report,تقرير جديد,,Pending,,New shared catalog copy; native-speaker review required.
New role,New role,دور جديد,,Pending,,New shared catalog copy; native-speaker review required.
New schedule,New schedule,جدول جديد,,Pending,,New shared catalog copy; native-speaker review required.
New student,New student,طالب جديد,,Pending,,New shared catalog copy; native-speaker review required.
New teacher,New teacher,معلم جديد,,Pending,,New shared catalog copy; native-speaker review required.
New top-level item,New top-level item,عنصر جديد من المستوى الأعلى,,Pending,,New shared catalog copy; native-speaker review required.
New {type},New {type},{type} جديد,,Pending,,New shared catalog copy; native-speaker review required.
New {value0},New {value0},{value0} جديد,,Pending,,New shared catalog copy; native-speaker review required.
Next day,Next day,اليوم التالي,,Pending,,New shared catalog copy; native-speaker review required.
Next due,Next due,الاستحقاق التالي,,Pending,,New shared catalog copy; native-speaker review required.
Next month,Next month,الشهر القادم,,Pending,,New shared catalog copy; native-speaker review required.
Next number,Next number,الرقم التالي,,Pending,,New shared catalog copy; native-speaker review required.
Next paper,Next paper,الورقة التالية,,Pending,,New shared catalog copy; native-speaker review required.
Next period,Next period,الفترة التالية,,Pending,,New shared catalog copy; native-speaker review required.
Next question,Next question,السؤال التالي,,Pending,,New shared catalog copy; native-speaker review required.
Next record,Next record,السجل التالي,,Pending,,New shared catalog copy; native-speaker review required.
Next run {next}. Last run {last},Next run {next}. Last run {last},التشغيل التالي {next}. آخر تشغيل {last},,Pending,,New shared catalog copy; native-speaker review required.
Next run {when},Next run {when},التشغيل التالي {when},,Pending,,New shared catalog copy; native-speaker review required.
No,No,لا,,Pending,,New shared catalog copy; native-speaker review required.
No active schedules,No active schedules,لا توجد جداول نشطة,,Pending,,New shared catalog copy; native-speaker review required.
No activity recorded for this record yet.,No activity recorded for this record yet.,لا يوجد نشاط مسجل لهذا السجل بعد.,,Pending,,New shared catalog copy; native-speaker review required.
No background reports,No background reports,لا توجد تقارير في الخلفية,,Pending,,New shared catalog copy; native-speaker review required.
No background reports yet,No background reports yet,لا توجد تقارير في الخلفية بعد,,Pending,,New shared catalog copy; native-speaker review required.
No bank questions for this subject yet.,No bank questions for this subject yet.,لا توجد أسئلة في بنك الأسئلة لهذه المادة بعد.,,Pending,,New shared catalog copy; native-speaker review required.
No books match,No books match,لا توجد كتب مطابقة,,Pending,,New shared catalog copy; native-speaker review required.
No books on loan,No books on loan,لا توجد كتب معارة,,Pending,,New shared catalog copy; native-speaker review required.
No chart,No chart,لا يوجد رسم بياني,,Pending,,New shared catalog copy; native-speaker review required.
No class teacher,No class teacher,لا يوجد معلم فصل,,Pending,,New shared catalog copy; native-speaker review required.
No completed assessments yet.,No completed assessments yet.,لا توجد تقييمات مكتملة بعد.,,Pending,,New shared catalog copy; native-speaker review required.
No conversations,No conversations,لا توجد محادثات,,Pending,,New shared catalog copy; native-speaker review required.
No custom reports yet,No custom reports yet,لا توجد تقارير مخصصة بعد,,Pending,,New shared catalog copy; native-speaker review required.
No dashboards shared with you yet,No dashboards shared with you yet,لم تتم مشاركة أي لوحات معلومات معك بعد,,Pending,,New shared catalog copy; native-speaker review required.
No data to chart for this period.,No data to chart for this period.,لا توجد بيانات لرسمها بيانيًا لهذه الفترة.,,Pending,,New shared catalog copy; native-speaker review required.
No default sort,No default sort,لا يوجد فرز افتراضي,,Pending,,New shared catalog copy; native-speaker review required.
No documents are stored for this record.,No documents are stored for this record.,لا توجد مستندات مخزنة لهذا السجل.,,Pending,,New shared catalog copy; native-speaker review required.
No email requests yet,No email requests yet,لا توجد طلبات بريد إلكتروني بعد,,Pending,,New shared catalog copy; native-speaker review required.
No emails yet,No emails yet,لا توجد رسائل بريد إلكتروني بعد,,Pending,,New shared catalog copy; native-speaker review required.
No entries in this period,No entries in this period,لا توجد إدخالات في هذه الفترة,,Pending,,New shared catalog copy; native-speaker review required.
No entries match.,No entries match.,لا توجد إدخالات مطابقة.,,Pending,,New shared catalog copy; native-speaker review required.
No favorites yet,No favorites yet,لا توجد مفضلات بعد,,Pending,,New shared catalog copy; native-speaker review required.
No grouping,No grouping,لا يوجد تجميع,,Pending,,New shared catalog copy; native-speaker review required.
No keys yet,No keys yet,لا توجد مفاتيح بعد,,Pending,,New shared catalog copy; native-speaker review required.
No lines yet.,No lines yet.,لا توجد سطور بعد.,,Pending,,New shared catalog copy; native-speaker review required.
No mandatory fields. Fill what you know.,No mandatory fields. Fill what you know.,لا توجد حقول إلزامية. املأ ما تعرفه.,,Pending,,New shared catalog copy; native-speaker review required.
No matching records,No matching records,لا توجد سجلات مطابقة,,Pending,,New shared catalog copy; native-speaker review required.
No notices,No notices,لا توجد إشعارات,,Pending,,New shared catalog copy; native-speaker review required.
No overtime,No overtime,لا يوجد عمل إضافي,,Pending,,New shared catalog copy; native-speaker review required.
No periods scheduled,No periods scheduled,لا توجد فترات مجدولة,,Pending,,New shared catalog copy; native-speaker review required.
No poll yet. Your teacher will launch one during the class.,No poll yet. Your teacher will launch one during the class.,لا يوجد استطلاع بعد. سيطلق معلمك واحدًا أثناء الحصة.,,Pending,,New shared catalog copy; native-speaker review required.
No quizzes match,No quizzes match,لا توجد اختبارات مطابقة,,Pending,,New shared catalog copy; native-speaker review required.
No recording,No recording,لا يوجد تسجيل,,Pending,,New shared catalog copy; native-speaker review required.
No reports match,No reports match,لا توجد تقارير مطابقة,,Pending,,New shared catalog copy; native-speaker review required.
No schedules yet,No schedules yet,لا توجد جداول بعد,,Pending,,New shared catalog copy; native-speaker review required.
No school on weekends. Pick a weekday.,No school on weekends. Pick a weekday.,لا دوام في عطلة نهاية الأسبوع. اختر يوم عمل.,,Pending,,New shared catalog copy; native-speaker review required.
No show,No show,لم يحضر,,Pending,,New shared catalog copy; native-speaker review required.
No teacher (self study),No teacher (self study),لا يوجد معلم (دراسة ذاتية),,Pending,,New shared catalog copy; native-speaker review required.
No work received,No work received,لم يتم استلام أي عمل,,Pending,,New shared catalog copy; native-speaker review required.
No-show rate,No-show rate,معدل عدم الحضور,,Pending,,New shared catalog copy; native-speaker review required.
No-show trend,No-show trend,اتجاه عدم الحضور,,Pending,,New shared catalog copy; native-speaker review required.
No-shows,No-shows,حالات عدم الحضور,,Pending,,New shared catalog copy; native-speaker review required.
Not a class teacher,Not a class teacher,ليس معلم فصل,,Pending,,New shared catalog copy; native-speaker review required.
Not answered,Not answered,لم تتم الإجابة,,Pending,,New shared catalog copy; native-speaker review required.
Not published,Not published,غير منشور,,Pending,,New shared catalog copy; native-speaker review required.
Not started,Not started,لم يبدأ,,Pending,,New shared catalog copy; native-speaker review required.
Not submitted,Not submitted,لم يُسلَّم,,Pending,,New shared catalog copy; native-speaker review required.
Not submitted yet,Not submitted yet,لم يُسلَّم بعد,,Pending,,New shared catalog copy; native-speaker review required.
Note to requester,Note to requester,ملاحظة لمقدم الطلب,,Pending,,New shared catalog copy; native-speaker review required.
Note to the requester (optional),Note to the requester (optional),ملاحظة لمقدم الطلب (اختياري),,Pending,,New shared catalog copy; native-speaker review required.
Nothing changed yet.,Nothing changed yet.,لم يتغير شيء بعد.,,Pending,,New shared catalog copy; native-speaker review required.
Nothing else booked. Click any free slot to add one.,Nothing else booked. Click any free slot to add one.,لا يوجد شيء آخر محجوز. انقر على أي فترة زمنية متاحة لإضافة واحدة.,,Pending,,New shared catalog copy; native-speaker review required.
Nothing else booked. Every slot is free.,Nothing else booked. Every slot is free.,لا يوجد شيء آخر محجوز. جميع الفترات الزمنية متاحة.,,Pending,,New shared catalog copy; native-speaker review required.
Nothing else pending from,Nothing else pending from,لا يوجد شيء آخر معلق من,,Pending,,New shared catalog copy; native-speaker review required.
Nothing has run in this session yet.,Nothing has run in this session yet.,لم يتم تشغيل أي شيء في هذه الجلسة بعد.,,Pending,,New shared catalog copy; native-speaker review required.
Nothing in the tree matches “,Nothing in the tree matches “,لا يوجد شيء في الشجرة مطابق لـ “,,Pending,,New shared catalog copy; native-speaker review required.
Nothing matches “,Nothing matches “,لا يوجد شيء مطابق لـ “,,Pending,,New shared catalog copy; native-speaker review required.
Nothing matches “{q}”. Reports you cannot access are not listed.,Nothing matches “{q}”. Reports you cannot access are not listed.,لا يوجد شيء مطابق لـ “{q}”. لا تُدرج التقارير التي لا يمكنك الوصول إليها.,,Pending,,New shared catalog copy; native-speaker review required.
Nothing run yet,Nothing run yet,لم يتم تشغيل أي شيء بعد,,Pending,,New shared catalog copy; native-speaker review required.
Nothing scheduled,Nothing scheduled,لا يوجد شيء مجدول,,Pending,,New shared catalog copy; native-speaker review required.
Nothing scheduled.,Nothing scheduled.,لا يوجد شيء مجدول.,,Pending,,New shared catalog copy; native-speaker review required.
Nothing sits under this item yet.,Nothing sits under this item yet.,لا يوجد شيء تحت هذا العنصر بعد.,,Pending,,New shared catalog copy; native-speaker review required.
Notice board,Notice board,لوحة الإعلانات,,Pending,,New shared catalog copy; native-speaker review required.
Notice posted to {value0},Notice posted to {value0},تم نشر الإشعار إلى {value0},,Pending,,New shared catalog copy; native-speaker review required.
Notice:,Notice:,ملاحظة:,,Pending,,New shared catalog copy; native-speaker review required.
Notices,Notices,الإشعارات,,Pending,,New shared catalog copy; native-speaker review required.
Notification settings,Notification settings,إعدادات الإشعارات,,Pending,,New shared catalog copy; native-speaker review required.
Now,Now,الآن,,Pending,,New shared catalog copy; native-speaker review required.
Number and currency display on screen follows each person's preferences. Currency here labels exported files.,Number and currency display on screen follows each person's preferences. Currency here labels exported files.,يتبع عرض الأرقام والعملات على الشاشة تفضيلات كل شخص. العملة هنا تُستخدم لتسمية الملفات المُصدَّرة.,,Pending,,New shared catalog copy; native-speaker review required.
Number assigned on save,Number assigned on save,يُخصَّص الرقم عند الحفظ,,Pending,,New shared catalog copy; native-speaker review required.
Number format locale,Number format locale,لغة تنسيق الأرقام,,Pending,,New shared catalog copy; native-speaker review required.
Number is assigned when you save,Number is assigned when you save,يُخصَّص الرقم عند الحفظ,,Pending,,New shared catalog copy; native-speaker review required.
Number series,Number series,سلسلة الأرقام,,Pending,,New shared catalog copy; native-speaker review required.
Number to show,Number to show,عدد العناصر المراد عرضها,,Pending,,New shared catalog copy; native-speaker review required.
OP visits,OP visits,زيارات العيادات الخارجية,,Pending,,New shared catalog copy; native-speaker review required.
"OP visits, ED visits, admissions and discharges.","OP visits, ED visits, admissions and discharges.",زيارات العيادات الخارجية، زيارات الطوارئ، حالات الدخول والخروج.,,Pending,,New shared catalog copy; native-speaker review required.
OPD days,OPD days,أيام العيادة الخارجية,,Pending,,New shared catalog copy; native-speaker review required.
Observe,Observe,مراقبة,,Pending,,New shared catalog copy; native-speaker review required.
Observed,Observed,تمت المراقبة,,Pending,,New shared catalog copy; native-speaker review required.
Occupancy,Occupancy,نسبة الإشغال,,Pending,,New shared catalog copy; native-speaker review required.
Occupancy by month,Occupancy by month,الإشغال حسب الشهر,,Pending,,New shared catalog copy; native-speaker review required.
Occupation,Occupation,المهنة,,Pending,,New shared catalog copy; native-speaker review required.
Occupied bed-days,Occupied bed-days,أيام إشغال الأسرّة,,Pending,,New shared catalog copy; native-speaker review required.
Odometer (km),Odometer (km),عداد المسافات (كم),,Pending,,New shared catalog copy; native-speaker review required.
On leave,On leave,في إجازة,,Pending,,New shared catalog copy; native-speaker review required.
On loan,On loan,معار,,Pending,,New shared catalog copy; native-speaker review required.
"On registration an admission number is issued, the guardian receives a parent-portal invite and a Term 2 fee invoice is generated.","On registration an admission number is issued, the guardian receives a parent-portal invite and a Term 2 fee invoice is generated.",عند التسجيل، يُصدر رقم قبول، ويتلقى ولي الأمر دعوة لبوابة أولياء الأمور، ويتم إنشاء فاتورة رسوم الفصل الدراسي الثاني.,,Pending,,New shared catalog copy; native-speaker review required.
On the shelf,On the shelf,على الرف,,Pending,,New shared catalog copy; native-speaker review required.
On-screen limit {days} days,On-screen limit {days} days,الحد الأقصى على الشاشة {days} أيام,,Pending,,New shared catalog copy; native-speaker review required.
On-screen limits,On-screen limits,الحدود على الشاشة,,Pending,,New shared catalog copy; native-speaker review required.
On-screen limits for custom reports follow the global rules in Settings and rules.,On-screen limits for custom reports follow the global rules in Settings and rules.,تتبع الحدود على الشاشة للتقارير المخصصة القواعد العامة في الإعدادات والقواعد.,,Pending,,New shared catalog copy; native-speaker review required.
"One per person at a time, for fairness.","One per person at a time, for fairness.",واحد لكل شخص في المرة الواحدة، حفاظًا على العدالة.,,Pending,,New shared catalog copy; native-speaker review required.
Online lessons use the same bell schedule. Join from the live classes page when your teacher starts the session.,Online lessons use the same bell schedule. Join from the live classes page when your teacher starts the session.,تستخدم الدروس عبر الإنترنت نفس جدول الأجراس. انضم من صفحة الحصص المباشرة عندما يبدأ معلمك الجلسة.,,Pending,,New shared catalog copy; native-speaker review required.
Only approved datasets are available. Sensitive fields stay masked for roles that cannot see them.,Only approved datasets are available. Sensitive fields stay masked for roles that cannot see them.,تتوفر فقط مجموعات البيانات المعتمدة. تظل الحقول الحساسة مخفية للأدوار التي لا يمكنها رؤيتها.,,Pending,,New shared catalog copy; native-speaker review required.
Only me,Only me,أنا فقط,,Pending,,New shared catalog copy; native-speaker review required.
Only reports your role may schedule are listed.,Only reports your role may schedule are listed.,يتم إدراج التقارير التي يمكن لدورك جدولتها فقط.,,Pending,,New shared catalog copy; native-speaker review required.
Only transparent pencil cases and approved calculators.,Only transparent pencil cases and approved calculators.,فقط مقالم القلم الشفافة والآلات الحاسبة المعتمدة.,,Pending,,New shared catalog copy; native-speaker review required.
Open My reports,Open My reports,فتح تقاريري,,Pending,,New shared catalog copy; native-speaker review required.
"Open a report and choose Schedule to have it emailed daily, weekly or monthly.","Open a report and choose Schedule to have it emailed daily, weekly or monthly.",افتح تقريرًا واختر جدولة لإرساله عبر البريد الإلكتروني يوميًا أو أسبوعيًا أو شهريًا.,,Pending,,New shared catalog copy; native-speaker review required.
Open fees,Open fees,الرسوم المفتوحة,,Pending,,New shared catalog copy; native-speaker review required.
Open inbox,Open inbox,فتح البريد الوارد,,Pending,,New shared catalog copy; native-speaker review required.
Open report,Open report,فتح التقرير,,Pending,,New shared catalog copy; native-speaker review required.
Open report library,Open report library,فتح مكتبة التقارير,,Pending,,New shared catalog copy; native-speaker review required.
Open schedule,Open schedule,فتح الجدول,,Pending,,New shared catalog copy; native-speaker review required.
Open tickets,Open tickets,التذاكر المفتوحة,,Pending,,New shared catalog copy; native-speaker review required.
Open {value0},Open {value0},فتح {value0},,Pending,,New shared catalog copy; native-speaker review required.
Open-ended,Open-ended,مفتوح,,Pending,,New shared catalog copy; native-speaker review required.
Opened,Opened,تم الفتح,,Pending,,New shared catalog copy; native-speaker review required.
Opening,Opening,الافتتاحي,,Pending,,New shared catalog copy; native-speaker review required.
Opening balance,Opening balance,الرصيد الافتتاحي,,Pending,,New shared catalog copy; native-speaker review required.
Opening your portal,Opening your portal,جارٍ فتح بوابتك,,Pending,,New shared catalog copy; native-speaker review required.
"Opening, movement and closing stock by item","Opening, movement and closing stock by item",المخزون الافتتاحي والحركة والمخزون الختامي حسب الصنف,,Pending,,New shared catalog copy; native-speaker review required.
Opens {value0},Opens {value0},يفتح {value0},,Pending,,New shared catalog copy; native-speaker review required.
Option {value0},Option {value0},الخيار {value0},,Pending,,New shared catalog copy; native-speaker review required.
"Optional, for multi-day events","Optional, for multi-day events",اختياري، للأحداث متعددة الأيام,,Pending,,New shared catalog copy; native-speaker review required.
Optional. Sent with your decision.,Optional. Sent with your decision.,اختياري. يُرسل مع قرارك.,,Pending,,New shared catalog copy; native-speaker review required.
Options · click the letter to mark the correct answer,Options · click the letter to mark the correct answer,الخيارات · انقر على الحرف لتمييز الإجابة الصحيحة,,Pending,,New shared catalog copy; native-speaker review required.
Order ref.,Order ref.,مرجع الطلب,,Pending,,New shared catalog copy; native-speaker review required.
Orders placed with suppliers,Orders placed with suppliers,الطلبات المقدمة للموردين,,Pending,,New shared catalog copy; native-speaker review required.
"Orders, completion and average turnaround time by test group.","Orders, completion and average turnaround time by test group.",الطلبات والإنجاز ومتوسط وقت الإنجاز حسب مجموعة الفحص.,,Pending,,New shared catalog copy; native-speaker review required.
Organisation,Organisation,المؤسسة,,Pending,,New shared catalog copy; native-speaker review required.
"Organisation defaults, on-screen limits, background processing, delivery and email request rules.","Organisation defaults, on-screen limits, background processing, delivery and email request rules.",الإعدادات الافتراضية للمؤسسة، والحدود على الشاشة، والمعالجة في الخلفية، وقواعد التسليم وطلبات البريد الإلكتروني.,,Pending,,New shared catalog copy; native-speaker review required.
Organisation name,Organisation name,اسم المؤسسة,,Pending,,New shared catalog copy; native-speaker review required.
Organisation structure,Organisation structure,هيكل المؤسسة,,Pending,,New shared catalog copy; native-speaker review required.
Original,Original,الأصلي,,Pending,,New shared catalog copy; native-speaker review required.
Out of 100,Out of 100,من أصل 100,,Pending,,New shared catalog copy; native-speaker review required.
Out on loan,Out on loan,معار حاليًا,,Pending,,New shared catalog copy; native-speaker review required.
Output qty,Output qty,كمية الإنتاج,,Pending,,New shared catalog copy; native-speaker review required.
Outstanding approved claim value by aging bucket.,Outstanding approved claim value by aging bucket.,قيمة المطالبات المعتمدة المستحقة حسب فئة التقادم.,,Pending,,New shared catalog copy; native-speaker review required.
Outstanding invoices by age bucket,Outstanding invoices by age bucket,الفواتير المستحقة حسب فئة العمر,,Pending,,New shared catalog copy; native-speaker review required.
Outstanding!,Outstanding!,ممتاز جدًا!,,Pending,,New shared catalog copy; native-speaker review required.
Outward,Outward,صادر,,Pending,,New shared catalog copy; native-speaker review required.
Overdue,Overdue,متأخر,,Pending,,New shared catalog copy; native-speaker review required.
Overdue & fines,Overdue & fines,المتأخرات والغرامات,,Pending,,New shared catalog copy; native-speaker review required.
Overdue accounts,Overdue accounts,الحسابات المتأخرة,,Pending,,New shared catalog copy; native-speaker review required.
Overdue invoices,Overdue invoices,الفواتير المتأخرة,,Pending,,New shared catalog copy; native-speaker review required.
Overdue loans,Overdue loans,الإعارات المتأخرة,,Pending,,New shared catalog copy; native-speaker review required.
Owner: {name},Owner: {name},المالك: {name},,Pending,,New shared catalog copy; native-speaker review required.
"Owns revenue, revenue cycle, accounting and planning reports.","Owns revenue, revenue cycle, accounting and planning reports.",يمتلك تقارير الإيرادات ودورة الإيرادات والمحاسبة والتخطيط.,,Pending,,New shared catalog copy; native-speaker review required.
P,P,P,,Pending,,New shared catalog copy; native-speaker review required.
"PDF, images or spreadsheets up to 10 MB","PDF, images or spreadsheets up to 10 MB",ملفات PDF أو صور أو جداول بيانات حتى 10 ميغابايت,,Pending,,New shared catalog copy; native-speaker review required.
PO date,PO date,تاريخ أمر الشراء,,Pending,,New shared catalog copy; native-speaker review required.
PO ref.,PO ref.,مرجع أمر الشراء,,Pending,,New shared catalog copy; native-speaker review required.
PSY,PSY,PSY,,Pending,,New shared catalog copy; native-speaker review required.
Page not found,Page not found,الصفحة غير موجودة,,Pending,,New shared catalog copy; native-speaker review required.
Paid from,Paid from,مدفوع من,,Pending,,New shared catalog copy; native-speaker review required.
Paid this year,Paid this year,مدفوع هذا العام,,Pending,,New shared catalog copy; native-speaker review required.
Papers this term,Papers this term,الأوراق هذا الفصل,,Pending,,New shared catalog copy; native-speaker review required.
Parameter,Parameter,المعامل,,Pending,,New shared catalog copy; native-speaker review required.
Parameters,Parameters,المعاملات,,Pending,,New shared catalog copy; native-speaker review required.
Parent,Parent,ولي الأمر,,Pending,,New shared catalog copy; native-speaker review required.
Parent / guardian,Parent / guardian,ولي الأمر / الوصي,,Pending,,New shared catalog copy; native-speaker review required.
Parent portal invite goes here,Parent portal invite goes here,دعوة بوابة أولياء الأمور تظهر هنا,,Pending,,New shared catalog copy; native-speaker review required.
Parent:,Parent:,ولي الأمر:,,Pending,,New shared catalog copy; native-speaker review required.
Participants get a calendar invite and a reminder 10 minutes before,Participants get a calendar invite and a reminder 10 minutes before,يحصل المشاركون على دعوة تقويم وتذكير قبل 10 دقائق,,Pending,,New shared catalog copy; native-speaker review required.
Passed all subjects,Passed all subjects,نجح في جميع المواد,,Pending,,New shared catalog copy; native-speaker review required.
Past & recordings,Past & recordings,الماضي والتسجيلات,,Pending,,New shared catalog copy; native-speaker review required.
"Past due, still open","Past due, still open",متأخر السداد وما زال مفتوحًا,,Pending,,New shared catalog copy; native-speaker review required.
"Patient demographics, insurance and clinical flags","Patient demographics, insurance and clinical flags",البيانات الديموغرافية للمريض والتأمين والمؤشرات السريرية,,Pending,,New shared catalog copy; native-speaker review required.
Patient master,Patient master,سجل المريض الرئيسي,,Pending,,New shared catalog copy; native-speaker review required.
Patient-level admissions. Patient identifiers are masked unless your role may see them.,Patient-level admissions. Patient identifiers are masked unless your role may see them.,حالات الدخول على مستوى المريض. يتم إخفاء معرّفات المريض ما لم يسمح دورك برؤيتها.,,Pending,,New shared catalog copy; native-speaker review required.
Patients,Patients,المرضى,,Pending,,New shared catalog copy; native-speaker review required.
Pay,Pay,دفع,,Pending,,New shared catalog copy; native-speaker review required.
Pay date,Pay date,تاريخ الدفع,,Pending,,New shared catalog copy; native-speaker review required.
Pay period,Pay period,فترة الدفع,,Pending,,New shared catalog copy; native-speaker review required.
Pay to,Pay to,يدفع إلى,,Pending,,New shared catalog copy; native-speaker review required.
Pay {value0},Pay {value0},ادفع {value0},,Pending,,New shared catalog copy; native-speaker review required.
Payable,Payable,مستحق الدفع,,Pending,,New shared catalog copy; native-speaker review required.
Payee,Payee,المستفيد,,Pending,,New shared catalog copy; native-speaker review required.
Payer mix,Payer mix,مزيج الجهات الدافعة,,Pending,,New shared catalog copy; native-speaker review required.
Payment method,Payment method,طريقة الدفع,,Pending,,New shared catalog copy; native-speaker review required.
Payment methods,Payment methods,طرق الدفع,,Pending,,New shared catalog copy; native-speaker review required.
Payment received alert,Payment received alert,تنبيه استلام الدفع,,Pending,,New shared catalog copy; native-speaker review required.
Payment vouchers,Payment vouchers,سندات الدفع,,Pending,,New shared catalog copy; native-speaker review required.
Payments are processed securely. This is a demo — no real charge is made.,Payments are processed securely. This is a demo — no real charge is made.,تتم معالجة المدفوعات بأمان. هذا عرض توضيحي — لا يتم فرض أي رسوم فعلية.,,Pending,,New shared catalog copy; native-speaker review required.
Payments to suppliers and parties,Payments to suppliers and parties,المدفوعات للموردين والأطراف,,Pending,,New shared catalog copy; native-speaker review required.
Pen,Pen,قلم,,Pending,,New shared catalog copy; native-speaker review required.
"Per term, in {value0}. Transport is billed only to students using a school route.","Per term, in {value0}. Transport is billed only to students using a school route.",لكل فصل دراسي، بعملة {value0}. تُفوتَر خدمة النقل فقط للطلاب المستخدمين لخط مدرسي.,,Pending,,New shared catalog copy; native-speaker review required.
Percent of billed amount received,Percent of billed amount received,نسبة المبلغ المفوتر المستلم,,Pending,,New shared catalog copy; native-speaker review required.
"Percent, all examined subjects","Percent, all examined subjects",النسبة المئوية، جميع المواد التي تم اختبارها,,Pending,,New shared catalog copy; native-speaker review required.
Period,Period,الفترة,,Pending,,New shared catalog copy; native-speaker review required.
Period for all widgets,Period for all widgets,الفترة لجميع الأدوات,,Pending,,New shared catalog copy; native-speaker review required.
Period in each run,Period in each run,الفترة في كل تشغيل,,Pending,,New shared catalog copy; native-speaker review required.
Period {from} to {to} ({days} days). Ran in {ms} ms{cached}.,Period {from} to {to} ({days} days). Ran in {ms} ms{cached}.,الفترة من {from} إلى {to} ({days} يومًا). استغرقت {ms} مللي ثانية{cached}.,,Pending,,New shared catalog copy; native-speaker review required.
Periods / week,Periods / week,الحصص / الأسبوع,,Pending,,New shared catalog copy; native-speaker review required.
Periods longer than the on-screen limit are refused. Use a schedule for bulk extracts.,Periods longer than the on-screen limit are refused. Use a schedule for bulk extracts.,تُرفض الفترات الأطول من الحد المسموح على الشاشة. استخدم جدولاً زمنيًا للاستخراج بالجملة.,,Pending,,New shared catalog copy; native-speaker review required.
Periods {value0},Periods {value0},الحصص {value0},,Pending,,New shared catalog copy; native-speaker review required.
Periods/wk,Periods/wk,الحصص/أسبوع,,Pending,,New shared catalog copy; native-speaker review required.
Permissions control features. Report access below controls which reports and actions the role may use.,Permissions control features. Report access below controls which reports and actions the role may use.,تتحكم الأذونات في الميزات. يتحكم الوصول إلى التقارير أدناه في التقارير والإجراءات التي يمكن أن يستخدمها الدور.,,Pending,,New shared catalog copy; native-speaker review required.
Permit expiry,Permit expiry,انتهاء صلاحية التصريح,,Pending,,New shared catalog copy; native-speaker review required.
Personal,Personal,شخصي,,Pending,,New shared catalog copy; native-speaker review required.
Petty cash vouchers,Petty cash vouchers,سندات المصروفات النثرية,,Pending,,New shared catalog copy; native-speaker review required.
Phones are handed to the invigilator before the paper.,Phones are handed to the invigilator before the paper.,تُسلَّم الهواتف إلى المراقب قبل بدء الورقة.,,Pending,,New shared catalog copy; native-speaker review required.
Pick a document to preview,Pick a document to preview,اختر مستندًا للمعاينة,,Pending,,New shared catalog copy; native-speaker review required.
Pick a record,Pick a record,اختر سجلاً,,Pending,,New shared catalog copy; native-speaker review required.
Pick a structure,Pick a structure,اختر هيكلاً,,Pending,,New shared catalog copy; native-speaker review required.
Pick an inspection,Pick an inspection,اختر عملية تفتيش,,Pending,,New shared catalog copy; native-speaker review required.
Pick both dates to see the number of days,Pick both dates to see the number of days,اختر كلا التاريخين لمعرفة عدد الأيام,,Pending,,New shared catalog copy; native-speaker review required.
Pick both dates to see the number of days.,Pick both dates to see the number of days.,اختر كلا التاريخين لمعرفة عدد الأيام.,,Pending,,New shared catalog copy; native-speaker review required.
"Pick up where you left off, or find a report in the library.","Pick up where you left off, or find a report in the library.",تابع من حيث توقفت، أو ابحث عن تقرير في المكتبة.,,Pending,,New shared catalog copy; native-speaker review required.
Pin,Pin,تثبيت,,Pending,,New shared catalog copy; native-speaker review required.
Pin to top,Pin to top,تثبيت في الأعلى,,Pending,,New shared catalog copy; native-speaker review required.
Pinned,Pinned,مثبّت,,Pending,,New shared catalog copy; native-speaker review required.
Plan a lesson or sketch an explanation. The same board opens inside every live class for everyone in the room.,Plan a lesson or sketch an explanation. The same board opens inside every live class for everyone in the room.,خطّط لدرس أو ارسم توضيحًا. تُفتح نفس اللوحة داخل كل حصة مباشرة لجميع من في الغرفة.,,Pending,,New shared catalog copy; native-speaker review required.
Points,Points,النقاط,,Pending,,New shared catalog copy; native-speaker review required.
Policy no.,Policy no.,رقم البوليصة,,Pending,,New shared catalog copy; native-speaker review required.
Polls,Polls,استطلاعات الرأي,,Pending,,New shared catalog copy; native-speaker review required.
Position in hierarchy,Position in hierarchy,الموقع في التسلسل الهرمي,,Pending,,New shared catalog copy; native-speaker review required.
Post,Post,نشر,,Pending,,New shared catalog copy; native-speaker review required.
Post a notice,Post a notice,نشر إشعار,,Pending,,New shared catalog copy; native-speaker review required.
Post journal automatically,Post journal automatically,ترحيل القيد تلقائيًا,,Pending,,New shared catalog copy; native-speaker review required.
Post notice,Post notice,نشر الإشعار,,Pending,,New shared catalog copy; native-speaker review required.
Post update,Post update,نشر التحديث,,Pending,,New shared catalog copy; native-speaker review required.
Postcode,Postcode,الرمز البريدي,,Pending,,New shared catalog copy; native-speaker review required.
Posted by,Posted by,نُشر بواسطة,,Pending,,New shared catalog copy; native-speaker review required.
Posted journal lines. Long periods run in the background.,Posted journal lines. Long periods run in the background.,سطور القيود المرحّلة. تعمل الفترات الطويلة في الخلفية.,,Pending,,New shared catalog copy; native-speaker review required.
Posted journals and financial periods for trial balance and statements.,Posted journals and financial periods for trial balance and statements.,القيود المرحّلة والفترات المالية لميزان المراجعة والبيانات.,,Pending,,New shared catalog copy; native-speaker review required.
"Power BI and Excel: Get data, From Web, Advanced. Paste the URL and add an HTTP header named Authorization with the value Bearer and your key.","Power BI and Excel: Get data, From Web, Advanced. Paste the URL and add an HTTP header named Authorization with the value Bearer and your key.",Power BI وExcel: الحصول على البيانات، من الويب، متقدم. الصق الرابط وأضف ترويسة HTTP باسم Authorization بالقيمة Bearer ومفتاحك.,,Pending,,New shared catalog copy; native-speaker review required.
"Practitioners, specialities and consultation fees","Practitioners, specialities and consultation fees",الممارسون والتخصصات ورسوم الاستشارة,,Pending,,New shared catalog copy; native-speaker review required.
Prefix,Prefix,البادئة,,Pending,,New shared catalog copy; native-speaker review required.
Prefixes and counters for document numbers,Prefixes and counters for document numbers,البادئات والعدادات لأرقام المستندات,,Pending,,New shared catalog copy; native-speaker review required.
Prepared by,Prepared by,أعدّه,,Pending,,New shared catalog copy; native-speaker review required.
Present,Present,حاضر,,Pending,,New shared catalog copy; native-speaker review required.
Present on,Present on,حاضر في,,Pending,,New shared catalog copy; native-speaker review required.
Press Enter to save. Esc closes without saving.,Press Enter to save. Esc closes without saving.,اضغط Enter للحفظ. يغلق Esc بدون حفظ.,,Pending,,New shared catalog copy; native-speaker review required.
Preview mode — answers are not recorded.,Preview mode — answers are not recorded.,وضع المعاينة — لا يتم تسجيل الإجابات.,,Pending,,New shared catalog copy; native-speaker review required.
Preview — not recorded,Preview — not recorded,معاينة — غير مسجّلة,,Pending,,New shared catalog copy; native-speaker review required.
Previous day,Previous day,اليوم السابق,,Pending,,New shared catalog copy; native-speaker review required.
Previous employer,Previous employer,صاحب العمل السابق,,Pending,,New shared catalog copy; native-speaker review required.
Previous record,Previous record,السجل السابق,,Pending,,New shared catalog copy; native-speaker review required.
Previous school,Previous school,المدرسة السابقة,,Pending,,New shared catalog copy; native-speaker review required.
Price list,Price list,قائمة الأسعار,,Pending,,New shared catalog copy; native-speaker review required.
Price lists,Price lists,قوائم الأسعار,,Pending,,New shared catalog copy; native-speaker review required.
Primary doctor,Primary doctor,الطبيب الأساسي,,Pending,,New shared catalog copy; native-speaker review required.
Print admit card,Print admit card,طباعة بطاقة الدخول,,Pending,,New shared catalog copy; native-speaker review required.
Print or save PDF,Print or save PDF,طباعة أو حفظ PDF,,Pending,,New shared catalog copy; native-speaker review required.
Print preview,Print preview,معاينة الطباعة,,Pending,,New shared catalog copy; native-speaker review required.
Print-ready invoice preview,Print-ready invoice preview,معاينة فاتورة جاهزة للطباعة,,Pending,,New shared catalog copy; native-speaker review required.
Process due schedules now,Process due schedules now,معالجة الجداول المستحقة الآن,,Pending,,New shared catalog copy; native-speaker review required.
Processed in last run,Processed in last run,تمت المعالجة في آخر تشغيل,,Pending,,New shared catalog copy; native-speaker review required.
Product,Product,المنتج,,Pending,,New shared catalog copy; native-speaker review required.
Product categories,Product categories,فئات المنتجات,,Pending,,New shared catalog copy; native-speaker review required.
"Products, pricing, stock levels and tracking","Products, pricing, stock levels and tracking",المنتجات والتسعير ومستويات المخزون والتتبع,,Pending,,New shared catalog copy; native-speaker review required.
Program,Program,البرنامج,,Pending,,New shared catalog copy; native-speaker review required.
Progress shows in My reports.,Progress shows in My reports.,يظهر التقدم في تقاريري.,,Pending,,New shared catalog copy; native-speaker review required.
Project,Project,المشروع,,Pending,,New shared catalog copy; native-speaker review required.
Properties,Properties,الخصائص,,Pending,,New shared catalog copy; native-speaker review required.
"Public, optional and company holidays","Public, optional and company holidays",العطلات الرسمية والاختيارية وعطلات الشركة,,Pending,,New shared catalog copy; native-speaker review required.
Publish,Publish,نشر,,Pending,,New shared catalog copy; native-speaker review required.
Publisher,Publisher,الناشر,,Pending,,New shared catalog copy; native-speaker review required.
Pull data as CSV or JSON,Pull data as CSV or JSON,سحب البيانات بصيغة CSV أو JSON,,Pending,,New shared catalog copy; native-speaker review required.
Purchase orders,Purchase orders,أوامر الشراء,,Pending,,New shared catalog copy; native-speaker review required.
Purchase orders by supplier and status,Purchase orders by supplier and status,أوامر الشراء حسب المورد والحالة,,Pending,,New shared catalog copy; native-speaker review required.
Purchase price,Purchase price,سعر الشراء,,Pending,,New shared catalog copy; native-speaker review required.
Purchase register,Purchase register,سجل المشتريات,,Pending,,New shared catalog copy; native-speaker review required.
Purchases,Purchases,المشتريات,,Pending,,New shared catalog copy; native-speaker review required.
Qs ·,Qs ·,أسئلة ·,,Pending,,New shared catalog copy; native-speaker review required.
Qualification,Qualification,المؤهل,,Pending,,New shared catalog copy; native-speaker review required.
Quality inspections,Quality inspections,فحوصات الجودة,,Pending,,New shared catalog copy; native-speaker review required.
Quarterly average,Quarterly average,المتوسط الفصلي,,Pending,,New shared catalog copy; native-speaker review required.
Quarterly average by class,Quarterly average by class,المتوسط الفصلي حسب الصف,,Pending,,New shared catalog copy; native-speaker review required.
Quarterly exam,Quarterly exam,الامتحان الفصلي,,Pending,,New shared catalog copy; native-speaker review required.
Quarterly results by subject,Quarterly results by subject,النتائج الفصلية حسب المادة,,Pending,,New shared catalog copy; native-speaker review required.
Question,Question,السؤال,,Pending,,New shared catalog copy; native-speaker review required.
Question bank,Question bank,بنك الأسئلة,,Pending,,New shared catalog copy; native-speaker review required.
Question palette,Question palette,لوحة الأسئلة,,Pending,,New shared catalog copy; native-speaker review required.
Question {value0}{value1}{value2},Question {value0}{value1}{value2},السؤال {value0}{value1}{value2},,Pending,,New shared catalog copy; native-speaker review required.
Questions,Questions,الأسئلة,,Pending,,New shared catalog copy; native-speaker review required.
Queued as,Queued as,في قائمة الانتظار باسم,,Pending,,New shared catalog copy; native-speaker review required.
Quiz,Quiz,اختبار قصير,,Pending,,New shared catalog copy; native-speaker review required.
Quiz builder,Quiz builder,منشئ الاختبارات القصيرة,,Pending,,New shared catalog copy; native-speaker review required.
Quiz published to {value0},Quiz published to {value0},تم نشر الاختبار القصير إلى {value0},,Pending,,New shared catalog copy; native-speaker review required.
Quiz settings,Quiz settings,إعدادات الاختبار القصير,,Pending,,New shared catalog copy; native-speaker review required.
Quizzes,Quizzes,الاختبارات القصيرة,,Pending,,New shared catalog copy; native-speaker review required.
Quizzes available,Quizzes available,الاختبارات القصيرة المتاحة,,Pending,,New shared catalog copy; native-speaker review required.
Quizzes can also be launched as live polls inside a live class.,Quizzes can also be launched as live polls inside a live class.,يمكن أيضًا تشغيل الاختبارات القصيرة كاستطلاعات مباشرة داخل الحصة المباشرة.,,Pending,,New shared catalog copy; native-speaker review required.
R,R,R,,Pending,,New shared catalog copy; native-speaker review required.
REC,REC,REC,,Pending,,New shared catalog copy; native-speaker review required.
Raise hand,Raise hand,رفع اليد,,Pending,,New shared catalog copy; native-speaker review required.
Rank,Rank,الترتيب,,Pending,,New shared catalog copy; native-speaker review required.
Rank is computed on the total across all examined subjects. Marks below 40% are shown in red.,Rank is computed on the total across all examined subjects. Marks below 40% are shown in red.,يُحسب الترتيب على المجموع الكلي لجميع المواد التي تم اختبارها. تظهر الدرجات الأقل من 40% باللون الأحمر.,,Pending,,New shared catalog copy; native-speaker review required.
Rate to USD,Rate to USD,سعر الصرف مقابل الدولار الأمريكي,,Pending,,New shared catalog copy; native-speaker review required.
Rating,Rating,التقييم,,Pending,,New shared catalog copy; native-speaker review required.
Rating (1–5),Rating (1–5),التقييم (1–5),,Pending,,New shared catalog copy; native-speaker review required.
Reactions,Reactions,التفاعلات,,Pending,,New shared catalog copy; native-speaker review required.
Reactivate,Reactivate,إعادة التفعيل,,Pending,,New shared catalog copy; native-speaker review required.
Read-only replica of the hospital management system. Reports must never query the live primary.,Read-only replica of the hospital management system. Reports must never query the live primary.,نسخة للقراءة فقط من نظام إدارة المستشفى. يجب ألا تستعلم التقارير أبدًا من النظام الأساسي الحي.,,Pending,,New shared catalog copy; native-speaker review required.
Reading,Reading,القراءة,,Pending,,New shared catalog copy; native-speaker review required.
Readmission count and rate by department.,Readmission count and rate by department.,عدد ومعدل إعادة الدخول حسب القسم.,,Pending,,New shared catalog copy; native-speaker review required.
Readmission rate,Readmission rate,معدل إعادة الدخول,,Pending,,New shared catalog copy; native-speaker review required.
Readmissions,Readmissions,حالات إعادة الدخول,,Pending,,New shared catalog copy; native-speaker review required.
Readmitted,Readmitted,أُعيد إدخاله,,Pending,,New shared catalog copy; native-speaker review required.
Reason,Reason,السبب,,Pending,,New shared catalog copy; native-speaker review required.
Receipt {value0}{value1}. ,Receipt {value0}{value1}. ,الإيصال {value0}{value1}. ,,Pending,,New shared catalog copy; native-speaker review required.
Receipts,Receipts,المستلمات,,Pending,,New shared catalog copy; native-speaker review required.
"Receipts, issues and closing value by store and category. Use a single day for closing figures.","Receipts, issues and closing value by store and category. Use a single day for closing figures.",الإيصالات والصادرات والقيمة الختامية حسب المتجر والفئة. استخدم يومًا واحدًا للأرقام الختامية.,,Pending,,New shared catalog copy; native-speaker review required.
Receivables aging,Receivables aging,أعمار الذمم المدينة,,Pending,,New shared catalog copy; native-speaker review required.
Received,Received,مستلم,,Pending,,New shared catalog copy; native-speaker review required.
Received by,Received by,استلمه,,Pending,,New shared catalog copy; native-speaker review required.
Received on,Received on,استُلم في,,Pending,,New shared catalog copy; native-speaker review required.
Recent activity,Recent activity,النشاط الأخير,,Pending,,New shared catalog copy; native-speaker review required.
Recent sales orders,Recent sales orders,أوامر البيع الأخيرة,,Pending,,New shared catalog copy; native-speaker review required.
Recently run,Recently run,شُغّل مؤخرًا,,Pending,,New shared catalog copy; native-speaker review required.
Recipients get an in-app notification and an email digest,Recipients get an in-app notification and an email digest,يحصل المستلمون على إشعار داخل التطبيق وملخص بريد إلكتروني,,Pending,,New shared catalog copy; native-speaker review required.
Record,Record,سجل,,Pending,,New shared catalog copy; native-speaker review required.
Recordings,Recordings,التسجيلات,,Pending,,New shared catalog copy; native-speaker review required.
Recordings stream from your media storage in production.,Recordings stream from your media storage in production.,تُبث التسجيلات من تخزين الوسائط الخاص بك في بيئة الإنتاج.,,Pending,,New shared catalog copy; native-speaker review required.
Records in view,Records in view,السجلات في العرض,,Pending,,New shared catalog copy; native-speaker review required.
Rectangle,Rectangle,مستطيل,,Pending,,New shared catalog copy; native-speaker review required.
Redo,Redo,إعادة,,Pending,,New shared catalog copy; native-speaker review required.
Reduce motion and animations,Reduce motion and animations,تقليل الحركة والرسوم المتحركة,,Pending,,New shared catalog copy; native-speaker review required.
Refresh preview,Refresh preview,تحديث المعاينة,,Pending,,New shared catalog copy; native-speaker review required.
Region,Region,المنطقة,,Pending,,New shared catalog copy; native-speaker review required.
Regional defaults,Regional defaults,الإعدادات الافتراضية الإقليمية,,Pending,,New shared catalog copy; native-speaker review required.
Register,Register,التسجيل,,Pending,,New shared catalog copy; native-speaker review required.
Register saved,Register saved,تم حفظ التسجيل,,Pending,,New shared catalog copy; native-speaker review required.
Register student,Register student,تسجيل طالب,,Pending,,New shared catalog copy; native-speaker review required.
Register teacher,Register teacher,تسجيل معلم,,Pending,,New shared catalog copy; native-speaker review required.
Registered office address.,Registered office address.,عنوان المكتب المسجل.,,Pending,,New shared catalog copy; native-speaker review required.
Registered users can always receive reports. Other addresses must be in these domains.,Registered users can always receive reports. Other addresses must be in these domains.,يمكن للمستخدمين المسجلين دائمًا استلام التقارير. يجب أن تكون العناوين الأخرى ضمن هذه النطاقات.,,Pending,,New shared catalog copy; native-speaker review required.
"Registered users can email the reports mailbox and receive the result by return email, even for very long periods.","Registered users can email the reports mailbox and receive the result by return email, even for very long periods.",يمكن للمستخدمين المسجلين مراسلة صندوق بريد التقارير واستلام النتيجة عبر بريد إلكتروني رد، حتى للفترات الطويلة جدًا.,,Pending,,New shared catalog copy; native-speaker review required.
Registered users can request reports by emailing the reports mailbox.,Registered users can request reports by emailing the reports mailbox.,يمكن للمستخدمين المسجلين طلب التقارير عبر مراسلة صندوق بريد التقارير.,,Pending,,New shared catalog copy; native-speaker review required.
Registration,Registration,التسجيل,,Pending,,New shared catalog copy; native-speaker review required.
Registration summary,Registration summary,ملخص التسجيل,,Pending,,New shared catalog copy; native-speaker review required.
Reimbursement requests with approvals,Reimbursement requests with approvals,طلبات الاسترداد مع الموافقات,,Pending,,New shared catalog copy; native-speaker review required.
Reject all,Reject all,رفض الكل,,Pending,,New shared catalog copy; native-speaker review required.
"Reject email unless DMARC, or both SPF and DKIM, pass. Keep this on in production.","Reject email unless DMARC, or both SPF and DKIM, pass. Keep this on in production.",ارفض البريد الإلكتروني ما لم يجتز DMARC، أو كلا SPF وDKIM. احتفظ بهذا مفعّلاً في بيئة الإنتاج.,,Pending,,New shared catalog copy; native-speaker review required.
Rejoin as host,Rejoin as host,إعادة الانضمام كمضيف,,Pending,,New shared catalog copy; native-speaker review required.
Rejoin live class,Rejoin live class,إعادة الانضمام إلى الحصة المباشرة,,Pending,,New shared catalog copy; native-speaker review required.
Relationship,Relationship,العلاقة,,Pending,,New shared catalog copy; native-speaker review required.
Remarks,Remarks,الملاحظات,,Pending,,New shared catalog copy; native-speaker review required.
Remind all,Remind all,تذكير الجميع,,Pending,,New shared catalog copy; native-speaker review required.
Reminder after (hours),Reminder after (hours),تذكير بعد (ساعات),,Pending,,New shared catalog copy; native-speaker review required.
Reminders sent to {value0} families by email and SMS,Reminders sent to {value0} families by email and SMS,تم إرسال التذكيرات إلى {value0} أسرة عبر البريد الإلكتروني والرسائل النصية,,Pending,,New shared catalog copy; native-speaker review required.
Remove line {value0},Remove line {value0},إزالة السطر {value0},,Pending,,New shared catalog copy; native-speaker review required.
Remove option,Remove option,إزالة الخيار,,Pending,,New shared catalog copy; native-speaker review required.
Remove widget,Remove widget,إزالة الأداة,,Pending,,New shared catalog copy; native-speaker review required.
Remove {label},Remove {label},إزالة {label},,Pending,,New shared catalog copy; native-speaker review required.
Remove {name},Remove {name},إزالة {name},,Pending,,New shared catalog copy; native-speaker review required.
Remove {value0},Remove {value0},إزالة {value0},,Pending,,New shared catalog copy; native-speaker review required.
Remove {value0} filter,Remove {value0} filter,إزالة عامل التصفية {value0},,Pending,,New shared catalog copy; native-speaker review required.
Renew,Renew,تجديد,,Pending,,New shared catalog copy; native-speaker review required.
Renewed until {value0},Renewed until {value0},تم التجديد حتى {value0},,Pending,,New shared catalog copy; native-speaker review required.
Reopen,Reopen,إعادة الفتح,,Pending,,New shared catalog copy; native-speaker review required.
Reorder level alert,Reorder level alert,تنبيه مستوى إعادة الطلب,,Pending,,New shared catalog copy; native-speaker review required.
Report,Report,التقرير,,Pending,,New shared catalog copy; native-speaker review required.
Report absence / request leave,Report absence / request leave,الإبلاغ عن غياب / طلب إجازة,,Pending,,New shared catalog copy; native-speaker review required.
Report access for {name},Report access for {name},الوصول إلى التقارير لـ {name},,Pending,,New shared catalog copy; native-speaker review required.
Report builder,Report builder,منشئ التقارير,,Pending,,New shared catalog copy; native-speaker review required.
Report card,Report card,بطاقة التقرير,,Pending,,New shared catalog copy; native-speaker review required.
Report categories,Report categories,فئات التقارير,,Pending,,New shared catalog copy; native-speaker review required.
Report default,Report default,الإعداد الافتراضي للتقرير,,Pending,,New shared catalog copy; native-speaker review required.
Report defaults,Report defaults,الإعدادات الافتراضية للتقارير,,Pending,,New shared catalog copy; native-speaker review required.
Report library,Report library,مكتبة التقارير,,Pending,,New shared catalog copy; native-speaker review required.
Report result,Report result,نتيجة التقرير,,Pending,,New shared catalog copy; native-speaker review required.
Report type,Report type,نوع التقرير,,Pending,,New shared catalog copy; native-speaker review required.
Report-specific limits,Report-specific limits,حدود خاصة بالتقرير,,Pending,,New shared catalog copy; native-speaker review required.
Reported,Reported,تم الإبلاغ عنه,,Pending,,New shared catalog copy; native-speaker review required.
Reporting time zone,Reporting time zone,المنطقة الزمنية لإعداد التقارير,,Pending,,New shared catalog copy; native-speaker review required.
Reports & analytics,Reports & analytics,التقارير والتحليلات,,Pending,,New shared catalog copy; native-speaker review required.
Reports access is turned off,Reports access is turned off,الوصول إلى التقارير معطّل,,Pending,,New shared catalog copy; native-speaker review required.
Reports available,Reports available,التقارير المتاحة,,Pending,,New shared catalog copy; native-speaker review required.
Reports delivered by email on a timetable. Each run covers a moving period and never sends the same run twice.,Reports delivered by email on a timetable. Each run covers a moving period and never sends the same run twice.,تُسلَّم التقارير عبر البريد الإلكتروني وفق جدول زمني. تغطي كل عملية تشغيل فترة متحركة ولا ترسل نفس التشغيل مرتين أبدًا.,,Pending,,New shared catalog copy; native-speaker review required.
Reports in progress per person,Reports in progress per person,التقارير قيد التنفيذ لكل شخص,,Pending,,New shared catalog copy; native-speaker review required.
Reports mailbox,Reports mailbox,صندوق بريد التقارير,,Pending,,New shared catalog copy; native-speaker review required.
Reports processed at once (server),Reports processed at once (server),عدد التقارير المعالجة دفعة واحدة (الخادم),,Pending,,New shared catalog copy; native-speaker review required.
Reports running in the background,Reports running in the background,التقارير التي تعمل في الخلفية,,Pending,,New shared catalog copy; native-speaker review required.
Reports to,Reports to,يرفع تقاريره إلى,,Pending,,New shared catalog copy; native-speaker review required.
Reports you can pull:,Reports you can pull:,التقارير التي يمكنك سحبها:,,Pending,,New shared catalog copy; native-speaker review required.
Reports you open appear here so you can return to them in one click.,Reports you open appear here so you can return to them in one click.,تظهر التقارير التي تفتحها هنا حتى تتمكن من العودة إليها بنقرة واحدة.,,Pending,,New shared catalog copy; native-speaker review required.
Request,Request,طلب,,Pending,,New shared catalog copy; native-speaker review required.
Request details,Request details,تفاصيل الطلب,,Pending,,New shared catalog copy; native-speaker review required.
Request leave,Request leave,طلب إجازة,,Pending,,New shared catalog copy; native-speaker review required.
Requested,Requested,مطلوب,,Pending,,New shared catalog copy; native-speaker review required.
Requested by,Requested by,طلبه,,Pending,,New shared catalog copy; native-speaker review required.
Requests above these limits are not loaded in the browser. People are offered a background run that is emailed or saved to My reports. Individual reports can set tighter limits.,Requests above these limits are not loaded in the browser. People are offered a background run that is emailed or saved to My reports. Individual reports can set tighter limits.,لا يتم تحميل الطلبات التي تتجاوز هذه الحدود في المتصفح. يُعرض على الأشخاص تشغيل في الخلفية يُرسل بالبريد الإلكتروني أو يُحفظ في تقاريري. يمكن للتقارير الفردية تعيين حدود أكثر صرامة.,,Pending,,New shared catalog copy; native-speaker review required.
"Requests from unknown or unverified senders are dropped without a reply. Results are only ever sent back to the sender, with your role, branches and masking applied.","Requests from unknown or unverified senders are dropped without a reply. Results are only ever sent back to the sender, with your role, branches and masking applied.",تُهمَل الطلبات من مرسلين غير معروفين أو غير مُتحقَّق منهم دون رد. تُرسل النتائج دائمًا إلى المرسل فقط، مع تطبيق دورك وفروعك والإخفاء.,,Pending,,New shared catalog copy; native-speaker review required.
Requests per person per hour,Requests per person per hour,الطلبات لكل شخص في الساعة,,Pending,,New shared catalog copy; native-speaker review required.
Require approval above,Require approval above,يتطلب موافقة فوق,,Pending,,New shared catalog copy; native-speaker review required.
Require sender authentication,Require sender authentication,يتطلب مصادقة المرسل,,Pending,,New shared catalog copy; native-speaker review required.
Reschedule,Reschedule,إعادة الجدولة,,Pending,,New shared catalog copy; native-speaker review required.
Reserve,Reserve,حجز,,Pending,,New shared catalog copy; native-speaker review required.
Reset to report default,Reset to report default,إعادة التعيين إلى الإعداد الافتراضي للتقرير,,Pending,,New shared catalog copy; native-speaker review required.
Resets,Resets,إعادة التعيين,,Pending,,New shared catalog copy; native-speaker review required.
Resolve,Resolve,حل,,Pending,,New shared catalog copy; native-speaker review required.
Result,Result,النتيجة,,Pending,,New shared catalog copy; native-speaker review required.
Result type,Result type,نوع النتيجة,,Pending,,New shared catalog copy; native-speaker review required.
Results & report card,Results & report card,النتائج وبطاقة التقرير,,Pending,,New shared catalog copy; native-speaker review required.
Results appear here when the report has finished. Current status: {status}.,Results appear here when the report has finished. Current status: {status}.,تظهر النتائج هنا عند انتهاء التقرير. الحالة الحالية: {status}.,,Pending,,New shared catalog copy; native-speaker review required.
Results saved,Results saved,تم حفظ النتائج,,Pending,,New shared catalog copy; native-speaker review required.
Retry grade,Retry grade,إعادة محاولة التقييم,,Pending,,New shared catalog copy; native-speaker review required.
Retry upload,Retry upload,إعادة محاولة الرفع,,Pending,,New shared catalog copy; native-speaker review required.
Return,Return,إرجاع,,Pending,,New shared catalog copy; native-speaker review required.
Returned,Returned,مُرجَع,,Pending,,New shared catalog copy; native-speaker review required.
Reveal answer,Reveal answer,إظهار الإجابة,,Pending,,New shared catalog copy; native-speaker review required.
Revenue and collections by month,Revenue and collections by month,الإيرادات والتحصيلات حسب الشهر,,Pending,,New shared catalog copy; native-speaker review required.
Revenue by service line,Revenue by service line,الإيرادات حسب خط الخدمة,,Pending,,New shared catalog copy; native-speaker review required.
Revenue transaction detail,Revenue transaction detail,تفاصيل معاملة الإيرادات,,Pending,,New shared catalog copy; native-speaker review required.
Revoke,Revoke,إلغاء,,Pending,,New shared catalog copy; native-speaker review required.
"Revoke ""{name}""? Tools using it stop working immediately.","Revoke ""{name}""? Tools using it stop working immediately.","إلغاء ""{name}""؟ ستتوقف الأدوات التي تستخدمه عن العمل فورًا.",,Pending,,New shared catalog copy; native-speaker review required.
Revoke key,Revoke key,إلغاء المفتاح,,Pending,,New shared catalog copy; native-speaker review required.
Role,Role,الدور,,Pending,,New shared catalog copy; native-speaker review required.
Role details and permissions,Role details and permissions,تفاصيل الدور والصلاحيات,,Pending,,New shared catalog copy; native-speaker review required.
Role name,Role name,اسم الدور,,Pending,,New shared catalog copy; native-speaker review required.
Role {name} created. Give it report access below.,Role {name} created. Give it report access below.,تم إنشاء الدور {name}. امنحه صلاحية الوصول إلى التقارير أدناه.,,Pending,,New shared catalog copy; native-speaker review required.
Role: {role},Role: {role},الدور: {role},,Pending,,New shared catalog copy; native-speaker review required.
Roles,Roles,الأدوار,,Pending,,New shared catalog copy; native-speaker review required.
Roles and access,Roles and access,الأدوار والوصول,,Pending,,New shared catalog copy; native-speaker review required.
Roles decide which reports and actions are available. Branches limit which rows the user sees in every report.,Roles decide which reports and actions are available. Branches limit which rows the user sees in every report.,تحدد الأدوار التقارير والإجراءات المتاحة. تحدّ الفروع الصفوف التي يراها المستخدم في كل تقرير.,,Pending,,New shared catalog copy; native-speaker review required.
Roll,Roll,الرقم التسلسلي,,Pending,,New shared catalog copy; native-speaker review required.
Room,Room,الغرفة,,Pending,,New shared catalog copy; native-speaker review required.
Roster,Roster,الجدول,,Pending,,New shared catalog copy; native-speaker review required.
Round off totals,Round off totals,تقريب الإجماليات,,Pending,,New shared catalog copy; native-speaker review required.
Row detail,Row detail,تفاصيل الصف,,Pending,,New shared catalog copy; native-speaker review required.
Row-level billed revenue. Long periods run in the background and are delivered as a file.,Row-level billed revenue. Long periods run in the background and are delivered as a file.,الإيرادات المفوترة على مستوى الصف. تُنفَّذ الفترات الطويلة في الخلفية وتُسلَّم كملف.,,Pending,,New shared catalog copy; native-speaker review required.
Rows,Rows,الصفوف,,Pending,,New shared catalog copy; native-speaker review required.
Rows loaded,Rows loaded,الصفوف المحمّلة,,Pending,,New shared catalog copy; native-speaker review required.
Run,Run,تشغيل,,Pending,,New shared catalog copy; native-speaker review required.
"Run a report in the background with email delivery, or try an email request.","Run a report in the background with email delivery, or try an email request.",شغّل تقريرًا في الخلفية مع التسليم عبر البريد الإلكتروني، أو جرّب طلبًا عبر البريد الإلكتروني.,,Pending,,New shared catalog copy; native-speaker review required.
Run by,Run by,تم التشغيل بواسطة,,Pending,,New shared catalog copy; native-speaker review required.
Run details,Run details,تفاصيل التشغيل,,Pending,,New shared catalog copy; native-speaker review required.
"Run finance, clinical and operations reports on screen. Long periods run in the background and arrive by email. Schedules, email requests and exports follow the same access rules.","Run finance, clinical and operations reports on screen. Long periods run in the background and arrive by email. Schedules, email requests and exports follow the same access rules.",شغّل تقارير المالية والسريرية والعمليات على الشاشة. تُنفَّذ الفترات الطويلة في الخلفية وتصل عبر البريد الإلكتروني. تخضع الجداول الزمنية وطلبات البريد الإلكتروني والتصديرات لنفس قواعد الوصول.,,Pending,,New shared catalog copy; native-speaker review required.
Run in background,Run in background,التشغيل في الخلفية,,Pending,,New shared catalog copy; native-speaker review required.
Run in background…,Run in background…,التشغيل في الخلفية...,,Pending,,New shared catalog copy; native-speaker review required.
"Run it in the background: it is processed month by month, saved to My reports, and emailed if you choose.","Run it in the background: it is processed month by month, saved to My reports, and emailed if you choose.","شغّله في الخلفية: تتم معالجته شهرًا بشهر، ويُحفظ في ""تقاريري""، ويُرسَل بالبريد الإلكتروني إذا اخترت ذلك.",,Pending,,New shared catalog copy; native-speaker review required.
Run log,Run log,سجل التشغيل,,Pending,,New shared catalog copy; native-speaker review required.
Run now,Run now,تشغيل الآن,,Pending,,New shared catalog copy; native-speaker review required.
Run on,Run on,تم التشغيل في,,Pending,,New shared catalog copy; native-speaker review required.
Run parameters,Run parameters,معلمات التشغيل,,Pending,,New shared catalog copy; native-speaker review required.
"Run the whole school: people, academics, finance and reporting.","Run the whole school: people, academics, finance and reporting.",أدر المدرسة بأكملها: الأفراد، الأكاديميات، المالية، والتقارير.,,Pending,,New shared catalog copy; native-speaker review required.
Running,Running,قيد التشغيل,,Pending,,New shared catalog copy; native-speaker review required.
Running balance statement for a customer,Running balance statement for a customer,كشف الرصيد الجاري لعميل,,Pending,,New shared catalog copy; native-speaker review required.
Running…,Running…,جارٍ التشغيل...,,Pending,,New shared catalog copy; native-speaker review required.
Runs on record,Runs on record,عمليات التشغيل المسجلة,,Pending,,New shared catalog copy; native-speaker review required.
Salary bank,Salary bank,بنك الراتب,,Pending,,New shared catalog copy; native-speaker review required.
Salary structures,Salary structures,هياكل الرواتب,,Pending,,New shared catalog copy; native-speaker review required.
Sale price,Sale price,سعر البيع,,Pending,,New shared catalog copy; native-speaker review required.
"Sales and purchases, last 12 months","Sales and purchases, last 12 months",المبيعات والمشتريات، آخر 12 شهرًا,,Pending,,New shared catalog copy; native-speaker review required.
Sales invoices,Sales invoices,فواتير المبيعات,,Pending,,New shared catalog copy; native-speaker review required.
Sales orders,Sales orders,أوامر البيع,,Pending,,New shared catalog copy; native-speaker review required.
Sales register,Sales register,سجل المبيعات,,Pending,,New shared catalog copy; native-speaker review required.
"Sales, cash and approvals at a glance","Sales, cash and approvals at a glance",المبيعات والنقد والموافقات في لمحة,,Pending,,New shared catalog copy; native-speaker review required.
Salesperson,Salesperson,مندوب المبيعات,,Pending,,New shared catalog copy; native-speaker review required.
Sample,Sample,عينة,,Pending,,New shared catalog copy; native-speaker review required.
Save access,Save access,حفظ الوصول,,Pending,,New shared catalog copy; native-speaker review required.
Save and add another,Save and add another,حفظ وإضافة آخر,,Pending,,New shared catalog copy; native-speaker review required.
Save and resubmit,Save and resubmit,حفظ وإعادة التسليم,,Pending,,New shared catalog copy; native-speaker review required.
Save current view…,Save current view…,حفظ العرض الحالي...,,Pending,,New shared catalog copy; native-speaker review required.
Save dashboard,Save dashboard,حفظ لوحة المعلومات,,Pending,,New shared catalog copy; native-speaker review required.
Save marks,Save marks,حفظ الدرجات,,Pending,,New shared catalog copy; native-speaker review required.
Save period,Save period,حفظ الفترة,,Pending,,New shared catalog copy; native-speaker review required.
Save register,Save register,حفظ السجل,,Pending,,New shared catalog copy; native-speaker review required.
Save settings,Save settings,حفظ الإعدادات,,Pending,,New shared catalog copy; native-speaker review required.
Save the current search and filters,Save the current search and filters,حفظ البحث الحالي وعوامل التصفية,,Pending,,New shared catalog copy; native-speaker review required.
"Saved access for {name}. It applies on the next request, including schedules and the API.","Saved access for {name}. It applies on the next request, including schedules and the API.",تم حفظ الوصول لـ {name}. سيُطبَّق في الطلب التالي، بما في ذلك الجداول الزمنية وواجهة برمجة التطبيقات.,,Pending,,New shared catalog copy; native-speaker review required.
Saved to your account by the host application,Saved to your account by the host application,تم الحفظ في حسابك بواسطة التطبيق المضيف,,Pending,,New shared catalog copy; native-speaker review required.
Scenario,Scenario,السيناريو,,Pending,,New shared catalog copy; native-speaker review required.
Scenario target,Scenario target,هدف السيناريو,,Pending,,New shared catalog copy; native-speaker review required.
Schedule a live session,Schedule a live session,جدولة جلسة مباشرة,,Pending,,New shared catalog copy; native-speaker review required.
Schedule exam paper,Schedule exam paper,جدولة ورقة الامتحان,,Pending,,New shared catalog copy; native-speaker review required.
Schedule paper,Schedule paper,جدولة الورقة,,Pending,,New shared catalog copy; native-speaker review required.
Schedule this report,Schedule this report,جدولة هذا التقرير,,Pending,,New shared catalog copy; native-speaker review required.
"Schedule, {value0}","Schedule, {value0}",الجدول، {value0},,Pending,,New shared catalog copy; native-speaker review required.
Scheduled,Scheduled,مجدول,,Pending,,New shared catalog copy; native-speaker review required.
Scheduled runs are not counted.,Scheduled runs are not counted.,لا يتم احتساب عمليات التشغيل المجدولة.,,Pending,,New shared catalog copy; native-speaker review required.
Schedules,Schedules,الجداول الزمنية,,Pending,,New shared catalog copy; native-speaker review required.
School,School,المدرسة,,Pending,,New shared catalog copy; native-speaker review required.
School Accountant,School Accountant,محاسب المدرسة,,Pending,,New shared catalog copy; native-speaker review required.
School Admin,School Admin,مسؤول المدرسة,,Pending,,New shared catalog copy; native-speaker review required.
School Librarian,School Librarian,أمين مكتبة المدرسة,,Pending,,New shared catalog copy; native-speaker review required.
School Parent,School Parent,ولي أمر الطالب,,Pending,,New shared catalog copy; native-speaker review required.
School Student,School Student,طالب المدرسة,,Pending,,New shared catalog copy; native-speaker review required.
School Teacher,School Teacher,معلم المدرسة,,Pending,,New shared catalog copy; native-speaker review required.
School calendar,School calendar,التقويم المدرسي,,Pending,,New shared catalog copy; native-speaker review required.
School-wide attendance,School-wide attendance,الحضور على مستوى المدرسة,,Pending,,New shared catalog copy; native-speaker review required.
Scored {value0}/{value1} · class avg {value2},Scored {value0}/{value1} · class avg {value2},الدرجة {value0}/{value1} · متوسط الفصل {value2},,Pending,,New shared catalog copy; native-speaker review required.
"Search applicant, parent, app no.","Search applicant, parent, app no.",ابحث عن المتقدم، ولي الأمر، رقم الطلب,,Pending,,New shared catalog copy; native-speaker review required.
"Search by name, topic or tag, for example: denial, occupancy, ledger","Search by name, topic or tag, for example: denial, occupancy, ledger",ابحث بالاسم أو الموضوع أو الوسم، على سبيل المثال: الرفض، الإشغال، دفتر الأستاذ,,Pending,,New shared catalog copy; native-speaker review required.
"Search by person, reference or department","Search by person, reference or department",ابحث بالشخص أو المرجع أو القسم,,Pending,,New shared catalog copy; native-speaker review required.
Search conversations,Search conversations,البحث في المحادثات,,Pending,,New shared catalog copy; native-speaker review required.
Search notices,Search notices,البحث في الإشعارات,,Pending,,New shared catalog copy; native-speaker review required.
Search reports,Search reports,البحث في التقارير,,Pending,,New shared catalog copy; native-speaker review required.
Search requests,Search requests,البحث في الطلبات,,Pending,,New shared catalog copy; native-speaker review required.
Search table,Search table,البحث في الجدول,,Pending,,New shared catalog copy; native-speaker review required.
Search the tree,Search the tree,البحث في الشجرة,,Pending,,New shared catalog copy; native-speaker review required.
Search {field},Search {field},بحث في {field},,Pending,,New shared catalog copy; native-speaker review required.
Search {value0},Search {value0},بحث عن {value0},,Pending,,New shared catalog copy; native-speaker review required.
Second language,Second language,اللغة الثانية,,Pending,,New shared catalog copy; native-speaker review required.
Security,Security,الأمان,,Pending,,New shared catalog copy; native-speaker review required.
See sensitive columns unmasked,See sensitive columns unmasked,عرض الأعمدة الحساسة دون إخفاء,,Pending,,New shared catalog copy; native-speaker review required.
Select a conversation,Select a conversation,اختر محادثة,,Pending,,New shared catalog copy; native-speaker review required.
Select a notice,Select a notice,اختر إشعارًا,,Pending,,New shared catalog copy; native-speaker review required.
Select an item in the tree,Select an item in the tree,اختر عنصرًا في الشجرة,,Pending,,New shared catalog copy; native-speaker review required.
Select grade,Select grade,اختر الصف,,Pending,,New shared catalog copy; native-speaker review required.
Select section,Select section,اختر الشعبة,,Pending,,New shared catalog copy; native-speaker review required.
Selected files,Selected files,الملفات المحددة,,Pending,,New shared catalog copy; native-speaker review required.
Selected on this screen only — not uploaded or saved.,Selected on this screen only — not uploaded or saved.,محدد في هذه الشاشة فقط — لم يتم رفعه أو حفظه.,,Pending,,New shared catalog copy; native-speaker review required.
Selected roles,Selected roles,الأدوار المحددة,,Pending,,New shared catalog copy; native-speaker review required.
Self study,Self study,الدراسة الذاتية,,Pending,,New shared catalog copy; native-speaker review required.
Send an email to,Send an email to,إرسال بريد إلكتروني إلى,,Pending,,New shared catalog copy; native-speaker review required.
Send test email,Send test email,إرسال بريد إلكتروني تجريبي,,Pending,,New shared catalog copy; native-speaker review required.
"Sender passes SPF, DKIM and DMARC","Sender passes SPF, DKIM and DMARC",يجتاز المرسل فحوصات SPF وDKIM وDMARC,,Pending,,New shared catalog copy; native-speaker review required.
Sensitive columns,Sensitive columns,الأعمدة الحساسة,,Pending,,New shared catalog copy; native-speaker review required.
Sensitive columns are masked for your role: {columns}.,Sensitive columns are masked for your role: {columns}.,الأعمدة الحساسة مخفية لدورك: {columns}.,,Pending,,New shared catalog copy; native-speaker review required.
Sent,Sent,تم الإرسال,,Pending,,New shared catalog copy; native-speaker review required.
Sent to the class teacher for approval,Sent to the class teacher for approval,تم الإرسال إلى معلم الفصل للموافقة,,Pending,,New shared catalog copy; native-speaker review required.
Separate addresses with commas. Only registered users and approved domains are allowed. Large or sensitive files are sent as a secure link.,Separate addresses with commas. Only registered users and approved domains are allowed. Large or sensitive files are sent as a secure link.,افصل العناوين بفواصل. يُسمح فقط للمستخدمين المسجلين والنطاقات المعتمدة. تُرسَل الملفات الكبيرة أو الحساسة كرابط آمن.,,Pending,,New shared catalog copy; native-speaker review required.
Service line,Service line,خط الخدمة,,Pending,,New shared catalog copy; native-speaker review required.
Service line growth,Service line growth,نمو خط الخدمة,,Pending,,New shared catalog copy; native-speaker review required.
"Set a search or filter, then save it here","Set a search or filter, then save it here",حدد بحثًا أو عامل تصفية، ثم احفظه هنا,,Pending,,New shared catalog copy; native-speaker review required.
Set by the school calendar,Set by the school calendar,يُحدَّد بواسطة التقويم المدرسي,,Pending,,New shared catalog copy; native-speaker review required.
Settings and rules,Settings and rules,الإعدادات والقواعد,,Pending,,New shared catalog copy; native-speaker review required.
Settings sections,Settings sections,أقسام الإعدادات,,Pending,,New shared catalog copy; native-speaker review required.
Setup,Setup,الإعداد,,Pending,,New shared catalog copy; native-speaker review required.
"Several reports on one page, sharing one period. Each widget respects the viewer's own report access.","Several reports on one page, sharing one period. Each widget respects the viewer's own report access.",عدة تقارير في صفحة واحدة، تشترك في فترة واحدة. يحترم كل عنصر واجهة صلاحيات وصول المشاهد الخاصة إلى التقارير.,,Pending,,New shared catalog copy; native-speaker review required.
Share,Share,مشاركة,,Pending,,New shared catalog copy; native-speaker review required.
Share custom reports with roles,Share custom reports with roles,مشاركة التقارير المخصصة مع الأدوار,,Pending,,New shared catalog copy; native-speaker review required.
Share of net revenue by payer type.,Share of net revenue by payer type.,حصة صافي الإيرادات حسب نوع الجهة الدافعة.,,Pending,,New shared catalog copy; native-speaker review required.
Share of students present,Share of students present,نسبة الطلاب الحاضرين,,Pending,,New shared catalog copy; native-speaker review required.
Share screen,Share screen,مشاركة الشاشة,,Pending,,New shared catalog copy; native-speaker review required.
Shared with,Shared with,تمت المشاركة مع,,Pending,,New shared catalog copy; native-speaker review required.
Shelf,Shelf,الرف,,Pending,,New shared catalog copy; native-speaker review required.
Shift,Shift,الوردية,,Pending,,New shared catalog copy; native-speaker review required.
Shift master,Shift master,رئيسي الورديات,,Pending,,New shared catalog copy; native-speaker review required.
Ship to,Ship to,الشحن إلى,,Pending,,New shared catalog copy; native-speaker review required.
Short bio,Short bio,نبذة مختصرة,,Pending,,New shared catalog copy; native-speaker review required.
Shorter months run on their last day.,Shorter months run on their last day.,تعمل الأشهر الأقصر في يومها الأخير.,,Pending,,New shared catalog copy; native-speaker review required.
Show all dates,Show all dates,عرض جميع التواريخ,,Pending,,New shared catalog copy; native-speaker review required.
Show answers after submit,Show answers after submit,عرض الإجابات بعد الإرسال,,Pending,,New shared catalog copy; native-speaker review required.
Show as,Show as,عرض كـ,,Pending,,New shared catalog copy; native-speaker review required.
Show columns,Show columns,عرض الأعمدة,,Pending,,New shared catalog copy; native-speaker review required.
Show everyone's reports,Show everyone's reports,عرض تقارير الجميع,,Pending,,New shared catalog copy; native-speaker review required.
Show terms,Show terms,عرض الفصول الدراسية,,Pending,,New shared catalog copy; native-speaker review required.
Shown,Shown,معروض,,Pending,,New shared catalog copy; native-speaker review required.
"Shown on invoices, letters and the login page.","Shown on invoices, letters and the login page.",يظهر في الفواتير والخطابات وصفحة تسجيل الدخول.,,Pending,,New shared catalog copy; native-speaker review required.
Shown on the teacher profile visible to parents,Shown on the teacher profile visible to parents,يظهر في ملف المعلم الشخصي المرئي لأولياء الأمور,,Pending,,New shared catalog copy; native-speaker review required.
"Shown, in order","Shown, in order",معروض، بالترتيب,,Pending,,New shared catalog copy; native-speaker review required.
Shuffle question order,Shuffle question order,خلط ترتيب الأسئلة,,Pending,,New shared catalog copy; native-speaker review required.
Sibling discount of,Sibling discount of,خصم الأشقاء بنسبة,,Pending,,New shared catalog copy; native-speaker review required.
Sign-in is handled by this application. Reports uses the account you are already signed in with.,Sign-in is handled by this application. Reports uses the account you are already signed in with.,يتم التعامل مع تسجيل الدخول بواسطة هذا التطبيق. تستخدم التقارير الحساب الذي سجّلت الدخول به بالفعل.,,Pending,,New shared catalog copy; native-speaker review required.
Simulates an incoming email and runs the real processing. Replies appear in the email outbox.,Simulates an incoming email and runs the real processing. Replies appear in the email outbox.,يحاكي بريدًا إلكترونيًا واردًا وينفّذ المعالجة الفعلية. تظهر الردود في صندوق البريد الصادر.,,Pending,,New shared catalog copy; native-speaker review required.
Size,Size,الحجم,,Pending,,New shared catalog copy; native-speaker review required.
Small,Small,صغير,,Pending,,New shared catalog copy; native-speaker review required.
Small office expenses paid in cash,Small office expenses paid in cash,مصروفات مكتبية صغيرة مدفوعة نقدًا,,Pending,,New shared catalog copy; native-speaker review required.
Smallest first,Smallest first,الأصغر أولاً,,Pending,,New shared catalog copy; native-speaker review required.
Some marks are out of range,Some marks are out of range,بعض الدرجات خارج النطاق,,Pending,,New shared catalog copy; native-speaker review required.
Sort by,Sort by,ترتيب حسب,,Pending,,New shared catalog copy; native-speaker review required.
Specialisation,Specialisation,التخصص,,Pending,,New shared catalog copy; native-speaker review required.
Speciality,Speciality,التخصص,,Pending,,New shared catalog copy; native-speaker review required.
Staff record preview,Staff record preview,معاينة سجل الموظف,,Pending,,New shared catalog copy; native-speaker review required.
Stage,Stage,المرحلة,,Pending,,New shared catalog copy; native-speaker review required.
Standard reports,Standard reports,التقارير القياسية,,Pending,,New shared catalog copy; native-speaker review required.
Star a report in the library to pin it here.,Star a report in the library to pin it here.,ضع نجمة على تقرير في المكتبة لتثبيته هنا.,,Pending,,New shared catalog copy; native-speaker review required.
Start,Start,بدء,,Pending,,New shared catalog copy; native-speaker review required.
Start a live class,Start a live class,بدء فصل مباشر,,Pending,,New shared catalog copy; native-speaker review required.
"Start from a dataset such as revenue, claims or admissions. You can preview results before saving.","Start from a dataset such as revenue, claims or admissions. You can preview results before saving.",ابدأ من مجموعة بيانات مثل الإيرادات أو المطالبات أو القبول. يمكنك معاينة النتائج قبل الحفظ.,,Pending,,New shared catalog copy; native-speaker review required.
Start instant class,Start instant class,بدء فصل فوري,,Pending,,New shared catalog copy; native-speaker review required.
Start new run,Start new run,بدء تشغيل جديد,,Pending,,New shared catalog copy; native-speaker review required.
Start now,Start now,ابدأ الآن,,Pending,,New shared catalog copy; native-speaker review required.
Start preview,Start preview,بدء المعاينة,,Pending,,New shared catalog copy; native-speaker review required.
Start quiz,Start quiz,بدء الاختبار القصير,,Pending,,New shared catalog copy; native-speaker review required.
Start reviewing,Start reviewing,بدء المراجعة,,Pending,,New shared catalog copy; native-speaker review required.
Start run,Start run,بدء التشغيل,,Pending,,New shared catalog copy; native-speaker review required.
Start session,Start session,بدء الجلسة,,Pending,,New shared catalog copy; native-speaker review required.
Start time,Start time,وقت البدء,,Pending,,New shared catalog copy; native-speaker review required.
Starts,Starts,يبدأ,,Pending,,New shared catalog copy; native-speaker review required.
State / province,State / province,الولاية / المقاطعة,,Pending,,New shared catalog copy; native-speaker review required.
State master,State master,رئيسي الولايات,,Pending,,New shared catalog copy; native-speaker review required.
"States and provinces, grouped by country","States and provinces, grouped by country",الولايات والمقاطعات، مجمّعة حسب البلد,,Pending,,New shared catalog copy; native-speaker review required.
Status changed to {value0},Status changed to {value0},تم تغيير الحالة إلى {value0},,Pending,,New shared catalog copy; native-speaker review required.
Steps,Steps,الخطوات,,Pending,,New shared catalog copy; native-speaker review required.
Stock by category,Stock by category,المخزون حسب الفئة,,Pending,,New shared catalog copy; native-speaker review required.
Stock health alerts.,Stock health alerts.,تنبيهات سلامة المخزون.,,Pending,,New shared catalog copy; native-speaker review required.
Stock position,Stock position,وضع المخزون,,Pending,,New shared catalog copy; native-speaker review required.
Stock summary,Stock summary,ملخص المخزون,,Pending,,New shared catalog copy; native-speaker review required.
Stock value,Stock value,قيمة المخزون,,Pending,,New shared catalog copy; native-speaker review required.
Stop rec,Stop rec,إيقاف التسجيل,,Pending,,New shared catalog copy; native-speaker review required.
Stop sharing,Stop sharing,إيقاف المشاركة,,Pending,,New shared catalog copy; native-speaker review required.
Store,Store,المستودع,,Pending,,New shared catalog copy; native-speaker review required.
Stream,Stream,المسار,,Pending,,New shared catalog copy; native-speaker review required.
Street,Street,الشارع,,Pending,,New shared catalog copy; native-speaker review required.
Street address,Street address,عنوان الشارع,,Pending,,New shared catalog copy; native-speaker review required.
Stroke {value0},Stroke {value0},السكتة {value0},,Pending,,New shared catalog copy; native-speaker review required.
Structure,Structure,الهيكل,,Pending,,New shared catalog copy; native-speaker review required.
Student,Student,الطالب,,Pending,,New shared catalog copy; native-speaker review required.
Student email,Student email,البريد الإلكتروني للطالب,,Pending,,New shared catalog copy; native-speaker review required.
Student master,Student master,رئيسي الطلاب,,Pending,,New shared catalog copy; native-speaker review required.
Student phone,Student phone,هاتف الطالب,,Pending,,New shared catalog copy; native-speaker review required.
Student register,Student register,سجل الطلاب,,Pending,,New shared catalog copy; native-speaker review required.
Student registration,Student registration,تسجيل الطالب,,Pending,,New shared catalog copy; native-speaker review required.
Students,Students,الطلاب,,Pending,,New shared catalog copy; native-speaker review required.
Students and parents see it on their date sheet immediately,Students and parents see it on their date sheet immediately,يراه الطلاب وأولياء الأمور على جدول المواعيد فورًا,,Pending,,New shared catalog copy; native-speaker review required.
Students are notified when it is published,Students are notified when it is published,يُخطَر الطلاب عند نشره,,Pending,,New shared catalog copy; native-speaker review required.
Students per grade,Students per grade,الطلاب لكل صف,,Pending,,New shared catalog copy; native-speaker review required.
"Students, guardians, fees and attendance","Students, guardians, fees and attendance",الطلاب وأولياء الأمور والرسوم والحضور,,Pending,,New shared catalog copy; native-speaker review required.
Subject,Subject,المادة,,Pending,,New shared catalog copy; native-speaker review required.
Subject name,Subject name,اسم المادة,,Pending,,New shared catalog copy; native-speaker review required.
Subjects,Subjects,المواد,,Pending,,New shared catalog copy; native-speaker review required.
Subjects & teachers,Subjects & teachers,المواد والمعلمون,,Pending,,New shared catalog copy; native-speaker review required.
Subjects offered,Subjects offered,المواد المتاحة,,Pending,,New shared catalog copy; native-speaker review required.
Subjects qualified to teach,Subjects qualified to teach,المواد المؤهل لتدريسها,,Pending,,New shared catalog copy; native-speaker review required.
Submission rate,Submission rate,معدل التقديم,,Pending,,New shared catalog copy; native-speaker review required.
Submit,Submit,إرسال,,Pending,,New shared catalog copy; native-speaker review required.
Submit now,Submit now,إرسال الآن,,Pending,,New shared catalog copy; native-speaker review required.
Submit quiz?,Submit quiz?,إرسال الاختبار؟,,Pending,,New shared catalog copy; native-speaker review required.
Submit request,Submit request,إرسال الطلب,,Pending,,New shared catalog copy; native-speaker review required.
Submit: {value0},Submit: {value0},تسليم: {value0},,Pending,,New shared catalog copy; native-speaker review required.
Submitted,Submitted,تم الإرسال,,Pending,,New shared catalog copy; native-speaker review required.
Submitted {value0},Submitted {value0},تم التسليم {value0},,Pending,,New shared catalog copy; native-speaker review required.
"Submitted, approved and denied claims with denial rate and value.","Submitted, approved and denied claims with denial rate and value.",المطالبات المُرسَلة والمعتمدة والمرفوضة مع معدل الرفض والقيمة.,,Pending,,New shared catalog copy; native-speaker review required.
Submitting your answers…,Submitting your answers…,جارٍ إرسال إجاباتك…,,Pending,,New shared catalog copy; native-speaker review required.
Summary: grouped totals,Summary: grouped totals,الملخص: الإجماليات المجمّعة,,Pending,,New shared catalog copy; native-speaker review required.
Superset and Metabase: load the JSON endpoint into your warehouse on a schedule and model it there.,Superset and Metabase: load the JSON endpoint into your warehouse on a schedule and model it there.,Superset وMetabase: حمّل نقطة نهاية JSON إلى مستودع بياناتك وفق جدول زمني وقم بنمذجتها هناك.,,Pending,,New shared catalog copy; native-speaker review required.
Supplier master,Supplier master,رئيسي الموردين,,Pending,,New shared catalog copy; native-speaker review required.
Support tickets,Support tickets,تذاكر الدعم,,Pending,,New shared catalog copy; native-speaker review required.
Symbol,Symbol,الرمز,,Pending,,New shared catalog copy; native-speaker review required.
"Synthetic, deterministic data for ten years across four branches. Not real business data.","Synthetic, deterministic data for ten years across four branches. Not real business data.",بيانات اصطناعية وحتمية لمدة عشر سنوات عبر أربعة فروع. ليست بيانات أعمال حقيقية.,,Pending,,New shared catalog copy; native-speaker review required.
"Tableau, Power BI, Superset, Qlik and Excel can read report data over HTTPS.","Tableau, Power BI, Superset, Qlik and Excel can read report data over HTTPS.",يمكن لـ Tableau وPower BI وSuperset وQlik وExcel قراءة بيانات التقارير عبر HTTPS.,,Pending,,New shared catalog copy; native-speaker review required.
Tableau: use the Web Data Connector or a scheduled extract script that saves the CSV URL.,Tableau: use the Web Data Connector or a scheduled extract script that saves the CSV URL.,Tableau: استخدم موصل بيانات الويب أو نصًا برمجيًا مجدولاً لاستخراج البيانات يحفظ رابط CSV.,,Pending,,New shared catalog copy; native-speaker review required.
Take attendance,Take attendance,تسجيل الحضور,,Pending,,New shared catalog copy; native-speaker review required.
Target,Target,الهدف,,Pending,,New shared catalog copy; native-speaker review required.
Target and actual net revenue by service line with variance.,Target and actual net revenue by service line with variance.,صافي الإيرادات المستهدف والفعلي حسب خط الخدمة مع التباين.,,Pending,,New shared catalog copy; native-speaker review required.
Target margin,Target margin,الهامش المستهدف,,Pending,,New shared catalog copy; native-speaker review required.
Tax ID,Tax ID,الرقم الضريبي,,Pending,,New shared catalog copy; native-speaker review required.
Tax codes with effective dates,Tax codes with effective dates,رموز الضريبة مع تواريخ السريان,,Pending,,New shared catalog copy; native-speaker review required.
Tax invoice,Tax invoice,فاتورة ضريبية,,Pending,,New shared catalog copy; native-speaker review required.
Tax rates,Tax rates,معدلات الضريبة,,Pending,,New shared catalog copy; native-speaker review required.
Tax reg.,Tax reg.,رقم التسجيل الضريبي,,Pending,,New shared catalog copy; native-speaker review required.
Tax region code,Tax region code,رمز المنطقة الضريبية,,Pending,,New shared catalog copy; native-speaker review required.
Tax registration no.,Tax registration no.,رقم التسجيل الضريبي,,Pending,,New shared catalog copy; native-speaker review required.
"Teach live, set work, take attendance and enter marks.","Teach live, set work, take attendance and enter marks.",قم بالتدريس مباشرة، وتعيين الواجبات، وتسجيل الحضور، وإدخال الدرجات.,,Pending,,New shared catalog copy; native-speaker review required.
Teacher,Teacher,المعلم,,Pending,,New shared catalog copy; native-speaker review required.
Teacher registration,Teacher registration,تسجيل المعلم,,Pending,,New shared catalog copy; native-speaker review required.
Teacher workload,Teacher workload,عبء عمل المعلم,,Pending,,New shared catalog copy; native-speaker review required.
Teachers,Teachers,المعلمون,,Pending,,New shared catalog copy; native-speaker review required.
Teaching,Teaching,التدريس,,Pending,,New shared catalog copy; native-speaker review required.
Teaching staff,Teaching staff,هيئة التدريس,,Pending,,New shared catalog copy; native-speaker review required.
Technician,Technician,الفني,,Pending,,New shared catalog copy; native-speaker review required.
Tell approvers when something needs them.,Tell approvers when something needs them.,أخبر الموافقين عندما يحتاج شيء ما إليهم.,,Pending,,New shared catalog copy; native-speaker review required.
Term,Term,الفصل الدراسي,,Pending,,New shared catalog copy; native-speaker review required.
Term 1,Term 1,الفصل الدراسي 1,,Pending,,New shared catalog copy; native-speaker review required.
Term 2,Term 2,الفصل الدراسي 2,,Pending,,New shared catalog copy; native-speaker review required.
Term scores by subject,Term scores by subject,درجات الفصل الدراسي حسب المادة,,Pending,,New shared catalog copy; native-speaker review required.
Terms,Terms,الفصول الدراسية,,Pending,,New shared catalog copy; native-speaker review required.
Test,Test,اختبار,,Pending,,New shared catalog copy; native-speaker review required.
Test group,Test group,مجموعة الفحوصات,,Pending,,New shared catalog copy; native-speaker review required.
"Tests, samples, turnaround and pricing","Tests, samples, turnaround and pricing",الاختبارات والعينات ومدة الإنجاز والتسعير,,Pending,,New shared catalog copy; native-speaker review required.
Text,Text,نص,,Pending,,New shared catalog copy; native-speaker review required.
Text to place on the board,Text to place on the board,النص المراد وضعه على اللوحة,,Pending,,New shared catalog copy; native-speaker review required.
Thank you!,Thank you!,شكرًا لك!,,Pending,,New shared catalog copy; native-speaker review required.
That page needs a permission your role does not have.,That page needs a permission your role does not have.,تتطلب هذه الصفحة صلاحية لا يمتلكها دورك.,,Pending,,New shared catalog copy; native-speaker review required.
The end date is before the start date,The end date is before the start date,تاريخ الانتهاء قبل تاريخ البدء,,Pending,,New shared catalog copy; native-speaker review required.
The file is emailed when it is ready.,The file is emailed when it is ready.,يُرسَل الملف بالبريد الإلكتروني عند جاهزيته.,,Pending,,New shared catalog copy; native-speaker review required.
"The link may be old, or the item may have been deleted or not shared with your role.","The link may be old, or the item may have been deleted or not shared with your role.",قد يكون الرابط قديمًا، أو ربما تم حذف العنصر أو لم تتم مشاركته مع دورك.,,Pending,,New shared catalog copy; native-speaker review required.
The report total for the period.,The report total for the period.,إجمالي التقرير للفترة.,,Pending,,New shared catalog copy; native-speaker review required.
The run log appears here once you start.,The run log appears here once you start.,يظهر سجل التشغيل هنا بمجرد البدء.,,Pending,,New shared catalog copy; native-speaker review required.
"The same rules apply on screen, in exports, schedules, email requests and the API.","The same rules apply on screen, in exports, schedules, email requests and the API.",تُطبَّق نفس القواعد على الشاشة، وفي التصديرات، والجداول الزمنية، وطلبات البريد الإلكتروني، وواجهة برمجة التطبيقات.,,Pending,,New shared catalog copy; native-speaker review required.
The timer starts when you press Start and the quiz submits automatically when it reaches zero.,The timer starts when you press Start and the quiz submits automatically when it reaches zero.,"يبدأ المؤقت عند الضغط على ""بدء"" ويُرسَل الاختبار تلقائيًا عند وصوله إلى الصفر.",,Pending,,New shared catalog copy; native-speaker review required.
The {value0} portal doesn't include this page. Go back to your dashboard.,The {value0} portal doesn't include this page. Go back to your dashboard.,بوابة {value0} لا تحتوي على هذه الصفحة. عد إلى لوحة التحكم الخاصة بك.,,Pending,,New shared catalog copy; native-speaker review required.
"These reports set their own on-screen limits, usually because they return one row per record.","These reports set their own on-screen limits, usually because they return one row per record.",تحدد هذه التقارير حدودها الخاصة على الشاشة، عادةً لأنها تُرجع صفًا واحدًا لكل سجل.,,Pending,,New shared catalog copy; native-speaker review required.
This area isn't part of your portal,This area isn't part of your portal,هذا القسم ليس جزءًا من بوابتك,,Pending,,New shared catalog copy; native-speaker review required.
This device · {value0},This device · {value0},هذا الجهاز · {value0},,Pending,,New shared catalog copy; native-speaker review required.
This is a computer-generated invoice.,This is a computer-generated invoice.,هذه فاتورة تم إنشاؤها بواسطة الكمبيوتر.,,Pending,,New shared catalog copy; native-speaker review required.
This page could not load,This page could not load,تعذّر تحميل هذه الصفحة,,Pending,,New shared catalog copy; native-speaker review required.
This page does not exist,This page does not exist,هذه الصفحة غير موجودة,,Pending,,New shared catalog copy; native-speaker review required.
This page does not exist or you cannot open it,This page does not exist or you cannot open it,هذه الصفحة غير موجودة أو لا يمكنك فتحها,,Pending,,New shared catalog copy; native-speaker review required.
This quiz has no questions,This quiz has no questions,هذا الاختبار لا يحتوي على أسئلة,,Pending,,New shared catalog copy; native-speaker review required.
This record page does not exist,This record page does not exist,صفحة السجل هذه غير موجودة,,Pending,,New shared catalog copy; native-speaker review required.
This removes the selected records from the list. Linked documents keep their copy of the data.,This removes the selected records from the list. Linked documents keep their copy of the data.,يؤدي هذا إلى إزالة السجلات المحددة من القائمة. تحتفظ المستندات المرتبطة بنسختها من البيانات.,,Pending,,New shared catalog copy; native-speaker review required.
This report has no chart. Show it as a table instead.,This report has no chart. Show it as a table instead.,هذا التقرير لا يحتوي على رسم بياني. اعرضه كجدول بدلاً من ذلك.,,Pending,,New shared catalog copy; native-speaker review required.
This request is too large to show on screen,This request is too large to show on screen,هذا الطلب كبير جدًا بحيث لا يمكن عرضه على الشاشة,,Pending,,New shared catalog copy; native-speaker review required.
This school page does not exist.,This school page does not exist.,صفحة المدرسة هذه غير موجودة.,,Pending,,New shared catalog copy; native-speaker review required.
This session has ended.,This session has ended.,انتهت هذه الجلسة.,,Pending,,New shared catalog copy; native-speaker review required.
Thousands,Thousands,بالآلاف,,Pending,,New shared catalog copy; native-speaker review required.
Tick the actions this role may take on each report. Removing View removes everything else. Branch limits are set per user.,Tick the actions this role may take on each report. Removing View removes everything else. Branch limits are set per user.,"حدد الإجراءات التي يمكن لهذا الدور اتخاذها على كل تقرير. إزالة ""عرض"" تزيل كل شيء آخر. يتم تعيين حدود الفروع لكل مستخدم.",,Pending,,New shared catalog copy; native-speaker review required.
Time limit,Time limit,الحد الزمني,,Pending,,New shared catalog copy; native-speaker review required.
Time taken,Time taken,الوقت المستغرق,,Pending,,New shared catalog copy; native-speaker review required.
Times shown in {zone},Times shown in {zone},الأوقات معروضة بتوقيت {zone},,Pending,,New shared catalog copy; native-speaker review required.
Timesheets,Timesheets,سجلات الدوام,,Pending,,New shared catalog copy; native-speaker review required.
Timetable,Timetable,الجدول الزمني,,Pending,,New shared catalog copy; native-speaker review required.
Tip: press Ctrl + S to save.,Tip: press Ctrl + S to save.,نصيحة: اضغط Ctrl + S للحفظ.,,Pending,,New shared catalog copy; native-speaker review required.
Title,Title,العنوان,,Pending,,New shared catalog copy; native-speaker review required.
Title (optional),Title (optional),العنوان (اختياري),,Pending,,New shared catalog copy; native-speaker review required.
"Title, author or ISBN","Title, author or ISBN",العنوان أو المؤلف أو الرقم الدولي المعياري للكتاب,,Pending,,New shared catalog copy; native-speaker review required.
Titles,Titles,العناوين,,Pending,,New shared catalog copy; native-speaker review required.
To,To,إلى,,Pending,,New shared catalog copy; native-speaker review required.
To do,To do,للقيام به,,Pending,,New shared catalog copy; native-speaker review required.
To grade,To grade,للتصحيح,,Pending,,New shared catalog copy; native-speaker review required.
To {to},To {to},إلى {to},,Pending,,New shared catalog copy; native-speaker review required.
Today,Today,اليوم,,Pending,,New shared catalog copy; native-speaker review required.
Today is not in this period,Today is not in this period,اليوم ليس ضمن هذه الفترة,,Pending,,New shared catalog copy; native-speaker review required.
Toggle camera,Toggle camera,تبديل الكاميرا,,Pending,,New shared catalog copy; native-speaker review required.
Toggle grid,Toggle grid,تبديل الشبكة,,Pending,,New shared catalog copy; native-speaker review required.
Toggle microphone,Toggle microphone,تبديل الميكروفون,,Pending,,New shared catalog copy; native-speaker review required.
Top,Top,أعلى,,Pending,,New shared catalog copy; native-speaker review required.
Top performing classes,Top performing classes,الفصول الأعلى أداءً,,Pending,,New shared catalog copy; native-speaker review required.
Total credit,Total credit,إجمالي الدائن,,Pending,,New shared catalog copy; native-speaker review required.
Total debit,Total debit,إجمالي المدين,,Pending,,New shared catalog copy; native-speaker review required.
Total due,Total due,إجمالي المستحق,,Pending,,New shared catalog copy; native-speaker review required.
Total fee,Total fee,إجمالي الرسوم,,Pending,,New shared catalog copy; native-speaker review required.
Total {field},Total {field},إجمالي {field},,Pending,,New shared catalog copy; native-speaker review required.
Total · % · Rank,Total · % · Rank,الإجمالي · % · الترتيب,,Pending,,New shared catalog copy; native-speaker review required.
Transaction or cheque number,Transaction or cheque number,رقم المعاملة أو الشيك,,Pending,,New shared catalog copy; native-speaker review required.
Transfer to,Transfer to,تحويل إلى,,Pending,,New shared catalog copy; native-speaker review required.
Transport,Transport,النقل,,Pending,,New shared catalog copy; native-speaker review required.
Trial balance,Trial balance,ميزان المراجعة,,Pending,,New shared catalog copy; native-speaker review required.
"Try a different word, or choose All reports. Reports your role cannot open are not listed.","Try a different word, or choose All reports. Reports your role cannot open are not listed.",جرّب كلمة مختلفة، أو اختر جميع التقارير. لا يتم إدراج التقارير التي لا يمكن لدورك فتحها.,,Pending,,New shared catalog copy; native-speaker review required.
Try it here,Try it here,جربه هنا,,Pending,,New shared catalog copy; native-speaker review required.
Turn in,Turn in,تسليم,,Pending,,New shared catalog copy; native-speaker review required.
Turn off to see how a spoofed email is rejected.,Turn off to see how a spoofed email is rejected.,أوقف التشغيل لترى كيف يتم رفض البريد الإلكتروني المزوّر.,,Pending,,New shared catalog copy; native-speaker review required.
Turnaround (hrs),Turnaround (hrs),وقت الإنجاز (ساعات),,Pending,,New shared catalog copy; native-speaker review required.
Two-step verification,Two-step verification,التحقق بخطوتين,,Pending,,New shared catalog copy; native-speaker review required.
Type a name or ID (2+ characters),Type a name or ID (2+ characters),اكتب اسمًا أو معرّفًا (حرفان أو أكثر),,Pending,,New shared catalog copy; native-speaker review required.
"Type a report name, category or page","Type a report name, category or page",اكتب اسم تقرير أو فئة أو صفحة,,Pending,,New shared catalog copy; native-speaker review required.
Type or pick {value0},Type or pick {value0},اكتب أو اختر {value0},,Pending,,New shared catalog copy; native-speaker review required.
Type the question…,Type the question…,اكتب السؤال…,,Pending,,New shared catalog copy; native-speaker review required.
"Type, Enter to place","Type, Enter to place",اكتب، ثم اضغط Enter للوضع,,Pending,,New shared catalog copy; native-speaker review required.
Under {value0},Under {value0},ضمن {value0},,Pending,,New shared catalog copy; native-speaker review required.
Undo,Undo,تراجع,,Pending,,New shared catalog copy; native-speaker review required.
Unit,Unit,الوحدة,,Pending,,New shared catalog copy; native-speaker review required.
Unit of measure,Unit of measure,وحدة القياس,,Pending,,New shared catalog copy; native-speaker review required.
"Units used on items, orders and stock","Units used on items, orders and stock",الوحدات المستخدمة في الأصناف والطلبات والمخزون,,Pending,,New shared catalog copy; native-speaker review required.
Unknown,Unknown,غير معروف,,Pending,,New shared catalog copy; native-speaker review required.
Unsaved,Unsaved,غير محفوظ,,Pending,,New shared catalog copy; native-speaker review required.
Unsaved results,Unsaved results,نتائج غير محفوظة,,Pending,,New shared catalog copy; native-speaker review required.
Untick “Shown” to make a column optional: people can add it from the Columns button when they need it.,Untick “Shown” to make a column optional: people can add it from the Columns button when they need it.,"قم بإلغاء تحديد ""معروض"" لجعل العمود اختياريًا: يمكن للأشخاص إضافته من زر الأعمدة عند الحاجة إليه.",,Pending,,New shared catalog copy; native-speaker review required.
Untitled question,Untitled question,سؤال بلا عنوان,,Pending,,New shared catalog copy; native-speaker review required.
Up next today,Up next today,التالي اليوم,,Pending,,New shared catalog copy; native-speaker review required.
Upcoming,Upcoming,القادم,,Pending,,New shared catalog copy; native-speaker review required.
Upcoming exams,Upcoming exams,الامتحانات القادمة,,Pending,,New shared catalog copy; native-speaker review required.
Upcoming schedules,Upcoming schedules,الجداول القادمة,,Pending,,New shared catalog copy; native-speaker review required.
Update password,Update password,تحديث كلمة المرور,,Pending,,New shared catalog copy; native-speaker review required.
Updates as you type,Updates as you type,يتم التحديث أثناء الكتابة,,Pending,,New shared catalog copy; native-speaker review required.
Upload,Upload,رفع,,Pending,,New shared catalog copy; native-speaker review required.
Uploaded,Uploaded,تم الرفع,,Pending,,New shared catalog copy; native-speaker review required.
Uploading…,Uploading…,جارٍ الرفع…,,Pending,,New shared catalog copy; native-speaker review required.
Use in a live class,Use in a live class,استخدم في حصة مباشرة,,Pending,,New shared catalog copy; native-speaker review required.
Use your work account.,Use your work account.,استخدم حساب عملك.,,Pending,,New shared catalog copy; native-speaker review required.
Use “Add line” to start.,Use “Add line” to start.,"استخدم ""إضافة سطر"" للبدء.",,Pending,,New shared catalog copy; native-speaker review required.
Used by API pulls and as the service default. Screens follow each person's page-size preference.,Used by API pulls and as the service default. Screens follow each person's page-size preference.,يُستخدم بواسطة طلبات API وكإعداد افتراضي للخدمة. تتبع الشاشات تفضيل حجم الصفحة الخاص بكل شخص.,,Pending,,New shared catalog copy; native-speaker review required.
Used to resolve periods such as yesterday.,Used to resolve periods such as yesterday.,يُستخدم لتحديد فترات مثل الأمس.,,Pending,,New shared catalog copy; native-speaker review required.
Used when a document does not specify its own.,Used when a document does not specify its own.,يُستخدم عندما لا يحدد المستند خيارًا خاصًا به.,,Pending,,New shared catalog copy; native-speaker review required.
Users,Users,المستخدمون,,Pending,,New shared catalog copy; native-speaker review required.
Uses the current columns and filters. The period moves with each run.,Uses the current columns and filters. The period moves with each run.,يستخدم الأعمدة والمرشحات الحالية. تتحرك الفترة مع كل تشغيل.,,Pending,,New shared catalog copy; native-speaker review required.
Valid on,Valid on,صالح في,,Pending,,New shared catalog copy; native-speaker review required.
Validity,Validity,الصلاحية,,Pending,,New shared catalog copy; native-speaker review required.
Value,Value,القيمة,,Pending,,New shared catalog copy; native-speaker review required.
"Value of stock expiring within 30 days, by branch and category.","Value of stock expiring within 30 days, by branch and category.",قيمة المخزون الذي تنتهي صلاحيته خلال 30 يومًا، حسب الفرع والفئة.,,Pending,,New shared catalog copy; native-speaker review required.
Values,Values,القيم,,Pending,,New shared catalog copy; native-speaker review required.
Variance %,Variance %,نسبة الانحراف %,,Pending,,New shared catalog copy; native-speaker review required.
Vehicle,Vehicle,المركبة,,Pending,,New shared catalog copy; native-speaker review required.
Vehicle master,Vehicle master,سجل المركبات الرئيسي,,Pending,,New shared catalog copy; native-speaker review required.
"Vendors, ratings, lead times and bank details","Vendors, ratings, lead times and bank details",الموردون والتقييمات ومهل التسليم وتفاصيل البنك,,Pending,,New shared catalog copy; native-speaker review required.
Verified,Verified,تم التحقق,,Pending,,New shared catalog copy; native-speaker review required.
View and manage data sources,View and manage data sources,عرض وإدارة مصادر البيانات,,Pending,,New shared catalog copy; native-speaker review required.
View audit log and outbox,View audit log and outbox,عرض سجل التدقيق وصندوق الصادر,,Pending,,New shared catalog copy; native-speaker review required.
View results,View results,عرض النتائج,,Pending,,New shared catalog copy; native-speaker review required.
View saved,View saved,عرض المحفوظات,,Pending,,New shared catalog copy; native-speaker review required.
View saved for the {role} role.,View saved for the {role} role.,تم حفظ العرض لدور {role}.,,Pending,,New shared catalog copy; native-speaker review required.
Viewers only see widgets for reports their own role can open.,Viewers only see widgets for reports their own role can open.,يرى المشاهدون فقط الأدوات الخاصة بالتقارير التي يمكن لدورهم فتحها.,,Pending,,New shared catalog copy; native-speaker review required.
Views,Views,المشاهدات,,Pending,,New shared catalog copy; native-speaker review required.
Visibility,Visibility,الرؤية,,Pending,,New shared catalog copy; native-speaker review required.
Visible to,Visible to,مرئي لـ,,Pending,,New shared catalog copy; native-speaker review required.
"Visible to colleagues and, for teachers, to parents of your students","Visible to colleagues and, for teachers, to parents of your students",مرئي للزملاء، وبالنسبة للمعلمين، لأولياء أمور طلابك,,Pending,,New shared catalog copy; native-speaker review required.
Visible to finance only,Visible to finance only,مرئي للمالية فقط,,Pending,,New shared catalog copy; native-speaker review required.
Visit type,Visit type,نوع الزيارة,,Pending,,New shared catalog copy; native-speaker review required.
Waiting,Waiting,قيد الانتظار,,Pending,,New shared catalog copy; native-speaker review required.
Waiting for grading,Waiting for grading,بانتظار التصحيح,,Pending,,New shared catalog copy; native-speaker review required.
Waiting now,Waiting now,قيد الانتظار الآن,,Pending,,New shared catalog copy; native-speaker review required.
Waiting on me,Waiting on me,بانتظاري,,Pending,,New shared catalog copy; native-speaker review required.
Waiting on you{value0},Waiting on you{value0},بانتظارك{value0},,Pending,,New shared catalog copy; native-speaker review required.
Waiting time by department,Waiting time by department,وقت الانتظار حسب القسم,,Pending,,New shared catalog copy; native-speaker review required.
Waiting to be graded,Waiting to be graded,بانتظار التصحيح,,Pending,,New shared catalog copy; native-speaker review required.
Website,Website,الموقع الإلكتروني,,Pending,,New shared catalog copy; native-speaker review required.
Week starts on,Week starts on,يبدأ الأسبوع في,,Pending,,New shared catalog copy; native-speaker review required.
Weekly load,Weekly load,الحمل الأسبوعي,,Pending,,New shared catalog copy; native-speaker review required.
Weekly stock digest,Weekly stock digest,ملخص المخزون الأسبوعي,,Pending,,New shared catalog copy; native-speaker review required.
Weekly timetable,Weekly timetable,الجدول الزمني الأسبوعي,,Pending,,New shared catalog copy; native-speaker review required.
"Welcome back, {value0}","Welcome back, {value0}",مرحبًا بعودتك، {value0},,Pending,,New shared catalog copy; native-speaker review required.
"What should students do? Mention the textbook pages, format and how it will be marked.","What should students do? Mention the textbook pages, format and how it will be marked.",ماذا يجب أن يفعل الطلاب؟ اذكر صفحات الكتاب المدرسي والتنسيق وكيفية تصحيحه.,,Pending,,New shared catalog copy; native-speaker review required.
"What the report answers, in one sentence.","What the report answers, in one sentence.",ما الذي يجيب عنه التقرير، في جملة واحدة.,,Pending,,New shared catalog copy; native-speaker review required.
When,When,متى,,Pending,,New shared catalog copy; native-speaker review required.
"When a period is too long for the screen, choose Run in background on the report. Scheduled and emailed reports also appear here.","When a period is too long for the screen, choose Run in background on the report. Scheduled and emailed reports also appear here.","عندما تكون الفترة طويلة جدًا بالنسبة للشاشة، اختر ""تشغيل في الخلفية"" في التقرير. تظهر التقارير المجدولة والمرسلة عبر البريد الإلكتروني هنا أيضًا.",,Pending,,New shared catalog copy; native-speaker review required.
When it is ready,When it is ready,عندما يكون جاهزًا,,Pending,,New shared catalog copy; native-speaker review required.
"Where reports read from. Reports only run read-only queries against approved datasets, never against a live transactional database.","Where reports read from. Reports only run read-only queries against approved datasets, never against a live transactional database.",من أين تقرأ التقارير. تقوم التقارير فقط بتشغيل استعلامات للقراءة فقط على مجموعات بيانات معتمدة، وليس أبدًا على قاعدة بيانات معاملات مباشرة.,,Pending,,New shared catalog copy; native-speaker review required.
Whiteboard,Whiteboard,السبورة,,Pending,,New shared catalog copy; native-speaker review required.
Whiteboard tools,Whiteboard tools,أدوات السبورة,,Pending,,New shared catalog copy; native-speaker review required.
Who,Who,من,,Pending,,New shared catalog copy; native-speaker review required.
Who can sign in and what they can do,Who can sign in and what they can do,من يمكنه تسجيل الدخول وماذا يمكنه أن يفعل,,Pending,,New shared catalog copy; native-speaker review required.
Who can use it,Who can use it,من يمكنه استخدامه,,Pending,,New shared catalog copy; native-speaker review required.
Who is this view for?,Who is this view for?,لمن هذا العرض؟,,Pending,,New shared catalog copy; native-speaker review required.
"Who ran, exported, emailed, scheduled or changed what. The newest 500 matching entries are shown.","Who ran, exported, emailed, scheduled or changed what. The newest 500 matching entries are shown.",من قام بتشغيل أو تصدير أو إرسال بالبريد الإلكتروني أو جدولة أو تغيير ماذا. يتم عرض أحدث 500 إدخال مطابق.,,Pending,,New shared catalog copy; native-speaker review required.
Why is this the right answer?,Why is this the right answer?,لماذا هذه هي الإجابة الصحيحة؟,,Pending,,New shared catalog copy; native-speaker review required.
Why this entry is being made,Why this entry is being made,سبب إجراء هذا الإدخال,,Pending,,New shared catalog copy; native-speaker review required.
Widget size,Widget size,حجم الأداة,,Pending,,New shared catalog copy; native-speaker review required.
Widget title,Widget title,عنوان الأداة,,Pending,,New shared catalog copy; native-speaker review required.
Widgets use the dashboard period and each viewer's own access.,Widgets use the dashboard period and each viewer's own access.,تستخدم الأدوات فترة لوحة المعلومات ووصول كل مشاهد الخاص به.,,Pending,,New shared catalog copy; native-speaker review required.
Withdraw,Withdraw,سحب,,Pending,,New shared catalog copy; native-speaker review required.
Withdrawn,Withdrawn,منسحب,,Pending,,New shared catalog copy; native-speaker review required.
Work email,Work email,البريد الإلكتروني للعمل,,Pending,,New shared catalog copy; native-speaker review required.
Working shifts and grace periods,Working shifts and grace periods,نوبات العمل وفترات السماح,,Pending,,New shared catalog copy; native-speaker review required.
"Write a message — Enter to send, Shift+Enter for a new line","Write a message — Enter to send, Shift+Enter for a new line",اكتب رسالة — اضغط Enter للإرسال، Shift+Enter لسطر جديد,,Pending,,New shared catalog copy; native-speaker review required.
Write an update or reply to the customer,Write an update or reply to the customer,اكتب تحديثًا أو ردًا للعميل,,Pending,,New shared catalog copy; native-speaker review required.
Year,Year,السنة,,Pending,,New shared catalog copy; native-speaker review required.
Yearly net revenue across ten years.,Yearly net revenue across ten years.,صافي الإيرادات السنوية على مدى عشر سنوات.,,Pending,,New shared catalog copy; native-speaker review required.
Years exp.,Years exp.,سنوات الخبرة,,Pending,,New shared catalog copy; native-speaker review required.
Years of experience,Years of experience,سنوات الخبرة,,Pending,,New shared catalog copy; native-speaker review required.
Yes,Yes,نعم,,Pending,,New shared catalog copy; native-speaker review required.
You,You,أنت,,Pending,,New shared catalog copy; native-speaker review required.
You are presenting,You are presenting,أنت تقدم العرض,,Pending,,New shared catalog copy; native-speaker review required.
You can edit,You can edit,يمكنك التعديل,,Pending,,New shared catalog copy; native-speaker review required.
You can move between questions and flag any you want to revisit.,You can move between questions and flag any you want to revisit.,يمكنك التنقل بين الأسئلة ووضع علامة على أي سؤال تريد مراجعته لاحقًا.,,Pending,,New shared catalog copy; native-speaker review required.
You can't take attendance for a future date.,You can't take attendance for a future date.,لا يمكنك تسجيل الحضور لتاريخ مستقبلي.,,Pending,,New shared catalog copy; native-speaker review required.
You do not have access to that report. Ask an administrator if you need it.,You do not have access to that report. Ask an administrator if you need it.,ليس لديك حق الوصول إلى هذا التقرير. اسأل المسؤول إذا كنت بحاجة إليه.,,Pending,,New shared catalog copy; native-speaker review required.
You get one attempt. Answers and explanations are shown after you submit.,You get one attempt. Answers and explanations are shown after you submit.,لديك محاولة واحدة. يتم عرض الإجابات والتفسيرات بعد الإرسال.,,Pending,,New shared catalog copy; native-speaker review required.
You have answered,You have answered,لقد أجبت,,Pending,,New shared catalog copy; native-speaker review required.
You haven't borrowed any books yet,You haven't borrowed any books yet,لم تستعر أي كتب بعد,,Pending,,New shared catalog copy; native-speaker review required.
You're on the waitlist for “{value0}”. We'll notify you when a copy is returned.,You're on the waitlist for “{value0}”. We'll notify you when a copy is returned.,"أنت في قائمة الانتظار لـ ""{value0}"". سنُعلمك عند إعادة نسخة.",,Pending,,New shared catalog copy; native-speaker review required.
You: ,You: ,أنت: ,,Pending,,New shared catalog copy; native-speaker review required.
Your API keys,Your API keys,مفاتيح API الخاصة بك,,Pending,,New shared catalog copy; native-speaker review required.
Your access,Your access,وصولك,,Pending,,New shared catalog copy; native-speaker review required.
Your access is limited to {branches}. Other branches are never included.,Your access is limited to {branches}. Other branches are never included.,وصولك مقتصر على {branches}. لا يتم تضمين الفروع الأخرى أبدًا.,,Pending,,New shared catalog copy; native-speaker review required.
Your account has no school portal role in this workspace. Ask an administrator to grant one.,Your account has no school portal role in this workspace. Ask an administrator to grant one.,ليس لحسابك دور في بوابة المدرسة ضمن مساحة العمل هذه. اطلب من المسؤول منحك واحدًا.,,Pending,,New shared catalog copy; native-speaker review required.
Your answer or notes for the teacher,Your answer or notes for the teacher,إجابتك أو ملاحظاتك للمعلم,,Pending,,New shared catalog copy; native-speaker review required.
Your answers are not graded yet,Your answers are not graded yet,لم يتم تصحيح إجاباتك بعد,,Pending,,New shared catalog copy; native-speaker review required.
Your average,Your average,متوسطك,,Pending,,New shared catalog copy; native-speaker review required.
Your balances,Your balances,أرصدتك,,Pending,,New shared catalog copy; native-speaker review required.
Your branches ({count}),Your branches ({count}),فروعك ({count}),,Pending,,New shared catalog copy; native-speaker review required.
Your classes,Your classes,فصولك,,Pending,,New shared catalog copy; native-speaker review required.
Your decision,Your decision,قرارك,,Pending,,New shared catalog copy; native-speaker review required.
Your manager is notified as soon as you submit.,Your manager is notified as soon as you submit.,يتم إخطار مديرك بمجرد الإرسال.,,Pending,,New shared catalog copy; native-speaker review required.
Your personal scratch board for working out problems. Pages stay until you leave the page; download a PNG to keep them.,Your personal scratch board for working out problems. Pages stay until you leave the page; download a PNG to keep them.,لوحتك الشخصية لحل المسائل. تبقى الصفحات حتى تغادر الصفحة؛ نزّل صورة PNG للاحتفاظ بها.,,Pending,,New shared catalog copy; native-speaker review required.
Your result appears when the school has graded them.,Your result appears when the school has graded them.,ستظهر نتيجتك بعد أن تقوم المدرسة بتصحيحها.,,Pending,,New shared catalog copy; native-speaker review required.
Your role can view this report on screen but cannot export or email it. Ask an administrator for export access.,Your role can view this report on screen but cannot export or email it. Ask an administrator for export access.,يمكن لدورك عرض هذا التقرير على الشاشة ولكن لا يمكنه تصديره أو إرساله بالبريد الإلكتروني. اطلب من المسؤول حق الوصول للتصدير.,,Pending,,New shared catalog copy; native-speaker review required.
Your role cannot see this report.,Your role cannot see this report.,لا يمكن لدورك رؤية هذا التقرير.,,Pending,,New shared catalog copy; native-speaker review required.
Zoom in,Zoom in,تكبير,,Pending,,New shared catalog copy; native-speaker review required.
Zoom out,Zoom out,تصغير,,Pending,,New shared catalog copy; native-speaker review required.
accepted,accepted,مقبول,,Pending,,New shared catalog copy; native-speaker review required.
accounts,accounts,حسابات,,Pending,,New shared catalog copy; native-speaker review required.
across all work,across all work,عبر كل الأعمال,,Pending,,New shared catalog copy; native-speaker review required.
across {value0} classes,across {value0} classes,عبر {value0} فصول,,Pending,,New shared catalog copy; native-speaker review required.
active,active,نشط,,Pending,,New shared catalog copy; native-speaker review required.
added so far,added so far,أضيف حتى الآن,,Pending,,New shared catalog copy; native-speaker review required.
afternoon,afternoon,بعد الظهر,,Pending,,New shared catalog copy; native-speaker review required.
all quizzes,all quizzes,جميع الاختبارات القصيرة,,Pending,,New shared catalog copy; native-speaker review required.
already has a,already has a,لديه بالفعل,,Pending,,New shared catalog copy; native-speaker review required.
answer · ← → move · F flag,answer · ← → move · F flag,الإجابة · ← → التحرك · F العلم,,Pending,,New shared catalog copy; native-speaker review required.
answers are kept on this screen and nothing was recorded.,answers are kept on this screen and nothing was recorded.,تُحفظ الإجابات على هذه الشاشة فقط ولم يتم تسجيل أي شيء.,,Pending,,New shared catalog copy; native-speaker review required.
api.reference.0105edb165d1,This link was sent to someone else.,تم إرسال هذا الرابط إلى شخص آخر.,,Pending,,New shared catalog copy; native-speaker review required.
api.reference.04221d714915,Some fields are invalid.,بعض الحقول غير صالحة.,,Pending,,New shared catalog copy; native-speaker review required.
api.reference.09913558784a,View not found.,العرض غير موجود.,,Pending,,New shared catalog copy; native-speaker review required.
api.reference.110ac91f2097,Application and branch scope are required.,نطاق التطبيق والفرع مطلوبان.,,Pending,,New shared catalog copy; native-speaker review required.
api.reference.11e6070535e1,Your access to reports has been deactivated by an administrator.,تم إلغاء تفعيل وصولك إلى التقارير من قبل أحد المسؤولين.,,Pending,,New shared catalog copy; native-speaker review required.
api.reference.120ef9defe2d,No report role is authorized for this account.,لا يوجد دور تقارير مصرح له بهذا الحساب.,,Pending,,New shared catalog copy; native-speaker review required.
api.reference.18b3a4fc1227,You cannot delete this view.,لا يمكنك حذف هذا العرض.,,Pending,,New shared catalog copy; native-speaker review required.
api.reference.2fd80b46b037,Unknown role.,دور غير معروف.,,Pending,,New shared catalog copy; native-speaker review required.
api.reference.328b324cb8fc,Role not found.,الدور غير موجود.,,Pending,,New shared catalog copy; native-speaker review required.
api.reference.37ac9c2e7879,Administrators always have every action.,المسؤولون يملكون دائمًا كل الإجراءات.,,Pending,,New shared catalog copy; native-speaker review required.
api.reference.37e691dc514d,Send a valid API key: Authorization: Bearer lmn_…,أرسل مفتاح API صالحًا: Authorization: Bearer lmn_…,,Pending,,New shared catalog copy; native-speaker review required.
api.reference.3aed24954371,A role with this name already exists.,يوجد بالفعل دور بهذا الاسم.,,Pending,,New shared catalog copy; native-speaker review required.
api.reference.3d8a577325bb,This page does not exist or you cannot open it.,هذه الصفحة غير موجودة أو لا يمكنك فتحها.,,Pending,,New shared catalog copy; native-speaker review required.
api.reference.484d8393d86e,Choose a role.,اختر دورًا.,,Pending,,New shared catalog copy; native-speaker review required.
api.reference.4c7bbe94277b,Results are available once the job has completed.,تتوفر النتائج بعد اكتمال المهمة.,,Pending,,New shared catalog copy; native-speaker review required.
api.reference.4fbd7c356d7b,A valid cron secret or an administrator session is required.,مطلوب سر كرون صالح أو جلسة مسؤول.,,Pending,,New shared catalog copy; native-speaker review required.
api.reference.50f5099b95f8,Request body must be JSON.,يجب أن يكون نص الطلب بصيغة JSON.,,Pending,,New shared catalog copy; native-speaker review required.
api.reference.51023c3264bb,The end date is before the first run.,تاريخ الانتهاء قبل أول تشغيل.,,Pending,,New shared catalog copy; native-speaker review required.
api.reference.51264d9dc9f1,Module is unavailable.,الوحدة غير متاحة.,,Pending,,New shared catalog copy; native-speaker review required.
api.reference.5129ee3ad366,You cannot deactivate yourself or remove your own administrator role.,لا يمكنك إلغاء تفعيل حسابك أو إزالة دور المسؤول الخاص بك.,,Pending,,New shared catalog copy; native-speaker review required.
api.reference.54baa9e742f4,Invalid inbound secret.,سر الاستقبال غير صالح.,,Pending,,New shared catalog copy; native-speaker review required.
api.reference.578500fd3584,Only the owner can change this report.,المالك فقط يمكنه تغيير هذا التقرير.,,Pending,,New shared catalog copy; native-speaker review required.
api.reference.62433f280eb4,Only administrators can grant the administrator role.,المسؤولون فقط يمكنهم منح دور المسؤول.,,Pending,,New shared catalog copy; native-speaker review required.
api.reference.654a56e95f9e,Branch is unavailable.,الفرع غير متاح.,,Pending,,New shared catalog copy; native-speaker review required.
api.reference.66c75351655e,These results have expired.,انتهت صلاحية هذه النتائج.,,Pending,,New shared catalog copy; native-speaker review required.
api.reference.6a643a39675f,Dashboard not found.,لوحة المعلومات غير موجودة.,,Pending,,New shared catalog copy; native-speaker review required.
api.reference.6c74a095b31f,Custom report not found.,التقرير المخصص غير موجود.,,Pending,,New shared catalog copy; native-speaker review required.
api.reference.70c53a1f69ef,Your role cannot share dashboards. Keep it private.,دورك لا يستطيع مشاركة لوحات المعلومات. أبقها خاصة.,,Pending,,New shared catalog copy; native-speaker review required.
api.reference.73ab7af6e5a6,Sign-in is handled by the host application.,يتم التعامل مع تسجيل الدخول من قبل التطبيق المضيف.,,Pending,,New shared catalog copy; native-speaker review required.
api.reference.73c27c81d398,Sign in to continue.,سجّل الدخول للمتابعة.,,Pending,,New shared catalog copy; native-speaker review required.
api.reference.795ebb904a6c,Choose the chart label column.,اختر عمود تسمية المخطط.,,Pending,,New shared catalog copy; native-speaker review required.
api.reference.818a91268d14,Choose a category.,اختر فئة.,,Pending,,New shared catalog copy; native-speaker review required.
api.reference.82b6f7690551,Choose a dataset.,اختر مجموعة بيانات.,,Pending,,New shared catalog copy; native-speaker review required.
api.reference.86e1d33d28ef,This report does not exist or was deleted.,هذا التقرير غير موجود أو تم حذفه.,,Pending,,New shared catalog copy; native-speaker review required.
api.reference.8a6a599d993c,Key not found.,المفتاح غير موجود.,,Pending,,New shared catalog copy; native-speaker review required.
api.reference.8d8cd490f1c7,Remove this role from all users first.,قم بإزالة هذا الدور من جميع المستخدمين أولاً.,,Pending,,New shared catalog copy; native-speaker review required.
api.reference.8ef9cb704aa7,Sign-out is handled by the host application.,يتم التعامل مع تسجيل الخروج من قبل التطبيق المضيف.,,Pending,,New shared catalog copy; native-speaker review required.
api.reference.9229c0e59d5c,You do not have access to that report. Ask an administrator if you need it.,ليس لديك صلاحية الوصول إلى ذلك التقرير. اسأل أحد المسؤولين إذا كنت بحاجة إليه.,,Pending,,New shared catalog copy; native-speaker review required.
api.reference.96e11dc9c31a,Schedule not found.,الجدولة غير موجودة.,,Pending,,New shared catalog copy; native-speaker review required.
api.reference.989171a35c54,Use at most 20 recipients.,استخدم 20 مستلمًا كحد أقصى.,,Pending,,New shared catalog copy; native-speaker review required.
api.reference.9a699b546915,This download link has expired or is invalid.,انتهت صلاحية رابط التنزيل هذا أو أنه غير صالح.,,Pending,,New shared catalog copy; native-speaker review required.
api.reference.9bcc2f382ac6,That page needs a permission your role does not have.,هذه الصفحة تتطلب صلاحية لا يملكها دورك.,,Pending,,New shared catalog copy; native-speaker review required.
api.reference.9e6f9cdff1f7,Your role cannot email this report.,دورك لا يستطيع إرسال هذا التقرير عبر البريد الإلكتروني.,,Pending,,New shared catalog copy; native-speaker review required.
api.reference.9e939349e174,Something went wrong on the server. Check the server log for details.,حدث خطأ ما في الخادم. راجع سجل الخادم للحصول على التفاصيل.,,Pending,,New shared catalog copy; native-speaker review required.
api.reference.a9c3e627d425,Job not found.,المهمة غير موجودة.,,Pending,,New shared catalog copy; native-speaker review required.
api.reference.aa8ca5297863,This file has expired or is not ready yet.,انتهت صلاحية هذا الملف أو أنه غير جاهز بعد.,,Pending,,New shared catalog copy; native-speaker review required.
api.reference.adf2a52574d8,Your role can build reports but not share them. Save it as private.,دورك يمكنه إنشاء التقارير لكن لا يمكنه مشاركتها. احفظه كتقرير خاص.,,Pending,,New shared catalog copy; native-speaker review required.
api.reference.b1eeaec717a9,Report not found.,التقرير غير موجود.,,Pending,,New shared catalog copy; native-speaker review required.
api.reference.bcf21f0899b0,Only administrators can change on-screen limits.,المسؤولون فقط يمكنهم تغيير الحدود المعروضة على الشاشة.,,Pending,,New shared catalog copy; native-speaker review required.
api.reference.bd2823c463c6,System roles cannot be deleted.,لا يمكن حذف الأدوار النظامية.,,Pending,,New shared catalog copy; native-speaker review required.
api.reference.c8e95969b429,You do not have access to this report.,ليس لديك صلاحية الوصول إلى هذا التقرير.,,Pending,,New shared catalog copy; native-speaker review required.
api.reference.cfe4be6a9de8,Unknown branch.,فرع غير معروف.,,Pending,,New shared catalog copy; native-speaker review required.
api.reference.d1d559825811,The Administrator role always has every permission.,دور المسؤول يملك دائمًا كل الصلاحيات.,,Pending,,New shared catalog copy; native-speaker review required.
api.reference.d59f2215f934,Only the owner can edit this dashboard.,المالك فقط يمكنه تعديل لوحة المعلومات هذه.,,Pending,,New shared catalog copy; native-speaker review required.
api.reference.dd5f6d225174,Only people who manage access can save views for a whole role.,الأشخاص الذين يديرون الصلاحيات فقط يمكنهم حفظ العروض لدور كامل.,,Pending,,New shared catalog copy; native-speaker review required.
api.reference.e197d52fc59e,Only the owner can delete this dashboard.,المالك فقط يمكنه حذف لوحة المعلومات هذه.,,Pending,,New shared catalog copy; native-speaker review required.
api.reference.e3ae34604501,Your role does not allow this action.,دورك لا يسمح بهذا الإجراء.,,Pending,,New shared catalog copy; native-speaker review required.
api.reference.e9484b5a38b4,from and to must both be dates like 2025-01-31.,يجب أن يكون كل من from وto تاريخين مثل 2025-01-31.,,Pending,,New shared catalog copy; native-speaker review required.
api.reference.f412be43147c,User not found.,المستخدم غير موجود.,,Pending,,New shared catalog copy; native-speaker review required.
api.reference.f5226eb5bd0f,Choose at least one chart value column.,اختر عمود قيمة واحدًا على الأقل للمخطط.,,Pending,,New shared catalog copy; native-speaker review required.
api.reference.f5e95acd2646,Only queued or running jobs can be cancelled.,يمكن إلغاء المهام قيد الانتظار أو الجارية فقط.,,Pending,,New shared catalog copy; native-speaker review required.
api.reference.f734bb67137c,A user with this email already exists.,يوجد بالفعل مستخدم بهذا البريد الإلكتروني.,,Pending,,New shared catalog copy; native-speaker review required.
applications,applications,التطبيقات,,Pending,,New shared catalog copy; native-speaker review required.
"approve,","approve,",موافقة،,,Pending,,New shared catalog copy; native-speaker review required.
approved leave,approved leave,إجازة موافق عليها,,Pending,,New shared catalog copy; native-speaker review required.
arrivals,arrivals,الوافدون,,Pending,,New shared catalog copy; native-speaker review required.
at the lowest level,at the lowest level,عند أدنى مستوى,,Pending,,New shared catalog copy; native-speaker review required.
at this time. Pick another slot or,at this time. Pick another slot or,في هذا الوقت. اختر فترة أخرى أو,,Pending,,New shared catalog copy; native-speaker review required.
attempts,attempts,المحاولات,,Pending,,New shared catalog copy; native-speaker review required.
available to replay,available to replay,متاح لإعادة التشغيل,,Pending,,New shared catalog copy; native-speaker review required.
avg,avg,المتوسط,,Pending,,New shared catalog copy; native-speaker review required.
bank. Students answer on their devices and a leaderboard builds as you go.,bank. Students answer on their devices and a leaderboard builds as you go.,البنك. يجيب الطلاب على أجهزتهم وتُبنى لوحة الصدارة أثناء التقدم.,,Pending,,New shared catalog copy; native-speaker review required.
booked,booked,محجوز,,Pending,,New shared catalog copy; native-speaker review required.
by,by,بواسطة,,Pending,,New shared catalog copy; native-speaker review required.
"checked,","checked,",تم التحقق،,,Pending,,New shared catalog copy; native-speaker review required.
close or extend,close or extend,إغلاق أو تمديد,,Pending,,New shared catalog copy; native-speaker review required.
collected,collected,تم التحصيل,,Pending,,New shared catalog copy; native-speaker review required.
completed,completed,مكتمل,,Pending,,New shared catalog copy; native-speaker review required.
computed,computed,محسوب,,Pending,,New shared catalog copy; native-speaker review required.
conversion,conversion,التحويل,,Pending,,New shared catalog copy; native-speaker review required.
copies on shelf,copies on shelf,نسخ على الرف,,Pending,,New shared catalog copy; native-speaker review required.
copy,copy,نسخ,,Pending,,New shared catalog copy; native-speaker review required.
correct,correct,صحيح,,Pending,,New shared catalog copy; native-speaker review required.
cover arranged,cover arranged,تم ترتيب البديل,,Pending,,New shared catalog copy; native-speaker review required.
"created {created}, last used {used}","created {created}, last used {used}",تم الإنشاء في {created}، آخر استخدام في {used},,Pending,,New shared catalog copy; native-speaker review required.
"curl -H ""Authorization: Bearer lmn_…"" \
  {value0}/api/v1/reports","curl -H ""Authorization: Bearer lmn_…"" \
  {value0}/api/v1/reports","curl -H ""Authorization: Bearer lmn_…"" \
  {value0}/api/v1/reports",,Pending,,New shared catalog copy; native-speaker review required.
currency,currency,عملة,,Pending,,New shared catalog copy; native-speaker review required.
d,d,يوم,,Pending,,New shared catalog copy; native-speaker review required.
days to go,days to go,أيام متبقية,,Pending,,New shared catalog copy; native-speaker review required.
days.,days.,أيام.,,Pending,,New shared catalog copy; native-speaker review required.
default,default,افتراضي,,Pending,,New shared catalog copy; native-speaker review required.
"direct,","direct,",مباشر،,,Pending,,New shared catalog copy; native-speaker review required.
draft,draft,مسودة,,Pending,,New shared catalog copy; native-speaker review required.
due,due,مستحق,,Pending,,New shared catalog copy; native-speaker review required.
due {value0},due {value0},مستحق {value0},,Pending,,New shared catalog copy; native-speaker review required.
e.g. Applied mathematics,e.g. Applied mathematics,مثال: الرياضيات التطبيقية,,Pending,,New shared catalog copy; native-speaker review required.
e.g. Chapter 4 checkpoint,e.g. Chapter 4 checkpoint,مثال: نقطة تفتيش الفصل 4,,Pending,,New shared catalog copy; native-speaker review required.
e.g. Medical appointment,e.g. Medical appointment,مثال: موعد طبي,,Pending,,New shared catalog copy; native-speaker review required.
"e.g. Peanuts, penicillin","e.g. Peanuts, penicillin",مثال: الفول السوداني، البنسلين,,Pending,,New shared catalog copy; native-speaker review required.
e.g. Probability – revision before UT2,e.g. Probability – revision before UT2,مثال: الاحتمالات - مراجعة قبل UT2,,Pending,,New shared catalog copy; native-speaker review required.
e.g. Quadratic equations – practice set 3,e.g. Quadratic equations – practice set 3,مثال: المعادلات التربيعية - مجموعة التمارين 3,,Pending,,New shared catalog copy; native-speaker review required.
e.g. Spanish,e.g. Spanish,مثال: الإسبانية,,Pending,,New shared catalog copy; native-speaker review required.
e.g. {value0},e.g. {value0},مثال: {value0},,Pending,,New shared catalog copy; native-speaker review required.
ended,ended,انتهى,,Pending,,New shared catalog copy; native-speaker review required.
entries),entries),إدخالات),,Pending,,New shared catalog copy; native-speaker review required.
erp.branchMismatch,You do not have access to this branch.,ليس لديك صلاحية الوصول إلى هذا الفرع.,,Pending,,New shared catalog copy; native-speaker review required.
erp.invalidApplication,The application scope is invalid or missing.,نطاق التطبيق غير صالح أو مفقود.,,Pending,,New shared catalog copy; native-speaker review required.
erp.invalidBranch,The branch scope is invalid or missing.,نطاق الفرع غير صالح أو مفقود.,,Pending,,New shared catalog copy; native-speaker review required.
erp.invalidFields,Some fields are invalid.,بعض الحقول غير صالحة.,,Pending,,New shared catalog copy; native-speaker review required.
erp.invalidLine,One or more line items are invalid.,بند واحد أو أكثر من بنود السطر غير صالح.,,Pending,,New shared catalog copy; native-speaker review required.
erp.invalidTenant,The tenant for this account is invalid or missing.,المستأجر الخاص بهذا الحساب غير صالح أو مفقود.,,Pending,,New shared catalog copy; native-speaker review required.
erp.invalidUser,The signed-in user's identity is invalid or missing.,هوية المستخدم المسجل الدخول غير صالحة أو مفقودة.,,Pending,,New shared catalog copy; native-speaker review required.
erp.invalidUserBranch,The user's assigned branch is invalid or missing.,الفرع المخصص للمستخدم غير صالح أو مفقود.,,Pending,,New shared catalog copy; native-speaker review required.
erp.invalidViewStateKey,That view setting is not recognized.,إعداد العرض هذا غير معروف.,,Pending,,New shared catalog copy; native-speaker review required.
erp.invalidViewStateValue,That value is not valid for this view setting.,هذه القيمة غير صالحة لإعداد العرض هذا.,,Pending,,New shared catalog copy; native-speaker review required.
erp.malformedBody,Request body must be an object.,يجب أن يكون نص الطلب كائنًا (object).,,Pending,,New shared catalog copy; native-speaker review required.
erp.malformedValue,That value could not be saved.,تعذر حفظ هذه القيمة.,,Pending,,New shared catalog copy; native-speaker review required.
erp.methodNotAllowed,This method is not allowed for this endpoint.,هذه الطريقة غير مسموح بها لهذه النقطة الطرفية.,,Pending,,New shared catalog copy; native-speaker review required.
erp.missingParams,Both an entity and a page are required.,الكيان والصفحة مطلوبان معًا.,,Pending,,New shared catalog copy; native-speaker review required.
erp.missingValue,A value is required.,القيمة مطلوبة.,,Pending,,New shared catalog copy; native-speaker review required.
erp.notFound,Record not found.,السجل غير موجود.,,Pending,,New shared catalog copy; native-speaker review required.
erp.operationConflict,This request was already submitted with different data.,تم إرسال هذا الطلب مسبقًا ببيانات مختلفة.,,Pending,,New shared catalog copy; native-speaker review required.
erp.pageEntityMismatch,This entity does not belong to that page.,هذا الكيان لا ينتمي إلى تلك الصفحة.,,Pending,,New shared catalog copy; native-speaker review required.
erp.roleDenied,Your role does not have access to this application.,دورك لا يملك صلاحية الوصول إلى هذا التطبيق.,,Pending,,New shared catalog copy; native-speaker review required.
erp.unbalanced,Total debit and total credit must be equal.,يجب أن يتساوى إجمالي المدين مع إجمالي الدائن.,,Pending,,New shared catalog copy; native-speaker review required.
erp.unknownEntity,That entity does not exist.,هذا الكيان غير موجود.,,Pending,,New shared catalog copy; native-speaker review required.
erp.unknownPage,That page does not exist.,هذه الصفحة غير موجودة.,,Pending,,New shared catalog copy; native-speaker review required.
erp.unknownProcess,That process does not exist.,هذه العملية غير موجودة.,,Pending,,New shared catalog copy; native-speaker review required.
erp.unknownRoute,That address does not exist.,هذا العنوان غير موجود.,,Pending,,New shared catalog copy; native-speaker review required.
erp.valueTooLarge,That value is too large to save.,هذه القيمة كبيرة جدًا ليتم حفظها.,,Pending,,New shared catalog copy; native-speaker review required.
erp.versionConflict,This record has changed since you last loaded it. Refresh and try again.,تم تغيير هذا السجل منذ آخر تحميل لك. قم بالتحديث وحاول مرة أخرى.,,Pending,,New shared catalog copy; native-speaker review required.
erp.writeDenied,Your role cannot make changes to this record.,دورك لا يستطيع إجراء تغييرات على هذا السجل.,,Pending,,New shared catalog copy; native-speaker review required.
examined every term,examined every term,يتم فحصه كل فصل دراسي,,Pending,,New shared catalog copy; native-speaker review required.
excused,excused,معذور,,Pending,,New shared catalog copy; native-speaker review required.
fail,fail,راسب,,Pending,,New shared catalog copy; native-speaker review required.
fee after,fee after,الرسوم بعد,,Pending,,New shared catalog copy; native-speaker review required.
flagged for follow-up,flagged for follow-up,تم وضع علامة للمتابعة,,Pending,,New shared catalog copy; native-speaker review required.
for {amount},for {amount},مقابل {amount},,Pending,,New shared catalog copy; native-speaker review required.
from,from,من,,Pending,,New shared catalog copy; native-speaker review required.
from your registered address. Put the command in the subject.,from your registered address. Put the command in the subject.,من عنوانك المسجل. ضع الأمر في موضوع الرسالة.,,Pending,,New shared catalog copy; native-speaker review required.
graded,graded,تم التصحيح,,Pending,,New shared catalog copy; native-speaker review required.
grades 6–12,grades 6–12,الصفوف 6-12,,Pending,,New shared catalog copy; native-speaker review required.
h,h,ساعة,,Pending,,New shared catalog copy; native-speaker review required.
house. Class teacher,house. Class teacher,البيت. معلم الفصل,,Pending,,New shared catalog copy; native-speaker review required.
in room,in room,في الغرفة,,Pending,,New shared catalog copy; native-speaker review required.
in this period.,in this period.,في هذه الفترة.,,Pending,,New shared catalog copy; native-speaker review required.
in total,in total,بالإجمالي,,Pending,,New shared catalog copy; native-speaker review required.
integer,integer,عدد صحيح,,Pending,,New shared catalog copy; native-speaker review required.
is required,is required,مطلوب,,Pending,,New shared catalog copy; native-speaker review required.
"items,","items,",عناصر،,,Pending,,New shared catalog copy; native-speaker review required.
joined,joined,انضم في,,Pending,,New shared catalog copy; native-speaker review required.
last 60 school days,last 60 school days,آخر 60 يوم دراسي,,Pending,,New shared catalog copy; native-speaker review required.
late ·,late ·,متأخر ·,,Pending,,New shared catalog copy; native-speaker review required.
latest school day,latest school day,أحدث يوم دراسي,,Pending,,New shared catalog copy; native-speaker review required.
leaf nodes,leaf nodes,العقد الطرفية,,Pending,,New shared catalog copy; native-speaker review required.
left,left,متبقٍ,,Pending,,New shared catalog copy; native-speaker review required.
left of,left of,المتبقي من,,Pending,,New shared catalog copy; native-speaker review required.
limit 3,limit 3,الحد 3,,Pending,,New shared catalog copy; native-speaker review required.
line,line,سطر,,Pending,,New shared catalog copy; native-speaker review required.
live,live,مباشر,,Pending,,New shared catalog copy; native-speaker review required.
live now,live now,مباشر الآن,,Pending,,New shared catalog copy; native-speaker review required.
m,m,دقيقة,,Pending,,New shared catalog copy; native-speaker review required.
marks,marks,الدرجات,,Pending,,New shared catalog copy; native-speaker review required.
marks in the mark list,marks in the mark list,الدرجات في قائمة الدرجات,,Pending,,New shared catalog copy; native-speaker review required.
masked,masked,مُخفى,,Pending,,New shared catalog copy; native-speaker review required.
masked for your role,masked for your role,مُخفى لدورك,,Pending,,New shared catalog copy; native-speaker review required.
min,min,دقيقة,,Pending,,New shared catalog copy; native-speaker review required.
"minutes,","minutes,",دقائق،,,Pending,,New shared catalog copy; native-speaker review required.
more,more,المزيد,,Pending,,New shared catalog copy; native-speaker review required.
morning,morning,صباحًا,,Pending,,New shared catalog copy; native-speaker review required.
"move,","move,",تحريك،,,Pending,,New shared catalog copy; native-speaker review required.
name@school.edu,name@school.edu,name@school.edu,,Pending,,New shared catalog copy; native-speaker review required.
need follow-up,need follow-up,يحتاج إلى متابعة,,Pending,,New shared catalog copy; native-speaker review required.
next {value0},next {value0},التالي {value0},,Pending,,New shared catalog copy; native-speaker review required.
none yet. Ask an administrator for the API / BI action.,none yet. Ask an administrator for the API / BI action.,لا شيء بعد. اطلب من المسؤول إجراء API / BI.,,Pending,,New shared catalog copy; native-speaker review required.
not sent,not sent,لم يُرسَل,,Pending,,New shared catalog copy; native-speaker review required.
not yet published,not yet published,لم يُنشر بعد,,Pending,,New shared catalog copy; native-speaker review required.
number,number,رقم,,Pending,,New shared catalog copy; native-speaker review required.
of 100,of 100,من 100,,Pending,,New shared catalog copy; native-speaker review required.
on,on,في,,Pending,,New shared catalog copy; native-speaker review required.
only,only,فقط,,Pending,,New shared catalog copy; native-speaker review required.
open and not submitted,open and not submitted,مفتوح وغير مُقدَّم,,Pending,,New shared catalog copy; native-speaker review required.
"open,","open,",مفتوح،,,Pending,,New shared catalog copy; native-speaker review required.
over,over,أكثر من,,Pending,,New shared catalog copy; native-speaker review required.
"overdue, {value0}","overdue, {value0}",متأخر، {value0},,Pending,,New shared catalog copy; native-speaker review required.
page.reference-erp1-masters-bill-of-materials.title,Bill of materials,قائمة المواد,,Pending,,New shared catalog copy; native-speaker review required.
page.reference-erp1-masters-chart-of-accounts.title,Chart of accounts,دليل الحسابات,,Pending,,New shared catalog copy; native-speaker review required.
page.reference-erp1-masters-consultation-fees.title,Consultation fees,رسوم الاستشارة,,Pending,,New shared catalog copy; native-speaker review required.
page.reference-erp1-masters-countries.title,Country master,بيانات الدول الأساسية,,Pending,,New shared catalog copy; native-speaker review required.
page.reference-erp1-masters-currencies.title,Currency master,بيانات العملات الأساسية,,Pending,,New shared catalog copy; native-speaker review required.
page.reference-erp1-masters-customers.title,Customer master,بيانات العملاء الأساسية,,Pending,,New shared catalog copy; native-speaker review required.
page.reference-erp1-masters-departments.title,Department master,بيانات الأقسام الأساسية,,Pending,,New shared catalog copy; native-speaker review required.
page.reference-erp1-masters-doctors.title,Doctor master,بيانات الأطباء الأساسية,,Pending,,New shared catalog copy; native-speaker review required.
page.reference-erp1-masters-employees.title,Employee master,بيانات الموظفين الأساسية,,Pending,,New shared catalog copy; native-speaker review required.
page.reference-erp1-masters-fee-structures.title,Fee structures,هياكل الرسوم,,Pending,,New shared catalog copy; native-speaker review required.
page.reference-erp1-masters-holidays.title,Holiday calendar,تقويم العطلات,,Pending,,New shared catalog copy; native-speaker review required.
page.reference-erp1-masters-items.title,Item master,بيانات الأصناف الأساسية,,Pending,,New shared catalog copy; native-speaker review required.
page.reference-erp1-masters-lab-tests.title,Lab test master,بيانات فحوصات المختبر الأساسية,,Pending,,New shared catalog copy; native-speaker review required.
page.reference-erp1-masters-leave-types.title,Leave types,أنواع الإجازات,,Pending,,New shared catalog copy; native-speaker review required.
page.reference-erp1-masters-org-structure.title,Organisation structure,الهيكل التنظيمي,,Pending,,New shared catalog copy; native-speaker review required.
page.reference-erp1-masters-patients.title,Patient master,بيانات المرضى الأساسية,,Pending,,New shared catalog copy; native-speaker review required.
page.reference-erp1-masters-price-lists.title,Price lists,قوائم الأسعار,,Pending,,New shared catalog copy; native-speaker review required.
page.reference-erp1-masters-product-categories.title,Product categories,فئات المنتجات,,Pending,,New shared catalog copy; native-speaker review required.
page.reference-erp1-masters-salary-structures.title,Salary structures,هياكل الرواتب,,Pending,,New shared catalog copy; native-speaker review required.
page.reference-erp1-masters-shifts.title,Shift master,بيانات الورديات الأساسية,,Pending,,New shared catalog copy; native-speaker review required.
page.reference-erp1-masters-states.title,State master,بيانات المحافظات الأساسية,,Pending,,New shared catalog copy; native-speaker review required.
page.reference-erp1-masters-students.title,Student master,بيانات الطلاب الأساسية,,Pending,,New shared catalog copy; native-speaker review required.
page.reference-erp1-masters-suppliers.title,Supplier master,بيانات الموردين الأساسية,,Pending,,New shared catalog copy; native-speaker review required.
page.reference-erp1-masters-tax-rates.title,Tax rates,معدلات الضريبة,,Pending,,New shared catalog copy; native-speaker review required.
page.reference-erp1-masters-units.title,Unit of measure,وحدة القياس,,Pending,,New shared catalog copy; native-speaker review required.
page.reference-erp1-masters-vehicles.title,Vehicle master,بيانات المركبات الأساسية,,Pending,,New shared catalog copy; native-speaker review required.
page.reference-erp1-reports-customer-ledger.title,Customer ledger,دفتر أستاذ العملاء,,Pending,,New shared catalog copy; native-speaker review required.
page.reference-erp1-reports-invoice-print.title,Invoice print,طباعة الفاتورة,,Pending,,New shared catalog copy; native-speaker review required.
page.reference-erp1-reports-purchase-register.title,Purchase register,سجل المشتريات,,Pending,,New shared catalog copy; native-speaker review required.
page.reference-erp1-reports-receivables-aging.title,Receivables aging,تقادم الذمم المدينة,,Pending,,New shared catalog copy; native-speaker review required.
page.reference-erp1-reports-sales-register.title,Sales register,سجل المبيعات,,Pending,,New shared catalog copy; native-speaker review required.
page.reference-erp1-reports-stock-summary.title,Stock summary,ملخص المخزون,,Pending,,New shared catalog copy; native-speaker review required.
page.reference-erp1-setup-company-settings.title,Company settings,إعدادات الشركة,,Pending,,New shared catalog copy; native-speaker review required.
page.reference-erp1-setup-notifications.title,Notification settings,إعدادات الإشعارات,,Pending,,New shared catalog copy; native-speaker review required.
page.reference-erp1-setup-number-series.title,Number series,سلسلة الأرقام,,Pending,,New shared catalog copy; native-speaker review required.
page.reference-erp1-setup-users.title,Users,المستخدمون,,Pending,,New shared catalog copy; native-speaker review required.
page.reference-erp1-transactions-appointments.title,Appointments,المواعيد,,Pending,,New shared catalog copy; native-speaker review required.
page.reference-erp1-transactions-attendance.title,Attendance register,سجل الحضور,,Pending,,New shared catalog copy; native-speaker review required.
page.reference-erp1-transactions-depreciation-run.title,Depreciation run,تشغيل الإهلاك,,Pending,,New shared catalog copy; native-speaker review required.
page.reference-erp1-transactions-expense-claims.title,Expense claims,مطالبات المصروفات,,Pending,,New shared catalog copy; native-speaker review required.
page.reference-erp1-transactions-goods-receipts.title,Goods receipts,إيصالات استلام البضائع,,Pending,,New shared catalog copy; native-speaker review required.
page.reference-erp1-transactions-journal-vouchers.title,Journal vouchers,سندات القيد اليومية,,Pending,,New shared catalog copy; native-speaker review required.
page.reference-erp1-transactions-leave-requests.title,Leave requests,طلبات الإجازة,,Pending,,New shared catalog copy; native-speaker review required.
page.reference-erp1-transactions-maintenance-requests.title,Maintenance requests,طلبات الصيانة,,Pending,,New shared catalog copy; native-speaker review required.
page.reference-erp1-transactions-marks-entry.title,Marks entry,إدخال الدرجات,,Pending,,New shared catalog copy; native-speaker review required.
page.reference-erp1-transactions-payment-vouchers.title,Payment vouchers,سندات الدفع,,Pending,,New shared catalog copy; native-speaker review required.
page.reference-erp1-transactions-payroll-run.title,Payroll run,تشغيل الرواتب,,Pending,,New shared catalog copy; native-speaker review required.
page.reference-erp1-transactions-petty-cash.title,Petty cash vouchers,سندات المصروفات النثرية,,Pending,,New shared catalog copy; native-speaker review required.
page.reference-erp1-transactions-purchase-orders.title,Purchase orders,أوامر الشراء,,Pending,,New shared catalog copy; native-speaker review required.
page.reference-erp1-transactions-quality-inspections.title,Quality inspections,فحوصات الجودة,,Pending,,New shared catalog copy; native-speaker review required.
page.reference-erp1-transactions-room-bookings.title,Meeting rooms,قاعات الاجتماعات,,Pending,,New shared catalog copy; native-speaker review required.
page.reference-erp1-transactions-sales-invoices.title,Sales invoices,فواتير البيع,,Pending,,New shared catalog copy; native-speaker review required.
page.reference-erp1-transactions-sales-orders.title,Sales orders,أوامر البيع,,Pending,,New shared catalog copy; native-speaker review required.
page.reference-erp1-transactions-support-tickets.title,Support tickets,تذاكر الدعم,,Pending,,New shared catalog copy; native-speaker review required.
page.reference-erp1-transactions-timesheets.title,Timesheets,سجلات أوقات العمل,,Pending,,New shared catalog copy; native-speaker review required.
page.reference-erp1-workspace-approvals.title,Approvals inbox,صندوق الموافقات,,Pending,,New shared catalog copy; native-speaker review required.
page.reference-erp1-workspace-dashboard.title,Dashboard,لوحة المعلومات,,Pending,,New shared catalog copy; native-speaker review required.
page.reference-erp2-masters-bill-of-materials.title,Bill of materials,قائمة المواد,,Pending,,New shared catalog copy; native-speaker review required.
page.reference-erp2-masters-chart-of-accounts.title,Chart of accounts,دليل الحسابات,,Pending,,New shared catalog copy; native-speaker review required.
page.reference-erp2-masters-consultation-fees.title,Consultation fees,رسوم الاستشارة,,Pending,,New shared catalog copy; native-speaker review required.
page.reference-erp2-masters-countries.title,Country master,بيانات الدول الأساسية,,Pending,,New shared catalog copy; native-speaker review required.
page.reference-erp2-masters-currencies.title,Currency master,بيانات العملات الأساسية,,Pending,,New shared catalog copy; native-speaker review required.
page.reference-erp2-masters-customers.title,Customer master,بيانات العملاء الأساسية,,Pending,,New shared catalog copy; native-speaker review required.
page.reference-erp2-masters-departments.title,Department master,بيانات الأقسام الأساسية,,Pending,,New shared catalog copy; native-speaker review required.
page.reference-erp2-masters-doctors.title,Doctor master,بيانات الأطباء الأساسية,,Pending,,New shared catalog copy; native-speaker review required.
page.reference-erp2-masters-employees.title,Employee master,بيانات الموظفين الأساسية,,Pending,,New shared catalog copy; native-speaker review required.
page.reference-erp2-masters-fee-structures.title,Fee structures,هياكل الرسوم,,Pending,,New shared catalog copy; native-speaker review required.
page.reference-erp2-masters-holidays.title,Holiday calendar,تقويم العطلات,,Pending,,New shared catalog copy; native-speaker review required.
page.reference-erp2-masters-items.title,Item master,بيانات الأصناف الأساسية,,Pending,,New shared catalog copy; native-speaker review required.
page.reference-erp2-masters-lab-tests.title,Lab test master,بيانات فحوصات المختبر الأساسية,,Pending,,New shared catalog copy; native-speaker review required.
page.reference-erp2-masters-leave-types.title,Leave types,أنواع الإجازات,,Pending,,New shared catalog copy; native-speaker review required.
page.reference-erp2-masters-org-structure.title,Organisation structure,الهيكل التنظيمي,,Pending,,New shared catalog copy; native-speaker review required.
page.reference-erp2-masters-patients.title,Patient master,بيانات المرضى الأساسية,,Pending,,New shared catalog copy; native-speaker review required.
page.reference-erp2-masters-price-lists.title,Price lists,قوائم الأسعار,,Pending,,New shared catalog copy; native-speaker review required.
page.reference-erp2-masters-product-categories.title,Product categories,فئات المنتجات,,Pending,,New shared catalog copy; native-speaker review required.
page.reference-erp2-masters-salary-structures.title,Salary structures,هياكل الرواتب,,Pending,,New shared catalog copy; native-speaker review required.
page.reference-erp2-masters-shifts.title,Shift master,بيانات الورديات الأساسية,,Pending,,New shared catalog copy; native-speaker review required.
page.reference-erp2-masters-states.title,State master,بيانات المحافظات الأساسية,,Pending,,New shared catalog copy; native-speaker review required.
page.reference-erp2-masters-students.title,Student master,بيانات الطلاب الأساسية,,Pending,,New shared catalog copy; native-speaker review required.
page.reference-erp2-masters-suppliers.title,Supplier master,بيانات الموردين الأساسية,,Pending,,New shared catalog copy; native-speaker review required.
page.reference-erp2-masters-tax-rates.title,Tax rates,معدلات الضريبة,,Pending,,New shared catalog copy; native-speaker review required.
page.reference-erp2-masters-units.title,Unit of measure,وحدة القياس,,Pending,,New shared catalog copy; native-speaker review required.
page.reference-erp2-masters-vehicles.title,Vehicle master,بيانات المركبات الأساسية,,Pending,,New shared catalog copy; native-speaker review required.
page.reference-erp2-reports-customer-ledger.title,Customer ledger,دفتر أستاذ العملاء,,Pending,,New shared catalog copy; native-speaker review required.
page.reference-erp2-reports-invoice-print.title,Invoice print,طباعة الفاتورة,,Pending,,New shared catalog copy; native-speaker review required.
page.reference-erp2-reports-purchase-register.title,Purchase register,سجل المشتريات,,Pending,,New shared catalog copy; native-speaker review required.
page.reference-erp2-reports-receivables-aging.title,Receivables aging,تقادم الذمم المدينة,,Pending,,New shared catalog copy; native-speaker review required.
page.reference-erp2-reports-sales-register.title,Sales register,سجل المبيعات,,Pending,,New shared catalog copy; native-speaker review required.
page.reference-erp2-reports-stock-summary.title,Stock summary,ملخص المخزون,,Pending,,New shared catalog copy; native-speaker review required.
page.reference-erp2-setup-company-settings.title,Company settings,إعدادات الشركة,,Pending,,New shared catalog copy; native-speaker review required.
page.reference-erp2-setup-notifications.title,Notification settings,إعدادات الإشعارات,,Pending,,New shared catalog copy; native-speaker review required.
page.reference-erp2-setup-number-series.title,Number series,سلسلة الأرقام,,Pending,,New shared catalog copy; native-speaker review required.
page.reference-erp2-setup-users.title,Users,المستخدمون,,Pending,,New shared catalog copy; native-speaker review required.
page.reference-erp2-transactions-appointments.title,Appointments,المواعيد,,Pending,,New shared catalog copy; native-speaker review required.
page.reference-erp2-transactions-attendance.title,Attendance register,سجل الحضور,,Pending,,New shared catalog copy; native-speaker review required.
page.reference-erp2-transactions-depreciation-run.title,Depreciation run,تشغيل الإهلاك,,Pending,,New shared catalog copy; native-speaker review required.
page.reference-erp2-transactions-expense-claims.title,Expense claims,مطالبات المصروفات,,Pending,,New shared catalog copy; native-speaker review required.
page.reference-erp2-transactions-goods-receipts.title,Goods receipts,إيصالات استلام البضائع,,Pending,,New shared catalog copy; native-speaker review required.
page.reference-erp2-transactions-journal-vouchers.title,Journal vouchers,سندات القيد اليومية,,Pending,,New shared catalog copy; native-speaker review required.
page.reference-erp2-transactions-leave-requests.title,Leave requests,طلبات الإجازة,,Pending,,New shared catalog copy; native-speaker review required.
page.reference-erp2-transactions-maintenance-requests.title,Maintenance requests,طلبات الصيانة,,Pending,,New shared catalog copy; native-speaker review required.
page.reference-erp2-transactions-marks-entry.title,Marks entry,إدخال الدرجات,,Pending,,New shared catalog copy; native-speaker review required.
page.reference-erp2-transactions-payment-vouchers.title,Payment vouchers,سندات الدفع,,Pending,,New shared catalog copy; native-speaker review required.
page.reference-erp2-transactions-payroll-run.title,Payroll run,تشغيل الرواتب,,Pending,,New shared catalog copy; native-speaker review required.
page.reference-erp2-transactions-petty-cash.title,Petty cash vouchers,سندات المصروفات النثرية,,Pending,,New shared catalog copy; native-speaker review required.
page.reference-erp2-transactions-purchase-orders.title,Purchase orders,أوامر الشراء,,Pending,,New shared catalog copy; native-speaker review required.
page.reference-erp2-transactions-quality-inspections.title,Quality inspections,فحوصات الجودة,,Pending,,New shared catalog copy; native-speaker review required.
page.reference-erp2-transactions-room-bookings.title,Meeting rooms,قاعات الاجتماعات,,Pending,,New shared catalog copy; native-speaker review required.
page.reference-erp2-transactions-sales-invoices.title,Sales invoices,فواتير البيع,,Pending,,New shared catalog copy; native-speaker review required.
page.reference-erp2-transactions-sales-orders.title,Sales orders,أوامر البيع,,Pending,,New shared catalog copy; native-speaker review required.
page.reference-erp2-transactions-support-tickets.title,Support tickets,تذاكر الدعم,,Pending,,New shared catalog copy; native-speaker review required.
page.reference-erp2-transactions-timesheets.title,Timesheets,سجلات أوقات العمل,,Pending,,New shared catalog copy; native-speaker review required.
page.reference-erp2-workspace-approvals.title,Approvals inbox,صندوق الموافقات,,Pending,,New shared catalog copy; native-speaker review required.
page.reference-erp2-workspace-dashboard.title,Dashboard,لوحة المعلومات,,Pending,,New shared catalog copy; native-speaker review required.
page.reference-reports-admin-access.title,Admin · Access,الإدارة · الوصول,,Pending,,New shared catalog copy; native-speaker review required.
page.reference-reports-admin-audit.title,Admin · Audit,الإدارة · التدقيق,,Pending,,New shared catalog copy; native-speaker review required.
page.reference-reports-admin-outbox.title,Admin · Outbox,الإدارة · صندوق الصادر,,Pending,,New shared catalog copy; native-speaker review required.
page.reference-reports-admin-settings.title,Admin · Settings,الإدارة · الإعدادات,,Pending,,New shared catalog copy; native-speaker review required.
page.reference-reports-admin-sources.title,Admin · Sources,الإدارة · المصادر,,Pending,,New shared catalog copy; native-speaker review required.
page.reference-reports-admin-users.title,Admin · Users,الإدارة · المستخدمون,,Pending,,New shared catalog copy; native-speaker review required.
page.reference-reports-api-keys.title,API keys,مفاتيح API,,Pending,,New shared catalog copy; native-speaker review required.
page.reference-reports-builder.title,Report builder,منشئ التقارير,,Pending,,New shared catalog copy; native-speaker review required.
page.reference-reports-dashboards.title,Dashboards,لوحات المعلومات,,Pending,,New shared catalog copy; native-speaker review required.
page.reference-reports-email-in.title,Email-in requests,طلبات البريد الوارد,,Pending,,New shared catalog copy; native-speaker review required.
page.reference-reports-jobs.title,Background jobs,المهام الخلفية,,Pending,,New shared catalog copy; native-speaker review required.
page.reference-reports-overview.title,Overview,نظرة عامة,,Pending,,New shared catalog copy; native-speaker review required.
page.reference-reports-reports.title,Report library,مكتبة التقارير,,Pending,,New shared catalog copy; native-speaker review required.
page.reference-reports-schedules.title,Schedules,الجداول الزمنية,,Pending,,New shared catalog copy; native-speaker review required.
page.reference-school-admissions.title,Admissions,القبول والتسجيل,,Pending,,New shared catalog copy; native-speaker review required.
page.reference-school-assignments.title,Assignments,الواجبات,,Pending,,New shared catalog copy; native-speaker review required.
page.reference-school-attendance.title,Attendance,الحضور,,Pending,,New shared catalog copy; native-speaker review required.
page.reference-school-calendar.title,Calendar,التقويم,,Pending,,New shared catalog copy; native-speaker review required.
page.reference-school-classes.title,Classes,الفصول,,Pending,,New shared catalog copy; native-speaker review required.
page.reference-school-dashboard.title,Dashboard,لوحة المعلومات,,Pending,,New shared catalog copy; native-speaker review required.
page.reference-school-exams.title,Exams,الامتحانات,,Pending,,New shared catalog copy; native-speaker review required.
page.reference-school-fees.title,Fees,الرسوم,,Pending,,New shared catalog copy; native-speaker review required.
page.reference-school-library.title,Library,المكتبة,,Pending,,New shared catalog copy; native-speaker review required.
page.reference-school-live.title,Live,مباشر,,Pending,,New shared catalog copy; native-speaker review required.
page.reference-school-marks.title,Marks,الدرجات,,Pending,,New shared catalog copy; native-speaker review required.
page.reference-school-messages.title,Messages,الرسائل,,Pending,,New shared catalog copy; native-speaker review required.
page.reference-school-notices.title,Notices,الإشعارات,,Pending,,New shared catalog copy; native-speaker review required.
page.reference-school-quizzes-new.title,Quizzes · New,الاختبارات القصيرة · جديد,,Pending,,New shared catalog copy; native-speaker review required.
page.reference-school-quizzes.title,Quizzes,الاختبارات القصيرة,,Pending,,New shared catalog copy; native-speaker review required.
page.reference-school-reports.title,Reports,التقارير,,Pending,,New shared catalog copy; native-speaker review required.
page.reference-school-settings.title,Settings,الإعدادات,,Pending,,New shared catalog copy; native-speaker review required.
page.reference-school-students-new.title,Students · New,الطلاب · جديد,,Pending,,New shared catalog copy; native-speaker review required.
page.reference-school-students.title,Students,الطلاب,,Pending,,New shared catalog copy; native-speaker review required.
page.reference-school-subjects.title,Subjects,المواد الدراسية,,Pending,,New shared catalog copy; native-speaker review required.
page.reference-school-teachers-new.title,Teachers · New,المعلمون · جديد,,Pending,,New shared catalog copy; native-speaker review required.
page.reference-school-teachers.title,Teachers,المعلمون,,Pending,,New shared catalog copy; native-speaker review required.
page.reference-school-timetable.title,Timetable,الجدول الزمني,,Pending,,New shared catalog copy; native-speaker review required.
page.reference-school-whiteboard.title,Whiteboard,السبورة البيضاء,,Pending,,New shared catalog copy; native-speaker review required.
paid,paid,مدفوع,,Pending,,New shared catalog copy; native-speaker review required.
"pass,","pass,",نجاح،,,Pending,,New shared catalog copy; native-speaker review required.
past due date,past due date,تجاوز تاريخ الاستحقاق,,Pending,,New shared catalog copy; native-speaker review required.
past sessions,past sessions,الجلسات السابقة,,Pending,,New shared catalog copy; native-speaker review required.
patient identifiers,patient identifiers,معرّفات المريض,,Pending,,New shared catalog copy; native-speaker review required.
per subject),per subject),لكل مادة),,Pending,,New shared catalog copy; native-speaker review required.
per week,per week,في الأسبوع,,Pending,,New shared catalog copy; native-speaker review required.
percent,percent,نسبة مئوية,,Pending,,New shared catalog copy; native-speaker review required.
periods,periods,الحصص,,Pending,,New shared catalog copy; native-speaker review required.
periods / week,periods / week,حصص / أسبوع,,Pending,,New shared catalog copy; native-speaker review required.
periods/wk,periods/wk,حصص/أسبوع,,Pending,,New shared catalog copy; native-speaker review required.
point,point,نقطة,,Pending,,New shared catalog copy; native-speaker review required.
points ·,points ·,نقاط ·,,Pending,,New shared catalog copy; native-speaker review required.
portal,portal,البوابة,,Pending,,New shared catalog copy; native-speaker review required.
practical assessment,practical assessment,تقييم عملي,,Pending,,New shared catalog copy; native-speaker review required.
published by teachers,published by teachers,نشره المعلمون,,Pending,,New shared catalog copy; native-speaker review required.
questions,questions,الأسئلة,,Pending,,New shared catalog copy; native-speaker review required.
questions are still flagged for review.,questions are still flagged for review.,لا تزال الأسئلة مُعلَّمة للمراجعة.,,Pending,,New shared catalog copy; native-speaker review required.
questions ·,questions ·,أسئلة ·,,Pending,,New shared catalog copy; native-speaker review required.
questions.,questions.,الأسئلة.,,Pending,,New shared catalog copy; native-speaker review required.
queued,queued,في قائمة الانتظار,,Pending,,New shared catalog copy; native-speaker review required.
quizzes,quizzes,الاختبارات القصيرة,,Pending,,New shared catalog copy; native-speaker review required.
reference-erp1.section.masters,Masters,البيانات الأساسية,,Pending,,New shared catalog copy; native-speaker review required.
reference-erp1.section.reports,Reports,التقارير,,Pending,,New shared catalog copy; native-speaker review required.
reference-erp1.section.setup,Setup,الإعداد,,Pending,,New shared catalog copy; native-speaker review required.
reference-erp1.section.transactions,Transactions,المعاملات,,Pending,,New shared catalog copy; native-speaker review required.
reference-erp1.section.workspace,Workspace,مساحة العمل,,Pending,,New shared catalog copy; native-speaker review required.
reference-erp1.shortLabel,ERP 1,ERP 1,,Pending,,New shared catalog copy; native-speaker review required.
reference-erp1.title,Keystone ERP 1,Keystone ERP 1,,Pending,,New shared catalog copy; native-speaker review required.
reference-erp2.section.masters,Masters,البيانات الأساسية,,Pending,,New shared catalog copy; native-speaker review required.
reference-erp2.section.reports,Reports,التقارير,,Pending,,New shared catalog copy; native-speaker review required.
reference-erp2.section.setup,Setup,الإعداد,,Pending,,New shared catalog copy; native-speaker review required.
reference-erp2.section.transactions,Transactions,المعاملات,,Pending,,New shared catalog copy; native-speaker review required.
reference-erp2.section.workspace,Workspace,مساحة العمل,,Pending,,New shared catalog copy; native-speaker review required.
reference-erp2.shortLabel,ERP 2,ERP 2,,Pending,,New shared catalog copy; native-speaker review required.
reference-erp2.title,Keystone ERP 2,Keystone ERP 2,,Pending,,New shared catalog copy; native-speaker review required.
reference-reports.section.admin,Admin,الإدارة,,Pending,,New shared catalog copy; native-speaker review required.
reference-reports.section.workspace,Workspace,مساحة العمل,,Pending,,New shared catalog copy; native-speaker review required.
reference-reports.shortLabel,Reports,التقارير,,Pending,,New shared catalog copy; native-speaker review required.
reference-reports.title,Lumen Reports,تقارير Lumen,,Pending,,New shared catalog copy; native-speaker review required.
reference-school.section.workspace,Workspace,مساحة العمل,,Pending,,New shared catalog copy; native-speaker review required.
reference-school.shortLabel,School,المدرسة,,Pending,,New shared catalog copy; native-speaker review required.
reference-school.title,Scholaris School,مدرسة Scholaris,,Pending,,New shared catalog copy; native-speaker review required.
reference.modules.demoNotice,Fictional demo data.,بيانات تجريبية وهمية.,,Pending,,New shared catalog copy; native-speaker review required.
reference.modules.loading,Loading module…,جارٍ تحميل الوحدة…,,Pending,,New shared catalog copy; native-speaker review required.
reference.modules.requestFailed,The request could not be completed.,تعذر إكمال الطلب.,,Pending,,New shared catalog copy; native-speaker review required.
reference.modules.signIn,Sign in through the application host to continue.,قم بتسجيل الدخول عبر مضيف التطبيق للمتابعة.,,Pending,,New shared catalog copy; native-speaker review required.
request,request,طلب,,Pending,,New shared catalog copy; native-speaker review required.
responded,responded,تم الرد,,Pending,,New shared catalog copy; native-speaker review required.
row,row,صف,,Pending,,New shared catalog copy; native-speaker review required.
running,running,قيد التشغيل,,Pending,,New shared catalog copy; native-speaker review required.
s,s,ثانية,,Pending,,New shared catalog copy; native-speaker review required.
school-wide,school-wide,على مستوى المدرسة,,Pending,,New shared catalog copy; native-speaker review required.
school.alreadyAttempted,You have already attempted this quiz.,لقد قمت بالفعل بمحاولة هذا الاختبار.,,Pending,,New shared catalog copy; native-speaker review required.
school.attachmentTooLarge,This file is too large to upload.,هذا الملف كبير جدًا للتحميل.,,Pending,,New shared catalog copy; native-speaker review required.
school.authorsOnly,Only teachers and administrators can view the question bank.,يمكن للمعلمين والمسؤولين فقط عرض بنك الأسئلة.,,Pending,,New shared catalog copy; native-speaker review required.
school.bookNotFound,That book does not exist.,هذا الكتاب غير موجود.,,Pending,,New shared catalog copy; native-speaker review required.
school.branchMismatch,You do not have access to this branch.,ليس لديك صلاحية الوصول إلى هذا الفرع.,,Pending,,New shared catalog copy; native-speaker review required.
school.copiesBelowIssued,Copies cannot be fewer than the number currently issued.,لا يمكن أن يكون عدد النسخ أقل من العدد الصادر حاليًا.,,Pending,,New shared catalog copy; native-speaker review required.
school.expectedAction,Provide an action.,يرجى تحديد إجراء.,,Pending,,New shared catalog copy; native-speaker review required.
school.expectedAssignmentStudent,Provide an assignment and a student.,يرجى تحديد واجب وطالب.,,Pending,,New shared catalog copy; native-speaker review required.
school.expectedDateRows,Provide a date and a list of attendance rows.,يرجى تقديم تاريخ وقائمة بصفوف الحضور.,,Pending,,New shared catalog copy; native-speaker review required.
school.expectedEmoji,Choose a reaction.,يرجى اختيار رد فعل.,,Pending,,New shared catalog copy; native-speaker review required.
school.expectedInvoiceIds,Provide a list of invoice IDs.,يرجى تقديم قائمة بمعرّفات الفواتير.,,Pending,,New shared catalog copy; native-speaker review required.
school.expectedLeaveRequest,"Provide a student, dates and a reason for the leave request.",يرجى تقديم طالب وتواريخ وسبب لطلب الإجازة.,,Pending,,New shared catalog copy; native-speaker review required.
school.expectedReservation,Provide a book and a member.,يرجى تحديد كتاب وعضو.,,Pending,,New shared catalog copy; native-speaker review required.
school.expectedTermEntries,Provide a term and a list of mark entries.,قدّم فصلاً دراسيًا وقائمة من إدخالات الدرجات.,,Pending,,New shared catalog copy; native-speaker review required.
school.expectedText,Enter a message.,يرجى إدخال رسالة.,,Pending,,New shared catalog copy; native-speaker review required.
school.hostOnly,Only the host can do this.,المضيف فقط يمكنه القيام بذلك.,,Pending,,New shared catalog copy; native-speaker review required.
school.invalidAmount,Enter a valid payment amount.,يرجى إدخال مبلغ دفع صالح.,,Pending,,New shared catalog copy; native-speaker review required.
school.invalidAnswers,Provide a valid answer for every question.,يرجى تقديم إجابة صالحة لكل سؤال.,,Pending,,New shared catalog copy; native-speaker review required.
school.invalidApplication,The application scope is invalid or missing.,نطاق التطبيق غير صالح أو مفقود.,,Pending,,New shared catalog copy; native-speaker review required.
school.invalidAttachment,The attachment content is invalid or empty.,محتوى المرفق غير صالح أو فارغ.,,Pending,,New shared catalog copy; native-speaker review required.
school.invalidAttachmentName,Provide a valid file name.,يرجى تقديم اسم ملف صالح.,,Pending,,New shared catalog copy; native-speaker review required.
school.invalidAttachmentType,That file type is not supported.,نوع الملف هذا غير مدعوم.,,Pending,,New shared catalog copy; native-speaker review required.
school.invalidAttachments,One or more attachments are invalid.,مرفق واحد أو أكثر غير صالح.,,Pending,,New shared catalog copy; native-speaker review required.
school.invalidBranch,The branch scope is invalid or missing.,نطاق الفرع غير صالح أو مفقود.,,Pending,,New shared catalog copy; native-speaker review required.
school.invalidCopies,Number of copies must be a whole number of zero or more.,يجب أن يكون عدد النسخ رقمًا صحيحًا يساوي صفرًا أو أكثر.,,Pending,,New shared catalog copy; native-speaker review required.
school.invalidMessage,The message is invalid.,الرسالة غير صالحة.,,Pending,,New shared catalog copy; native-speaker review required.
school.invalidPassword,New password must be at least 8 characters and match the confirmation.,يجب أن تتكون كلمة المرور الجديدة من 8 أحرف على الأقل وأن تطابق التأكيد.,,Pending,,New shared catalog copy; native-speaker review required.
school.invalidPurpose,Provide a valid attachment purpose.,يرجى تحديد غرض مرفق صالح.,,Pending,,New shared catalog copy; native-speaker review required.
school.invalidQuestionIndex,That question could not be found.,لم يتم العثور على هذا السؤال.,,Pending,,New shared catalog copy; native-speaker review required.
school.invalidStatus,"Attendance status must be Present, Absent, Late or Excused.",يجب أن تكون حالة الحضور: حاضر، غائب، متأخر أو معذور.,,Pending,,New shared catalog copy; native-speaker review required.
school.invalidTenant,The tenant for this account is invalid or missing.,المستأجر الخاص بهذا الحساب غير صالح أو مفقود.,,Pending,,New shared catalog copy; native-speaker review required.
school.invalidUser,The signed-in user's identity is invalid or missing.,هوية المستخدم المسجل الدخول غير صالحة أو مفقودة.,,Pending,,New shared catalog copy; native-speaker review required.
school.invalidUserBranch,The user's assigned branch is invalid or missing.,الفرع المخصص للمستخدم غير صالح أو مفقود.,,Pending,,New shared catalog copy; native-speaker review required.
school.invalidVote,Choose a valid option.,يرجى اختيار خيار صالح.,,Pending,,New shared catalog copy; native-speaker review required.
school.malformedBody,Request body must be an object.,يجب أن يكون محتوى الطلب كائنًا صالحًا.,,Pending,,New shared catalog copy; native-speaker review required.
school.marksRange,Marks must be between 0 and the maximum for this term.,يجب أن تكون الدرجات بين 0 والحد الأقصى لهذا الفصل الدراسي.,,Pending,,New shared catalog copy; native-speaker review required.
school.messageHistoryDropped,Existing messages cannot be removed.,لا يمكن حذف الرسائل الحالية.,,Pending,,New shared catalog copy; native-speaker review required.
school.messageImmutable,Existing messages cannot be changed.,لا يمكن تعديل الرسائل الحالية.,,Pending,,New shared catalog copy; native-speaker review required.
school.messageImpersonation,You can only send messages as yourself.,يمكنك إرسال الرسائل باسمك فقط.,,Pending,,New shared catalog copy; native-speaker review required.
school.methodNotAllowed,This method is not allowed for this endpoint.,هذه الطريقة غير مسموح بها لهذه النقطة الطرفية.,,Pending,,New shared catalog copy; native-speaker review required.
school.noCopiesAvailable,No copies of this book are currently available.,لا توجد نسخ متاحة حاليًا من هذا الكتاب.,,Pending,,New shared catalog copy; native-speaker review required.
school.noOpenPoll,There is no poll open right now.,لا يوجد استطلاع مفتوح حاليًا.,,Pending,,New shared catalog copy; native-speaker review required.
school.notAssigned,You are not assigned to this class or subject.,أنت غير مُكلف بهذا الصف أو المادة.,,Pending,,New shared catalog copy; native-speaker review required.
school.notFound,Not found.,غير موجود.,,Pending,,New shared catalog copy; native-speaker review required.
school.notOwn,You can only access your own records or those of your children.,يمكنك فقط الوصول إلى سجلاتك الخاصة أو سجلات أبنائك.,,Pending,,New shared catalog copy; native-speaker review required.
school.notPermitted,Your role does not have permission for this.,دورك لا يملك صلاحية لهذا الإجراء.,,Pending,,New shared catalog copy; native-speaker review required.
school.overpayment,The payment exceeds the remaining invoice balance.,المبلغ المدفوع يتجاوز الرصيد المتبقي من الفاتورة.,,Pending,,New shared catalog copy; native-speaker review required.
school.pollMismatch,This poll has already closed or changed.,لقد تم إغلاق هذا الاستطلاع أو تغييره بالفعل.,,Pending,,New shared catalog copy; native-speaker review required.
school.previewOnly,"Staff can only preview grading, not submit it.",يمكن للموظفين معاينة التصحيح فقط، وليس تقديمه.,,Pending,,New shared catalog copy; native-speaker review required.
school.provideAssignmentOrStudent,Provide an assignment or a student.,يرجى تحديد واجب أو طالب.,,Pending,,New shared catalog copy; native-speaker review required.
school.provideClassOrStudent,Provide a class or a student.,يرجى تحديد فصل أو طالب.,,Pending,,New shared catalog copy; native-speaker review required.
school.provideStudent,Provide a student.,يرجى تحديد طالب.,,Pending,,New shared catalog copy; native-speaker review required.
school.quizNotAvailable,This quiz is not currently published.,هذا الاختبار غير منشور حاليًا.,,Pending,,New shared catalog copy; native-speaker review required.
school.roleDenied,Your account role is not recognized by this application.,دور حسابك غير معروف لدى هذا التطبيق.,,Pending,,New shared catalog copy; native-speaker review required.
school.roleMismatch,You cannot view data for a different role.,لا يمكنك عرض بيانات دور مختلف.,,Pending,,New shared catalog copy; native-speaker review required.
school.studentsOnly,Only students can submit quiz attempts.,الطلاب فقط يمكنهم تقديم محاولات الاختبار.,,Pending,,New shared catalog copy; native-speaker review required.
school.unknownAction,That action is not recognized.,هذا الإجراء غير معروف.,,Pending,,New shared catalog copy; native-speaker review required.
school.unknownClass,That class does not exist.,هذا الفصل غير موجود.,,Pending,,New shared catalog copy; native-speaker review required.
school.unknownClassOrTerm,That class or term does not exist.,هذا الصف أو الفصل الدراسي غير موجود.,,Pending,,New shared catalog copy; native-speaker review required.
school.unknownRole,That role is not recognized.,هذا الدور غير معروف.,,Pending,,New shared catalog copy; native-speaker review required.
school.unknownRoute,That address does not exist.,هذا العنوان غير موجود.,,Pending,,New shared catalog copy; native-speaker review required.
school.unknownTeacher,The selected teacher does not exist.,المعلم المحدد غير موجود.,,Pending,,New shared catalog copy; native-speaker review required.
school.unknownTerm,That term does not exist.,هذا الفصل الدراسي غير موجود.,,Pending,,New shared catalog copy; native-speaker review required.
school.writeDenied,Your role cannot make this change.,دورك لا يستطيع إجراء هذا التغيير.,,Pending,,New shared catalog copy; native-speaker review required.
school.wrongPassword,Your current password is incorrect.,كلمة مرورك الحالية غير صحيحة.,,Pending,,New shared catalog copy; native-speaker review required.
seats,seats,المقاعد,,Pending,,New shared catalog copy; native-speaker review required.
seats ·,seats ·,مقاعد ·,,Pending,,New shared catalog copy; native-speaker review required.
sensitive,sensitive,حساس,,Pending,,New shared catalog copy; native-speaker review required.
sent,sent,مُرسَل,,Pending,,New shared catalog copy; native-speaker review required.
started {value0},started {value0},بدأ {value0},,Pending,,New shared catalog copy; native-speaker review required.
starts {value0},starts {value0},يبدأ {value0},,Pending,,New shared catalog copy; native-speaker review required.
stream · the new student will be roll number,stream · the new student will be roll number,القسم · سيكون الطالب الجديد برقم القيد,,Pending,,New shared catalog copy; native-speaker review required.
student & peer feedback,student & peer feedback,تعليقات الطالب والأقران,,Pending,,New shared catalog copy; native-speaker review required.
students,students,الطلاب,,Pending,,New shared catalog copy; native-speaker review required.
students in,students in,الطلاب في,,Pending,,New shared catalog copy; native-speaker review required.
students · class teacher,students · class teacher,طلاب · معلم الفصل,,Pending,,New shared catalog copy; native-speaker review required.
subject,subject,المادة,,Pending,,New shared catalog copy; native-speaker review required.
submissions,submissions,التسليمات,,Pending,,New shared catalog copy; native-speaker review required.
submissions to grade,submissions to grade,التقديمات للتصحيح,,Pending,,New shared catalog copy; native-speaker review required.
system,system,النظام,,Pending,,New shared catalog copy; native-speaker review required.
then,then,ثم,,Pending,,New shared catalog copy; native-speaker review required.
to {to},to {to},إلى {to},,Pending,,New shared catalog copy; native-speaker review required.
total,total,الإجمالي,,Pending,,New shared catalog copy; native-speaker review required.
unanswered questions will score zero.,unanswered questions will score zero.,الأسئلة التي لم تتم الإجابة عليها ستحصل على صفر.,,Pending,,New shared catalog copy; native-speaker review required.
unsaved,unsaved,غير محفوظ,,Pending,,New shared catalog copy; native-speaker review required.
unsaved change,unsaved change,تغيير غير محفوظ,,Pending,,New shared catalog copy; native-speaker review required.
until {date},until {date},حتى {date},,Pending,,New shared catalog copy; native-speaker review required.
used,used,مستخدم,,Pending,,New shared catalog copy; native-speaker review required.
user {id},user {id},المستخدم {id},,Pending,,New shared catalog copy; native-speaker review required.
will get a confirmation message once you confirm.,will get a confirmation message once you confirm.,سيحصل على رسالة تأكيد بمجرد التأكيد.,,Pending,,New shared catalog copy; native-speaker review required.
you,you,أنت,,Pending,,New shared catalog copy; native-speaker review required.
your subject,your subject,مادتك,,Pending,,New shared catalog copy; native-speaker review required.
your subjects,your subjects,موادك,,Pending,,New shared catalog copy; native-speaker review required.
{action} for all {category} reports,{action} for all {category} reports,{action} لجميع تقارير {category},,Pending,,New shared catalog copy; native-speaker review required.
"{category} / {subcategory}, version {version}","{category} / {subcategory}, version {version}",{category} / {subcategory}، الإصدار {version},,Pending,,New shared catalog copy; native-speaker review required.
{count} in progress,{count} in progress,{count} قيد التقدم,,Pending,,New shared catalog copy; native-speaker review required.
{count} reports available to your role. Star the ones you use most to find them first.,{count} reports available to your role. Star the ones you use most to find them first.,{count} تقارير متاحة لدورك. ضع علامة نجمة على الأكثر استخدامًا لإيجادها أولاً.,,Pending,,New shared catalog copy; native-speaker review required.
{count} users,{count} users,{count} مستخدم,,Pending,,New shared catalog copy; native-speaker review required.
"{count} widgets, owned by {owner}","{count} widgets, owned by {owner}",{count} أداة، مملوكة لـ {owner},,Pending,,New shared catalog copy; native-speaker review required.
{days} days,{days} days,{days} أيام,,Pending,,New shared catalog copy; native-speaker review required.
{done} of {total} months,{done} of {total} months,{done} من {total} أشهر,,Pending,,New shared catalog copy; native-speaker review required.
{from} to {to},{from} to {to},{from} إلى {to},,Pending,,New shared catalog copy; native-speaker review required.
{from} to {to}:,{from} to {to}:,{from} إلى {to}:,,Pending,,New shared catalog copy; native-speaker review required.
{kind} of {report},{kind} of {report},{kind} من {report},,Pending,,New shared catalog copy; native-speaker review required.
{org} reporting workspace,{org} reporting workspace,مساحة عمل التقارير الخاصة بـ {org},,Pending,,New shared catalog copy; native-speaker review required.
{record} marked {status},{record} marked {status},تم تمييز {record} بـ {status},,Pending,,New shared catalog copy; native-speaker review required.
{resourceType} availability,{resourceType} availability,توفر {resourceType},,Pending,,New shared catalog copy; native-speaker review required.
{resource} is already booked at this time. Pick another slot or {resourceType}.,{resource} is already booked at this time. Pick another slot or {resourceType}.,{resource} محجوز بالفعل في هذا الوقت. اختر فترة أخرى أو {resourceType}.,,Pending,,New shared catalog copy; native-speaker review required.
"{timing}, covering {period}, as {format}.","{timing}, covering {period}, as {format}.",{timing}، يغطي {period}، بصيغة {format}.,,Pending,,New shared catalog copy; native-speaker review required.
{value0},{value0},{value0},,Pending,,New shared catalog copy; native-speaker review required.
{value0} (you),{value0} (you),{value0} (أنت),,Pending,,New shared catalog copy; native-speaker review required.
{value0} Quarterly average,{value0} Quarterly average,{value0} المعدل الفصلي,,Pending,,New shared catalog copy; native-speaker review required.
{value0} active students,{value0} active students,{value0} طالب نشط,,Pending,,New shared catalog copy; native-speaker review required.
{value0} added,{value0} added,تمت إضافة {value0},,Pending,,New shared catalog copy; native-speaker review required.
{value0} added to the curriculum,{value0} added to the curriculum,تمت إضافة {value0} إلى المنهج,,Pending,,New shared catalog copy; native-speaker review required.
{value0} already has a paper on this date.,{value0} already has a paper on this date.,لدى {value0} ورقة اختبار بالفعل في هذا التاريخ.,,Pending,,New shared catalog copy; native-speaker review required.
{value0} answered · {value1} flagged,{value0} answered · {value1} flagged,{value0} تمت الإجابة عليها · {value1} تم تمييزها,,Pending,,New shared catalog copy; native-speaker review required.
{value0} assignments open,{value0} assignments open,{value0} واجبات مفتوحة,,Pending,,New shared catalog copy; native-speaker review required.
{value0} attendance,{value0} attendance,حضور {value0},,Pending,,New shared catalog copy; native-speaker review required.
{value0} booked for {value1},{value0} booked for {value1},{value0} محجوز لـ {value1},,Pending,,New shared catalog copy; native-speaker review required.
{value0} classes,{value0} classes,{value0} فصول,,Pending,,New shared catalog copy; native-speaker review required.
{value0} collected of {value1} billed,{value0} collected of {value1} billed,تم تحصيل {value0} من أصل {value1} المفوترة,,Pending,,New shared catalog copy; native-speaker review required.
{value0} completed,{value0} completed,اكتمل {value0},,Pending,,New shared catalog copy; native-speaker review required.
{value0} copies,{value0} copies,{value0} نسخ,,Pending,,New shared catalog copy; native-speaker review required.
{value0} created,{value0} created,تم إنشاء {value0},,Pending,,New shared catalog copy; native-speaker review required.
{value0} days,{value0} days,{value0} أيام,,Pending,,New shared catalog copy; native-speaker review required.
{value0} days overdue · fine {value1},{value0} days overdue · fine {value1},متأخر {value0} أيام · غرامة {value1},,Pending,,New shared catalog copy; native-speaker review required.
{value0} deleted,{value0} deleted,تم حذف {value0},,Pending,,New shared catalog copy; native-speaker review required.
{value0} departments,{value0} departments,{value0} أقسام,,Pending,,New shared catalog copy; native-speaker review required.
{value0} event{value1},{value0} event{value1},{value0} حدث{value1},,Pending,,New shared catalog copy; native-speaker review required.
{value0} fees,{value0} fees,رسوم {value0},,Pending,,New shared catalog copy; native-speaker review required.
{value0} from,{value0} from,{value0} من,,Pending,,New shared catalog copy; native-speaker review required.
{value0} invoices,{value0} invoices,{value0} فواتير,,Pending,,New shared catalog copy; native-speaker review required.
{value0} is already booked at {value1},{value0} is already booked at {value1},{value0} محجوز بالفعل في {value1},,Pending,,New shared catalog copy; native-speaker review required.
{value0} is now class teacher of {value1},{value0} is now class teacher of {value1},{value0} أصبح الآن معلم فصل {value1},,Pending,,New shared catalog copy; native-speaker review required.
{value0} is required,{value0} is required,{value0} مطلوب,,Pending,,New shared catalog copy; native-speaker review required.
{value0} live now,{value0} live now,{value0} مباشر الآن,,Pending,,New shared catalog copy; native-speaker review required.
{value0} marked {value1},{value0} marked {value1},تم تمييز {value0} بـ {value1},,Pending,,New shared catalog copy; native-speaker review required.
{value0} moved to {value1},{value0} moved to {value1},تم نقل {value0} إلى {value1},,Pending,,New shared catalog copy; native-speaker review required.
{value0} of {value1} available,{value0} of {value1} available,{value0} من {value1} متاح,,Pending,,New shared catalog copy; native-speaker review required.
{value0} of {value1} copies available · shelf {value2},{value0} of {value1} copies available · shelf {value2},{value0} من {value1} نسخة متاحة · الرف {value2},,Pending,,New shared catalog copy; native-speaker review required.
{value0} of {value1} steps,{value0} of {value1} steps,{value0} من {value1} خطوات,,Pending,,New shared catalog copy; native-speaker review required.
{value0} on leave,{value0} on leave,{value0} في إجازة,,Pending,,New shared catalog copy; native-speaker review required.
{value0} on {value1},{value0} on {value1},{value0} في {value1},,Pending,,New shared catalog copy; native-speaker review required.
{value0} open,{value0} open,{value0} مفتوح,,Pending,,New shared catalog copy; native-speaker review required.
{value0} outstanding,{value0} outstanding,{value0} مستحق,,Pending,,New shared catalog copy; native-speaker review required.
{value0} overdue,{value0} overdue,{value0} متأخر,,Pending,,New shared catalog copy; native-speaker review required.
{value0} overdue · {value1}/day,{value0} overdue · {value1}/day,{value0} متأخر · {value1}/يوم,,Pending,,New shared catalog copy; native-speaker review required.
{value0} paper scheduled for {value1},{value0} paper scheduled for {value1},ورقة {value0} مجدولة لـ {value1},,Pending,,New shared catalog copy; native-speaker review required.
{value0} part-paid,{value0} part-paid,{value0} مدفوع جزئيًا,,Pending,,New shared catalog copy; native-speaker review required.
{value0} partly paid,{value0} partly paid,{value0} مدفوع جزئيًا,,Pending,,New shared catalog copy; native-speaker review required.
{value0} per week,{value0} per week,{value0} في الأسبوع,,Pending,,New shared catalog copy; native-speaker review required.
{value0} periods,{value0} periods,{value0} حصص,,Pending,,New shared catalog copy; native-speaker review required.
{value0} qualified,{value0} qualified,{value0} مؤهل,,Pending,,New shared catalog copy; native-speaker review required.
{value0} questions added from the bank,{value0} questions added from the bank,تمت إضافة {value0} أسئلة من البنك,,Pending,,New shared catalog copy; native-speaker review required.
{value0} questions · {value1} points,{value0} questions · {value1} points,{value0} أسئلة · {value1} نقاط,,Pending,,New shared catalog copy; native-speaker review required.
{value0} receipts and notes,{value0} receipts and notes,{value0} إيصالات وملاحظات,,Pending,,New shared catalog copy; native-speaker review required.
{value0} received from {value1},{value0} received from {value1},تم استلام {value0} من {value1},,Pending,,New shared catalog copy; native-speaker review required.
{value0} record added,{value0} record added,تمت إضافة سجل {value0},,Pending,,New shared catalog copy; native-speaker review required.
{value0} registered · admission no. {value1},{value0} registered · admission no. {value1},{value0} مسجل · رقم القبول {value1},,Pending,,New shared catalog copy; native-speaker review required.
{value0} registered · {value1},{value0} registered · {value1},{value0} مسجل · {value1},,Pending,,New shared catalog copy; native-speaker review required.
{value0} seats,{value0} seats,{value0} مقاعد,,Pending,,New shared catalog copy; native-speaker review required.
{value0} sections,{value0} sections,{value0} شعب,,Pending,,New shared catalog copy; native-speaker review required.
{value0} submitted for approval,{value0} submitted for approval,تم تقديم {value0} للموافقة,,Pending,,New shared catalog copy; native-speaker review required.
{value0} that day,{value0} that day,{value0} في ذلك اليوم,,Pending,,New shared catalog copy; native-speaker review required.
{value0} to,{value0} to,{value0} إلى,,Pending,,New shared catalog copy; native-speaker review required.
{value0} to {value1},{value0} to {value1},{value0} إلى {value1},,Pending,,New shared catalog copy; native-speaker review required.
{value0} unsaved mark{value1} will be lost if you switch term.,{value0} unsaved mark{value1} will be lost if you switch term.,سيتم فقدان {value0} علامة{value1} غير محفوظة إذا قمت بتبديل الفصل الدراسي.,,Pending,,New shared catalog copy; native-speaker review required.
{value0} updates,{value0} updates,{value0} تحديثات,,Pending,,New shared catalog copy; native-speaker review required.
{value0} {value1},{value0} {value1},{value0} {value1},,Pending,,New shared catalog copy; native-speaker review required.
{value0} · Roll {value1} · {value2},{value0} · Roll {value1} · {value2},{value0} · الرقم {value1} · {value2},,Pending,,New shared catalog copy; native-speaker review required.
{value0} · Room {value1} · {value2}/{value3} students · class average {value4}%,{value0} · Room {value1} · {value2}/{value3} students · class average {value4}%,{value0} · الغرفة {value1} · {value2}/{value3} طلاب · متوسط الفصل {value4}%,,Pending,,New shared catalog copy; native-speaker review required.
{value0} · applying for Grade {value1},{value0} · applying for Grade {value1},{value0} · يتقدم للصف {value1},,Pending,,New shared catalog copy; native-speaker review required.
{value0} · due {value1},{value0} · due {value1},{value0} · مستحق {value1},,Pending,,New shared catalog copy; native-speaker review required.
{value0} · due {value1} · {value2} marks,{value0} · due {value1} · {value2} marks,{value0} · مستحق {value1} · {value2} علامات,,Pending,,New shared catalog copy; native-speaker review required.
{value0} · {value1} min · {value2} attended,{value0} · {value1} min · {value2} attended,{value0} · {value1} دقيقة · حضر {value2},,Pending,,New shared catalog copy; native-speaker review required.
{value0} · {value1} reviewed questions,{value0} · {value1} reviewed questions,{value0} · {value1} أسئلة تمت مراجعتها,,Pending,,New shared catalog copy; native-speaker review required.
{value0} · {value1} · balance {value2},{value0} · {value1} · balance {value2},{value0} · {value1} · الرصيد {value2},,Pending,,New shared catalog copy; native-speaker review required.
{value0} · {value1} · due {value2} · {value3} marks,{value0} · {value1} · due {value2} · {value3} marks,{value0} · {value1} · مستحق {value2} · {value3} علامات,,Pending,,New shared catalog copy; native-speaker review required.
{value0} · {value1} · {value2},{value0} · {value1} · {value2},{value0} · {value1} · {value2},,Pending,,New shared catalog copy; native-speaker review required.
{value0} · {value1}: {value2},{value0} · {value1}: {value2},{value0} · {value1}: {value2},,Pending,,New shared catalog copy; native-speaker review required.
{value0}%,{value0}%,{value0}%,,Pending,,New shared catalog copy; native-speaker review required.
{value0}% collection rate,{value0}% collection rate,معدل تحصيل {value0}%,,Pending,,New shared catalog copy; native-speaker review required.
{value0}% of stock,{value0}% of stock,{value0}% من المخزون,,Pending,,New shared catalog copy; native-speaker review required.
{value0}% of {value1},{value0}% of {value1},{value0}% من {value1},,Pending,,New shared catalog copy; native-speaker review required.
{value0}'s week at a glance,{value0}'s week at a glance,أسبوع {value0} في لمحة,,Pending,,New shared catalog copy; native-speaker review required.
"{value0}, {value1} event{value2}","{value0}, {value1} event{value2}",{value0}، {value1} حدث{value2},,Pending,,New shared catalog copy; native-speaker review required.
{value0}.csv downloaded · {value1} rows,{value0}.csv downloaded · {value1} rows,تم تنزيل {value0}.csv · {value1} صف,,Pending,,New shared catalog copy; native-speaker review required.
"{value0}/api/v1/reports/{value1}?period=last_month&format=csv
{value2}/api/v1/reports/{value3}?from=2025-01-01&to=2025-03-31&branch=Chennai,Kochi&page=1","{value0}/api/v1/reports/{value1}?period=last_month&format=csv
{value2}/api/v1/reports/{value3}?from=2025-01-01&to=2025-03-31&branch=Chennai,Kochi&page=1","{value0}/api/v1/reports/{value1}?period=last_month&format=csv
{value2}/api/v1/reports/{value3}?from=2025-01-01&to=2025-03-31&branch=Chennai,Kochi&page=1",,Pending,,New shared catalog copy; native-speaker review required.
{value0}: you vs class average,{value0}: you vs class average,{value0}: أنت مقابل متوسط الفصل,,Pending,,New shared catalog copy; native-speaker review required.
{value0}: {value1},{value0}: {value1},{value0}: {value1},,Pending,,New shared catalog copy; native-speaker review required.
· AY,· AY,· العام الدراسي,,Pending,,New shared catalog copy; native-speaker review required.
· Roll,· Roll,· رقم القيد,,Pending,,New shared catalog copy; native-speaker review required.
· Room,· Room,· القاعة,,Pending,,New shared catalog copy; native-speaker review required.
· class average,· class average,· متوسط الصف,,Pending,,New shared catalog copy; native-speaker review required.
· due,· due,· الاستحقاق,,Pending,,New shared catalog copy; native-speaker review required.
· from,· from,· من,,Pending,,New shared catalog copy; native-speaker review required.
· host,· host,· المضيف,,Pending,,New shared catalog copy; native-speaker review required.
· invigilator,· invigilator,· المراقب,,Pending,,New shared catalog copy; native-speaker review required.
· issued,· issued,· تاريخ الإصدار,,Pending,,New shared catalog copy; native-speaker review required.
· live data,· live data,· بيانات مباشرة,,Pending,,New shared catalog copy; native-speaker review required.
· questions go to the school office.,· questions go to the school office.,· توجه الأسئلة إلى مكتب المدرسة.,,Pending,,New shared catalog copy; native-speaker review required.
· set by,· set by,· حدده,,Pending,,New shared catalog copy; native-speaker review required.
— you can still join with audio off.,— you can still join with audio off.,— يمكنك الانضمام مع إيقاف تشغيل الصوت.,,Pending,,New shared catalog copy; native-speaker review required.
“{value0}” added to the calendar,“{value0}” added to the calendar,"تمت إضافة ""{value0}"" إلى التقويم",,Pending,,New shared catalog copy; native-speaker review required.
“{value0}” added to the catalogue,“{value0}” added to the catalogue,"تمت إضافة ""{value0}"" إلى الفهرس",,Pending,,New shared catalog copy; native-speaker review required.
“{value0}” closed,“{value0}” closed,"تم إغلاق ""{value0}""",,Pending,,New shared catalog copy; native-speaker review required.
“{value0}” is live for {value1},“{value0}” is live for {value1},"""{value0}"" مباشر لـ {value1}",,Pending,,New shared catalog copy; native-speaker review required.
“{value0}” issued to {value1} until {value2},“{value0}” issued to {value1} until {value2},"تم إصدار ""{value0}"" إلى {value1} حتى {value2}",,Pending,,New shared catalog copy; native-speaker review required.
“{value0}” reserved — collect from shelf {value1} within 48 hours,“{value0}” reserved — collect from shelf {value1} within 48 hours,"تم حجز ""{value0}"" — استلمها من الرف {value1} خلال 48 ساعة",,Pending,,New shared catalog copy; native-speaker review required.
“{value0}” returned on time,“{value0}” returned on time,"تم إرجاع ""{value0}"" في الوقت المحدد",,Pending,,New shared catalog copy; native-speaker review required.
“{value0}” returned · fine {value1} added to {value2}'s account,“{value0}” returned · fine {value1} added to {value2}'s account,"تم إرجاع ""{value0}"" · تمت إضافة غرامة {value1} إلى حساب {value2}",,Pending,,New shared catalog copy; native-speaker review required.
“{value0}” scheduled · invitations sent,“{value0}” scheduled · invitations sent,"تم جدولة ""{value0}"" · تم إرسال الدعوات",,Pending,,New shared catalog copy; native-speaker review required.
● Live,● Live,● مباشر,,Pending,,New shared catalog copy; native-speaker review required.
