message_key,english,current_translation,reviewer,status,proposed_translation,notes
  :clear          clear the transcript,  :clear          clear the transcript,  :clear          प्रतिलेख साफ़ करें,,Pending,,
"  :fields <cmd>   show what would be captured, without sending","  :fields <cmd>   show what would be captured, without sending",  :fields <cmd>   भेजे बिना दर्ज होने वाली सामग्री दिखाएँ,,Pending,,
 ({count} set), ({count} set), (सेट: {count}),,Pending,,
ui.it.is.not.a.target.a.level.is.supported.by.the.work.that.40a707bf," It is not a target. A level is supported by the work that was clinically necessary and actually done — raising an element to reach a code is the thing this panel is meant to make visible, not easier. Office and outpatient levels are selected by medical decision making "," यह लक्ष्य नहीं है। स्तर वास्तव में किए गए चिकित्सकीय आवश्यक काम से समर्थित है। कोड पाने के लिए तत्व बढ़ाना यह पैनल उजागर करता है, आसान नहीं बनाता। कार्यालय और बाह्य रोगी स्तर चिकित्सा निर्णय से चुने जाते हैं ",,Pending,,
ui.recording.232c8b77, Recording, रिकॉर्डिंग,,Pending,,
ui.scope.of.this.screen.f2f37b23, Scope of this screen, इस स्क्रीन का दायरा,,Pending,,
ui.signed.in.as.c2f48eaa, Signed in as , साइन इन किया है ,,Pending,,
ui.ago.eb04b447, ago, पहले,,Pending,,
ui.captured.1d7aa182, captured, दर्ज,,Pending,,
ui.combinations.762b3ed3, combinations, संयोजन,,Pending,,
ui.configured.a3ed874e, configured, कॉन्फ़िगर किया,,Pending,,
ui.days.b1c50316, days, दिन,,Pending,,
ui.families.5b30f82d, families, परिवार,,Pending,,
ui.field.03adf842, field, फ़ील्ड,,Pending,,
ui.final.segment.49458c3b, final segment, अंतिम खंड,,Pending,,
ui.for.the.commands.available.on.this.page.ea20dc95, for the commands available on this page., इस पृष्ठ पर उपलब्ध कमांड के लिए।,,Pending,,
ui.gate.you.will.see.exactly.what.is.captured.before.anythi.26f5481b, gate. You will see exactly what is captured before anything is sent., । भेजने से पहले आप देखेंगे कि क्या दर्ज होगा।,,Pending,,
ui.is.resolved.server.side.at.dispatch.and.is.never.sent.to.0bc8d5de," is resolved server-side at dispatch and is never sent to a browser, so it cannot be read, replayed or edited from here — changing one is a server deployment."," भेजते समय सर्वर पर तय होता है और ब्राउज़र को नहीं भेजा जाता; यहाँ से पढ़ना, दोबारा चलाना या बदलना संभव नहीं। बदलाव के लिए सर्वर पर तैनाती चाहिए।",,Pending,,
ui.is.worth.showing.20.because.someone.chose.20.and.20.beca.91d7efba, is worth showing: 20 because someone chose 20 and 20 because nothing is configured look identical in the number alone., दिखाना उपयोगी है: चुना गया 20 और सेटिंग न होने से आया 20 केवल संख्या से एक जैसे दिखते हैं।,,Pending,,
ui.line.items.a742dc2d, line items • , पंक्ति वस्तुएँ • ,,Pending,,
ui.min.46e2a1c0, min · , मिनट · ,,Pending,,
ui.of.a4282e4b, of , में से ,,Pending,,
ui.open.dee82cf5, open, खुला,,Pending,,
ui.patient.03989434, patient, रोगी,,Pending,,
ui.redacted.4a081a65, redacted, गोपित,,Pending,,
ui.registered.1804af94, registered, पंजीकृत,,Pending,,
ui.required.1307c284, required, आवश्यक,,Pending,,
ui.required.sections.this.measures.whether.the.note.is.fill.d0f288bc," required sections. This measures whether the note is filled in, not whether it is clinically sufficient — and it is not a billing indicator."," आवश्यक अनुभाग। यह टिप्पणी भरी है या नहीं मापता है, नैदानिक पर्याप्तता नहीं; यह बिलिंग संकेतक भी नहीं है।",,Pending,,
ui.rows.dc601c4a, rows, पंक्तियाँ,,Pending,,
ui.sections.ordered.core.type.specialty.complaint.context.e.0417b2b5," sections, ordered core → type → specialty → complaint → context. Each names its layer.", अनुभाग: मूल → प्रकार → विशेषज्ञता → शिकायत → संदर्भ। प्रत्येक अपनी परत बताता है।,,Pending,,
ui.to.87721689, to , से ,,Pending,,
ui.to.find.out.whether.it.still.works.2a65988c, to find out whether it still works., यह जाँचने के लिए कि अभी काम करता है।,,Pending,,
ui.unavailable.so.a3f71a82," unavailable, so "," अनुपलब्ध, इसलिए ",,Pending,,
ui.unread.6048438c, unread, अपठित,,Pending,,
ui.will.look.empty.other.fields.are.unaffected.04f888e7, will look empty. Other fields are unaffected., खाली दिखेगा। दूसरे फ़ील्ड अप्रभावित हैं।,,Pending,,
ui.default.2a7e0b7b, · Default, · डिफ़ॉल्ट,,Pending,,
ui.audio.is.streamed.never.stored.the.transcript.is.not.sav.346210fe," · audio is streamed, never stored · the transcript is not saved until you use it"," · ऑडियो स्ट्रीम होता है, संग्रहित नहीं · उपयोग करने तक प्रतिलेख नहीं सहेजा जाता",,Pending,,
ui.mock.transport.d72848f2, · mock transport, · नमूना परिवहन,,Pending,,
ui.unverified.5987f7cb, · unverified, · असत्यापित,,Pending,,
ui.failing.at.call.time.would.turn.a.configuration.mistake.c05babfa, — failing at call time would turn a configuration mistake into an outage in the middle of a consultation., — कॉल के समय विफलता सेटिंग की गलती को परामर्श के बीच व्यवधान बना देगी।,,Pending,,
" — mock transport, nothing left this browser"," — mock transport, nothing left this browser"," — नमूना परिवहन, ब्राउज़र से कुछ बाहर नहीं गया",,Pending,,
ui.not.registered.in.this.build.fe9af712, — not registered in this build, — इस बिल्ड में पंजीकृत नहीं,,Pending,,
ui.complete.fe9543cf,% complete,% पूर्ण,,Pending,,
ui.interim.03c51dde,(interim),‏(अंतरिम),,Pending,,
(required),(required),‏(आवश्यक),,Pending,,
ui.12.4.yoy.c7395af6,+12.4% YoY,+12.4% वार्षिक,,Pending,,
+8.7% vs prior,+8.7% vs prior,पिछले से +8.7%,,Pending,,
ui.change.it.in.my.preferences.the.record.schema.and.data.r.0074fc14,. Change it in My Preferences; the record schema and data remain unchanged.,। इसे मेरी प्राथमिकताओं में बदलें; रिकॉर्ड स्कीमा और डेटा समान रहते हैं।,,Pending,,
. Choose,. Choose,। चुनें,,Pending,,
ui.choose.62778c1f,. Choose ,। चुनें ,,Pending,,
ui.nothing.of.that.kind.leaves.as.a.document.487773f4,. Nothing of that kind leaves as a document.,। इस प्रकार की कोई चीज़ दस्तावेज़ के रूप में नहीं भेजी जाती।,,Pending,,
ui.the.assistant.summarises.it.does.not.diagnose.4388468f,. The assistant summarises; it does not diagnose.,"। सहायक सारांश देता है, निदान नहीं करता।",,Pending,,
ui.the.controls.below.are.greyed.as.a.courtesy.the.refusal.fffc8d0a,". The controls below are greyed as a courtesy — the refusal happens on the server, not here.",। नीचे नियंत्रण संकेत के लिए निष्क्रिय हैं; रोक सर्वर लागू करता है।,,Pending,,
ui.try.another.module.0a6adf30,. Try another module.,। दूसरा मॉड्यूल आज़माएँ।,,Pending,,
ui.0.squares.every.corner.in.the.app.169b6538,0 squares every corner in the app.,0 सभी कोनों को चौकोर बनाता है।,,Pending,,
03 Sep 2026,03 Sep 2026,03 सितम्बर 2026,,Pending,,
03/09/2026 — day first,03/09/2026 — day first,03/09/2026 — दिन पहले,,Pending,,
09/03/2026 — month first,09/03/2026 — month first,09/03/2026 — महीना पहले,,Pending,,
1 — newest only,1 — newest only,1 — केवल नवीनतम,,Pending,,
10 / page,10 / page,10 / पृष्ठ,,Pending,,
100 / page,100 / page,100 / पृष्ठ,,Pending,,
100% token-aware,100% token-aware,100% डिज़ाइन टोकन समर्थित,,Pending,,
104% of MTD plan,104% of MTD plan,माह की अब तक योजना का 104%,,Pending,,
12 blocking,12 blocking,12 अवरोधक,,Pending,,
12 blocking exceptions,12 blocking exceptions,12 अवरोधक अपवाद,,Pending,,
"12,34,567.89 — lakh/crore","12,34,567.89 — lakh/crore","12,34,567.89 — लाख/करोड़",,Pending,,
12-hour — 2:30 PM,12-hour — 2:30 PM,12 घंटे — 2:30 अपराह्न,,Pending,,
12-month rolling,12-month rolling,गत 12 महीने,,Pending,,
ui.13px.is.the.design.as.drawn.each.size.scales.its.area.in.21713684,"13px is the design as drawn. Each size scales its area independently, so dense tables and readable forms are not a trade-off.","मूल डिज़ाइन 13px है। हर क्षेत्र का आकार स्वतंत्र है, जिससे घनी तालिकाएँ और पठनीय फ़ॉर्म साथ मिलते हैं।",,Pending,,
field.user.sessionTimeout.option.15,15 minutes,15 मिनट,,Pending,,
158 joined YTD,158 joined YTD,इस वर्ष 158 शामिल,,Pending,,
182 in appeal,182 in appeal,182 अपील में,,Pending,,
2 seconds,2 seconds,2 सेकंड,,Pending,,
"2,486 transactions imported.","2,486 transactions imported.","2,486 लेन-देन आयात हुए।",,Pending,,
2.8% of base pay,2.8% of base pay,मूल वेतन का 2.8%,,Pending,,
20 / page,20 / page,20 / पृष्ठ,,Pending,,
2026-09-03 — ISO,2026-09-03 — ISO,2026-09-03 — ISO प्रारूप,,Pending,,
218 awaiting dispense,218 awaiting dispense,218 वितरण की प्रतीक्षा,,Pending,,
23 breach SLA today,23 breach SLA today,आज 23 सेवा सीमा उल्लंघन,,Pending,,
24-hour — 14:30,24-hour — 14:30,24 घंटे — 14:30,,Pending,,
26 licenses nearing expiry,26 licenses nearing expiry,26 लाइसेंस समाप्ति के निकट,,Pending,,
26 renewals due,26 renewals due,26 नवीनीकरण देय,,Pending,,
3.5 seconds,3.5 seconds,3.5 सेकंड,,Pending,,
field.user.sessionTimeout.option.30,30 minutes,30 मिनट,,Pending,,
ui.4.branches.18.426.source.records.8e3cdcc1,"4 branches • 18,426 source records","4 शाखाएँ • 18,426 स्रोत रिकॉर्ड",,Pending,,
42 batches,42 batches,42 बैच,,Pending,,
42 critical roles,42 critical roles,42 महत्त्वपूर्ण भूमिकाएँ,,Pending,,
5 seconds,5 seconds,5 सेकंड,,Pending,,
50 / page,50 / page,50 / पृष्ठ,,Pending,,
6 on critical formulary,6 on critical formulary,6 आवश्यक औषधि सूची में,,Pending,,
field.user.sessionTimeout.option.60,60 minutes,60 मिनट,,Pending,,
68 admitted in 24h,68 admitted in 24h,24 घंटे में 68 भर्ती,,Pending,,
68 off-formulary,68 off-formulary,68 सूची से बाहर,,Pending,,
68 pending,68 pending,68 लंबित,,Pending,,
8 customer critical,8 customer critical,8 ग्राहक संबंधी गंभीर,,Pending,,
field.user.sessionTimeout.option.480,8 hours,8 घंटे,,Pending,,
8 seconds,8 seconds,8 सेकंड,,Pending,,
81 exceptions,81 exceptions,81 अपवाद,,Pending,,
89% of plan,89% of plan,योजना का 89%,,Pending,,
99.2% of source records passed validation checks.,99.2% of source records passed validation checks.,99.2% स्रोत रिकॉर्ड सत्यापन में सफल।,,Pending,,
; administrative writes need,; administrative writes need,; प्रशासनिक बदलावों को चाहिए,,Pending,,
ui.administrative.writes.need.4fd2e058,; administrative writes need ,; प्रशासनिक बदलावों को चाहिए ,,Pending,,
ui.a.comment.is.required.for.submission.and.every.decision.322dedac,A comment is required for submission and every decision.,अनुरोध भेजने और हर निर्णय के लिए टिप्पणी आवश्यक है।,,Pending,,
api.message.1a98a4333b55,A credential cannot be set through /ai/config.,/ai/config से क्रेडेंशियल सेट नहीं किया जा सकता।,,Pending,,
api.message.dfffcc85eaec,A credential is required.,क्रेडेंशियल आवश्यक है।,,Pending,,
ui.a.documentation.template.not.clinical.decision.support.p.c2723289,"A documentation template, not clinical decision support. Prompts describe what a note of this shape usually records; they are not advice, and instruments are offered with the conditions under which they apply rather than as fields to complete.","यह दस्तावेज़ टेम्पलेट है, नैदानिक निर्णय सहायता नहीं। प्रॉम्प्ट सामान्य दस्तावेज़ सामग्री बताते हैं, सलाह नहीं देते। उपकरण लागू होने की शर्तों सहित दिए हैं, भरने योग्य फ़ील्ड के रूप में नहीं।",,Pending,,
"A missing, zero or malformed limit resolves to the server's default rather than to no limit at all — which is why","A missing, zero or malformed limit resolves to the server's default rather than to no limit at all — which is why","अनुपस्थित, शून्य या गलत सीमा सर्वर की डिफ़ॉल्ट सीमा बनती है, असीमित नहीं — इसलिए",,Pending,,
ui.a.missing.zero.or.malformed.limit.resolves.to.the.server.fafc05f4,"A missing, zero or malformed limit resolves to the server's default rather than to no limit at all — which is why ","अनुपस्थित, शून्य या गलत सीमा सर्वर की डिफ़ॉल्ट सीमा बनती है, असीमित नहीं — इसलिए ",,Pending,,
A percentage cannot be above 100.,A percentage cannot be above 100.,प्रतिशत 100 से अधिक नहीं हो सकता।,,Pending,,
api.message.a9180a9049d3,A product and page are required.,उत्पाद और पृष्ठ आवश्यक हैं।,,Pending,,
api.message.0b3462597a97,"A product, page and saved record are required.","उत्पाद, पृष्ठ और सहेजा रिकॉर्ड आवश्यक हैं।",,Pending,,
A quote must start at the beginning of a CSV cell.,A quote must start at the beginning of a CSV cell.,उद्धरण CSV सेल की शुरुआत में होना चाहिए।,,Pending,,
api.message.662591b216a1,A record cannot link to itself.,रिकॉर्ड स्वयं से जुड़ नहीं सकता।,,Pending,,
A record with this value already exists,A record with this value already exists,इस मान का रिकॉर्ड पहले से है,,Pending,,
ui.a.recovery.draft.is.available.from.567e101f,A recovery draft is available from,"पुनर्प्राप्ति ड्राफ़्ट उपलब्ध है, स्रोत",,Pending,,
ui.a.reference.list.could.not.be.loaded.a1e0d208,A reference list could not be loaded.,संदर्भ सूची लोड नहीं हुई।,,Pending,,
api.message.2269aa17a223,A saved view needs a pageId and filters.,सहेजे दृश्य के लिए pageId और फ़िल्टर आवश्यक हैं।,,Pending,,
api.message.fca081b77fa4,A search needs a pageId.,खोज के लिए pageId आवश्यक है।,,Pending,,
ui.a.shared.schema.driven.component.platform.for.erp.master.35e8912f,"A shared, schema-driven component platform for ERP masters, transactions, worklists, reports and utilities. Pages compose reusable controls instead of duplicating markup or visual rules.","ईआरपी मास्टर, लेन-देन, कार्यसूची, रिपोर्ट और उपयोगिताओं के लिए साझा स्कीमा आधारित घटक मंच। पृष्ठ पुनः उपयोग योग्य नियंत्रणों से बनते हैं।",,Pending,,
ui.a.standard.accessible.toggle.contract.a5e4bf2f,A standard accessible toggle contract.,मानक सुलभ टॉगल व्यवहार।,,Pending,,
ui.a.supported.level.not.a.submitted.code.final.selection.r.32ace8f6,"A supported level, not a submitted code. Final selection rests with the clinician or coder against current guidance, medical necessity and payer rules.","यह समर्थित स्तर है, जमा किया कोड नहीं। अंतिम चयन चिकित्सक या कोडर वर्तमान मार्गदर्शन, चिकित्सा आवश्यकता और भुगतानकर्ता नियमों से करता है।",,Pending,,
ui.a.tenant.setting.this.tenant.is.configured.for.the.uae.w.9f64c95a,"A tenant setting. This tenant is configured for the UAE, where E/M levels do not apply, so the default is none.","यह टेनेंट सेटिंग है। टेनेंट यूएई के लिए है जहाँ E/M स्तर लागू नहीं, इसलिए डिफ़ॉल्ट कोई नहीं।",,Pending,,
api.message.23461961caf0,A valid import identifier is required.,वैध आयात पहचानकर्ता आवश्यक है।,,Pending,,
api.message.fd524d32ebf1,A version and operation id are required.,संस्करण और कार्रवाई आईडी आवश्यक हैं।,,Pending,,
AED 2.1M due this week,AED 2.1M due this week,इस सप्ताह AED 2.1M देय,,Pending,,
AED 218K unfavorable variance despite 4.1% period growth.,AED 218K unfavorable variance despite 4.1% period growth.,अवधि वृद्धि 4.1% के बावजूद AED 218K प्रतिकूल अंतर।,,Pending,,
AED 3.1M overdue,AED 3.1M overdue,AED 3.1M अतिदेय,,Pending,,
AED 4.6M value,AED 4.6M value,मूल्य AED 4.6M,,Pending,,
AED — UAE dirham,AED — UAE dirham,AED — यूएई दिरहम,,Pending,,
AED • UAE Dirham,AED • UAE Dirham,AED • यूएई दिरहम,,Pending,,
menu.library.ai-administration.label,AI Administration,एआई प्रशासन,,Pending,,
menu.library.ai-assistant.label,AI Assistant,एआई सहायक,,Pending,,
ui.ai.assistant.ab6eb4ac,AI assistant,एआई सहायक,,Pending,,
AI assistant — {count} available here,AI assistant — {count} available here,AI सहायक — यहाँ {count} उपलब्ध,,Pending,,
menu.finance.ar-aging.label,AR Aging,प्राप्य बकाया आयु,,Pending,,
Abdomen and neurology,Abdomen and neurology,उदर और तंत्रिका,,Pending,,
Abdominal tenderness,Abdominal tenderness,उदर स्पर्श वेदना,,Pending,,
"Abnormal ECG, echo or troponin","Abnormal ECG, echo or troponin","असामान्य ईसीजी, इको या ट्रोपोनिन",,Pending,,
Abnormal Result,Abnormal Result,असामान्य परिणाम,,Pending,,
Abnormal paediatric result,Abnormal paediatric result,असामान्य बाल परिणाम,,Pending,,
Abnormal radiograph or MRI,Abnormal radiograph or MRI,असामान्य एक्स-रे या एमआरआई,,Pending,,
Abnormal screening result,Abnormal screening result,असामान्य स्क्रीनिंग परिणाम,,Pending,,
Abnormal ultrasound or screening result,Abnormal ultrasound or screening result,असामान्य अल्ट्रासाउंड या स्क्रीनिंग परिणाम,,Pending,,
Above 85% threshold,Above 85% threshold,85% सीमा से ऊपर,,Pending,,
Abu Dhabi contributes 44.8%,Abu Dhabi contributes 44.8%,अबू धाबी का योगदान 44.8%,,Pending,,
section.user.access.title,Access & roles,पहुँच और भूमिकाएँ,,Pending,,
Access not permitted,Access not permitted,पहुँच की अनुमति नहीं,,Pending,,
field.user.validFrom.label,Access valid from,पहुँच आरंभ तिथि,,Pending,,
field.user.validTo.label,Access valid until,पहुँच समाप्ति तिथि,,Pending,,
menu.library.accessibility.label,Accessibility,सुगम्यता,,Pending,,
Accessibility fixes,Accessibility fixes,सुलभता सुधार,,Pending,,
Accessibility score,Accessibility score,सुलभता स्कोर,,Pending,,
field.user.branches.label,Accessible branches,सुलभ शाखाएँ,,Pending,,
ui.account.manager.85c0ca88,Account manager,खाता प्रबंधक,,Pending,,
field.user.status.label,Account status,खाते की स्थिति,,Pending,,
Accounting,Accounting,लेखांकन,,Pending,,
page.ar-aging-report.title,Accounts Receivable Aging,प्राप्य खातों की आयु,,Pending,,
Across 12 accounts,Across 12 accounts,12 खातों में,,Pending,,
Across 5 ERP modules,Across 5 ERP modules,5 ईआरपी मॉड्यूल में,,Pending,,
Across 9 warehouses,Across 9 warehouses,9 गोदामों में,,Pending,,
Action plan active,Action plan active,कार्य योजना सक्रिय,,Pending,,
ui.action.queue.7ee1e24e,Action queue,कार्रवाई कतार,,Pending,,
Action required,Action required,कार्रवाई आवश्यक,,Pending,,
ui.action.unavailable.for.your.role.57f0713e,Action unavailable for your role,आपकी भूमिका के लिए कार्रवाई उपलब्ध नहीं,,Pending,,
Actionable and traceable to each problem,Actionable and traceable to each problem,हर समस्या से जुड़ा और कार्रवाई योग्य,,Pending,,
ui.actions.ff8059dc,Actions,कार्रवाइयाँ,,Pending,,
Active,Active,सक्रिय,,Pending,,
Active range,Active range,सक्रिय गति सीमा,,Pending,,
Active workforce,Active workforce,सक्रिय कर्मचारी,,Pending,,
Activity,Activity,गतिविधि,,Pending,,
Activity level,Activity level,गतिविधि स्तर,,Pending,,
ui.actual.versus.trajectory.refreshed.four.minutes.ago.9151a52f,Actual versus trajectory • refreshed four minutes ago,वास्तविक बनाम अनुमान • चार मिनट पहले ताज़ा किया,,Pending,,
column.patient-master.acuity.label,Acuity,गंभीरता,,Pending,,
Acute Symptom,Acute Symptom,तीव्र लक्षण,,Pending,,
"Acute mood, anxiety or behavioural concern","Acute mood, anxiety or behavioural concern","तीव्र मनोदशा, चिंता या व्यवहार समस्या",,Pending,,
api.message.a05cf5bf7750,Add a submission comment (up to 4000 characters).,भेजने के लिए टिप्पणी जोड़ें (अधिकतम 4000 अक्षर)।,,Pending,,
ui.add.attachment.maximum.2.mb.88f8a023,Add attachment (maximum 2 MB),संलग्नक जोड़ें (अधिकतम 2 MB),,Pending,,
ui.add.line.a922dc85,Add line,पंक्ति जोड़ें,,Pending,,
ui.add.payment.cf9d06f9,Add payment,भुगतान जोड़ें,,Pending,,
ui.add.stage.76fa771d,Add stage,चरण जोड़ें,,Pending,,
api.message.0d151c729633,Added a comment,टिप्पणी जोड़ी,,Pending,,
api.message.8ed8d26e582f,Added an attachment,संलग्नक जोड़ा,,Pending,,
Added by the patient-context layer,Added by the patient-context layer,रोगी संदर्भ परत से जोड़ा,,Pending,,
section.hr-dashboard.details.description,Additional business information.,अतिरिक्त व्यावसायिक जानकारी।,,Pending,,
Address,Address,पता,,Pending,,
Address line 1,Address line 1,पता पंक्ति 1,,Pending,,
Address line 2,Address line 2,पता पंक्ति 2,,Pending,,
Adherence,Adherence,पालन,,Pending,,
Adjustments,Adjustments,समायोजन,,Pending,,
field.user.notes.label,Administrative notes,प्रशासनिक टिप्पणियाँ,,Pending,,
section.user.audit.description,Administrative reason and record ownership.,प्रशासनिक कारण और रिकॉर्ड का स्वामित्व।,,Pending,,
menu.healthcare.admission-worklist.label,Admissions,भर्ती,,Pending,,
menu.healthcare.hc-access.label,Admissions & Visits,भर्ती और मुलाकातें,,Pending,,
column.patient-master.admitted.label,Admitted,भर्ती,,Pending,,
Adult,Adult,वयस्क,,Pending,,
Adult context: age and sex rules apply only where clinically relevant.,Adult context: age and sex rules apply only where clinically relevant.,वयस्क संदर्भ: आयु और लिंग नियम केवल नैदानिक प्रासंगिकता पर लागू।,,Pending,,
ui.advanced.filters.db332598,Advanced filters,उन्नत फ़िल्टर,,Pending,,
api.approval.advanced,Advanced to {stage},{stage} पर बढ़ा,,Pending,,
Affect,Affect,भाव,,Pending,,
"Age-adjusted observation, growth, development and hydration","Age-adjusted observation, growth, development and hydration","आयु अनुरूप अवलोकन, वृद्धि, विकास और जलस्थिति",,Pending,,
Age-appropriate milestones,Age-appropriate milestones,आयु अनुरूप विकास चरण,,Pending,,
Aggregation,Aggregation,समेकन,,Pending,,
Air entry,Air entry,वायु प्रवेश,,Pending,,
Alignment,Alignment,संरेखण,,Pending,,
ui.all.a52ace42,All,सभी,,Pending,,
All available,All available,सभी उपलब्ध,,Pending,,
ui.all.defaults.10313df3,All defaults,सभी डिफ़ॉल्ट,,Pending,,
All messages marked as read,All messages marked as read,सभी संदेश पढ़े हुए चिह्नित,,Pending,,
All notifications marked as read,All notifications marked as read,सभी सूचनाएँ पढ़ी हुई चिह्नित,,Pending,,
ui.all.rows.8e4d5816,All rows,सभी पंक्तियाँ,,Pending,,
All stages,All stages,सभी चरण,,Pending,,
All statuses,All statuses,सभी स्थितियाँ,,Pending,,
ui.all.systems.operational.39bd8d49,All systems operational,सभी प्रणालियाँ कार्यरत,,Pending,,
All widgets are synchronized with mock data.,All widgets are synchronized with mock data.,सभी विजेट नमूना डेटा से समन्वित हैं।,,Pending,,
field.consultation.allergies.label,Allergies,एलर्जी,,Pending,,
ui.allocation.summary.a758856b,Allocation summary,आवंटन सारांश,,Pending,,
Allowances,Allowances,भत्ते,,Pending,,
ui.alternate.rows.are.tinted.2acedabc,Alternate rows are tinted.,एकांतर पंक्तियाँ रंगी जाती हैं।,,Pending,,
Ambient recording,Ambient recording,परिवेश रिकॉर्डिंग,,Pending,,
Amount,Amount,राशि,,Pending,,
An age and development-appropriate instrument.,An age and development-appropriate instrument.,आयु और विकास अनुरूप उपकरण।,,Pending,,
api.message.c9346fe7104f,An edit needs a column.,संपादन के लिए कॉलम आवश्यक है।,,Pending,,
api.message.34f015c02805,An edit needs a page and a record.,संपादन के लिए पृष्ठ और रिकॉर्ड आवश्यक हैं।,,Pending,,
api.message.a71b0fc75b0e,An export record needs a pageId.,निर्यात रिकॉर्ड के लिए pageId आवश्यक है।,,Pending,,
api.message.3fc3fc0d5316,An operation identifier is required.,कार्रवाई पहचानकर्ता आवश्यक है।,,Pending,,
Analgesic or anti-inflammatory review,Analgesic or anti-inflammatory review,दर्दनिवारक या सूजनरोधी समीक्षा,,Pending,,
menu.pharmacy.rx-reports.label,Analysis,विश्लेषण,,Pending,,
menu.hr.hr-analytics.label,Analytics,विश्लेषिकी,,Pending,,
ui.animations.7f7c3306,Animations,एनिमेशन,,Pending,,
Antenatal or gynaecological follow-up,Antenatal or gynaecological follow-up,प्रसवपूर्व या स्त्री रोग अनुवर्ती,,Pending,,
Anticoagulant or cardiac medication review,Anticoagulant or cardiac medication review,रक्तरोधी या हृदय दवा समीक्षा,,Pending,,
Anxiety,Anxiety,चिंता,,Pending,,
Anxiety instrument,Anxiety instrument,चिंता उपकरण,,Pending,,
Appearance,Appearance,रूप,,Pending,,
Appearance and behaviour,Appearance and behaviour,रूप और व्यवहार,,Pending,,
Appetite,Appetite,भूख,,Pending,,
Application shell,Application shell,अनुप्रयोग ढाँचा,,Pending,,
Applied,Applied,लागू,,Pending,,
ui.applied.wherever.a.value.is.rendered.worklists.cards.pre.38999a3f,"Applied wherever a value is rendered: worklists, cards, previews, reports and billing.","कार्यसूची, कार्ड, पूर्वावलोकन, रिपोर्ट और बिलिंग में हर प्रदर्शित मान पर लागू।",,Pending,,
ui.applies.to.menus.actions.and.messages.3d1258c8,"Applies to menus, actions and messages.","मेन्यू, कार्रवाइयों और संदेशों पर लागू होता है।",,Pending,,
ui.apply.31e392d1,Apply,लागू करें,,Pending,,
menu.healthcare.appointment-worklist.label,Appointments,अपॉइंटमेंट,,Pending,,
menu.finance.fin-approvals.label,Approval Matrix,अनुमोदन मैट्रिक्स,,Pending,,
menu.sales.sales-approval.label,Approval Rules,अनुमोदन नियम,,Pending,,
menu.hr.hr-workflow.label,Approval Workflow,अनुमोदन कार्यप्रवाह,,Pending,,
menu.hr.approval-worklist.label,Approval Worklist,अनुमोदन कार्यसूची,,Pending,,
api.message.cee9d59bb0c9,Approval changed. Refresh before submitting.,अनुमोदन बदल गया है। भेजने से पहले रीफ़्रेश करें।,,Pending,,
Approval comment,Approval comment,अनुमोदन टिप्पणी,,Pending,,
api.message.7bfd165bb87e,Approval could not be confirmed. Retry the same action to recover its result.,अनुमोदन की पुष्टि नहीं हो सकी। परिणाम पाने के लिए वही कार्रवाई दोहराएँ।,,Pending,,
ui.approval.history.for.9208c99b,Approval history for,अनुमोदन इतिहास,,Pending,,
ui.approval.inbox.a670f0ac,Approval inbox,अनुमोदन इनबॉक्स,,Pending,,
ui.approval.ownership.61a992d1,Approval ownership,अनुमोदन स्वामित्व,,Pending,,
api.message.3a5a633e9ec3,Approval request is too large or invalid.,अनुमोदन अनुरोध बहुत बड़ा या अमान्य है।,,Pending,,
field.hr-dashboard.approvalRequired.label,Approval required,अनुमोदन आवश्यक,,Pending,,
ui.approval.stage.19f10a3e,Approval stage,अनुमोदन चरण,,Pending,,
ui.approval.stages.1faaedac,Approval stages,अनुमोदन चरण,,Pending,,
ui.approval.status.5a66175a,Approval status,अनुमोदन स्थिति,,Pending,,
ui.approve.6007acbe,Approve,स्वीकृत करें,,Pending,,
ui.approve.selected.86372811,Approve selected,चयनित स्वीकृत करें,,Pending,,
api.approval.approved,Approved,अनुमोदित,,Pending,,
Approved plan,Approved plan,अनुमोदित योजना,,Pending,,
Apr,Apr,अप्रैल,,Pending,,
field.user.language.option.ar,Arabic,अरबी,,Pending,,
ui.arabic.switches.the.whole.layout.to.right.to.left.e8b2231e,Arabic switches the whole layout to right-to-left,अरबी लेआउट को दाएँ से बाएँ करती है,,Pending,,
ui.archive.66f4804e,Archive,संग्रहित करें,,Pending,,
ui.archive.results.f0345b60,Archive results,परिणाम संग्रहित करें,,Pending,,
Archive {count} records?,Archive {count} records?,{count} रिकॉर्ड संग्रहित करें?,,Pending,,
Archived,Archived,संग्रहीत,,Pending,,
ui.arrange.open.records.as.movable.windows.with.a.taskbar.i.dd2f78aa,"Arrange open records as movable windows with a taskbar, instead of tabs.",खुले रिकॉर्ड टैब की जगह टास्कबार वाली चलायमान विंडो में दिखाएँ।,,Pending,,
ui.ask.before.archiving.selected.records.36e82503,Ask before archiving selected records.,चुने रिकॉर्ड संग्रहित करने से पहले पूछें।,,Pending,,
ui.ask.something.else.6b2e237d,Ask something else,कुछ और पूछें,,Pending,,
ui.ask.whoever.sent.it.to.share.it.again.dfea0fdc,Ask whoever sent it to share it again.,भेजने वाले से दोबारा साझा करने को कहें।,,Pending,,
ui.assembly.is.truncated.to.this.5d3886f2,Assembly is truncated to this.,संयोजन इस सीमा तक काटा जाता है।,,Pending,,
section.consultation.assessment.title,Assessment and plan,मूल्यांकन और योजना,,Pending,,
Assessment and problems,Assessment and problems,मूल्यांकन और समस्याएँ,,Pending,,
field.user.roles.label,Assigned roles,निर्धारित भूमिकाएँ,,Pending,,
section.hr-dashboard.assignment.title,Assignment,आवंटन,,Pending,,
ui.assistant.command.b33c0ecb,Assistant command,सहायक कमांड,,Pending,,
ui.assistant.not.enabled.here.select.manually.258baf78,Assistant not enabled here — select manually,सहायक यहाँ सक्षम नहीं — स्वयं चुनें,,Pending,,
"Asthma, growth or chronic condition review","Asthma, growth or chronic condition review","अस्थमा, विकास या दीर्घकालिक स्थिति समीक्षा",,Pending,,
At-risk renewals,At-risk renewals,जोखिम वाले नवीनीकरण,,Pending,,
Atrial fibrillation and anticoagulation decisions only.,Atrial fibrillation and anticoagulation decisions only.,केवल एट्रियल फ़िब्रिलेशन और रक्तरोधी उपचार निर्णय।,,Pending,,
api.message.4a8d45c019e6,Attachment is no longer available.,संलग्नक अब उपलब्ध नहीं है।,,Pending,,
Attachments,Attachments,संलग्नक,,Pending,,
menu.hr.attendance-adjustment.label,Attendance Adjustment,उपस्थिति समायोजन,,Pending,,
menu.hr.attendance-anomalies.label,Attendance Anomalies,उपस्थिति विसंगतियाँ,,Pending,,
menu.hr.attendance-report.label,Attendance Report,उपस्थिति रिपोर्ट,,Pending,,
Attendance today,Attendance today,आज की उपस्थिति,,Pending,,
Attention,Attention,ध्यान,,Pending,,
Attrition,Attrition,कर्मचारी पलायन,,Pending,,
section.hr-dashboard.audit.title,Audit,ऑडिट,,Pending,,
section.user.audit.title,Audit & notes,ऑडिट और टिप्पणियाँ,,Pending,,
ui.audit.workflow.c377a4b4,Audit & workflow,ऑडिट और कार्यप्रवाह,,Pending,,
ui.audit.protected.bdca2f73,Audit protected,ऑडिट संरक्षित,,Pending,,
field.hr-dashboard.tags.option.audited,Audited,ऑडिट किया गया,,Pending,,
Aug,Aug,अगस्त,,Pending,,
section.user.security.description,"Authentication, session and risk controls.","प्रमाणीकरण, सत्र और जोखिम नियंत्रण।",,Pending,,
ui.authorization.reference.80c41154,Authorization reference,प्राधिकरण संदर्भ,,Pending,,
field.hr-dashboard.code.placeholder,Auto or manual code,स्वचालित या मैनुअल कोड,,Pending,,
ui.automated.observations.from.the.result.d9d51cbd,Automated observations from the result,परिणाम से स्वचालित अवलोकन,,Pending,,
ui.automations.approvals.and.exceptions.c369ab08,"Automations, approvals and exceptions","स्वचालन, अनुमोदन और अपवाद",,Pending,,
column.product-master.stock.label,Available,उपलब्ध,,Pending,,
Average deal,Average deal,औसत सौदा,,Pending,,
Average dispense time,Average dispense time,औसत वितरण समय,,Pending,,
Average length of stay,Average length of stay,औसत ठहराव अवधि,,Pending,,
Awaiting dispense,Awaiting dispense,वितरण की प्रतीक्षा,,Pending,,
Awaiting my decision,Awaiting my decision,मेरे निर्णय की प्रतीक्षा,,Pending,,
Awaiting notes,Awaiting notes,टिप्पणियों की प्रतीक्षा,,Pending,,
Awaiting pre-authorisation,Awaiting pre-authorisation,पूर्व प्राधिकरण की प्रतीक्षा,,Pending,,
ui.back.76900f1b,Back,वापस,,Pending,,
column.billing-entry.balance.label,Balance,शेष,,Pending,,
menu.finance.balance-sheet.label,Balance Sheet,तुलन पत्र,,Pending,,
ui.balance.after.payments.765e3dbc,Balance after payments,भुगतान के बाद शेष,,Pending,,
Balance due,Balance due,देय शेष,,Pending,,
menu.finance.bank-master.label,Bank & Cash,बैंक और नकदी,,Pending,,
menu.payroll.bank-format.label,Bank File Format,बैंक फ़ाइल प्रारूप,,Pending,,
menu.finance.bank-reconciliation.label,Bank Reconciliation,बैंक मिलान,,Pending,,
Bank cutoff approaching,Bank cutoff approaching,बैंक अंतिम समय निकट,,Pending,,
Bank feed,Bank feed,बैंक फ़ीड,,Pending,,
Bank feed completed,Bank feed completed,बैंक फ़ीड पूर्ण,,Pending,,
Bank files,Bank files,बैंक फ़ाइलें,,Pending,,
ui.bar.theme.26db6f6f,Bar theme,बार थीम,,Pending,,
ui.bar.tone.c247daba,Bar tone,बार रंग शैली,,Pending,,
ui.base.font.size.fa598af2,Base font size,मूल फ़ॉन्ट आकार,,Pending,,
Base salary,Base salary,मूल वेतन,,Pending,,
Baseline history,Baseline history,मूल इतिहास,,Pending,,
menu.pharmacy.batch-expiry.label,Batch & Expiry,बैच और समाप्ति,,Pending,,
Batch quarantined,Batch quarantined,बैच अलग किया,,Pending,,
menu.healthcare.bed-management.label,Bed Management,बिस्तर प्रबंधन,,Pending,,
menu.healthcare.occupancy-report.label,Bed Occupancy,बिस्तर अधिभोग,,Pending,,
Bed capacity warning,Bed capacity warning,बिस्तर क्षमता चेतावनी,,Pending,,
Bed occupancy,Bed occupancy,बिस्तर अधिभोग,,Pending,,
Behaviour,Behaviour,व्यवहार,,Pending,,
ui.below.the.lowest.time.band.no.level.is.supported.on.time.6475301f,Below the lowest time band — no level is supported on time alone.,न्यूनतम समय सीमा से कम — केवल समय से कोई स्तर समर्थित नहीं।,,Pending,,
menu.payroll.benefit-plan.label,Benefit Plan,लाभ योजना,,Pending,,
Benefits,Benefits,लाभ,,Pending,,
ui.bill.to.9ec78118,Bill to,बिल प्राप्तकर्ता,,Pending,,
ui.bill.to.party.contact.delivery.and.credit.profile.35609547,"Bill-to party, contact, delivery and credit profile.","बिल प्राप्तकर्ता, संपर्क, वितरण और क्रेडिट विवरण।",,Pending,,
ui.billing.3ac8bbca,Billing,बिलिंग,,Pending,,
Billing & Receipts,Billing & Receipts,बिलिंग और रसीदें,,Pending,,
Billing Entry,Billing Entry,बिल प्रविष्टि,,Pending,,
menu.finance.billing-worklist.label,Billing Worklist,बिलिंग कार्यसूची,,Pending,,
menu.library.billing-patterns.label,Billing Workspace,बिलिंग कार्यक्षेत्र,,Pending,,
ui.billing.address.1f516acc,Billing address,बिलिंग पता,,Pending,,
section.customer.address.description,Billing and registered location.,बिलिंग और पंजीकृत पता।,,Pending,,
ui.billing.details.7c928c71,Billing details,बिलिंग विवरण,,Pending,,
ui.billing.layout.13fe7207,Billing layout,बिलिंग लेआउट,,Pending,,
ui.billing.workspace.layout.54522c95,Billing workspace layout,बिलिंग कार्यक्षेत्र लेआउट,,Pending,,
page.finance-dashboard.subtitle,"Billing, ledger, receivables, payables, taxation and financial control","बिलिंग, खाता बही, प्राप्य, देय, कर और वित्तीय नियंत्रण",,Pending,,
Bimanual if indicated,Bimanual if indicated,संकेत होने पर द्विहस्त परीक्षण,,Pending,,
Birth and development,Birth and development,जन्म और विकास,,Pending,,
Bleeding,Bleeding,रक्तस्राव,,Pending,,
Bleeding severity,Bleeding severity,रक्तस्राव गंभीरता,,Pending,,
field.consultation.bloodPressure.label,Blood pressure,रक्तचाप,,Pending,,
Bone health and mobility review,Bone health and mobility review,अस्थि स्वास्थ्य और गतिशीलता समीक्षा,,Pending,,
Booked revenue,Booked revenue,दर्ज राजस्व,,Pending,,
Both,Both,दोनों,,Pending,,
Bottom center,Bottom center,नीचे मध्य,,Pending,,
Bottom left,Bottom left,नीचे बाएँ,,Pending,,
Bottom right,Bottom right,नीचे दाएँ,,Pending,,
ui.branch.52656e81,Branch,शाखा,,Pending,,
Branch Managers,Branch Managers,शाखा प्रबंधक,,Pending,,
ui.branch.performance.8d460147,Branch performance,शाखा प्रदर्शन,,Pending,,
Bright enterprise workspace,Bright enterprise workspace,उज्ज्वल उद्यम कार्यक्षेत्र,,Pending,,
Browse,Browse,ब्राउज़ करें,,Pending,,
ui.budget.1c6225ec,Budget,बजट,,Pending,,
Budget / target,Budget / target,बजट / लक्ष्य,,Pending,,
menu.library.bulk-operations.label,Bulk Operations,सामूहिक कार्रवाइयाँ,,Pending,,
Bulk decision comment,Bulk decision comment,सामूहिक निर्णय टिप्पणी,,Pending,,
field.user.email.label,Business email,व्यावसायिक ईमेल,,Pending,,
Button,Button,बटन,,Pending,,
ui.by.decision.making.665d31a2,By decision making,निर्णय के आधार पर,,Pending,,
ui.by.total.time.20ea7bc0,By total time,कुल समय के आधार पर,,Pending,,
ui.csv.preview.first.5.data.rows.ecc688e2,CSV preview · first 5 data rows,CSV पूर्वावलोकन · पहली 5 पंक्तियाँ,,Pending,,
ui.csv.row.preview.e4755004,CSV row preview,CSV पंक्ति पूर्वावलोकन,,Pending,,
CSV — opens anywhere,CSV — opens anywhere,CSV — कहीं भी खुलता है,,Pending,,
CUS-1042 updated successfully.,CUS-1042 updated successfully.,CUS-1042 सफलतापूर्वक अद्यतन।,,Pending,,
Calm finance-focused palette,Calm finance-focused palette,वित्त केंद्रित शांत रंग,,Pending,,
ui.cancel.19766ed6,Cancel,रद्द करें,,Pending,,
ui.cancel.rename.3fe54236,Cancel rename,नाम बदलना रद्द करें,,Pending,,
Cancelled,Cancelled,रद्द,,Pending,,
Capillary refill,Capillary refill,केशिका पुनर्भरण,,Pending,,
Card grid,Card grid,कार्ड ग्रिड,,Pending,,
Card grid view,Card grid view,कार्ड ग्रिड दृश्य,,Pending,,
"Cardiac and perfusion findings, linked to the presenting symptom","Cardiac and perfusion findings, linked to the presenting symptom",वर्तमान लक्षण से जुड़े हृदय और परिसंचरण निष्कर्ष,,Pending,,
Cardiac risk factors,Cardiac risk factors,हृदय जोखिम कारक,,Pending,,
"Cardiac symptoms, risk factors, cardiovascular examination.","Cardiac symptoms, risk factors, cardiovascular examination.","हृदय लक्षण, जोखिम कारक, हृदयवाहिका परीक्षण।",,Pending,,
field.consultation.specialty.option.Cardiology,Cardiology,हृदय रोग,,Pending,,
Cardiovascular,Cardiovascular,हृदय और रक्तवाहिका,,Pending,,
Cardiovascular examination,Cardiovascular examination,हृदयवाहिका परीक्षण,,Pending,,
Cardiovascular risk assessment,Cardiovascular risk assessment,हृदयवाहिका जोखिम मूल्यांकन,,Pending,,
Caregiver concerns,Caregiver concerns,देखभालकर्ता की चिंताएँ,,Pending,,
menu.supply.carrier-master.label,Carrier Master,वाहक मास्टर,,Pending,,
Cash position,Cash position,नकद स्थिति,,Pending,,
menu.sales.sales-catalog.label,Catalog,कैटलॉग,,Pending,,
field.hr-dashboard.category.label,Category,श्रेणी,,Pending,,
Center modal,Center modal,केंद्रीय संवाद,,Pending,,
Centered record card,Centered record card,केंद्रित रिकॉर्ड कार्ड,,Pending,,
ui.change.a.primitive.once.all.consuming.pages.inherit.the.7c4d537a,Change a primitive once; all consuming pages inherit the contract.,मूल घटक एक बार बदलें; सभी संबंधित पृष्ठ वही व्यवहार अपनाते हैं।,,Pending,,
section.hr-dashboard.audit.description,Change context and approval controls.,बदलाव का संदर्भ और अनुमोदन नियंत्रण।,,Pending,,
ui.change.mapping.6872ef3c,Change mapping,मैपिंग बदलें,,Pending,,
field.hr-dashboard.changeReason.label,Change reason,बदलाव का कारण,,Pending,,
Change since last visit,Change since last visit,अंतिम मुलाकात से बदलाव,,Pending,,
Changed by someone else,Changed by someone else,किसी और ने बदला,,Pending,,
ui.changes.apply.to.new.submissions.and.resubmissions.pendi.2d7a336e,Changes apply to new submissions and resubmissions. Pending approvals retain their submitted stages.,बदलाव नए और दोबारा भेजे गए अनुरोधों पर लागू होंगे। लंबित अनुमोदन अपने मौजूदा चरण रखेंगे।,,Pending,,
ui.changes.here.save.separately.from.the.record.f35c36d1,Changes here save separately from the record.,यहाँ के बदलाव रिकॉर्ड से अलग सहेजे जाते हैं।,,Pending,,
ui.changes.need.attention.fbaeabd5,Changes need attention,बदलावों पर ध्यान दें,,Pending,,
api.approval.changes_requested,Changes requested,बदलाव माँगे गए,,Pending,,
Changes saved,Changes saved,बदलाव सहेजे गए,,Pending,,
Channel,Channel,चैनल,,Pending,,
menu.finance.chart-account.label,Chart of Accounts,खातों की सूची,,Pending,,
ui.chart.options.160d6be8,Chart options,चार्ट विकल्प,,Pending,,
Check line items,Check line items,पंक्ति वस्तुएँ जाँचें,,Pending,,
Checked on save,Checked on save,सहेजते समय जाँच,,Pending,,
ui.checking.that.you.can.see.it.3619bc93,Checking that you can see it.,आपकी देखने की अनुमति जाँची जा रही है।,,Pending,,
"Chest pain, palpitations or dyspnoea","Chest pain, palpitations or dyspnoea","सीने में दर्द, धड़कन या श्वासकष्ट",,Pending,,
Chest-pain risk instrument,Chest-pain risk instrument,सीने के दर्द का जोखिम उपकरण,,Pending,,
api.message.aee0ef72de4e,Choose 1–100 distinct records and add a decision comment.,1–100 अलग रिकॉर्ड चुनें और निर्णय की टिप्पणी जोड़ें।,,Pending,,
Choose a CSV file up to 2 MB.,Choose a CSV file up to 2 MB.,2 एमबी तक की CSV फ़ाइल चुनें।,,Pending,,
Choose a UTF-8 .csv file up to 2 MB.,Choose a UTF-8 .csv file up to 2 MB.,2 एमबी तक की UTF-8 .csv फ़ाइल चुनें।,,Pending,,
api.message.6f38216914c3,Choose a file between 1 byte and 2 MB.,1 बाइट से 2 MB तक की फ़ाइल चुनें।,,Pending,,
api.message.249a46505f32,"Choose a page, record ID and label.","पृष्ठ, रिकॉर्ड आईडी और नाम चुनें।",,Pending,,
api.message.4702e2ea89c6,Choose a product and page.,उत्पाद और पृष्ठ चुनें।,,Pending,,
Choose a supported option value,Choose a supported option value,समर्थित विकल्प मान चुनें,,Pending,,
api.message.1ebd2d43e7a1,Choose a supported product and page.,समर्थित उत्पाद और पृष्ठ चुनें।,,Pending,,
Choose a value for the selected parent field,Choose a value for the selected parent field,चयनित मूल फ़ील्ड के लिए मान चुनें,,Pending,,
Choose a view,Choose a view,दृश्य चुनें,,Pending,,
ui.choose.another.file.26eac8f8,Choose another file,दूसरी फ़ाइल चुनें,,Pending,,
ui.choose.columns.61b55093,Choose columns,कॉलम चुनें,,Pending,,
api.message.49cb9760a23d,Choose up to 100 notifications.,अधिकतम 100 सूचनाएँ चुनें।,,Pending,,
ui.choose.visible.columns.and.save.their.order.for.this.pag.9658cf67,Choose visible columns and save their order for this page.,इस पृष्ठ के कॉलम चुनें और उनका क्रम सहेजें।,,Pending,,
Chronic Review,Chronic Review,दीर्घकालिक रोग समीक्षा,,Pending,,
City,City,शहर,,Pending,,
ui.claim.external.reference.2d9f3e63,Claim / external reference,दावा / बाहरी संदर्भ,,Pending,,
menu.healthcare.claim-worklist.label,Claim Worklist,दावा कार्यसूची,,Pending,,
Claim batch submitted,Claim batch submitted,दावा बैच भेजा,,Pending,,
Claim denial rate,Claim denial rate,दावा अस्वीकृति दर,,Pending,,
Claims in denial,Claims in denial,अस्वीकृत दावे,,Pending,,
column.supplier-fin-master.category.label,Class,वर्ग,,Pending,,
ui.clear.83b12c22,Clear,साफ़ करें,,Pending,,
ui.clear.filters.7179ea00,Clear filters,फ़िल्टर साफ़ करें,,Pending,,
ui.clear.search.3b7ea517,Clear search,खोज साफ़ करें,,Pending,,
Cleared,Cleared,निपटाया गया,,Pending,,
Click,Click,क्लिक,,Pending,,
ui.click.opens.it.from.the.logo.instead.ffb97db4,Click opens it from the logo instead,क्लिक करने पर लोगो से खुलता है,,Pending,,
section.healthcare.hc-clinical.label,Clinical,नैदानिक,,Pending,,
menu.healthcare.hc-reports.label,Clinical & Operational,नैदानिक और परिचालन,,Pending,,
menu.healthcare.clinical-notes.label,Clinical Notes,नैदानिक टिप्पणियाँ,,Pending,,
menu.healthcare.hc-config.label,Clinical Setup,नैदानिक सेटअप,,Pending,,
Clinical instruments,Clinical instruments,नैदानिक उपकरण,,Pending,,
Clinical overview,Clinical overview,नैदानिक अवलोकन,,Pending,,
ui.clinical.reasoning.dc513d72,Clinical reasoning,नैदानिक तर्क,,Pending,,
Clinical reasoning and the problems addressed,Clinical reasoning and the problems addressed,नैदानिक तर्क और संबोधित समस्याएँ,,Pending,,
column.consultation-worklist.clinician.label,Clinician,चिकित्सक,,Pending,,
menu.healthcare.clinician-master.label,Clinician Master,चिकित्सक मास्टर,,Pending,,
ui.clinician.narrative.bcee8ae9,Clinician narrative,चिकित्सक का विवरण,,Pending,,
ui.clock.93ff9273,Clock,घड़ी,,Pending,,
ui.close.7d9eb7ac,Close,बंद करें,,Pending,,
ui.close.help.88f2b692,Close help,सहायता बंद करें,,Pending,,
ui.close.other.tabs.0ddc2c56,Close other tabs,अन्य टैब बंद करें,,Pending,,
Close {item},Close {item},{item} बंद करें,,Pending,,
ui.closing.pauses.after.the.current.batch.completed.rows.re.dd7e09b9,Closing pauses after the current batch. Completed rows remain imported.,बंद करने पर वर्तमान बैच के बाद प्रक्रिया रुकेगी। पूरी हुई पंक्तियाँ आयातित रहेंगी।,,Pending,,
Code,Code,कोड,,Pending,,
Code generated on save,Code generated on save,सहेजने पर कोड बनेगा,,Pending,,
"Code — AED 1,200","Code — AED 1,200","कोड — AED 1,200",,Pending,,
ui.coding.scheme.b7ff20ad,Coding scheme,कोडिंग प्रणाली,,Pending,,
Coding scheme · E/M,Coding scheme · E/M,कोडिंग प्रणाली · E/M,,Pending,,
Cognition and safety,Cognition and safety,संज्ञान और सुरक्षा,,Pending,,
Collapse the split to one document,Collapse the split to one document,विभाजन एक दस्तावेज़ में समेटें,,Pending,,
Collection notes,Collection notes,वसूली टिप्पणियाँ,,Pending,,
Collections,Collections,वसूली,,Pending,,
Colour and perfusion,Colour and perfusion,रंग और परिसंचरण,,Pending,,
ui.column.choices.are.stored.per.page.the.same.saved.layout.96049e42,Column choices are stored per page. The same saved layout is used when you return to this worklist.,कॉलम विकल्प हर पृष्ठ के लिए सहेजे जाते हैं। लौटने पर वही लेआउट दिखेगा।,,Pending,,
ui.column.layout.is.saved.9e9984dd,Column layout is saved,कॉलम लेआउट सहेजा गया,,Pending,,
ui.column.names.stay.visible.while.you.scroll.4b34c24d,Column names stay visible while you scroll.,स्क्रॉल करते समय कॉलम नाम दिखते रहते हैं।,,Pending,,
Columns,Columns,कॉलम,,Pending,,
ui.columns.layout.cfbf6147,Columns & layout,कॉलम और लेआउट,,Pending,,
Comfortable,Comfortable,आरामदायक,,Pending,,
Commands start with a colon. Try :help.,Commands start with a colon. Try :help.,कमांड कोलन से शुरू होते हैं। :help आज़माएँ।,,Pending,,
Comments,Comments,टिप्पणियाँ,,Pending,,
section.customer.contact.description,Communication and account ownership.,संपर्क और खाते का स्वामित्व।,,Pending,,
Compact,Compact,कॉम्पैक्ट,,Pending,,
Comparable basis,Comparable basis,तुलनीय आधार,,Pending,,
Comparison,Comparison,तुलना,,Pending,,
"Competing risks, reconciliation, care-team coordination.","Competing risks, reconciliation, care-team coordination.","प्रतिस्पर्धी जोखिम, मिलान, देखभाल टीम समन्वय।",,Pending,,
Complaint,Complaint,शिकायत,,Pending,,
Complete required fields,Complete required fields,आवश्यक फ़ील्ड भरें,,Pending,,
api.message.120b90451b53,Complete the highlighted fields.,चिह्नित फ़ील्ड भरें।,,Pending,,
Completed,Completed,पूर्ण,,Pending,,
Complex Multimorbidity,Complex Multimorbidity,जटिल बहुरोग,,Pending,,
Complex multimorbidity in Paediatrics usually implies a shared-care or long-term-conditions pathway rather than a single specialty plan.,Complex multimorbidity in Paediatrics usually implies a shared-care or long-term-conditions pathway rather than a single specialty plan.,"बाल चिकित्सा में जटिल बहुरोग सामान्यतः साझा या दीर्घकालिक देखभाल मार्ग है, एक विशेषज्ञ योजना नहीं।",,Pending,,
"Complex multimorbidity: problem reconciliation, competing risks, medication burden and care-plan ownership are prioritised.","Complex multimorbidity: problem reconciliation, competing risks, medication burden and care-plan ownership are prioritised.","जटिल बहुरोग: समस्या मिलान, प्रतिस्पर्धी जोखिम, दवा भार और देखभाल योजना जिम्मेदारी प्राथमिक हैं।",,Pending,,
Compliance,Compliance,अनुपालन,,Pending,,
menu.hr.compliance-report.label,Compliance Register,अनुपालन रजिस्टर,,Pending,,
Compliance review,Compliance review,अनुपालन समीक्षा,,Pending,,
ui.component.ce54f0e2,Component,घटक,,Pending,,
menu.library.component-contracts.label,Component Contracts,घटक अनुबंध,,Pending,,
menu.library.component-library.label,Component Gallery,घटक गैलरी,,Pending,,
Component event,Component event,घटक घटना,,Pending,,
Component reviews,Component reviews,घटक समीक्षाएँ,,Pending,,
ui.component.bound.value.ef5529c4,Component-bound value,घटक से जुड़ा मान,,Pending,,
section.library.lib-components.label,Components,घटक,,Pending,,
"Components consume tokens such as surface, border, primary and text.","Components consume tokens such as surface, border, primary and text.","घटक सतह, सीमा, प्राथमिक और पाठ जैसे टोकन उपयोग करते हैं।",,Pending,,
page.library-dashboard.subtitle,"Components, patterns, schemas, tokens, contracts and implementation guidance","घटक, पैटर्न, स्कीमा, टोकन, अनुबंध और कार्यान्वयन मार्गदर्शन",,Pending,,
ui.compose.consultation.4403af43,Compose consultation →,परामर्श तैयार करें →,,Pending,,
page.consultation-entry.subtitle,"Composed from consultation type, specialty, complaint and patient context.","परामर्श प्रकार, विशेषज्ञता, शिकायत और रोगी के संदर्भ से तैयार।",,Pending,,
menu.library.composition.label,Compositions,संयोजन,,Pending,,
"Condition-specific, where a validated tool is configured.","Condition-specific, where a validated tool is configured.","स्थिति विशिष्ट, सत्यापित उपकरण कॉन्फ़िगर होने पर।",,Pending,,
Configuration,Configuration,कॉन्फ़िगरेशन,,Pending,,
api.message.5df0e770bfb0,Configuration changed. Refresh before saving.,सेटिंग बदल गई है। सहेजने से पहले रीफ़्रेश करें।,,Pending,,
ui.configure.stages.b1a58fa2,Configure stages,चरण कॉन्फ़िगर करें,,Pending,,
Confirm,Confirm,पुष्टि करें,,Pending,,
ui.confirm.approval.action.aeacaf3d,Confirm approval action,अनुमोदन कार्रवाई की पुष्टि करें,,Pending,,
ui.confirm.approval.action.005e321a,Confirm approval action?,अनुमोदन कार्रवाई की पुष्टि करें?,,Pending,,
ui.confirm.bulk.actions.5c64ae13,Confirm bulk actions,सामूहिक कार्रवाइयों की पुष्टि,,Pending,,
ui.confirm.import.4ca48b42,Confirm import,आयात की पुष्टि करें,,Pending,,
ui.confirm.import.8f8e1565,Confirm import?,आयात की पुष्टि करें?,,Pending,,
Congruence,Congruence,अनुरूपता,,Pending,,
ui.connect.a.posting.workflow.to.enable.this.action.91fc6f60,Connect a posting workflow to enable this action,यह कार्रवाई सक्षम करने के लिए पोस्टिंग कार्यप्रवाह जोड़ें,,Pending,,
Consent and chaperone,Consent and chaperone,सहमति और सहचर,,Pending,,
Consent and readiness,Consent and readiness,सहमति और तैयारी,,Pending,,
Consent and risk discussion,Consent and risk discussion,सहमति और जोखिम चर्चा,,Pending,,
ui.consolidated.4.branches.aed.5a7f6cfc,Consolidated • 4 branches • AED,समेकित • 4 शाखाएँ • AED,,Pending,,
column.consultation-worklist.id.label,Consultation,परामर्श,,Pending,,
field.consultation.consultationCode.label,Consultation no.,परामर्श संख्या,,Pending,,
Consultation saved,Consultation saved,परामर्श सहेजा गया,,Pending,,
Consultation type,Consultation type,परामर्श प्रकार,,Pending,,
menu.healthcare.consultation-worklist.label,Consultations,परामर्श,,Pending,,
field.consultation.clinician.label,Consulting clinician,परामर्शदाता चिकित्सक,,Pending,,
Consumables,Consumables,उपभोग्य सामग्री,,Pending,,
menu.pharmacy.consumption-report.label,Consumption,खपत,,Pending,,
column.supplier-fin-master.contact.label,Contact,संपर्क,,Pending,,
ui.contact.support.814f4ed2,Contact support,सहायता से संपर्क करें,,Pending,,
Contacts,Contacts,संपर्क,,Pending,,
ui.contains.2eaecb3d,Contains,शामिल है,,Pending,,
"Contains — the phrase, in any cell","Contains — the phrase, in any cell",शामिल है — किसी भी सेल में वाक्यांश,,Pending,,
Content,Content,विषयवस्तु,,Pending,,
ui.context.window.7696d085,Context window,संदर्भ सीमा,,Pending,,
Context · Paediatric,Context · Paediatric,संदर्भ · बाल,,Pending,,
Context · Pregnancy,Context · Pregnancy,संदर्भ · गर्भावस्था,,Pending,,
ui.contextual.limited.data.preview.ab741383,Contextual limited-data preview,सीमित डेटा का संदर्भ पूर्वावलोकन,,Pending,,
Continue,Continue,जारी रखें,,Pending,,
ui.continue.496267cc,Continue →,जारी रखें →,,Pending,,
Contraception,Contraception,गर्भनिरोध,,Pending,,
ui.contract.a6f5b0e5,Contract,अनुबंध,,Pending,,
ui.contract.reference.a2cfd678,Contract reference,अनुबंध संदर्भ,,Pending,,
ui.contract.insurance.tax.c477918c,"Contract, insurance & tax","अनुबंध, बीमा और कर",,Pending,,
Contract:,Contract:,अनुबंध:,,Pending,,
ui.contract.9a9c244e,Contract: ,अनुबंध: ,,Pending,,
menu.hr.contractor-master.label,Contractor Master,ठेकेदार मास्टर,,Pending,,
Contribution,Contribution,योगदान,,Pending,,
"Contribution is small, but performance is 12.0% above budget.","Contribution is small, but performance is 12.0% above budget.","योगदान छोटा है, पर प्रदर्शन बजट से 12.0% ऊपर।",,Pending,,
"Control, interval events, treatment response, complications.","Control, interval events, treatment response, complications.","नियंत्रण, बीच की घटनाएँ, उपचार प्रतिक्रिया, जटिलताएँ।",,Pending,,
column.drug-master.controlled.label,Controlled,नियंत्रित,,Pending,,
menu.pharmacy.controlled-register.label,Controlled Register,नियंत्रित पदार्थ रजिस्टर,,Pending,,
menu.pharmacy.rx-controlled.label,Controlled Substances,नियंत्रित पदार्थ,,Pending,,
Controlled register signed,Controlled register signed,नियंत्रित रजिस्टर हस्ताक्षरित,,Pending,,
Controlled variance,Controlled variance,नियंत्रित पदार्थ अंतर,,Pending,,
page.messages.subtitle,Conversations from colleagues and shared service desks.,सहकर्मियों और साझा सेवा केंद्रों की बातचीत।,,Pending,,
"Cool teal, long-session friendly","Cool teal, long-session friendly",लंबे सत्र के लिए शीतल टील,,Pending,,
ui.copy.link.dbf362d4,Copy link,लिंक कॉपी करें,,Pending,,
Core,Core,मूल,,Pending,,
section.user.identity.description,Core identity and sign-in details.,मूल पहचान और साइन इन विवरण।,,Pending,,
ui.corner.radius.76a6d9f3,Corner radius,कोने की गोलाई,,Pending,,
Corporate,Corporate,कॉर्पोरेट,,Pending,,
column.product-master.cost.label,Cost,लागत,,Pending,,
menu.finance.cost-center.label,Cost Center,लागत केंद्र,,Pending,,
Cost model recalculated,Cost model recalculated,लागत मॉडल फिर गणना किया,,Pending,,
api.message.f3f89605ed5f,Could not archive records.,रिकॉर्ड संग्रहित नहीं किए जा सके।,,Pending,,
api.message.dda8c9cfafca,Could not persist preferences.,प्राथमिकताएँ सहेजी नहीं जा सकीं।,,Pending,,
api.message.ebcd90928d9f,Could not persist record.,रिकॉर्ड सहेजा नहीं जा सका।,,Pending,,
api.message.6d27061190d7,Could not persist the layout.,लेआउट सहेजा नहीं जा सका।,,Pending,,
api.message.75db038d9cc2,Could not save personal views.,व्यक्तिगत दृश्य सहेजे नहीं जा सके।,,Pending,,
Country,Country,देश,,Pending,,
Crackles,Crackles,क्रैकल ध्वनियाँ,,Pending,,
Create a record,Create a record,रिकॉर्ड बनाएँ,,Pending,,
ui.create.a.shared.filter.link.ce50297a,Create a shared filter link,साझा फ़िल्टर लिंक बनाएँ,,Pending,,
ui.create.credit.note.3a4fa54e,Create credit note,क्रेडिट नोट बनाएँ,,Pending,,
ui.create.new.records.from.utf.8.csv.existing.records.are.n.e8ccc310,"Create new records from UTF-8 CSV. Existing records are never overwritten. Limit: 500 rows, 2 MB.","UTF-8 CSV से नए रिकॉर्ड बनाएँ। मौजूदा रिकॉर्ड नहीं बदले जाते। सीमा: 500 पंक्तियाँ, 2 MB।",,Pending,,
Create records: {count}. Excluded invalid rows: {invalid}. Existing records will not be overwritten.,Create records: {count}. Excluded invalid rows: {invalid}. Existing records will not be overwritten.,रिकॉर्ड बनाएँ: {count}। बाहर रखी गई अमान्य पंक्तियाँ: {invalid}। मौजूदा रिकॉर्ड नहीं बदले जाएँगे।,,Pending,,
ui.create.saved.view.488ed7c5,Create saved view,सहेजा गया दृश्य बनाएँ,,Pending,,
ui.create.schedule.5b08f3c7,Create schedule,शेड्यूल बनाएँ,,Pending,,
Created from contract CTR-ENT-00412,Created from contract CTR-ENT-00412,अनुबंध CTR-ENT-00412 से बना,,Pending,,
Credit Note,Credit Note,क्रेडिट नोट,,Pending,,
Credit Profile,Credit Profile,क्रेडिट प्रोफ़ाइल,,Pending,,
Credit control,Credit control,क्रेडिट नियंत्रण,,Pending,,
Credit controls,Credit controls,क्रेडिट नियंत्रण,,Pending,,
Credit hold,Credit hold,क्रेडिट रोक,,Pending,,
ui.credit.limit.914a45ea,Credit limit,क्रेडिट सीमा,,Pending,,
Credit limit reached,Credit limit reached,क्रेडिट सीमा पहुँची,,Pending,,
Credit note,Credit note,क्रेडिट नोट,,Pending,,
Credit notes,Credit notes,क्रेडिट नोट,,Pending,,
ui.credit.review.00e24d04,Credit review,क्रेडिट समीक्षा,,Pending,,
Credit review warning,Credit review warning,क्रेडिट समीक्षा चेतावनी,,Pending,,
Crepitus,Crepitus,चरचराहट,,Pending,,
field.hr-dashboard.priority.option.Critical,Critical,अति गंभीर,,Pending,,
Critical attendance anomaly,Critical attendance anomaly,गंभीर उपस्थिति विसंगति,,Pending,,
Critical stockout risk,Critical stockout risk,गंभीर स्टॉक समाप्ति जोखिम,,Pending,,
menu.finance.currency-config.label,Currencies & Rates,मुद्राएँ और दरें,,Pending,,
ui.currency.3ac1a9ec,Currency,मुद्रा,,Pending,,
ui.currency.shown.as.ab804fb4,Currency shown as,मुद्रा का प्रदर्शन,,Pending,,
Currency:,Currency:,मुद्रा:,,Pending,,
ui.currency.9fc8cc2a,Currency: ,मुद्रा: ,,Pending,,
ui.current.e0d1b682,Current,वर्तमान,,Pending,,
ui.current.exposure.d13632a4,Current exposure,वर्तमान वित्तीय जोखिम,,Pending,,
field.consultation.currentMedication.label,Current medication,वर्तमान दवाएँ,,Pending,,
Current period,Current period,वर्तमान अवधि,,Pending,,
ui.current.period.operating.summary.7a20f4ae,Current period operating summary,वर्तमान अवधि संचालन सारांश,,Pending,,
ui.current.previous.and.budget.comparison.bdd585c7,"Current, previous and budget comparison","वर्तमान, पिछला और बजट तुलना",,Pending,,
Custom,Custom,कस्टम,,Pending,,
ui.customer.bf376338,Customer,ग्राहक,,Pending,,
Customer ID,Customer ID,ग्राहक आईडी,,Pending,,
Customer Master,Customer Master,ग्राहक मास्टर,,Pending,,
menu.sales.customer-worklist.label,Customer Worklist,ग्राहक कार्यसूची,,Pending,,
ui.customer.approvals.1954476c,Customer approvals,ग्राहक अनुमोदन,,Pending,,
Customer code,Customer code,ग्राहक कोड,,Pending,,
Customer credit exceeded,Customer credit exceeded,ग्राहक क्रेडिट सीमा पार,,Pending,,
ui.customer.details.f07acc44,Customer details,ग्राहक विवरण,,Pending,,
Customer exposure exceeds soft threshold,Customer exposure exceeds soft threshold,ग्राहक जोखिम चेतावनी सीमा से अधिक,,Pending,,
Customer profile,Customer profile,ग्राहक प्रोफ़ाइल,,Pending,,
Customer saved,Customer saved,ग्राहक सहेजा गया,,Pending,,
Customer type,Customer type,ग्राहक प्रकार,,Pending,,
Customers,Customers,ग्राहक,,Pending,,
Cutoff 04 Sep,Cutoff 04 Sep,अंतिम समय 04 सितम्बर,,Pending,,
ui.developer.library.331d19aa,DEVELOPER LIBRARY,डेवलपर लाइब्रेरी,,Pending,,
DSO 41 days,DSO 41 days,वसूली अवधि 41 दिन,,Pending,,
Daily,Daily,दैनिक,,Pending,,
Daily bank feed reconciled,Daily bank feed reconciled,दैनिक बैंक फ़ीड मिलान हुआ,,Pending,,
api.message.fd47ff938593,Daily token budget spent.,दैनिक टोकन सीमा समाप्त हो गई।,,Pending,,
ui.danger.8412c070,Danger,खतरा,,Pending,,
Dark violet with magenta accent,Dark violet with magenta accent,मैजेंटा के साथ गहरा बैंगनी,,Pending,,
Dashboard exported,Dashboard exported,डैशबोर्ड निर्यात हुआ,,Pending,,
Dashboard refreshed,Dashboard refreshed,डैशबोर्ड ताज़ा हुआ,,Pending,,
Data,Data,डेटा,,Pending,,
menu.library.data-patterns.label,Data Worklists,डेटा कार्यसूचियाँ,,Pending,,
Data completeness,Data completeness,डेटा पूर्णता,,Pending,,
Data display,Data display,डेटा प्रदर्शन,,Pending,,
Data reviewed and analysed,Data reviewed and analysed,समीक्षित और विश्लेषित डेटा,,Pending,,
ui.data.row.c8519601,Data row,डेटा पंक्ति,,Pending,,
Data row {row} has {actual} cells; expected {expected}.,Data row {row} has {actual} cells; expected {expected}.,डेटा पंक्ति {row} में {actual} सेल हैं; अपेक्षित {expected}।,,Pending,,
DataGrid v2 contract published,DataGrid v2 contract published,DataGrid v2 अनुबंध प्रकाशित,,Pending,,
Date,Date,तारीख,,Pending,,
ui.date.format.43123f5c,Date format,तारीख प्रारूप,,Pending,,
column.patient-master.dob.label,Date of birth,जन्म तिथि,,Pending,,
Date preset,Date preset,पूर्वनिर्धारित तिथि,,Pending,,
Dates required,Dates required,तिथियाँ आवश्यक,,Pending,,
Day case,Day case,दिवसीय रोगी,,Pending,,
Dec,Dec,दिसम्बर,,Pending,,
ui.decimal.places.004a3408,Decimal places,दशमलव स्थान,,Pending,,
menu.payroll.deduction-master.label,Deduction Master,कटौती मास्टर,,Pending,,
Deductions,Deductions,कटौतियाँ,,Pending,,
Deep,Deep,गहरा,,Pending,,
Deep violet product workspace,Deep violet product workspace,गहरा बैंगनी उत्पाद कार्यक्षेत्र,,Pending,,
Default,Default,डिफ़ॉल्ट,,Pending,,
column.user-master.branch.label,Default branch,डिफ़ॉल्ट शाखा,,Pending,,
field.user.language.label,Default language,डिफ़ॉल्ट भाषा,,Pending,,
ui.default.rows.per.page.c972be79,Default rows per page,प्रति पृष्ठ डिफ़ॉल्ट पंक्तियाँ,,Pending,,
Defaults restored,Defaults restored,डिफ़ॉल्ट बहाल,,Pending,,
Deformity,Deformity,विकृति,,Pending,,
Dehydration severity,Dehydration severity,निर्जलीकरण गंभीरता,,Pending,,
menu.hr.delegation-master.label,Delegation Rules,प्रत्यायोजन नियम,,Pending,,
ui.delete.e2d0a549,Delete,हटाएँ,,Pending,,
ui.delete.line.5f190885,Delete line,पंक्ति हटाएँ,,Pending,,
ui.delete.personal.view.95fb7d13,Delete personal view?,व्यक्तिगत दृश्य हटाएँ?,,Pending,,
ui.delete.view.0767ef85,Delete view,दृश्य हटाएँ,,Pending,,
Delete {view}? Records will not be changed.,Delete {view}? Records will not be changed.,{view} हटाएँ? रिकॉर्ड नहीं बदलेंगे।,,Pending,,
ui.delivery.mode.c9585346,Delivery mode,वितरण तरीका,,Pending,,
ui.delivery.time.2898c4bc,Delivery time,वितरण समय,,Pending,,
ui.demo.accounts.819adaa3,Demo accounts,डेमो खाते,,Pending,,
ui.demo.environment.mock.data.no.real.records.a37d424d,Demo environment · mock data · no real records,डेमो वातावरण · नमूना डेटा · वास्तविक रिकॉर्ड नहीं,,Pending,,
menu.healthcare.denial-rate-report.label,Denial Rate,अस्वीकृति दर,,Pending,,
menu.healthcare.denial-worklist.label,Denials & Appeals,अस्वीकृतियाँ और अपीलें,,Pending,,
Dense operations neutral,Dense operations neutral,सघन संचालन के लिए तटस्थ,,Pending,,
ui.density.77a283d6,Density,घनत्व,,Pending,,
field.hr-dashboard.department.label,Department,विभाग,,Pending,,
menu.hr.department-master.label,Department Master,विभाग मास्टर,,Pending,,
Deprecated prop detected,Deprecated prop detected,अप्रचलित प्रॉप मिला,,Pending,,
Depression instrument,Depression instrument,अवसाद उपकरण,,Pending,,
Depression or anxiety follow-up,Depression or anxiety follow-up,अवसाद या चिंता अनुवर्ती,,Pending,,
Derived from what is documented — never a target to reach,Derived from what is documented — never a target to reach,दर्ज सामग्री से निकला — प्राप्त करने का लक्ष्य नहीं,,Pending,,
field.consultation.specialty.option.Dermatology,Dermatology,त्वचा रोग,,Pending,,
ui.description.526e0087,Description,विवरण,,Pending,,
section.library.lib-design.label,Design System,डिज़ाइन प्रणाली,,Pending,,
menu.library.design-tokens.label,Design Tokens,डिज़ाइन टोकन,,Pending,,
Detailed,Detailed,विस्तृत,,Pending,,
ui.detailed.output.38d43b78,Detailed output,विस्तृत आउटपुट,,Pending,,
Details,Details,विवरण,,Pending,,
module.library.label,Developer Library,डेवलपर लाइब्रेरी,,Pending,,
ui.developer.guide.b361713a,Developer guide,डेवलपर गाइड,,Pending,,
Developer library,Developer library,डेवलपर लाइब्रेरी,,Pending,,
Development,Development,विकास,,Pending,,
column.consultation-worklist.primaryDiagnosis.label,Diagnosis,निदान,,Pending,,
ui.diagnosis.catalogue.fcb17a05,Diagnosis catalogue,निदान सूची,,Pending,,
Diagnosis coding,Diagnosis coding,निदान कोडिंग,,Pending,,
field.consultation.differential.label,Differential,विभेदक निदान,,Pending,,
ui.differential.evidence.and.the.relationship.between.probl.5a0bee6b,"Differential, evidence, and the relationship between problems.","विभेदक निदान, साक्ष्य और समस्याओं का संबंध।",,Pending,,
Dimension,Dimension,आयाम,,Pending,,
Direct customer billing,Direct customer billing,सीधी ग्राहक बिलिंग,,Pending,,
ui.disable.b7e3e4aa,Disable,अक्षम करें,,Pending,,
Disc.,Disc.,छूट,,Pending,,
ui.discard.eb1a70e3,Discard,छोड़ें,,Pending,,
Discard and close,Discard and close,छोड़ें और बंद करें,,Pending,,
Discard and continue,Discard and continue,छोड़ें और जारी रखें,,Pending,,
Discard changes?,Discard changes?,बदलाव छोड़ें?,,Pending,,
ui.discard.consultation.changes.05979a62,Discard consultation changes,परामर्श बदलाव छोड़ें,,Pending,,
ui.discard.invoice.changes.30963b6b,Discard invoice changes,चालान बदलाव छोड़ें,,Pending,,
ui.discard.recovery.draft.0d6faf2c,Discard recovery draft,पुनर्प्राप्ति ड्राफ़्ट छोड़ें,,Pending,,
Discharge,Discharge,छुट्टी,,Pending,,
Discharge course,Discharge course,छुट्टी का क्रम,,Pending,,
"Discharge course, medication changes and unresolved issues","Discharge course, medication changes and unresolved issues","छुट्टी का क्रम, दवा बदलाव और अनसुलझे मुद्दे",,Pending,,
Discharge summaries due,Discharge summaries due,छुट्टी सारांश देय,,Pending,,
Discharge summary overdue,Discharge summary overdue,छुट्टी सारांश अतिदेय,,Pending,,
field.consultation.outcome.option.Discharged%20to%20GP,Discharged to GP,सामान्य चिकित्सक को सौंपकर छुट्टी,,Pending,,
menu.healthcare.discharge-worklist.label,Discharges,अस्पताल से छुट्टी,,Pending,,
Discount,Discount,छूट,,Pending,,
Discount %,Discount %,छूट %,,Pending,,
menu.sales.discount-rule.label,Discount Rule,छूट नियम,,Pending,,
Discoverable shortcuts,Discoverable shortcuts,खोज योग्य शॉर्टकट,,Pending,,
ui.dismiss.48845bff,Dismiss,खारिज करें,,Pending,,
menu.pharmacy.dispense-history.label,Dispense History,दवा वितरण इतिहास,,Pending,,
section.pharmacy.rx-dispensing.label,Dispensing,दवा वितरण,,Pending,,
menu.pharmacy.dispensing-rules.label,Dispensing Rules,दवा वितरण नियम,,Pending,,
"Dispensing, formulary, stock, controlled substances and procurement","Dispensing, formulary, stock, controlled substances and procurement","दवा वितरण, औषधि सूची, स्टॉक, नियंत्रित पदार्थ और खरीद",,Pending,,
field.user.displayName.label,Display name,प्रदर्शित नाम,,Pending,,
Distal pulses,Distal pulses,दूरस्थ नाड़ी,,Pending,,
ui.distinct.from.first.set.an.incident.usually.turns.on.whe.3a4df8c3,Distinct from first set: an incident usually turns on when it last changed.,पहली सेटिंग से अलग: घटना की जाँच में अंतिम बदलाव का समय महत्त्वपूर्ण है।,,Pending,,
Distributor,Distributor,वितरक,,Pending,,
ui.do.not.import.this.field.278b4151,Do not import this field,यह फ़ील्ड आयात न करें,,Pending,,
Docs,Docs,दस्तावेज़,,Pending,,
menu.sales.sales-numbering.label,Document Numbering,दस्तावेज़ क्रमांकन,,Pending,,
ui.document.identity.dates.currency.ownership.and.commercia.6a3c3f4f,"Document identity, dates, currency, ownership and commercial references.","दस्तावेज़ पहचान, तिथियाँ, मुद्रा, स्वामित्व और व्यावसायिक संदर्भ।",,Pending,,
ui.document.the.clinically.relevant.history.record.only.wha.7a60920c,Document the clinically relevant history. Record only what was assessed.,नैदानिक रूप से संबंधित इतिहास लिखें। केवल मूल्यांकन की गई बातें दर्ज करें।,,Pending,,
Documentation,Documentation,दस्तावेज़,,Pending,,
ui.documentation.completeness.00bd39d9,Documentation completeness,दस्तावेज़ पूर्णता,,Pending,,
ui.documentation.panel.on.pages.5ecf4978,Documentation panel on pages,पृष्ठों पर दस्तावेज़ पैनल,,Pending,,
ui.documentation.position.1271847e,Documentation position,दस्तावेज़ स्थान,,Pending,,
Documentation saved. Signing remains a separate workflow.,Documentation saved. Signing remains a separate workflow.,दस्तावेज़ सहेजा गया। हस्ताक्षर अलग कार्यप्रवाह है।,,Pending,,
ui.done.11a6767d,Done,हो गया,,Pending,,
column.prescription-queue.dose.label,Dose,खुराक,,Pending,,
ui.download.d6eafe82,Download,डाउनलोड,,Pending,,
ui.download.pdf.6183be08,Download PDF,PDF डाउनलोड,,Pending,,
ui.download.error.report.637a735e,Download error report,त्रुटि रिपोर्ट डाउनलोड करें,,Pending,,
ui.draft.ebf12ef4,Draft,ड्राफ़्ट,,Pending,,
Draft a note,Draft a note,टिप्पणी का ड्राफ़्ट बनाएँ,,Pending,,
ui.draft.note.58d2ae1a,Draft note,ड्राफ़्ट टिप्पणी,,Pending,,
Drafts an internal note from the values you have entered. Nothing is saved — the draft lands in the form for you to edit.,Drafts an internal note from the values you have entered. Nothing is saved — the draft lands in the form for you to edit.,दर्ज मानों से आंतरिक टिप्पणी बनाता है। कुछ सहेजता नहीं; ड्राफ़्ट आपके संपादन के लिए फ़ॉर्म में आता है।,,Pending,,
column.prescription-queue.drug.label,Drug,दवा,,Pending,,
menu.pharmacy.drug-master.label,Drug Master,दवा मास्टर,,Pending,,
Dubai is below plan,Dubai is below plan,दुबई योजना से नीचे,,Pending,,
ui.due.date.e1cb6d30,Due date,देय तिथि,,Pending,,
Due date:,Due date:,देय तिथि:,,Pending,,
ui.due.date.9cd51441,Due date: ,देय तिथि: ,,Pending,,
field.customer.paymentTerms.option.0,Due immediately,तुरंत देय,,Pending,,
menu.healthcare.patient-merge.label,Duplicate Review,डुप्लिकेट समीक्षा,,Pending,,
Duplicate check,Duplicate check,डुप्लिकेट जाँच,,Pending,,
ui.duplicate.invoice.c9328aa0,Duplicate invoice,चालान की प्रतिलिपि बनाएँ,,Pending,,
ui.duplicate.record.a1686c85,Duplicate record,रिकॉर्ड की प्रतिलिपि बनाएँ,,Pending,,
Duplicate value within this CSV,Duplicate value within this CSV,CSV के भीतर डुप्लिकेट मान,,Pending,,
ui.duration.4fc52a3c,Duration,अवधि,,Pending,,
Dynamic form,Dynamic form,गतिशील फ़ॉर्म,,Pending,,
Dyspnoea,Dyspnoea,श्वासकष्ट,,Pending,,
E/M level support,E/M level support,E/M स्तर सहायता,,Pending,,
EUR — Euro,EUR — Euro,EUR — यूरो,,Pending,,
ui.each.record.gets.its.own.workspace.tab.off.reuses.the.ma.79a0f2f4,Each record gets its own workspace tab. Off reuses the matching tab.,हर रिकॉर्ड का अपना टैब। बंद होने पर मिलता टैब दोबारा उपयोग होगा।,,Pending,,
ui.each.worklist.reopens.with.the.filters.you.left.on.it.b8266e48,Each worklist reopens with the filters you left on it.,हर कार्यसूची पिछले फ़िल्टर के साथ खुलती है।,,Pending,,
Early warning score,Early warning score,प्रारंभिक चेतावनी स्कोर,,Pending,,
menu.payroll.earning-master.label,Earning Master,आय मद मास्टर,,Pending,,
page.payroll-dashboard.subtitle,"Earnings, deductions, payroll processing, settlements and statutory outputs","आय, कटौतियाँ, वेतन प्रसंस्करण, निपटान और वैधानिक विवरण",,Pending,,
ui.edit.464c4ffd,Edit,संपादित करें,,Pending,,
ui.edit.cells.directly.paste.ranges.import.workbooks.and.ex.fe3a397d,"Edit cells directly, paste ranges, import workbooks and export the current model.","सीधे सेल संपादित करें, रेंज पेस्ट करें, कार्यपुस्तिका आयात और वर्तमान मॉडल निर्यात करें।",,Pending,,
ui.edit.record.20d0af43,Edit record,रिकॉर्ड संपादित करें,,Pending,,
Edit {item},Edit {item},{item} संपादित करें,,Pending,,
field.hr-dashboard.effectiveFrom.label,Effective from,प्रभावी आरंभ,,Pending,,
field.hr-dashboard.effectiveTo.label,Effective to,प्रभावी अंत,,Pending,,
Effusion,Effusion,द्रव संचय,,Pending,,
field.customer.eInvoice.label,Electronic invoice enabled,इलेक्ट्रॉनिक चालान सक्षम,,Pending,,
ui.electronic.tax.invoice.0271aab1,Electronic tax invoice,इलेक्ट्रॉनिक कर चालान,,Pending,,
ui.email.969ccbd3,Email,ईमेल,,Pending,,
Email attachment,Email attachment,ईमेल संलग्नक,,Pending,,
Emergency,Emergency,आपातकाल,,Pending,,
column.employee-master.name.label,Employee,कर्मचारी,,Pending,,
column.employee-master.id.label,Employee ID,कर्मचारी आईडी,,Pending,,
menu.hr.employee-master.label,Employee Master,कर्मचारी मास्टर,,Pending,,
menu.hr.onboarding.label,Employee Onboarding,कर्मचारी प्रवेश प्रक्रिया,,Pending,,
menu.hr.employee-worklist.label,Employee Worklist,कर्मचारी कार्यसूची,,Pending,,
Employee changes,Employee changes,कर्मचारी बदलाव,,Pending,,
Employees processed,Employees processed,संसाधित कर्मचारी,,Pending,,
ui.enable.5342e09f,Enable,सक्षम करें,,Pending,,
Enabled by {gate}. Available commands: {count}.,Enabled by {gate}. Available commands: {count}.,{gate} से सक्षम। उपलब्ध कमांड: {count}।,,Pending,,
Enabled here by the,Enabled here by the,यहाँ सक्षम करता है,,Pending,,
ui.enabled.here.by.the.9729cac7,Enabled here by the ,यहाँ सक्षम करता है ,,Pending,,
Enabled here by the {gate} gate. {count} command:,Enabled here by the {gate} gate. {count} command:,{gate} गेट से सक्षम। कमांड की संख्या: {count}:,,Pending,,
Enabled here by the {gate} gate. {count} commands:,Enabled here by the {gate} gate. {count} commands:,{gate} गेट से सक्षम। कमांड की संख्या: {count}:,,Pending,,
section.consultation.encounter.title,Encounter,मुलाकात,,Pending,,
menu.healthcare.encounter-worklist.label,Encounter Worklist,चिकित्सा संपर्क कार्यसूची,,Pending,,
Encounter context and active alerts,Encounter context and active alerts,मुलाकात संदर्भ और सक्रिय चेतावनियाँ,,Pending,,
menu.healthcare.hc-encounter.label,Encounters,चिकित्सा संपर्क,,Pending,,
ui.end.this.secure.session.bb190a34,End this secure session,सुरक्षित सत्र समाप्त करें,,Pending,,
field.consultation.specialty.option.Endocrinology,Endocrinology,अंतःस्रावी रोग,,Pending,,
ui.endpoint.3df9726c,Endpoint,एंडपॉइंट,,Pending,,
ui.ends.with.fc203569,Ends with,से समाप्त,,Pending,,
Engagement,Engagement,सहभागिता,,Pending,,
menu.library.engineering.label,Engineering,इंजीनियरिंग,,Pending,,
field.user.language.option.en,English,अंग्रेज़ी,,Pending,,
api.message.b319e42985cd,Enter a comment of 1–4000 characters.,1–4000 अक्षरों की टिप्पणी लिखें।,,Pending,,
api.message.3afc2f7834ca,Enter a name and a valid view layout.,नाम और वैध दृश्य लेआउट दें।,,Pending,,
api.message.74bb62028ea4,Enter a name of 1–80 characters.,1–80 अक्षरों का नाम दें।,,Pending,,
Enter a valid email address,Enter a valid email address,मान्य ईमेल पता दर्ज करें,,Pending,,
Enter a valid email address.,Enter a valid email address.,मान्य ईमेल पता दर्ज करें।,,Pending,,
field.accessibility.name.placeholder,Enter accessibility name,सुगम्यता का नाम दर्ज करें,,Pending,,
field.ar-aging.name.placeholder,Enter accounts receivable aging name,प्राप्य खातों की आयु का नाम दर्ज करें,,Pending,,
field.admission.name.placeholder,Enter admissions name,भर्ती का नाम दर्ज करें,,Pending,,
field.ai.name.placeholder,Enter ai administration name,एआई प्रशासन का नाम दर्ज करें,,Pending,,
field.appointment.name.placeholder,Enter appointments name,अपॉइंटमेंट का नाम दर्ज करें,,Pending,,
field.fin-approvals.name.placeholder,Enter approval matrix name,अनुमोदन मैट्रिक्स का नाम दर्ज करें,,Pending,,
field.sales-approval.name.placeholder,Enter approval rules name,अनुमोदन नियम का नाम दर्ज करें,,Pending,,
field.hr-workflow.name.placeholder,Enter approval workflow name,अनुमोदन कार्यप्रवाह का नाम दर्ज करें,,Pending,,
field.approval.name.placeholder,Enter approval worklist name,अनुमोदन कार्यसूची का नाम दर्ज करें,,Pending,,
field.attendance-adjustment.name.placeholder,Enter attendance adjustment name,उपस्थिति समायोजन का नाम दर्ज करें,,Pending,,
field.attendance-anomalies.name.placeholder,Enter attendance anomalies name,उपस्थिति विसंगतियाँ का नाम दर्ज करें,,Pending,,
field.attendance.name.placeholder,Enter attendance report name,उपस्थिति रिपोर्ट का नाम दर्ज करें,,Pending,,
field.balance-sheet.name.placeholder,Enter balance sheet name,तुलन पत्र का नाम दर्ज करें,,Pending,,
field.bank.name.placeholder,Enter bank & cash name,बैंक और नकदी का नाम दर्ज करें,,Pending,,
field.bank-format.name.placeholder,Enter bank file format name,बैंक फ़ाइल प्रारूप का नाम दर्ज करें,,Pending,,
field.bank-reconciliation.name.placeholder,Enter bank reconciliation name,बैंक मिलान का नाम दर्ज करें,,Pending,,
field.bed-management.name.placeholder,Enter bed management name,बिस्तर प्रबंधन का नाम दर्ज करें,,Pending,,
field.occupancy.name.placeholder,Enter bed occupancy name,बिस्तर अधिभोग का नाम दर्ज करें,,Pending,,
field.benefit-plan.name.placeholder,Enter benefit plan name,लाभ योजना का नाम दर्ज करें,,Pending,,
field.invoice.name.placeholder,Enter billing entry name,बिल प्रविष्टि का नाम दर्ज करें,,Pending,,
field.billing-patterns.name.placeholder,Enter billing workspace name,बिलिंग कार्यक्षेत्र का नाम दर्ज करें,,Pending,,
field.bulk-operations.name.placeholder,Enter bulk operations name,सामूहिक कार्रवाइयाँ का नाम दर्ज करें,,Pending,,
field.carrier.name.placeholder,Enter carrier master name,वाहक मास्टर का नाम दर्ज करें,,Pending,,
field.chart-account.name.placeholder,Enter chart of accounts name,खातों की सूची का नाम दर्ज करें,,Pending,,
field.claim.name.placeholder,Enter claim worklist name,दावा कार्यसूची का नाम दर्ज करें,,Pending,,
field.clinical-notes.name.placeholder,Enter clinical notes name,नैदानिक टिप्पणियाँ का नाम दर्ज करें,,Pending,,
field.clinician.name.placeholder,Enter clinician master name,चिकित्सक मास्टर का नाम दर्ज करें,,Pending,,
field.compliance.name.placeholder,Enter compliance register name,अनुपालन रजिस्टर का नाम दर्ज करें,,Pending,,
field.component-contracts.name.placeholder,Enter component contracts name,घटक अनुबंध का नाम दर्ज करें,,Pending,,
field.component-library.name.placeholder,Enter component gallery name,घटक गैलरी का नाम दर्ज करें,,Pending,,
field.consumption.name.placeholder,Enter consumption name,खपत का नाम दर्ज करें,,Pending,,
field.contractor.name.placeholder,Enter contractor master name,ठेकेदार मास्टर का नाम दर्ज करें,,Pending,,
field.cost-center.name.placeholder,Enter cost center name,लागत केंद्र का नाम दर्ज करें,,Pending,,
field.credit-note.name.placeholder,Enter credit note name,क्रेडिट नोट का नाम दर्ज करें,,Pending,,
field.credit-profile.name.placeholder,Enter credit profile name,क्रेडिट प्रोफ़ाइल का नाम दर्ज करें,,Pending,,
field.currency.name.placeholder,Enter currencies & rates name,मुद्राएँ और दरें का नाम दर्ज करें,,Pending,,
field.data-patterns.name.placeholder,Enter data worklists name,डेटा कार्यसूचियाँ का नाम दर्ज करें,,Pending,,
field.deduction.name.placeholder,Enter deduction master name,कटौती मास्टर का नाम दर्ज करें,,Pending,,
field.delegation.name.placeholder,Enter delegation rules name,प्रत्यायोजन नियम का नाम दर्ज करें,,Pending,,
field.denial-rate.name.placeholder,Enter denial rate name,अस्वीकृति दर का नाम दर्ज करें,,Pending,,
field.denial.name.placeholder,Enter denials & appeals name,अस्वीकृतियाँ और अपीलें का नाम दर्ज करें,,Pending,,
field.department.name.placeholder,Enter department master name,विभाग मास्टर का नाम दर्ज करें,,Pending,,
field.library-dashboard.name.placeholder,Enter developer library name,डेवलपर लाइब्रेरी का नाम दर्ज करें,,Pending,,
field.discharge.name.placeholder,Enter discharges name,अस्पताल से छुट्टी का नाम दर्ज करें,,Pending,,
field.discount-rule.name.placeholder,Enter discount rule name,छूट नियम का नाम दर्ज करें,,Pending,,
field.dispensing-rules.name.placeholder,Enter dispensing rules name,दवा वितरण नियम का नाम दर्ज करें,,Pending,,
field.sales-numbering.name.placeholder,Enter document numbering name,दस्तावेज़ क्रमांकन का नाम दर्ज करें,,Pending,,
field.drug.name.placeholder,Enter drug master name,दवा मास्टर का नाम दर्ज करें,,Pending,,
field.patient-merge.name.placeholder,Enter duplicate review name,डुप्लिकेट समीक्षा का नाम दर्ज करें,,Pending,,
field.earning.name.placeholder,Enter earning master name,आय मद मास्टर का नाम दर्ज करें,,Pending,,
field.employee.name.placeholder,Enter employee master name,कर्मचारी मास्टर का नाम दर्ज करें,,Pending,,
field.employee-onboarding.name.placeholder,Enter employee onboarding name,कर्मचारी प्रवेश प्रक्रिया का नाम दर्ज करें,,Pending,,
field.encounter.name.placeholder,Enter encounter worklist name,चिकित्सा संपर्क कार्यसूची का नाम दर्ज करें,,Pending,,
field.exception.name.placeholder,Enter exception worklist name,अपवाद कार्यसूची का नाम दर्ज करें,,Pending,,
field.expense.name.placeholder,Enter expense entry name,व्यय प्रविष्टि का नाम दर्ज करें,,Pending,,
field.expiry-risk.name.placeholder,Enter expiry risk name,समाप्ति जोखिम का नाम दर्ज करें,,Pending,,
field.feedback-components.name.placeholder,Enter feedback & overlays name,प्रतिक्रिया और ओवरले का नाम दर्ज करें,,Pending,,
field.final-settlement.name.placeholder,Enter final settlement name,अंतिम निपटान का नाम दर्ज करें,,Pending,,
field.finance-dashboard.name.placeholder,Enter finance command center name,वित्त नियंत्रण केंद्र का नाम दर्ज करें,,Pending,,
field.fiscal-period.name.placeholder,Enter fiscal period name,वित्तीय अवधि का नाम दर्ज करें,,Pending,,
field.form-controls.name.placeholder,Enter form controls name,फ़ॉर्म नियंत्रण का नाम दर्ज करें,,Pending,,
field.form-patterns.name.placeholder,Enter form patterns name,फ़ॉर्म पैटर्न का नाम दर्ज करें,,Pending,,
field.pay-formula.name.placeholder,Enter formula designer name,सूत्र डिज़ाइनर का नाम दर्ज करें,,Pending,,
field.formulary.name.placeholder,Enter formulary setup name,औषध सूची सेटअप का नाम दर्ज करें,,Pending,,
field.fulfillment.name.placeholder,Enter fulfillment worklist name,ऑर्डर पूर्ति कार्यसूची का नाम दर्ज करें,,Pending,,
field.user.displayName.placeholder,Enter full name,पूरा नाम दर्ज करें,,Pending,,
field.goods-receipt.name.placeholder,Enter goods receipt name,माल प्राप्ति का नाम दर्ज करें,,Pending,,
field.grade.name.placeholder,Enter grade & band name,ग्रेड और बैंड का नाम दर्ज करें,,Pending,,
field.healthcare-dashboard.name.placeholder,Enter healthcare dashboard name,स्वास्थ्य सेवा डैशबोर्ड का नाम दर्ज करें,,Pending,,
field.hr-dashboard.name.placeholder,Enter hr command center name,मानव संसाधन नियंत्रण केंद्र का नाम दर्ज करें,,Pending,,
field.imaging.name.placeholder,Enter imaging name,चिकित्सा इमेजिंग का नाम दर्ज करें,,Pending,,
field.import-export.name.placeholder,Enter import & export name,आयात और निर्यात का नाम दर्ज करें,,Pending,,
field.integration-guide.name.placeholder,Enter integration guide name,एकीकरण मार्गदर्शिका का नाम दर्ज करें,,Pending,,
field.inventory-count.name.placeholder,Enter inventory count name,भंडार गणना का नाम दर्ज करें,,Pending,,
field.inventory-valuation.name.placeholder,Enter inventory valuation name,भंडार मूल्यांकन का नाम दर्ज करें,,Pending,,
field.item.name.placeholder,Enter item master name,वस्तु मास्टर का नाम दर्ज करें,,Pending,,
field.journal.name.placeholder,Enter journal entry name,जर्नल प्रविष्टि का नाम दर्ज करें,,Pending,,
field.jurisdiction.name.placeholder,Enter jurisdiction master name,अधिकार क्षेत्र मास्टर का नाम दर्ज करें,,Pending,,
field.keyboard-shortcuts.name.placeholder,Enter keyboard shortcuts name,कीबोर्ड शॉर्टकट का नाम दर्ज करें,,Pending,,
Enter keyword / record id,Enter keyword / record id,कीवर्ड / रिकॉर्ड आईडी दर्ज करें,,Pending,,
field.lab-results.name.placeholder,Enter laboratory results name,प्रयोगशाला परिणाम का नाम दर्ज करें,,Pending,,
field.leave-request.name.placeholder,Enter leave request name,अवकाश अनुरोध का नाम दर्ज करें,,Pending,,
field.los.name.placeholder,Enter length of stay name,प्रवास अवधि का नाम दर्ज करें,,Pending,,
field.localization.name.placeholder,Enter localization name,स्थानीयकरण का नाम दर्ज करें,,Pending,,
field.location.name.placeholder,Enter location master name,स्थान मास्टर का नाम दर्ज करें,,Pending,,
field.margin.name.placeholder,Enter margin analysis name,मार्जिन विश्लेषण का नाम दर्ज करें,,Pending,,
field.medication-orders.name.placeholder,Enter medication orders name,दवा आदेश का नाम दर्ज करें,,Pending,,
field.message.name.placeholder,Enter messages name,संदेश का नाम दर्ज करें,,Pending,,
field.preferences.name.placeholder,Enter my preferences name,मेरी प्राथमिकताएँ का नाम दर्ज करें,,Pending,,
field.next-of-kin.name.placeholder,Enter next of kin name,निकट संबंधी का नाम दर्ज करें,,Pending,,
field.notification.name.placeholder,Enter notifications name,सूचनाएँ का नाम दर्ज करें,,Pending,,
field.hr-numbering.name.placeholder,Enter numbering rules name,क्रमांकन नियम का नाम दर्ज करें,,Pending,,
field.order.name.placeholder,Enter order worklist name,ऑर्डर कार्यसूची का नाम दर्ज करें,,Pending,,
field.page-catalog.name.placeholder,Enter page catalog name,पृष्ठ कैटलॉग का नाम दर्ज करें,,Pending,,
field.patient.name.placeholder,Enter patient master name,रोगी मास्टर का नाम दर्ज करें,,Pending,,
field.pay-group.name.placeholder,Enter pay group name,वेतन समूह का नाम दर्ज करें,,Pending,,
field.payer.name.placeholder,Enter payer master name,भुगतानकर्ता मास्टर का नाम दर्ज करें,,Pending,,
field.payroll-adjustment.name.placeholder,Enter payroll adjustment name,वेतन समायोजन का नाम दर्ज करें,,Pending,,
field.pay-calendar.name.placeholder,Enter payroll calendar name,वेतन कैलेंडर का नाम दर्ज करें,,Pending,,
field.payroll-dashboard.name.placeholder,Enter payroll command center name,वेतन नियंत्रण केंद्र का नाम दर्ज करें,,Pending,,
field.pay-register.name.placeholder,Enter payroll register name,वेतन रजिस्टर का नाम दर्ज करें,,Pending,,
field.payroll-run.name.placeholder,Enter payroll run name,वेतन प्रक्रिया का नाम दर्ज करें,,Pending,,
field.payroll.name.placeholder,Enter payroll worklist name,वेतन कार्यसूची का नाम दर्ज करें,,Pending,,
field.payslip.name.placeholder,Enter payslip distribution name,वेतन पर्ची वितरण का नाम दर्ज करें,,Pending,,
field.pharmacy-dashboard.name.placeholder,Enter pharmacy dashboard name,फ़ार्मेसी डैशबोर्ड का नाम दर्ज करें,,Pending,,
field.hr-policy.name.placeholder,Enter policy designer name,नीति डिज़ाइनर का नाम दर्ज करें,,Pending,,
field.position.name.placeholder,Enter position master name,पद मास्टर का नाम दर्ज करें,,Pending,,
field.posting-rules.name.placeholder,Enter posting rules name,लेखा पोस्टिंग नियम का नाम दर्ज करें,,Pending,,
field.preauthorization.name.placeholder,Enter pre-authorisation name,पूर्व अनुमति का नाम दर्ज करें,,Pending,,
field.prescription.name.placeholder,Enter prescription queue name,पर्ची कतार का नाम दर्ज करें,,Pending,,
field.price-list.name.placeholder,Enter price list name,मूल्य सूची का नाम दर्ज करें,,Pending,,
field.procurement.name.placeholder,Enter procurement worklist name,खरीद कार्यसूची का नाम दर्ज करें,,Pending,,
field.product.name.placeholder,Enter product master name,उत्पाद मास्टर का नाम दर्ज करें,,Pending,,
field.profit-loss.name.placeholder,Enter profit & loss name,लाभ और हानि का नाम दर्ज करें,,Pending,,
field.purchase-order.name.placeholder,Enter purchase order name,खरीद आदेश का नाम दर्ज करें,,Pending,,
field.purchase-requisition.name.placeholder,Enter purchase requisition name,खरीद अनुरोध का नाम दर्ज करें,,Pending,,
field.quotation.name.placeholder,Enter quotation name,मूल्य प्रस्ताव का नाम दर्ज करें,,Pending,,
field.receipt.name.placeholder,Enter receipt entry name,रसीद प्रविष्टि का नाम दर्ज करें,,Pending,,
field.receivables.name.placeholder,Enter receivables worklist name,प्राप्य कार्यसूची का नाम दर्ज करें,,Pending,,
field.receiving.name.placeholder,Enter receiving worklist name,प्राप्ति कार्यसूची का नाम दर्ज करें,,Pending,,
field.controlled-reconciliation.name.placeholder,Enter reconciliation name,मिलान का नाम दर्ज करें,,Pending,,
field.reorder-rules.name.placeholder,Enter reorder rules name,पुनः ऑर्डर नियम का नाम दर्ज करें,,Pending,,
field.reorder.name.placeholder,Enter reorder worklist name,पुनः ऑर्डर कार्यसूची का नाम दर्ज करें,,Pending,,
field.pharmacy-requisition.name.placeholder,Enter requisitions name,खरीद अनुरोध का नाम दर्ज करें,,Pending,,
field.revenue.name.placeholder,Enter revenue analysis name,राजस्व विश्लेषण का नाम दर्ज करें,,Pending,,
field.role.name.placeholder,Enter role & permission name,भूमिका और अनुमति का नाम दर्ज करें,,Pending,,
field.sales-channel.name.placeholder,Enter sales channel name,बिक्री चैनल का नाम दर्ज करें,,Pending,,
field.sales-dashboard.name.placeholder,Enter sales command center name,बिक्री नियंत्रण केंद्र का नाम दर्ज करें,,Pending,,
field.sales-order.name.placeholder,Enter sales order name,बिक्री आदेश का नाम दर्ज करें,,Pending,,
field.pipeline.name.placeholder,Enter sales pipeline name,बिक्री पाइपलाइन का नाम दर्ज करें,,Pending,,
field.sales-return.name.placeholder,Enter sales return name,बिक्री वापसी का नाम दर्ज करें,,Pending,,
field.saved-views.name.placeholder,Enter saved views name,सहेजे गए दृश्य का नाम दर्ज करें,,Pending,,
field.employee-separation.name.placeholder,Enter separation name,सेवा समाप्ति का नाम दर्ज करें,,Pending,,
field.service-catalog.name.placeholder,Enter service catalogue name,सेवा कैटलॉग का नाम दर्ज करें,,Pending,,
field.settlement.name.placeholder,Enter settlement review name,निपटान समीक्षा का नाम दर्ज करें,,Pending,,
field.shift-roster.name.placeholder,Enter shift roster name,पाली सूची का नाम दर्ज करें,,Pending,,
field.shortcut-manager.name.placeholder,Enter shortcut manager name,शॉर्टकट प्रबंधक का नाम दर्ज करें,,Pending,,
field.spreadsheet-studio.name.placeholder,Enter spreadsheet studio name,स्प्रेडशीट स्टूडियो का नाम दर्ज करें,,Pending,,
field.statutory.name.placeholder,Enter statutory rule name,वैधानिक नियम का नाम दर्ज करें,,Pending,,
field.stock-adjustment.name.placeholder,Enter stock adjustment name,स्टॉक समायोजन का नाम दर्ज करें,,Pending,,
field.stock-aging.name.placeholder,Enter stock aging name,स्टॉक आयु का नाम दर्ज करें,,Pending,,
field.stock-transfer.name.placeholder,Enter stock transfer name,स्टॉक हस्तांतरण का नाम दर्ज करें,,Pending,,
field.stock-turn.name.placeholder,Enter stock turn name,स्टॉक आवर्तन का नाम दर्ज करें,,Pending,,
field.supplier-contract.name.placeholder,Enter supplier contract name,आपूर्तिकर्ता अनुबंध का नाम दर्ज करें,,Pending,,
field.supplier-fin.name.placeholder,Enter supplier master name,आपूर्तिकर्ता मास्टर का नाम दर्ज करें,,Pending,,
field.supplier-performance.name.placeholder,Enter supplier performance name,आपूर्तिकर्ता प्रदर्शन का नाम दर्ज करें,,Pending,,
field.supply-dashboard.name.placeholder,Enter supply chain command center name,आपूर्ति शृंखला नियंत्रण केंद्र का नाम दर्ज करें,,Pending,,
field.sales-targets.name.placeholder,Enter target setup name,लक्ष्य सेटअप का नाम दर्ज करें,,Pending,,
field.tax-return.name.placeholder,Enter tax return name,कर विवरणी का नाम दर्ज करें,,Pending,,
field.tax.name.placeholder,Enter taxation master name,कर मास्टर का नाम दर्ज करें,,Pending,,
field.territory.name.placeholder,Enter territory master name,क्षेत्र मास्टर का नाम दर्ज करें,,Pending,,
Enter the invoice and due dates.,Enter the invoice and due dates.,चालान और देय तिथियाँ दर्ज करें।,,Pending,,
field.theme-studio.name.placeholder,Enter theme studio name,थीम स्टूडियो का नाम दर्ज करें,,Pending,,
field.employee-transfer.name.placeholder,Enter transfer & promotion name,स्थानांतरण और पदोन्नति का नाम दर्ज करें,,Pending,,
field.uom.name.placeholder,Enter unit of measure name,माप की इकाई का नाम दर्ज करें,,Pending,,
field.valuation-method.name.placeholder,Enter valuation method name,मूल्यांकन विधि का नाम दर्ज करें,,Pending,,
field.vitals.name.placeholder,Enter vitals & observations name,जीवन संकेत और अवलोकन का नाम दर्ज करें,,Pending,,
field.warehouse.name.placeholder,Enter warehouse master name,गोदाम मास्टर का नाम दर्ज करें,,Pending,,
field.workforce.name.placeholder,Enter workforce analytics name,कार्यबल विश्लेषिकी का नाम दर्ज करें,,Pending,,
ui.enter.your.credentials.to.continue.ff9eee04,Enter your credentials to continue.,जारी रखने के लिए अपनी जानकारी दर्ज करें।,,Pending,,
Enter {field},Enter {field},{field} दर्ज करें,,Pending,,
Enter {name} name,Enter {name} name,{name} का नाम दर्ज करें,,Pending,,
field.customer.segment.option.Enterprise,Enterprise,उद्यम,,Pending,,
field.user.roles.option.enterprise-admin,Enterprise Administrator,उद्यम प्रशासक,,Pending,,
Enterprise segment,Enterprise segment,उद्यम खंड,,Pending,,
ui.error.54a0e8c1,Error,त्रुटि,,Pending,,
ui.error.rows.2e0bd452,Error rows,त्रुटि वाली पंक्तियाँ,,Pending,,
ui.errors.cb702378,Errors,त्रुटियाँ,,Pending,,
ui.esc.to.clear.3bfa5f77,Esc to clear,साफ़ करने के लिए Esc,,Pending,,
"Escalation follows policy, never a score alone.","Escalation follows policy, never a score alone.","आगे की कार्रवाई नीति से, केवल स्कोर से नहीं।",,Pending,,
ui.every.demo.password.is.the.same.as.its.username.selectin.d1681c9f,Every demo password is the same as its username. Selecting an account fills both fields.,हर डेमो पासवर्ड उपयोगकर्ता नाम जैसा है। खाता चुनने पर दोनों फ़ील्ड भरते हैं।,,Pending,,
Every item goes somewhere,Every item goes somewhere,हर आइटम का गंतव्य,,Pending,,
Every preference is back to its default.,Every preference is back to its default.,हर प्राथमिकता डिफ़ॉल्ट पर लौट गई।,,Pending,,
Every section says why,Every section says why,हर अनुभाग कारण बताता है,,Pending,,
ui.everything.has.been.read.66567841,Everything has been read.,सब पढ़ लिया गया है।,,Pending,,
page.notifications.subtitle,"Everything the system has raised for you, and the record behind each one.",सिस्टम की सभी सूचनाएँ और प्रत्येक से जुड़ा रिकॉर्ड।,,Pending,,
section.consultation.examination.title,Examination,परीक्षण,,Pending,,
"Exceeded by AED 12,400 on this order.","Exceeded by AED 12,400 on this order.","इस ऑर्डर पर AED 12,400 अधिक।",,Pending,,
Excel workbook,Excel workbook,Excel कार्यपुस्तिका,,Pending,,
Excel workbook (.xlsx),Excel workbook (.xlsx),Excel कार्यपुस्तिका (.xlsx),,Pending,,
ui.exception.b4fe3d52,Exception,अपवाद,,Pending,,
menu.payroll.exception-worklist.label,Exception Worklist,अपवाद कार्यसूची,,Pending,,
Exception rate,Exception rate,अपवाद दर,,Pending,,
Exceptions,Exceptions,अपवाद,,Pending,,
ui.exchange.rate.c42b0984,Exchange rate,विनिमय दर,,Pending,,
Exempt,Exempt,छूट प्राप्त,,Pending,,
Exemption certificate,Exemption certificate,छूट प्रमाणपत्र,,Pending,,
Exercise tolerance,Exercise tolerance,व्यायाम सहनशीलता,,Pending,,
Exertional component,Exertional component,परिश्रम से संबंध,,Pending,,
ui.expand.chart.17fa3f93,Expand chart,चार्ट विस्तृत करें,,Pending,,
ui.expands.on.389a54e9,Expands on,विस्तार का तरीका,,Pending,,
api.message.63bb02664ed1,Expected record values.,रिकॉर्ड के मान अपेक्षित हैं।,,Pending,,
api.message.4951e1da4de5,"Expected { pageId: string, layout: object }.","{ pageId: string, layout: object } अपेक्षित है।",,Pending,,
api.message.56a94e3d0417,Expected { preferences: object }.,{ preferences: object } अपेक्षित है।,,Pending,,
menu.finance.expense-entry.label,Expense Entry,व्यय प्रविष्टि,,Pending,,
Expiring in 90 days,Expiring in 90 days,90 दिनों में समाप्ति,,Pending,,
Expiring within 90 days,Expiring within 90 days,90 दिनों के भीतर समाप्ति,,Pending,,
menu.pharmacy.expiry-risk-report.label,Expiry Risk,समाप्ति जोखिम,,Pending,,
ui.explain.3b61e4e9,Explain,समझाएँ,,Pending,,
ui.explain.figures.8a325f0d,Explain figures,आँकड़े समझाएँ,,Pending,,
Explain these figures,Explain these figures,ये आँकड़े समझाएँ,,Pending,,
Explain this record,Explain this record,यह रिकॉर्ड समझाएँ,,Pending,,
Explains the fields on the open record and what its current status means.,Explains the fields on the open record and what its current status means.,खुले रिकॉर्ड के फ़ील्ड और वर्तमान स्थिति समझाता है।,,Pending,,
ui.export.36648955,Export,निर्यात करें,,Pending,,
field.customer.jurisdiction.option.export,Export / zero-rated,निर्यात / शून्य दर,,Pending,,
Export evidence,Export evidence,साक्ष्य निर्यात करें,,Pending,,
ui.export.format.df339cb8,Export format,निर्यात प्रारूप,,Pending,,
Export ready,Export ready,निर्यात तैयार,,Pending,,
Export visible records ({format}),Export visible records ({format}),दिखने वाले रिकॉर्ड निर्यात करें ({format}),,Pending,,
ui.export.workbook.f9fce806,Export workbook,कार्यपुस्तिका निर्यात,,Pending,,
Export • Zero rated,Export • Zero rated,निर्यात • शून्य दर,,Pending,,
column.supplier-fin-master.exposure.label,Exposure,वित्तीय जोखिम,,Pending,,
"Exposure, adherence, response, side effects, interactions.","Exposure, adherence, response, side effects, interactions.","संपर्क, पालन, प्रतिक्रिया, दुष्प्रभाव, अंतःक्रियाएँ।",,Pending,,
Extensive — two of three categories met,Extensive — two of three categories met,व्यापक — तीन में से दो श्रेणियाँ पूरी,,Pending,,
field.hr-dashboard.category.option.External,External,बाहरी,,Pending,,
ui.external.billing.reference.e59adc54,External billing reference,बाहरी बिलिंग संदर्भ,,Pending,,
External examination if indicated,External examination if indicated,संकेत होने पर बाहरी परीक्षण,,Pending,,
field.hr-dashboard.externalRef.label,External reference,बाहरी संदर्भ,,Pending,,
Eye contact,Eye contact,नेत्र संपर्क,,Pending,,
ui.face.to.face.and.non.face.to.face.time.by.the.reporting.6df1aa8e,Face-to-face and non-face-to-face time by the reporting practitioner on that date. Do not infer it from how long the record was open.,उस तारीख को रिपोर्ट करने वाले चिकित्सक का प्रत्यक्ष और अप्रत्यक्ष समय। रिकॉर्ड खुला रहने की अवधि से अनुमान न लगाएँ।,,Pending,,
Falls risk,Falls risk,गिरने का जोखिम,,Pending,,
"Falls, cognition, function, polypharmacy, caregiver, goals.","Falls, cognition, function, polypharmacy, caregiver, goals.","गिरना, संज्ञान, कार्यक्षमता, बहुदवा, देखभालकर्ता, लक्ष्य।",,Pending,,
Feb,Feb,फ़रवरी,,Pending,,
Feedback,Feedback,प्रतिक्रिया,,Pending,,
menu.library.feedback-components.label,Feedback & Overlays,प्रतिक्रिया और ओवरले,,Pending,,
Feeding and intake,Feeding and intake,भोजन और सेवन,,Pending,,
Fetal heart rate,Fetal heart rate,भ्रूण हृदय दर,,Pending,,
Fetal movement,Fetal movement,भ्रूण गतिविधि,,Pending,,
Fever pattern,Fever pattern,बुखार पैटर्न,,Pending,,
"Fever, cough or acute presentation","Fever, cough or acute presentation","बुखार, खाँसी या तीव्र लक्षण",,Pending,,
ui.field.f45fc1df,Field,फ़ील्ड,,Pending,,
Fields,Fields,फ़ील्ड,,Pending,,
Fields and sections are defined once and rendered by every form presentation.,Fields and sections are defined once and rendered by every form presentation.,फ़ील्ड और अनुभाग एक बार परिभाषित होकर हर फ़ॉर्म रूप में दिखते हैं।,,Pending,,
ui.fill.033955d4,Fill,भरें,,Pending,,
Filter,Filter,फ़िल्टर,,Pending,,
ui.filter.options.62b72239,Filter options,फ़िल्टर विकल्प,,Pending,,
ui.filtered.0ba993b3,Filtered,फ़िल्टर किया गया,,Pending,,
ui.filters.546ebb8e,Filters,फ़िल्टर,,Pending,,
Filters excluded from links: {count}. Save a view to share this.,Filters excluded from links: {count}. Save a view to share this.,लिंक से हटाए फ़िल्टर: {count}। साझा करने के लिए दृश्य सहेजें।,,Pending,,
Filters reset,Filters reset,फ़िल्टर रीसेट,,Pending,,
ui.filters.columns.sort.and.page.size.are.stored.with.your.643172f0,"Filters, columns, sort and page size are stored with your account.","फ़िल्टर, कॉलम, क्रम और पृष्ठ आकार आपके खाते में सहेजे जाते हैं।",,Pending,,
"Filters, views, columns, sorting, pagination and preview","Filters, views, columns, sorting, pagination and preview","फ़िल्टर, दृश्य, कॉलम, क्रम, पृष्ठ विभाजन और पूर्वावलोकन",,Pending,,
menu.payroll.final-settlement.label,Final Settlement,अंतिम निपटान,,Pending,,
Final review,Final review,अंतिम समीक्षा,,Pending,,
Final segments: {count},Final segments: {count},अंतिम खंड: {count},,Pending,,
Finance,Finance,वित्त,,Pending,,
Finance & Accounting,Finance & Accounting,वित्त और लेखांकन,,Pending,,
Finance Command Center,Finance Command Center,वित्त नियंत्रण केंद्र,,Pending,,
Finance Dashboard,Finance Dashboard,वित्त डैशबोर्ड,,Pending,,
Finance Leadership,Finance Leadership,वित्त नेतृत्व,,Pending,,
field.user.roles.option.finance-manager,Finance Manager,वित्त प्रबंधक,,Pending,,
Finance Queues,Finance Queues,वित्त कतारें,,Pending,,
Finance Setup,Finance Setup,वित्त सेटअप,,Pending,,
Finance review,Finance review,वित्त समीक्षा,,Pending,,
Financial Statements,Financial Statements,वित्तीय विवरण,,Pending,,
ui.find.approvals.02c11f97,Find approvals,अनुमोदन खोजें,,Pending,,
Find documentation gaps,Find documentation gaps,दस्तावेज़ की कमियाँ खोजें,,Pending,,
Find records,Find records,रिकॉर्ड खोजें,,Pending,,
field.consultation.examinationNotes.label,Findings,निष्कर्ष,,Pending,,
ui.fingerprint.ba7af0b7,Fingerprint,फ़िंगरप्रिंट,,Pending,,
api.message.9a2e0adf7846,Finish or retry earlier imports before creating another.,नया आयात बनाने से पहले पिछले आयात पूरे करें या दोबारा चलाएँ।,,Pending,,
Finished goods,Finished goods,तैयार माल,,Pending,,
ui.fires.a.sample.using.the.settings.above.33ab8430,Fires a sample using the settings above.,ऊपर की सेटिंग से नमूना दिखाता है।,,Pending,,
ui.first.set.3757ac29,First set,पहली बार सेट,,Pending,,
menu.finance.fiscal-period.label,Fiscal Period,वित्तीय अवधि,,Pending,,
ui.fix.sidebar.open.5cfa2a6b,Fix sidebar open,साइडबार खुला रखें,,Pending,,
ui.floating.windows.4f5a6c7b,Floating windows,फ़्लोटिंग विंडो,,Pending,,
Flow,Flow,प्रवाह,,Pending,,
column.consultation-worklist.followUp.label,Follow-up,अनुवर्ती,,Pending,,
ui.follow.up.and.safety.net.plan.verified.2e5847f1,Follow-up and safety-net plan verified,अनुवर्ती और सुरक्षा योजना सत्यापित,,Pending,,
field.consultation.followUp.label,Follow-up date,अनुवर्ती तिथि,,Pending,,
field.consultation.outcome.option.Follow-up%20in%204%20weeks,Follow-up in 4 weeks,4 सप्ताह में अनुवर्ती,,Pending,,
Follow-up ownership,Follow-up ownership,अनुवर्ती जिम्मेदारी,,Pending,,
ui.font.family.119ef3fa,Font family,फ़ॉन्ट परिवार,,Pending,,
Font size,Font size,फ़ॉन्ट आकार,,Pending,,
ui.fonts.and.sizes.for.the.shell.forms.and.result.lists.5079efb6,"Fonts and sizes for the shell, forms and result lists.","मुख्य इंटरफ़ेस, फ़ॉर्म और परिणाम सूचियों के फ़ॉन्ट और आकार।",,Pending,,
For this browser only,For this browser only,केवल इस ब्राउज़र के लिए,,Pending,,
Forecast confidence,Forecast confidence,पूर्वानुमान विश्वास,,Pending,,
column.drug-master.form.label,Form,फ़ॉर्म,,Pending,,
menu.library.form-controls.label,Form Controls,फ़ॉर्म नियंत्रण,,Pending,,
menu.library.form-patterns.label,Form Patterns,फ़ॉर्म पैटर्न,,Pending,,
Form and process,Form and process,रूप और प्रक्रिया,,Pending,,
Form controls,Form controls,फ़ॉर्म नियंत्रण,,Pending,,
ui.form.field.size.b4395a90,Form field size,फ़ॉर्म फ़ील्ड आकार,,Pending,,
ui.form.mode.657dd0c2,Form mode:,फ़ॉर्म मोड:,,Pending,,
Form schemas,Form schemas,फ़ॉर्म स्कीमा,,Pending,,
FormRenderer usage increased,FormRenderer usage increased,FormRenderer उपयोग बढ़ा,,Pending,,
menu.payroll.pay-formula.label,Formula Designer,सूत्र डिज़ाइनर,,Pending,,
ui.formula.bar.8b12e6c7,Formula bar,फ़ॉर्मूला बार,,Pending,,
column.drug-master.formulary.label,Formulary,औषधि सूची,,Pending,,
menu.pharmacy.rx-formulary.label,Formulary & Stock,औषध सूची और स्टॉक,,Pending,,
menu.pharmacy.formulary-setup.label,Formulary Setup,औषध सूची सेटअप,,Pending,,
Formulary compliance,Formulary compliance,औषधि सूची अनुपालन,,Pending,,
ui.four.characters.enough.to.tell.two.keys.apart.not.enough.4eee3d19,"Four characters. Enough to tell two keys apart, not enough to be one.","चार अक्षर। दो कुंजियाँ पहचानने के लिए पर्याप्त, कुंजी बनने के लिए नहीं।",,Pending,,
"Four layers, one screen","Four layers, one screen","चार परतें, एक स्क्रीन",,Pending,,
ui.frequency.16b6668d,Frequency,आवृत्ति,,Pending,,
From date,From date,आरंभ तिथि,,Pending,,
menu.sales.fulfillment-worklist.label,Fulfillment Worklist,ऑर्डर पूर्ति कार्यसूची,,Pending,,
Fulfillment exceptions,Fulfillment exceptions,पूर्ति अपवाद,,Pending,,
Function,Function,कार्यक्षमता,,Pending,,
"Function, frailty and caregiver","Function, frailty and caregiver","कार्यक्षमता, दुर्बलता और देखभालकर्ता",,Pending,,
Functional,Functional,कार्यात्मक,,Pending,,
Functional limitation,Functional limitation,कार्यात्मक सीमा,,Pending,,
Fundal height,Fundal height,गर्भाशय ऊँचाई,,Pending,,
Future-token ready,Future-token ready,भावी टोकन के लिए तैयार,,Pending,,
GBP — Pound sterling,GBP — Pound sterling,GBP — पाउंड स्टर्लिंग,,Pending,,
column.patient-master.gender.label,Gender,लिंग,,Pending,,
General,General,सामान्य,,Pending,,
General Ledger,General Ledger,सामान्य खाता बही,,Pending,,
field.consultation.specialty.option.General%20Medicine,General Medicine,सामान्य चिकित्सा,,Pending,,
General and abdominal,General and abdominal,सामान्य और उदर,,Pending,,
section.hr-dashboard.general.title,General information,सामान्य जानकारी,,Pending,,
General status,General status,सामान्य स्थिति,,Pending,,
ui.generated.17.42.gst.f43f2032,Generated 17:42 GST,17:42 GST पर बना,,Pending,,
Georgia (serif),Georgia (serif),Georgia (सेरिफ़),,Pending,,
Gestational age,Gestational age,गर्भकाल आयु,,Pending,,
"Gestational status, medication and imaging safety.","Gestational status, medication and imaging safety.","गर्भावस्था स्थिति, दवा और इमेजिंग सुरक्षा।",,Pending,,
Global and page-specific actions are discoverable and focus accessible.,Global and page-specific actions are discoverable and focus accessible.,सामान्य और पृष्ठ कार्रवाइयाँ खोज योग्य और फ़ोकस से सुलभ हैं।,,Pending,,
Go to the module dashboard,Go to the module dashboard,मॉड्यूल डैशबोर्ड पर जाएँ,,Pending,,
Goes to,Goes to,भेजा जाता है,,Pending,,
ui.goes.to.69415870,Goes to ,भेजा जाता है ,,Pending,,
menu.supply.goods-receipt.label,Goods Receipt,माल प्राप्ति,,Pending,,
Goods receipt posted,Goods receipt posted,माल प्राप्ति पोस्ट हुई,,Pending,,
Government,Government,सरकारी,,Pending,,
menu.hr.grade-master.label,Grade & Band,ग्रेड और बैंड,,Pending,,
ui.grand.total.d88867c4,Grand total,कुल योग,,Pending,,
Grid,Grid,ग्रिड,,Pending,,
Grooming,Grooming,साज-सँवार,,Pending,,
Gross margin,Gross margin,सकल मार्जिन,,Pending,,
Gross subtotal,Gross subtotal,सकल उप-योग,,Pending,,
Growth,Growth,विकास,,Pending,,
Growth centile,Growth centile,विकास प्रतिशतक,,Pending,,
Growth trajectory,Growth trajectory,विकास रुझान,,Pending,,
"Guardian source, growth, development, age-appropriate ranges.","Guardian source, growth, development, age-appropriate ranges.","अभिभावक स्रोत, वृद्धि, विकास, आयु अनुरूप सीमाएँ।",,Pending,,
"Guardian source, weight-based safety, development, consent.","Guardian source, weight-based safety, development, consent.","अभिभावक स्रोत, वजन आधारित सुरक्षा, विकास, सहमति।",,Pending,,
"Guardian, growth and safeguarding","Guardian, growth and safeguarding","अभिभावक, विकास और संरक्षण",,Pending,,
Guided tour ·,Guided tour ·,निर्देशित दौरा ·,,Pending,,
ui.guided.tour.40eb5b9e,Guided tour · ,निर्देशित दौरा · ,,Pending,,
ui.guided.tours.and.shortcuts.bottom.corner.86c65f92,"Guided tours and shortcuts, bottom corner",नीचे के कोने में निर्देशित दौरे और शॉर्टकट,,Pending,,
Gynaecological,Gynaecological,स्त्री रोग,,Pending,,
module.healthcare.shortLabel,HC,स्वास्थ्य सेवा,,Pending,,
module.hr.shortLabel,HR,मानव संसाधन,,Pending,,
field.user.roles.option.hr-business-partner,HR Business Partner,मानव संसाधन व्यवसाय भागीदार,,Pending,,
page.hr-dashboard.title,HR Command Center,मानव संसाधन नियंत्रण केंद्र,,Pending,,
menu.hr.hr-dashboard.label,HR Dashboard,मानव संसाधन डैशबोर्ड,,Pending,,
menu.hr.hr-settings.label,HR Setup,मानव संसाधन सेटअप,,Pending,,
field.user.owner.option.hr-shared,HR Shared Services,साझा मानव संसाधन सेवाएँ,,Pending,,
Head circumference,Head circumference,सिर परिधि,,Pending,,
ui.header.ba5caa42,Header,शीर्ष पट्टी,,Pending,,
Header entries,Header entries,शीर्ष प्रविष्टियाँ,,Pending,,
"Header records, lines, payments, tax and print composition","Header records, lines, payments, tax and print composition","शीर्ष रिकॉर्ड, पंक्तियाँ, भुगतान, कर और प्रिंट संयोजन",,Pending,,
ui.header.theme.994e2001,Header theme,शीर्ष पट्टी थीम,,Pending,,
ui.header.tone.8dd3f09c,Header tone,शीर्ष पट्टी रंग शैली,,Pending,,
"Header, module navigation, sidebar, tabs and footer","Header, module navigation, sidebar, tabs and footer","शीर्ष, मॉड्यूल नेविगेशन, साइडबार, टैब और पाद",,Pending,,
ui.header.sidebar.cards.and.everything.not.listed.below.03fd4fdb,"Header, sidebar, cards and everything not listed below.","शीर्ष पट्टी, साइडबार, कार्ड और नीचे नहीं दी गई सभी चीज़ें।",,Pending,,
Health,Health,स्वास्थ्य,,Pending,,
module.healthcare.label,Healthcare,स्वास्थ्य सेवा,,Pending,,
menu.healthcare.healthcare-dashboard.label,Healthcare Dashboard,स्वास्थ्य सेवा डैशबोर्ड,,Pending,,
"Heart failure, hypertension or arrhythmia review","Heart failure, hypertension or arrhythmia review","हृदय विफलता, उच्च रक्तचाप या अतालता समीक्षा",,Pending,,
Heart sounds,Heart sounds,हृदय ध्वनियाँ,,Pending,,
Heart-failure functional class,Heart-failure functional class,हृदय विफलता कार्यात्मक वर्ग,,Pending,,
Height or length centile,Height or length centile,ऊँचाई या लंबाई प्रतिशतक,,Pending,,
ui.held.back.300ea402,Held back:,रोका गया:,,Pending,,
ui.help.b79cac92,Help,सहायता,,Pending,,
ui.help.b22e5e67,Help (?),सहायता (?),,Pending,,
ui.help.assistant.button.ac1e5563,Help assistant button,सहायता सहायक बटन,,Pending,,
field.hr-dashboard.priority.option.High,High,उच्च,,Pending,,
High — e.g. drug therapy requiring intensive monitoring for toxicity; decision regarding hospitalisation,High — e.g. drug therapy requiring intensive monitoring for toxicity; decision regarding hospitalisation,उच्च — जैसे विषाक्तता की गहन निगरानी वाली दवा; अस्पताल भर्ती का निर्णय,,Pending,,
field.user.language.option.hi,Hindi,हिन्दी,,Pending,,
field.consultation.history.label,History of presenting complaint,वर्तमान शिकायत का इतिहास,,Pending,,
"History, allergies and reconciliation","History, allergies and reconciliation","इतिहास, एलर्जी और दवा मिलान",,Pending,,
ui.honoured.by.every.module.and.page.4bbba1b9,Honoured by every module and page.,हर मॉड्यूल और पृष्ठ पर लागू।,,Pending,,
Hover,Hover,होवर,,Pending,,
ui.how.the.data.table.reads.at.twelve.columns.and.a.hundred.ff397919,How the data table reads at twelve columns and a hundred rows.,बारह कॉलम और सौ पंक्तियों वाली तालिका का प्रदर्शन।,,Pending,,
ui.how.the.provider.is.permitted.to.handle.what.it.is.sent.8a5b2181,How the provider is permitted to handle what it is sent.,प्रदाता भेजी गई सामग्री को कैसे संभाल सकता है।,,Pending,,
ui.how.this.was.composed.a455784c,How this was composed,यह कैसे तैयार हुआ,,Pending,,
module.hr.label,Human Resources,मानव संसाधन,,Pending,,
Hydration,Hydration,जलस्थिति,,Pending,,
Hypertensive or diabetic risk,Hypertensive or diabetic risk,उच्च रक्तचाप या मधुमेह जोखिम,,Pending,,
ui.i.reviewed.the.clinical.content.8bdeac61,I reviewed the clinical content,मैंने नैदानिक सामग्री की समीक्षा की,,Pending,,
INR — Indian rupee,INR — Indian rupee,INR — भारतीय रुपया,,Pending,,
INR • Indian Rupee,INR • Indian Rupee,INR • भारतीय रुपया,,Pending,,
field.user.owner.option.it-desk,IT Service Desk,आईटी सेवा केंद्र,,Pending,,
Id,Id,आईडी,,Pending,,
section.hr-dashboard.general.description,"Identification, ownership and lifecycle.","पहचान, स्वामित्व और जीवनचक्र।",,Pending,,
section.user.identity.title,Identity,पहचान,,Pending,,
menu.hr.identity.label,Identity & Access,पहचान और पहुँच,,Pending,,
field.user.owner.option.identity-ops,Identity Operations,पहचान संचालन,,Pending,,
ui.identity.and.contact.details.b0f56cb6,Identity and contact details,पहचान और संपर्क विवरण,,Pending,,
"Identity, access, organization assignment, security policy and personal settings.","Identity, access, organization assignment, security policy and personal settings.","पहचान, पहुँच, संगठन आवंटन, सुरक्षा नीति और व्यक्तिगत सेटिंग।",,Pending,,
Ids and versions only. Prompt,Ids and versions only. Prompt,केवल आईडी और संस्करण। प्रॉम्प्ट,,Pending,,
ui.ids.and.versions.only.prompt.e8f8a0a3,Ids and versions only. Prompt ,केवल आईडी और संस्करण। प्रॉम्प्ट ,,Pending,,
ui.ids.and.versions.the.text.stays.on.the.server.976cd4c2,Ids and versions. The text stays on the server.,आईडी और संस्करण। पाठ सर्वर पर रहता है।,,Pending,,
menu.healthcare.imaging-worklist.label,Imaging,चिकित्सा इमेजिंग,,Pending,,
Immunisation status,Immunisation status,टीकाकरण स्थिति,,Pending,,
ui.import.2cff9baa,Import,आयात,,Pending,,
menu.library.import-export.label,Import & Export,आयात और निर्यात,,Pending,,
Import & export,Import & export,आयात और निर्यात,,Pending,,
ui.import.excel.csv.f5248759,Import Excel / CSV,Excel / CSV आयात,,Pending,,
Import at most 500 data rows at a time.,Import at most 500 data rows at a time.,एक बार में अधिकतम 500 डेटा पंक्तियाँ आयात करें।,,Pending,,
api.message.7d30c09e015a,Import exceeds the service request limit.,आयात सेवा अनुरोध की सीमा से बड़ा है।,,Pending,,
Import failed,Import failed,आयात विफल,,Pending,,
api.message.6799f06939d9,Import not available.,आयात उपलब्ध नहीं है।,,Pending,,
Import paused. Resume to continue.,Import paused. Resume to continue.,आयात रुका है। जारी रखने के लिए फिर शुरू करें।,,Pending,,
Import processing finished.,Import processing finished.,आयात प्रक्रिया पूरी हुई।,,Pending,,
ui.import.progress.d3d5b27e,Import progress,आयात प्रगति,,Pending,,
ui.import.records.9b70f039,Import records,रिकॉर्ड आयात करें,,Pending,,
ui.import.row.results.9434e9fe,Import row results,आयात पंक्ति परिणाम,,Pending,,
Import service is unavailable. Retry to check the result.,Import service is unavailable. Retry to check the result.,आयात सेवा अनुपलब्ध। परिणाम जाँचने के लिए फिर कोशिश करें।,,Pending,,
api.message.ee2ea0542db6,Import status could not be confirmed. Resume the import to check completed rows.,आयात स्थिति की पुष्टि नहीं हुई। पूरी हुई पंक्तियाँ देखने के लिए आयात फिर शुरू करें।,,Pending,,
Import valid rows: {count},Import valid rows: {count},मान्य पंक्तियाँ आयात करें: {count},,Pending,,
Import {page},Import {page},{page} आयात करें,,Pending,,
Imported with provenance from validated observations,Imported with provenance from validated observations,सत्यापित अवलोकनों से स्रोत सहित आयात,,Pending,,
Importing rows…,Importing rows…,पंक्तियाँ आयात हो रही हैं…,,Pending,,
"In production the signer, version, timestamp and method are captured; later edits become addenda.","In production the signer, version, timestamp and method are captured; later edits become addenda.","उत्पादन में हस्ताक्षरकर्ता, संस्करण, समय और तरीका दर्ज होते हैं; बाद के बदलाव परिशिष्ट बनते हैं।",,Pending,,
In progress,In progress,प्रगति में,,Pending,,
field.consultation.chiefComplaint.placeholder,In the patient's own words where possible,जहाँ संभव हो रोगी के अपने शब्दों में,,Pending,,
In transit,In transit,मार्ग में,,Pending,,
Inactive,Inactive,निष्क्रिय,,Pending,,
Inbound shipment received,Inbound shipment received,आवक खेप प्राप्त,,Pending,,
menu.library.inbox.label,Inbox,इनबॉक्स,,Pending,,
Include a header and at least one data row.,Include a header and at least one data row.,शीर्षक और कम से कम एक डेटा पंक्ति शामिल करें।,,Pending,,
Incomplete: {sections}.,Incomplete: {sections}.,अपूर्ण: {sections}.,,Pending,,
ui.independent.of.the.page.theme.solarized.rail.on.a.nexora.af1752bc,"Independent of the page theme — Solarized rail on a Nexora page, say",पृष्ठ थीम से स्वतंत्र — जैसे Nexora पृष्ठ पर Solarized रेल,,Pending,,
ui.independent.of.the.page.theme.as.the.rail.s.is.f79134b6,"Independent of the page theme, as the rail's is",रेल की तरह पृष्ठ थीम से स्वतंत्र,,Pending,,
field.customer.country.option.IN,India,भारत,,Pending,,
field.customer.jurisdiction.option.india-gst,India GST,भारतीय जीएसटी,,Pending,,
Indication,Indication,संकेत,,Pending,,
"Indication, readiness, consent status and peri-procedure plan.","Indication, readiness, consent status and peri-procedure plan.","संकेत, तैयारी, सहमति स्थिति और प्रक्रिया संबंधी योजना।",,Pending,,
"Indication, risks discussed, and preparation","Indication, risks discussed, and preparation","संकेत, चर्चित जोखिम और तैयारी",,Pending,,
ui.info.170322a3,Info,जानकारी,,Pending,,
ui.information.1cb0ba12,Information,जानकारी,,Pending,,
"Initial evaluation: baseline history, assessment, diagnosis and plan.","Initial evaluation: baseline history, assessment, diagnosis and plan.","प्रारंभिक मूल्यांकन: मूल इतिहास, आकलन, निदान और योजना।",,Pending,,
Initial treatment goals,Initial treatment goals,प्रारंभिक उपचार लक्ष्य,,Pending,,
section.user.preferences.description,Initial workspace defaults; the user can refine these later.,प्रारंभिक कार्यक्षेत्र सेटिंग; उपयोगकर्ता इन्हें बाद में बदल सकता है।,,Pending,,
Injury classification,Injury classification,चोट वर्गीकरण,,Pending,,
Inpatient,Inpatient,भर्ती रोगी,,Pending,,
Inpatients today,Inpatients today,आज के भर्ती रोगी,,Pending,,
Input validation,Input validation,इनपुट सत्यापन,,Pending,,
"Input, search, textarea, select, multiselect and toggle","Input, search, textarea, select, multiselect and toggle","इनपुट, खोज, पाठ क्षेत्र, चयन, बहुचयन और टॉगल",,Pending,,
Inputs,Inputs,इनपुट,,Pending,,
ui.insert.into.narrative.3b44ab17,Insert into narrative,विवरण में जोड़ें,,Pending,,
Insight and judgement,Insight and judgement,अंतर्दृष्टि और निर्णय,,Pending,,
Inspection,Inspection,निरीक्षण,,Pending,,
Insurance / third party,Insurance / third party,बीमा / तीसरा पक्ष,,Pending,,
menu.library.integration-guide.label,Integration Guide,एकीकरण मार्गदर्शिका,,Pending,,
ui.integration.guide.02a0a9e2,Integration guide,एकीकरण गाइड,,Pending,,
Inter (default),Inter (default),Inter (डिफ़ॉल्ट),,Pending,,
Interaction and alertness,Interaction and alertness,संवाद और सजगता,,Pending,,
ui.interactive.reports.are.limited.to.a.configurable.date.r.13a0a236,Interactive reports are limited to a configurable date range. Large historical requests should run as scheduled jobs and deliver a secure file link.,इंटरैक्टिव रिपोर्ट की तिथि सीमा निर्धारित की जा सकती है। बड़े ऐतिहासिक अनुरोध निर्धारित कार्यों से चलें और सुरक्षित फ़ाइल लिंक दें।,,Pending,,
field.hr-dashboard.category.option.Internal,Internal,आंतरिक,,Pending,,
field.user.roles.option.auditor,Internal Auditor,आंतरिक ऑडिटर,,Pending,,
"Interval history, response to treatment, adherence and change in status.","Interval history, response to treatment, adherence and change in status.","बीच का इतिहास, उपचार प्रतिक्रिया, पालन और स्थिति में बदलाव।",,Pending,,
api.message.f7dbb8f02013,Invalid attachment.,अमान्य संलग्नक।,,Pending,,
Invalid column mapping.,Invalid column mapping.,अमान्य कॉलम मैपिंग।,,Pending,,
api.message.20ec574547c4,Invalid destination key.,अमान्य गंतव्य कुंजी।,,Pending,,
api.message.1d8e33865ae3,Invalid import request.,अमान्य आयात अनुरोध।,,Pending,,
api.message.f850d16d78cb,Invalid or oversized record.,रिकॉर्ड अमान्य है या बहुत बड़ा है।,,Pending,,
api.message.6adae2229057,Invalid product.,अमान्य उत्पाद।,,Pending,,
api.message.5b3c6897a389,Invalid record address.,अमान्य रिकॉर्ड पता।,,Pending,,
api.message.e2b9c74266b8,Invalid record key.,अमान्य रिकॉर्ड कुंजी।,,Pending,,
api.message.a9a47b6c988d,Invalid record scope.,अमान्य रिकॉर्ड दायरा।,,Pending,,
api.message.b818d77107aa,Invalid request or attachment larger than 2 MB.,अनुरोध अमान्य है या संलग्नक 2 MB से बड़ा है।,,Pending,,
api.message.33abb093d9d1,Invalid view request.,अमान्य दृश्य अनुरोध।,,Pending,,
menu.supply.inventory.label,Inventory,भंडार,,Pending,,
menu.supply.inventory-count.label,Inventory Count,भंडार गणना,,Pending,,
menu.supply.inventory-valuation.label,Inventory Valuation,भंडार मूल्यांकन,,Pending,,
Inventory value,Inventory value,स्टॉक मूल्य,,Pending,,
Invoice INV-26-005184 overdue,Invoice INV-26-005184 overdue,चालान INV-26-005184 अतिदेय,,Pending,,
Invoice created,Invoice created,चालान बना,,Pending,,
ui.invoice.date.2d2b151a,Invoice date,चालान तिथि,,Pending,,
Invoice date:,Invoice date:,चालान तिथि:,,Pending,,
ui.invoice.date.622cf73f,Invoice date: ,चालान तिथि: ,,Pending,,
Invoice draft updated,Invoice draft updated,चालान ड्राफ़्ट अद्यतन,,Pending,,
column.billing-entry.id.label,Invoice no.,चालान संख्या,,Pending,,
ui.invoice.number.85149f36,Invoice number,चालान संख्या,,Pending,,
ui.invoice.remarks.4f7e85ed,Invoice remarks,चालान टिप्पणियाँ,,Pending,,
Invoice saved,Invoice saved,चालान सहेजा गया,,Pending,,
ui.invoice.summary.f420ef33,Invoice summary,चालान सारांश,,Pending,,
ui.invoice.total.ad80ed79,Invoice total,चालान कुल,,Pending,,
Invoices to validate,Invoices to validate,सत्यापन हेतु चालान,,Pending,,
It carries only the filters that may travel in a URL.,It carries only the filters that may travel in a URL.,इसमें केवल यूआरएल में भेजने योग्य फ़िल्टर हैं।,,Pending,,
"It is not a target. A level is supported by the work that was clinically necessary and actually done — raising an element to reach a code is the thing this panel is meant to make visible, not easier. Office and outpatient levels are selected by medical decision making","It is not a target. A level is supported by the work that was clinically necessary and actually done — raising an element to reach a code is the thing this panel is meant to make visible, not easier. Office and outpatient levels are selected by medical decision making","यह लक्ष्य नहीं है। स्तर वास्तव में किए गए चिकित्सकीय आवश्यक काम से समर्थित है। कोड पाने के लिए तत्व बढ़ाना यह पैनल उजागर करता है, आसान नहीं बनाता। कार्यालय और बाह्य रोगी स्तर चिकित्सा निर्णय से चुने जाते हैं",,Pending,,
column.product-master.name.label,Item,वस्तु,,Pending,,
Item / service,Item / service,वस्तु / सेवा,,Pending,,
Item Code,Item Code,वस्तु कोड,,Pending,,
menu.supply.item-master.label,Item Master,वस्तु मास्टर,,Pending,,
ui.item.code.53e24cae,Item code,वस्तु कोड,,Pending,,
Jan,Jan,जनवरी,,Pending,,
column.employee-master.joinDate.label,Joined,शामिल हुए,,Pending,,
Joiner approvals,Joiner approvals,नए कर्मचारियों का अनुमोदन,,Pending,,
Joint function instrument,Joint function instrument,जोड़ कार्य उपकरण,,Pending,,
"Joint pain, injury or back pain","Joint pain, injury or back pain","जोड़ दर्द, चोट या पीठ दर्द",,Pending,,
menu.finance.journal-entry.label,Journal Entry,जर्नल प्रविष्टि,,Pending,,
menu.finance.journal-review.label,Journal Review,जर्नल समीक्षा,,Pending,,
Journal approvals,Journal approvals,जर्नल अनुमोदन,,Pending,,
Jul,Jul,जुलाई,,Pending,,
Jun,Jun,जून,,Pending,,
field.customer.jurisdiction.label,Jurisdiction,कर क्षेत्राधिकार,,Pending,,
menu.finance.jurisdiction-master.label,Jurisdiction Master,अधिकार क्षेत्र मास्टर,,Pending,,
ui.kb.e48db0d1,KB ·,किलोबाइट ·,,Pending,,
api.message.ddb72dcbc942,Keep at most 50 personal views per page.,हर पृष्ठ पर अधिकतम 50 व्यक्तिगत दृश्य रखें।,,Pending,,
ui.keep.my.edits.for.the.next.save.b1e81546,Keep my edits for the next save,अगली बार सहेजने के लिए मेरे बदलाव रखें,,Pending,,
ui.kept.out.of.the.link.not.included.in.the.url.6c7f6a2e,Kept out of the link — not included in the URL,लिंक में शामिल नहीं — URL से बाहर,,Pending,,
Key figures,Key figures,मुख्य आँकड़े,,Pending,,
menu.library.keyboard-shortcuts.label,Keyboard Shortcuts,कीबोर्ड शॉर्टकट,,Pending,,
Keyboard actions,Keyboard actions,कीबोर्ड कार्रवाइयाँ,,Pending,,
Keyboard ready,Keyboard ready,कीबोर्ड तैयार,,Pending,,
ui.keyboard.shortcut.hints.dba0b68f,Keyboard shortcut hints,कीबोर्ड शॉर्टकट संकेत,,Pending,,
ui.keyboard.shortcuts.e9bef0b0,Keyboard shortcuts,कीबोर्ड शॉर्टकट,,Pending,,
ui.keyboard.shortcuts.are.switched.off.in.your.preferences.c0ffe36c,Keyboard shortcuts are switched off in your preferences. The list below is what they would be.,आपकी प्राथमिकताओं में शॉर्टकट बंद हैं। नीचे संभावित सूची है।,,Pending,,
Keyword / record ID,Keyword / record ID,कीवर्ड / रिकॉर्ड आईडी,,Pending,,
Kochi outperformed,Kochi outperformed,कोच्चि ने बेहतर किया,,Pending,,
column.patient-master.lengthOfStay.label,LOS (days),ठहराव (दिन),,Pending,,
Lab interface healthy,Lab interface healthy,प्रयोगशाला इंटरफ़ेस स्वस्थ,,Pending,,
menu.healthcare.lab-results.label,Laboratory Results,प्रयोगशाला परिणाम,,Pending,,
field.user.landingModule.label,Landing module,प्रारंभिक मॉड्यूल,,Pending,,
ui.language.a4fe6526,Language,भाषा,,Pending,,
ui.language.help.e388fa6e,Language & help,भाषा और सहायता,,Pending,,
Large journal submitted,Large journal submitted,बड़ा जर्नल भेजा,,Pending,,
Large opportunity advanced,Large opportunity advanced,बड़ा अवसर आगे बढ़ा,,Pending,,
ui.last.error.5488d837,Last error,अंतिम त्रुटि,,Pending,,
column.customer-master.lastInvoice.label,Last invoice,अंतिम चालान,,Pending,,
Last menstrual period,Last menstrual period,अंतिम मासिक धर्म,,Pending,,
ui.last.rotated.3b642793,Last rotated,अंतिम कुंजी बदलाव,,Pending,,
ui.last.saved.304ad2c0,Last saved,अंतिम सहेजना,,Pending,,
column.user-master.lastLogin.label,Last sign-in,अंतिम साइन इन,,Pending,,
ui.last.verified.d8e92048,Last verified,अंतिम सत्यापन,,Pending,,
"Laterality, function, range of motion, stability and neurovascular status","Laterality, function, range of motion, stability and neurovascular status","पक्ष, कार्यक्षमता, गति सीमा, स्थिरता और तंत्रिका-रक्तवाहिका स्थिति",,Pending,,
ui.latest.recovery.draft.from.another.editor.21da5598,Latest recovery draft from another editor,दूसरे संपादक का नवीनतम पुनर्प्राप्ति ड्राफ़्ट,,Pending,,
ui.latest.version.ef7105b6,Latest version,नवीनतम संस्करण,,Pending,,
ui.layout.a5119091,Layout,लेआउट,,Pending,,
ui.layout.theme.and.behavior.0d613faa,"Layout, theme and behavior","लेआउट, थीम और व्यवहार",,Pending,,
column.supplier-fin-master.leadTime.label,Lead time (days),आपूर्ति समय (दिन),,Pending,,
page.sales-dashboard.subtitle,"Leads, customers, quotations, orders, invoices and revenue operations","संभावित ग्राहक, ग्राहक, कोटेशन, ऑर्डर, चालान और राजस्व संचालन",,Pending,,
menu.hr.leave-request.label,Leave Request,अवकाश अनुरोध,,Pending,,
Leave approvals,Leave approvals,छुट्टी अनुमोदन,,Pending,,
column.employee-master.leaveBalance.label,Leave balance,छुट्टी शेष,,Pending,,
Left,Left,बाएँ,,Pending,,
Left side panel,Left side panel,बायाँ पैनल,,Pending,,
Legal name,Legal name,कानूनी नाम,,Pending,,
menu.healthcare.los-report.label,Length of Stay,प्रवास अवधि,,Pending,,
module.library.shortLabel,Library,लाइब्रेरी,,Pending,,
menu.library.library-dashboard.label,Library Dashboard,लाइब्रेरी डैशबोर्ड,,Pending,,
Light,Light,हल्का,,Pending,,
ui.light.and.deep.hold.whatever.the.page.theme.is.562d3e75,Light and Deep hold whatever the page theme is,हल्का और गहरा पृष्ठ थीम से स्वतंत्र रहते हैं,,Pending,,
Light — tinted icon on a surface,Light — tinted icon on a surface,हल्का — सतह पर रंगीन आइकन,,Pending,,
ui.limited.record.preview.full.details.open.in.a.workspace.441dd9b4,Limited record preview • full details open in a workspace tab,सीमित पूर्वावलोकन • पूरा विवरण कार्यक्षेत्र टैब में,,Pending,,
Limited — one category met,Limited — one category met,सीमित — एक श्रेणी पूरी,,Pending,,
ui.limits.and.spend.d3d3cff7,Limits and spend,सीमाएँ और खर्च,,Pending,,
Limits that bite,Limits that bite,प्रभावी सीमाएँ,,Pending,,
Line discounts,Line discounts,पंक्ति छूट,,Pending,,
ui.line.items.c22ebe5a,Line items,पंक्ति वस्तुएँ,,Pending,,
Line total,Line total,पंक्ति कुल,,Pending,,
Link copied,Link copied,लिंक कॉपी हुआ,,Pending,,
ui.link.record.1787cac0,Link record,रिकॉर्ड लिंक करें,,Pending,,
api.message.615ace93fd15,Linked a related record,संबंधित रिकॉर्ड जोड़ा,,Pending,,
field.user.employeeRef.label,Linked employee,संबद्ध कर्मचारी,,Pending,,
ui.listening.bbb4106e,Listening…,सुन रहा है…,,Pending,,
ui.lists.and.record.previews.ad42512f,Lists and record previews,सूचियाँ और रिकॉर्ड पूर्वावलोकन,,Pending,,
ui.live.b64ac05f,Live,लाइव,,Pending,,
ui.live.activity.f03d7de8,Live activity,लाइव गतिविधि,,Pending,,
ui.live.primitives.de2796a6,Live primitives,इंटरैक्टिव मूल घटक,,Pending,,
ui.loading.dc380888,Loading,लोड हो रहा है,,Pending,,
Loading import…,Loading import…,आयात लोड हो रहा है…,,Pending,,
ui.loading.placeholders.bf48e1ca,Loading placeholders,लोडिंग प्लेसहोल्डर,,Pending,,
ui.loading.record.panels.4d1216a9,Loading record panels…,रिकॉर्ड पैनल लोड हो रहे हैं…,,Pending,,
ui.loading.results.cf2c6389,Loading results…,परिणाम लोड हो रहे हैं…,,Pending,,
ui.loading.saved.record.and.recovery.draft.90568331,Loading saved record and recovery draft…,सहेजा रिकॉर्ड और पुनर्प्राप्ति ड्राफ़्ट लोड हो रहा है…,,Pending,,
ui.loading.the.ai.configuration.5c22d70c,Loading the AI configuration…,एआई कॉन्फ़िगरेशन लोड हो रहा है…,,Pending,,
Loading…,Loading…,लोड हो रहा है…,,Pending,,
menu.library.localization.label,Localization,स्थानीयकरण,,Pending,,
menu.hr.location-master.label,Location Master,स्थान मास्टर,,Pending,,
Locked,Locked,लॉक किया गया,,Pending,,
Locking or giving way,Locking or giving way,जोड़ का अटकना या जवाब देना,,Pending,,
Longitudinal data reused rather than re-entered,Longitudinal data reused rather than re-entered,दीर्घकालिक डेटा फिर दर्ज करने की जगह पुनः उपयोग,,Pending,,
field.hr-dashboard.priority.option.Low,Low,निम्न,,Pending,,
Low risk,Low risk,कम जोखिम,,Pending,,
Low-glare control room,Low-glare control room,कम चकाचौंध नियंत्रण कक्ष,,Pending,,
ui.make.full.screen.f5c45f1e,Make full screen,पूर्ण स्क्रीन करें,,Pending,,
field.user.language.option.ml,Malayalam,मलयालम,,Pending,,
api.message.6c0c0e748029,Malformed request body.,अनुरोध का मुख्य भाग गलत प्रारूप में है।,,Pending,,
field.consultation.plan.label,Management plan,प्रबंधन योजना,,Pending,,
column.employee-master.manager.label,Manager,प्रबंधक,,Pending,,
Manager approval,Manager approval,प्रबंधक अनुमोदन,,Pending,,
Map each CSV column to at most one application field.,Map each CSV column to at most one application field.,हर CSV कॉलम अधिकतम एक अनुप्रयोग फ़ील्ड से मैप करें।,,Pending,,
ui.map.required.fields.ac41d1c5,Map required fields:,आवश्यक फ़ील्ड मैप करें:,,Pending,,
Mar,Mar,मार्च,,Pending,,
column.sales-dashboard.margin.label,Margin,मार्जिन,,Pending,,
menu.sales.margin-report.label,Margin Analysis,मार्जिन विश्लेषण,,Pending,,
Margin exception requested,Margin exception requested,मार्जिन अपवाद अनुरोधित,,Pending,,
ui.mark.all.read.3bc62a9e,Mark all read,सभी पढ़े हुए चिह्नित करें,,Pending,,
ui.mark.as.read.50c8b81f,Mark as read,पढ़ा हुआ चिह्नित करें,,Pending,,
ui.mark.notifications.read.1b2f9273,Mark notifications read,सूचनाएँ पढ़ी हुई चिह्नित करें,,Pending,,
menu.sales.sales-market.label,Market,बाज़ार,,Pending,,
Mass or distension,Mass or distension,गाँठ या फुलाव,,Pending,,
Masters,Masters,मास्टर डेटा,,Pending,,
Match,Match,मिलान,,Pending,,
Match the page theme,Match the page theme,पृष्ठ थीम से मिलाएँ,,Pending,,
ui.matched.back.against.the.catalogue.a50c373a,Matched back against the catalogue:,सूची से मिलान हुआ:,,Pending,,
Maternal and fetal considerations,Maternal and fetal considerations,मातृ और भ्रूण विचार,,Pending,,
ui.max.context.fields.3991aba7,Max context fields,अधिकतम संदर्भ फ़ील्ड,,Pending,,
Maximum visual separation,Maximum visual separation,अधिकतम दृश्य विभाजन,,Pending,,
May,May,मई,,Pending,,
Mechanism of injury,Mechanism of injury,चोट का तंत्र,,Pending,,
"Mechanism, laterality, range of motion, neurovascular status.","Mechanism, laterality, range of motion, neurovascular status.","तंत्र, पक्ष, गति सीमा, तंत्रिका-रक्तवाहिका स्थिति।",,Pending,,
menu.healthcare.medication-orders.label,Medication Orders,दवा आदेश,,Pending,,
menu.pharmacy.medication-review.label,Medication Review,दवा समीक्षा,,Pending,,
field.consultation.outcome.option.Medication%20adjusted,Medication adjusted,दवा समायोजित,,Pending,,
Medication exposure,Medication exposure,दवा संपर्क,,Pending,,
Medication hold or review,Medication hold or review,दवा रोक या समीक्षा,,Pending,,
Medication reconciliation,Medication reconciliation,दवा मिलान,,Pending,,
Medication safety in pregnancy,Medication safety in pregnancy,गर्भावस्था में दवा सुरक्षा,,Pending,,
field.customer.riskRating.option.Medium,Medium,मध्यम,,Pending,,
Menstrual and obstetric context with maternal and fetal findings,Menstrual and obstetric context with maternal and fetal findings,"मासिक और प्रसूति संदर्भ, मातृ और भ्रूण निष्कर्ष सहित",,Pending,,
"Menstrual and obstetric context, maternal and fetal findings.","Menstrual and obstetric context, maternal and fetal findings.","मासिक धर्म और प्रसूति संदर्भ, मातृ और भ्रूण निष्कर्ष।",,Pending,,
Mental state examination,Mental state examination,मानसिक स्थिति परीक्षण,,Pending,,
"Mental state, risk and safety, function, validated instruments.","Mental state, risk and safety, function, validated instruments.","मानसिक स्थिति, जोखिम और सुरक्षा, कार्यक्षमता, सत्यापित उपकरण।",,Pending,,
ui.messages.04d7b483,Messages,संदेश,,Pending,,
Method,Method,तरीका,,Pending,,
api.message.5765cf564d4d,Method not allowed.,इस विधि की अनुमति नहीं है।,,Pending,,
field.customer.segment.option.Mid-market,Mid-market,मध्यम बाज़ार,,Pending,,
Migration tasks,Migration tasks,माइग्रेशन कार्य,,Pending,,
Minimal or none,Minimal or none,न्यूनतम या कोई नहीं,,Pending,,
Minimal risk,Minimal risk,न्यूनतम जोखिम,,Pending,,
Minimise {item},Minimise {item},{item} छोटा करें,,Pending,,
Minimum value,Minimum value,न्यूनतम मान,,Pending,,
"Minus sign — -1,200","Minus sign — -1,200","ऋण चिह्न — -1,200",,Pending,,
field.user.mobile.label,Mobile number,मोबाइल नंबर,,Pending,,
ui.mock.tenant.nex.ae.001.46633a52,Mock tenant • NEX-AE-001,नमूना टेनेंट • NEX-AE-001,,Pending,,
ui.mock.transport.no.provider.was.contacted.a98a191e,Mock transport — no provider was contacted.,नमूना परिवहन — किसी प्रदाता से संपर्क नहीं हुआ।,,Pending,,
"Modal, center record card and left/right drawer","Modal, center record card and left/right drawer","संवाद, केंद्रीय रिकॉर्ड कार्ड और बायाँ/दायाँ पैनल",,Pending,,
ui.model.id.7789530b,Model id,मॉडल आईडी,,Pending,,
ui.model.label.b5f5cfb0,Model label,मॉडल लेबल,,Pending,,
Moderate — e.g. prescription drug management; decision regarding minor surgery with risk factors,Moderate — e.g. prescription drug management; decision regarding minor surgery with risk factors,मध्यम — जैसे पर्चे वाली दवा का प्रबंधन; जोखिम कारकों सहित छोटी शल्यक्रिया का निर्णय,,Pending,,
Moderate — one of three categories met,Moderate — one of three categories met,मध्यम — तीन में से एक श्रेणी पूरी,,Pending,,
ui.module.navigation.62254823,Module navigation,मॉड्यूल नेविगेशन,,Pending,,
field.user.modules.label,Modules,मॉड्यूल,,Pending,,
Month,Month,महीना,,Pending,,
Month to date,Month to date,माह अब तक,,Pending,,
Monthly,Monthly,मासिक,,Pending,,
Monthly {report},Monthly {report},मासिक {report},,Pending,,
Mood change,Mood change,मनोदशा बदलाव,,Pending,,
ui.more.d47d7cb0,More,और,,Pending,,
More actions for {item},More actions for {item},{item} के लिए और कार्रवाइयाँ,,Pending,,
ui.more.invoice.actions.bd5e1cab,More invoice actions,अधिक चालान कार्रवाइयाँ,,Pending,,
ui.more.record.actions.bfe19e93,More record actions,रिकॉर्ड की अन्य कार्रवाइयाँ,,Pending,,
ui.more.worklist.actions.e02a7587,More worklist actions,कार्य सूची की अन्य कार्रवाइयाँ,,Pending,,
Motor power,Motor power,गतिज शक्ति,,Pending,,
ui.move.down.40bb50da,Move down,नीचे ले जाएँ,,Pending,,
ui.move.up.c66feb5e,Move up,ऊपर ले जाएँ,,Pending,,
Movement,Movement,गतिशीलता,,Pending,,
Murmur or added sounds,Murmur or added sounds,मर्मर या अतिरिक्त ध्वनियाँ,,Pending,,
Musculoskeletal examination,Musculoskeletal examination,मांसपेशी-अस्थि परीक्षण,,Pending,,
ui.must.stay.false.for.protected.content.1f4980c8,Must stay false for protected content.,संरक्षित सामग्री के लिए बंद रहना चाहिए।,,Pending,,
Muted arctic blue-grey,Muted arctic blue-grey,मंद आर्कटिक नीला-धूसर,,Pending,,
ui.my.preferences.164a6ee1,My Preferences,मेरी प्राथमिकताएँ,,Pending,,
ui.my.profile.991bfa01,My Profile,मेरी प्रोफ़ाइल,,Pending,,
My approval notifications · Unread: {count},My approval notifications · Unread: {count},मेरी अनुमोदन सूचनाएँ · अपठित: {count},,Pending,,
My requests,My requests,मेरे अनुरोध,,Pending,,
ui.new.record.9ce90410,NEW RECORD,नया रिकॉर्ड,,Pending,,
Name,Name,नाम,,Pending,,
Names what a record of this kind would normally carry and is missing here. Suggests only — it never writes to the record.,Names what a record of this kind would normally carry and is missing here. Suggests only — it never writes to the record.,"इस प्रकार के रिकॉर्ड की सामान्य पर अनुपस्थित सामग्री बताता है। केवल सुझाव देता है, रिकॉर्ड में लिखता नहीं।",,Pending,,
Navigate within the current page instead.,Navigate within the current page instead.,वर्तमान पृष्ठ के भीतर जाएँ।,,Pending,,
Navigation,Navigation,नेविगेशन,,Pending,,
ui.negative.amounts.cd1dd5f2,Negative amounts,ऋणात्मक राशियाँ,,Pending,,
field.customer.paymentTerms.option.15,Net 15,15 दिन में भुगतान,,Pending,,
field.customer.paymentTerms.option.30,Net 30,30 दिन में भुगतान,,Pending,,
field.customer.paymentTerms.option.60,Net 60,60 दिन में भुगतान,,Pending,,
field.customer.paymentTerms.option.90,Net 90,90 दिन में भुगतान,,Pending,,
Net Cost,Net Cost,शुद्ध लागत,,Pending,,
"Net cost was refreshed from quantity, unit cost, discount and tax.","Net cost was refreshed from quantity, unit cost, discount and tax.","मात्रा, इकाई लागत, छूट और कर से शुद्ध लागत ताज़ा हुई।",,Pending,,
Net payroll,Net payroll,शुद्ध वेतन,,Pending,,
Neurological symptoms,Neurological symptoms,तंत्रिका लक्षण,,Pending,,
Neurovascular,Neurovascular,तंत्रिका और रक्तवाहिका,,Pending,,
"Neutral near-black, no colour cast","Neutral near-black, no colour cast",रंग झुकाव रहित लगभग काला,,Pending,,
ui.new.18fdd549,New,नया,,Pending,,
menu.healthcare.consultation-entry.label,New Consultation,नया परामर्श,,Pending,,
ui.new.comment.cf9c2573,New comment,नई टिप्पणी,,Pending,,
New employee,New employee,नया कर्मचारी,,Pending,,
New invoice,New invoice,नया चालान,,Pending,,
New journal,New journal,नई जर्नल प्रविष्टि,,Pending,,
New lead assignment,New lead assignment,नया संभावित ग्राहक आवंटन,,Pending,,
New organization change,New organization change,नया संगठन बदलाव,,Pending,,
"New presentation: red flags, onset, relevant negatives.","New presentation: red flags, onset, relevant negatives.","नए लक्षण: चेतावनी संकेत, शुरुआत, संबंधित अनुपस्थित लक्षण।",,Pending,,
New properties remain optional or versioned to protect existing pages.,New properties remain optional or versioned to protect existing pages.,मौजूदा पृष्ठ सुरक्षित रखने नई प्रॉपर्टी वैकल्पिक या संस्करणित रहती हैं।,,Pending,,
New record in a new tab,New record in a new tab,नए टैब में नया रिकॉर्ड,,Pending,,
New starter onboarding due,New starter onboarding due,नए कर्मचारी का परिचय लंबित,,Pending,,
New symptoms or complications,New symptoms or complications,नए लक्षण या जटिलताएँ,,Pending,,
ui.next.1ff57a29,Next,अगला,,Pending,,
ui.next.approvals.ca7c29b6,Next approvals,अगले अनुमोदन,,Pending,,
column.drug-master.nextExpiry.label,Next expiry,अगली समाप्ति,,Pending,,
menu.healthcare.next-of-kin.label,Next of Kin,निकट संबंधी,,Pending,,
ui.next.page.c08ac736,Next page,अगला पृष्ठ,,Pending,,
ui.next.step.298a9207,Next step,अगला चरण,,Pending,,
ui.no.approval.notifications.yet.f2e11ecf,No approval notifications yet.,अभी कोई अनुमोदन सूचना नहीं।,,Pending,,
ui.no.approvals.match.this.view.c111d946,No approvals match this view.,इस दृश्य से कोई अनुमोदन मेल नहीं खाता।,,Pending,,
ui.no.attachments.yet.becf0183,No attachments yet.,अभी कोई संलग्नक नहीं।,,Pending,,
ui.no.changes.c699aa00,No changes,कोई बदलाव नहीं,,Pending,,
ui.no.changes.saved.0a823d05,No changes saved,कोई बदलाव सहेजा नहीं गया,,Pending,,
ui.no.comments.yet.b7cba957,No comments yet.,अभी कोई टिप्पणी नहीं।,,Pending,,
api.message.7f7f90bc5ace,No credential is configured for this tenant.,इस टेनेंट के लिए क्रेडेंशियल कॉन्फ़िगर नहीं है।,,Pending,,
ui.no.item.matches.that.search.dcb0bb88,No item matches that search.,खोज से कोई आइटम नहीं मिलता।,,Pending,,
ui.no.match.for.2835c1cf,No match for “,इसका मिलान नहीं: “,,Pending,,
No match for “{query}”,No match for “{query}”,“{query}” का मिलान नहीं,,Pending,,
ui.no.matching.options.39a118fc,No matching options,कोई मिलता विकल्प नहीं,,Pending,,
No material data gaps,No material data gaps,महत्त्वपूर्ण डेटा कमियाँ नहीं,,Pending,,
ui.no.menu.item.matches.a442b70a,No menu item matches,कोई मेनू आइटम नहीं मिला,,Pending,,
api.message.f91c6aa194a1,No navigation is available for this account.,इस खाते के लिए कोई मेनू उपलब्ध नहीं है।,,Pending,,
ui.no.panel.activity.yet.d3114311,No panel activity yet.,अभी कोई पैनल गतिविधि नहीं।,,Pending,,
ui.no.personal.views.yet.save.the.current.layout.to.create.ac72cfbc,No personal views yet. Save the current layout to create one.,अभी कोई व्यक्तिगत दृश्य नहीं है। वर्तमान लेआउट सहेजें।,,Pending,,
ui.no.provider.credential.is.configured.for.this.tenant.so.a77c2f62,"No provider credential is configured for this tenant, so nothing can be sent yet.","इस टेनेंट के लिए प्रदाता क्रेडेंशियल नहीं, इसलिए अभी कुछ नहीं भेजा जा सकता।",,Pending,,
api.message.b2b37d5c3c24,No provider credential is configured.,प्रदाता का क्रेडेंशियल कॉन्फ़िगर नहीं है।,,Pending,,
api.message.74dcfe0be651,No provider or model is configured.,कोई प्रदाता या मॉडल कॉन्फ़िगर नहीं है।,,Pending,,
No records found,No records found,कोई रिकॉर्ड नहीं मिला,,Pending,,
No records match the current view.,No records match the current view.,वर्तमान दृश्य से कोई रिकॉर्ड नहीं मिलता।,,Pending,,
ui.no.related.records.yet.595d14ca,No related records yet.,अभी कोई संबंधित रिकॉर्ड नहीं।,,Pending,,
No reply.,No reply.,कोई उत्तर नहीं।,,Pending,,
No results,No results,कोई परिणाम नहीं,,Pending,,
api.message.ad9242943cbc,No speech provider is available for this language.,इस भाषा के लिए वाणी प्रदाता उपलब्ध नहीं है।,,Pending,,
"No such command here: ""{command}"". Try :help.","No such command here: ""{command}"". Try :help.","यह कमांड नहीं है: ""{command}""। :help आज़माएँ।",,Pending,,
ui.none.dc937b59,None,कोई नहीं,,Pending,,
"None — 1,200","None — 1,200","कोई नहीं — 1,200",,Pending,,
field.hr-dashboard.priority.option.Normal,Normal,सामान्य,,Pending,,
Not checked,Not checked,जाँचा नहीं,,Pending,,
Not found,Not found,नहीं मिला,,Pending,,
ui.not.saved.22b3467c,Not saved,सहेजा नहीं गया,,Pending,,
ui.not.sent.this.request.was.held.back.before.it.left.the.b.249b6f31,Not sent — this request was held back before it left the browser.,नहीं भेजा — अनुरोध ब्राउज़र छोड़ने से पहले रोका गया।,,Pending,,
api.message.a3905eb93e40,Not signed in.,आपने साइन इन नहीं किया है।,,Pending,,
ui.nothing.here.f4c7f41c,Nothing here,यहाँ कुछ नहीं,,Pending,,
ui.nothing.in.the.reply.matched.the.catalogue.bb0df6b3,Nothing in the reply matched the catalogue.,उत्तर में कुछ सूची से नहीं मिला।,,Pending,,
ui.nothing.is.delivered.this.is.a.prototype.1b08c969,Nothing is delivered; this is a prototype.,कुछ वितरित नहीं होता; यह प्रोटोटाइप है।,,Pending,,
Nothing on this page matches what that use case may read.,Nothing on this page matches what that use case may read.,पृष्ठ पर इस उपयोग के लिए पढ़ने योग्य कुछ नहीं।,,Pending,,
ui.nothing.on.this.page.matches.what.this.use.case.may.read.7844af00,Nothing on this page matches what this use case may read. There is nothing to send.,इस पृष्ठ पर इस उपयोग के लिए पढ़ने योग्य कुछ नहीं। भेजने के लिए कुछ नहीं है।,,Pending,,
ui.nothing.selected.f8c10424,Nothing selected,कुछ नहीं चुना,,Pending,,
ui.nothing.selected.yet.09245a71,Nothing selected yet,अभी कुछ नहीं चुना,,Pending,,
Nothing to export,Nothing to export,निर्यात के लिए कुछ नहीं,,Pending,,
api.message.8270c30be332,Nothing to send.,भेजने के लिए कुछ नहीं है।,,Pending,,
ui.nothing.to.tour.on.this.page.yet.18d0885f,Nothing to tour on this page yet.,इस पृष्ठ पर अभी कोई दौरा नहीं।,,Pending,,
Notification,Notification,सूचना,,Pending,,
ui.notifications.78801183,Notifications,सूचनाएँ,,Pending,,
field.hr-dashboard.notifyOwner.label,Notify owner,स्वामी को सूचित करें,,Pending,,
Nov,Nov,नवम्बर,,Pending,,
Number and complexity of problems addressed AT THIS ENCOUNTER — not everything on the problem list.,Number and complexity of problems addressed AT THIS ENCOUNTER — not everything on the problem list.,इसी मुलाकात में संबोधित समस्याओं की संख्या और जटिलता — पूरी समस्या सूची नहीं।,,Pending,,
ui.number.format.457421f8,Number format,संख्या प्रारूप,,Pending,,
"Number only — 1,200","Number only — 1,200","केवल संख्या — 1,200",,Pending,,
menu.hr.hr-numbering.label,Numbering Rules,क्रमांकन नियम,,Pending,,
ui.numbers.currency.and.dates.4558a791,"Numbers, currency and dates","संख्याएँ, मुद्रा और तिथियाँ",,Pending,,
section.consultation.examination.description,Observations and findings recorded at the visit.,मुलाकात के दौरान दर्ज अवलोकन और निष्कर्ष।,,Pending,,
Obstetric,Obstetric,प्रसूति,,Pending,,
Obstetric and gynaecological examination,Obstetric and gynaecological examination,प्रसूति और स्त्री रोग परीक्षण,,Pending,,
Obstetric history,Obstetric history,प्रसूति इतिहास,,Pending,,
Obstetric risk assessment,Obstetric risk assessment,प्रसूति जोखिम मूल्यांकन,,Pending,,
Obstetrics & Gynaecology,Obstetrics & Gynaecology,प्रसूति और स्त्री रोग,,Pending,,
"Obstetrics & Gynaecology with a paediatric context may be adolescent gynaecology. Age, consent and privacy rules for the jurisdiction apply.","Obstetrics & Gynaecology with a paediatric context may be adolescent gynaecology. Age, consent and privacy rules for the jurisdiction apply.","बाल संदर्भ में स्त्री-प्रसूति किशोर स्त्री रोग हो सकता है। क्षेत्र के आयु, सहमति और गोपनीयता नियम लागू।",,Pending,,
Oct,Oct,अक्टूबर,,Pending,,
Oedema,Oedema,सूजन,,Pending,,
Off,Off,बंद,,Pending,,
ui.off.minimises.every.transition.and.motion.effect.c28a56d6,Off minimises every transition and motion effect,बंद करने पर सभी गति प्रभाव न्यूनतम होते हैं,,Pending,,
ui.off.ticks.once.a.minute.instead.of.every.second.e07c67a4,Off ticks once a minute instead of every second.,बंद होने पर हर सेकंड की जगह हर मिनट अपडेट।,,Pending,,
ui.off.truncates.a.long.cell.to.one.line.dfad076c,Off truncates a long cell to one line.,बंद होने पर लंबे सेल एक पंक्ति तक सीमित।,,Pending,,
ui.off.unbinds.them.entirely.so.the.keys.go.back.to.the.bro.75022fea,"Off unbinds them entirely, so the keys go back to the browser",बंद करने पर कुंजियाँ ब्राउज़र को लौटती हैं,,Pending,,
Off-formulary approval,Off-formulary approval,सूची बाहर दवा अनुमोदन,,Pending,,
Off-formulary approvals,Off-formulary approvals,सूची बाहर दवा अनुमोदन,,Pending,,
Offered with the conditions under which each applies,Offered with the conditions under which each applies,प्रत्येक की लागू शर्तों सहित,,Pending,,
Older Adult / Frailty,Older Adult / Frailty,वृद्ध / दुर्बलता,,Pending,,
"Older adult context: falls, cognition, function, polypharmacy, caregiver context and goals of care are surfaced.","Older adult context: falls, cognition, function, polypharmacy, caregiver context and goals of care are surfaced.","वृद्ध संदर्भ: गिरना, संज्ञान, कार्यक्षमता, बहुदवा, देखभालकर्ता और देखभाल लक्ष्य दिखते हैं।",,Pending,,
"Older or frail patients, or where mobility is a concern.","Older or frail patients, or where mobility is a concern.","वृद्ध या दुर्बल रोगी, या चलने की चिंता होने पर।",,Pending,,
On,On,चालू,,Pending,,
On Hold,On Hold,रोक पर,,Pending,,
column.drug-master.onHand.label,On hand,उपलब्ध स्टॉक,,Pending,,
field.hr-dashboard.status.option.On%20Hold,On hold,रोक पर,,Pending,,
ui.on.screen.at.once.9b5e8539,On screen at once,एक साथ स्क्रीन पर,,Pending,,
column.supplier-fin-master.onTime.label,On-time,समय पर,,Pending,,
ui.once.d88f6d83,Once,एक बार,,Pending,,
ui.one.configurable.interface.across.human.resources.financ.2e9ac658,"One configurable interface across human resources, finance, payroll, sales and supply chain.","मानव संसाधन, वित्त, वेतन, बिक्री और आपूर्ति श्रृंखला के लिए एक अनुकूलन योग्य इंटरफ़ेस।",,Pending,,
One or more chronic with exacerbation; or two or more stable chronic; or an undiagnosed new problem with uncertain prognosis,One or more chronic with exacerbation; or two or more stable chronic; or an undiagnosed new problem with uncertain prognosis,एक या अधिक बिगड़ते दीर्घकालिक रोग; या दो या अधिक स्थिर दीर्घकालिक रोग; या अनिश्चित पूर्वानुमान वाली नई अनिदानित समस्या,,Pending,,
One or more chronic with severe exacerbation; or one acute or chronic illness posing a threat to life or bodily function,One or more chronic with severe exacerbation; or one acute or chronic illness posing a threat to life or bodily function,एक या अधिक गंभीर रूप से बिगड़ते दीर्घकालिक रोग; या जीवन या शारीरिक कार्य को खतरा देने वाला तीव्र या दीर्घकालिक रोग,,Pending,,
ui.one.screen.composed.from.four.layers.the.same.engine.cov.b49b8112,"One screen, composed from four layers. The same engine covers every combination without a page per combination.","चार परतों से बनी एक स्क्रीन। एक ही इंजन हर संयोजन संभालता है, अलग पृष्ठ की ज़रूरत नहीं।",,Pending,,
One self-limited or minor problem,One self-limited or minor problem,एक स्वतः सीमित या मामूली समस्या,,Pending,,
api.message.d5f87f5a90d3,Only administrators can configure approval stages.,केवल प्रशासक अनुमोदन चरण निर्धारित कर सकते हैं।,,Pending,,
Only once a diagnosis supports classification.,Only once a diagnosis supports classification.,केवल निदान से वर्गीकरण समर्थित होने पर।,,Pending,,
api.message.f3921c40c436,Only the author or an administrator can remove this comment.,केवल लेखक या प्रशासक यह टिप्पणी हटा सकता है।,,Pending,,
ui.only.the.built.in.mock.transcriber.runs.in.this.build.th.99c7dabf,Only the built-in mock transcriber runs in this build. The other adapters are declared with their real call shapes and have never been exercised — a session on one reports that rather than producing a transcript.,इस बिल्ड में केवल अंतर्निहित नमूना ट्रांसक्राइबर चलता है। अन्य एडेप्टर वास्तविक कॉल रूप में घोषित हैं पर जाँचे नहीं गए; सत्र प्रतिलेख बनाने की जगह यह बताता है।,,Pending,,
api.message.433aafa9ce34,Only the requester can resubmit this record.,केवल अनुरोधकर्ता यह रिकॉर्ड दोबारा भेज सकता है।,,Pending,,
Only where the presentation meets the instrument's intended use.,Only where the presentation meets the instrument's intended use.,केवल जब लक्षण उपकरण के लक्षित उपयोग से मेल खाएँ।,,Pending,,
ui.open.ed077f3d,Open,खोलें,,Pending,,
ui.open.library.98c4cfdd,Open Library →,लाइब्रेरी खोलें →,,Pending,,
column.supplier-fin-master.openPO.label,Open POs,खुले खरीद आदेश,,Pending,,
ui.open.command.palette.c022b19a,Open command palette,कमांड पैलेट खोलें,,Pending,,
ui.open.customer.master.dd1e845d,Open customer master,ग्राहक मास्टर खोलें,,Pending,,
ui.open.documentation.61139361,Open documentation,दस्तावेज़ खोलें,,Pending,,
ui.open.documents.eadd61ba,Open documents,खुले दस्तावेज़,,Pending,,
ui.open.full.record.02ac0023,Open full record,पूरा रिकॉर्ड खोलें,,Pending,,
Open full worklist,Open full worklist,पूरी कार्यसूची खोलें,,Pending,,
ui.open.full.worklist.7b51e093,Open full worklist ,पूरी कार्यसूची खोलें ,,Pending,,
ui.open.in.its.own.window.53ac5453,Open in its own window,अपनी विंडो में खोलें,,Pending,,
Open my preferences,Open my preferences,मेरी प्राथमिकताएँ खोलें,,Pending,,
ui.open.notification.072eaf0e,Open notification,सूचना खोलें,,Pending,,
Open orders,Open orders,खुले ऑर्डर,,Pending,,
ui.open.page.af030334,Open page,पृष्ठ खोलें,,Pending,,
ui.open.page.helper.b4639461,Open page helper,पृष्ठ सहायक खोलें,,Pending,,
ui.open.page.or.command.2839f587,Open page or command,पृष्ठ या कमांड खोलें,,Pending,,
Open positions,Open positions,रिक्त पद,,Pending,,
ui.open.profile.menu.4a239d3d,Open profile menu,प्रोफ़ाइल मेनू खोलें,,Pending,,
Open purchase orders,Open purchase orders,खुले खरीद आदेश,,Pending,,
Open records in a new tab,Open records in a new tab,रिकॉर्ड नए टैब में खोलें,,Pending,,
Open records in place,Open records in place,रिकॉर्ड उसी स्थान पर खोलें,,Pending,,
ui.open.records.in.tabs.b10f3af8,Open records in tabs,रिकॉर्ड टैब में खोलें,,Pending,,
Open spreadsheet,Open spreadsheet,स्प्रेडशीट खोलें,,Pending,,
ui.open.the.ai.assistant.9ef7c20f,Open the AI assistant,एआई सहायक खोलें,,Pending,,
Open the command palette,Open the command palette,कमांड पैलेट खोलें,,Pending,,
Open the page helper,Open the page helper,पृष्ठ सहायक खोलें,,Pending,,
ui.open.the.record.12f0e64a,Open the record,रिकॉर्ड खोलें,,Pending,,
ui.open.what.this.is.about.b82f9382,Open what this is about,संबंधित रिकॉर्ड खोलें,,Pending,,
ui.open.windows.6cbd4f67,Open windows,खुली विंडो,,Pending,,
ui.opening.the.saved.view.ae578a48,Opening the saved view…,सहेजा दृश्य खुल रहा है…,,Pending,,
ui.opens.on.keyboard.focus.3da0d784,Opens on keyboard focus,कीबोर्ड फ़ोकस पर खुलता है,,Pending,,
api.message.7c9c9896ea86,Operation id already used.,कार्रवाई आईडी पहले उपयोग हो चुकी है।,,Pending,,
api.message.7415683b1fc3,Operation identifier was already used for another change.,कार्रवाई पहचानकर्ता दूसरे बदलाव में उपयोग हो चुका है।,,Pending,,
menu.hr.hr-ops.label,Operations,संचालन,,Pending,,
field.user.roles.option.operations-analyst,Operations Analyst,संचालन विश्लेषक,,Pending,,
Optional,Optional,वैकल्पिक,,Pending,,
ui.optional.third.party.coverage.4ab70f55,Optional third-party coverage,वैकल्पिक तृतीय पक्ष कवरेज,,Pending,,
Options: {count},Options: {count},विकल्प: {count},,Pending,,
field.consultation.allergies.placeholder,Or 'none known',या 'कोई ज्ञात नहीं',,Pending,,
menu.sales.order-worklist.label,Order Worklist,ऑर्डर कार्यसूची,,Pending,,
column.sales-dashboard.orderDate.label,Order date,ऑर्डर तिथि,,Pending,,
column.sales-dashboard.id.label,Order no.,ऑर्डर संख्या,,Pending,,
column.sales-dashboard.value.label,Order value,ऑर्डर मूल्य,,Pending,,
ui.orderable.catalogue.9aad2b70,Orderable catalogue,उपलब्ध आदेश सूची,,Pending,,
Orders,Orders,आदेश,,Pending,,
menu.healthcare.hc-orders.label,Orders & Results,आदेश और परिणाम,,Pending,,
ui.orders.and.medication.plan.verified.fc6f12b4,Orders and medication plan verified,आदेश और दवा योजना सत्यापित,,Pending,,
Orders on hold,Orders on hold,रोके गए ऑर्डर,,Pending,,
menu.hr.organization.label,Organization,संगठन,,Pending,,
section.hr-dashboard.assignment.description,Organizational scope and ownership.,संगठनात्मक दायरा और स्वामित्व।,,Pending,,
Orientation,Orientation,दिशाबोध,,Pending,,
field.consultation.specialty.option.Orthopaedics,Orthopaedics,अस्थि रोग,,Pending,,
Orthopnoea,Orthopnoea,लेटने पर श्वासकष्ट,,Pending,,
Orthostatic assessment,Orthostatic assessment,खड़े होने संबंधी मूल्यांकन,,Pending,,
Osteoarthritis or chronic musculoskeletal review,Osteoarthritis or chronic musculoskeletal review,ऑस्टियोआर्थराइटिस या दीर्घकालिक मांसपेशी-अस्थि समीक्षा,,Pending,,
Other,Other,अन्य,,Pending,,
field.consultation.outcome.label,Outcome,परिणाम,,Pending,,
ui.outline.eabbf3ab,Outline,रूपरेखा,,Pending,,
Outpatient,Outpatient,बाह्य रोगी,,Pending,,
Outpatient clinics,Outpatient clinics,बाह्य रोगी क्लिनिक,,Pending,,
"Outpatient consultation: presentation, examination, assessment and plan.","Outpatient consultation: presentation, examination, assessment and plan.","बाह्य रोगी परामर्श: लक्षण, परीक्षण, मूल्यांकन और योजना।",,Pending,,
page.consultation-worklist.subtitle,"Outpatient consultations by specialty, clinician and outcome.","विशेषज्ञता, चिकित्सक और परिणाम के अनुसार बाह्य रोगी परामर्श।",,Pending,,
Outpatient visits,Outpatient visits,बाह्य रोगी मुलाकातें,,Pending,,
ui.output.format.93c53d37,Output format,आउटपुट प्रारूप,,Pending,,
Outstanding,Outstanding,बकाया,,Pending,,
ui.overall.completion.73f1bc7e,Overall completion,समग्र पूर्णता,,Pending,,
Overlay,Overlay,ओवरले,,Pending,,
Overtime,Overtime,अतिरिक्त समय,,Pending,,
Overview,Overview,अवलोकन,,Pending,,
Owner,Owner,स्वामी,,Pending,,
Oxygen requirement,Oxygen requirement,ऑक्सीजन आवश्यकता,,Pending,,
ui.page.guide.c2948632,PAGE GUIDE,पृष्ठ गाइड,,Pending,,
PO approvals,PO approvals,खरीद आदेश अनुमोदन,,Pending,,
PO-1108 confirmed by vendor,PO-1108 confirmed by vendor,विक्रेता ने PO-1108 की पुष्टि की,,Pending,,
PO:,PO:,खरीद आदेश:,,Pending,,
ui.po.9b83faea,PO: ,खरीद आदेश: ,,Pending,,
Paediatric,Paediatric,बाल रोग,,Pending,,
"Paediatric context outside Paediatrics. The specialty must explicitly support paediatric practice, age ranges and consent handling.","Paediatric context outside Paediatrics. The specialty must explicitly support paediatric practice, age ranges and consent handling.","बाल चिकित्सा के बाहर बाल संदर्भ। विशेषज्ञता को बाल अभ्यास, आयु सीमाएँ और सहमति स्पष्ट रूप से समर्थित करनी चाहिए।",,Pending,,
"Paediatric context: guardian as source, weight-based safety, age-specific ranges and consent rules apply.","Paediatric context: guardian as source, weight-based safety, age-specific ranges and consent rules apply.","बाल संदर्भ: अभिभावक स्रोत, वजन आधारित सुरक्षा, आयु सीमाएँ और सहमति नियम लागू।",,Pending,,
Paediatric examination,Paediatric examination,बाल परीक्षण,,Pending,,
field.consultation.specialty.option.Paediatrics,Paediatrics,बाल रोग,,Pending,,
Paediatrics with a non-paediatric patient context. Valid for adolescent and transition clinics; confirm the age ranges and permissions are right for this service.,Paediatrics with a non-paediatric patient context. Valid for adolescent and transition clinics; confirm the age ranges and permissions are right for this service.,गैर-बाल संदर्भ में बाल चिकित्सा। किशोर और संक्रमण क्लिनिक में मान्य; सेवा की आयु सीमाएँ और अनुमतियाँ पुष्टि करें।,,Pending,,
Page,Page,पृष्ठ,,Pending,,
menu.library.page-catalog.label,Page Catalog,पृष्ठ कैटलॉग,,Pending,,
Page patterns,Page patterns,पृष्ठ पैटर्न,,Pending,,
ui.page.preferences.752e9e98,Page preferences,पृष्ठ प्राथमिकताएँ,,Pending,,
ui.page.unavailable.for.your.role.3594883a,Page unavailable for your role,आपकी भूमिका के लिए पृष्ठ उपलब्ध नहीं,,Pending,,
column.billing-entry.paid.label,Paid,भुगतान किया,,Pending,,
Pain scale,Pain scale,दर्द मापनी,,Pending,,
Pain score,Pain score,दर्द स्कोर,,Pending,,
Painful arc,Painful arc,दर्दयुक्त चाप,,Pending,,
Palpation,Palpation,स्पर्शन,,Pending,,
Palpitations,Palpitations,धड़कन महसूस होना,,Pending,,
ui.panel.data.is.unavailable.use.refresh.panels.to.retry.452f583a,Panel data is unavailable. Use Refresh panels to retry.,पैनल डेटा उपलब्ध नहीं। पैनल ताज़ा करके फिर कोशिश करें।,,Pending,,
"Parentheses — (1,200)","Parentheses — (1,200)","कोष्ठक — (1,200)",,Pending,,
Parties,Parties,पक्ष,,Pending,,
menu.supply.supply-partners.label,Partners,भागीदार,,Pending,,
"Party identity, commercial profile, addresses, taxation and credit controls.","Party identity, commercial profile, addresses, taxation and credit controls.","पक्ष पहचान, व्यावसायिक प्रोफ़ाइल, पते, कर और क्रेडिट नियंत्रण।",,Pending,,
Passive range,Passive range,निष्क्रिय गति सीमा,,Pending,,
ui.password.e7cf3ef4,Password,पासवर्ड,,Pending,,
ui.paste.the.provider.key.84482375,Paste the provider key,प्रदाता कुंजी पेस्ट करें,,Pending,,
column.patient-master.name.label,Patient,रोगी,,Pending,,
section.healthcare.hc-patient.label,Patient Administration,रोगी प्रशासन,,Pending,,
field.consultation.patient.label,Patient MRN,रोगी चिकित्सा रिकॉर्ड संख्या,,Pending,,
menu.healthcare.patient-master.label,Patient Master,रोगी मास्टर,,Pending,,
"Patient administration, clinical workflow and revenue cycle","Patient administration, clinical workflow and revenue cycle","रोगी प्रशासन, नैदानिक कार्यप्रवाह और राजस्व चक्र",,Pending,,
Patient context,Patient context,रोगी संदर्भ,,Pending,,
ui.pause.858e4ba7,Pause,विराम,,Pending,,
ui.pause.after.current.batch.96705400,Pause after current batch,वर्तमान बैच के बाद रोकें,,Pending,,
menu.payroll.pay-group.label,Pay Group,वेतन समूह,,Pending,,
menu.payroll.pay-structure.label,Pay Structure,वेतन संरचना,,Pending,,
Payables,Payables,देय,,Pending,,
column.patient-master.payer.label,Payer,भुगतानकर्ता,,Pending,,
menu.healthcare.hc-payer.label,Payer & Claims,भुगतानकर्ता और दावे,,Pending,,
menu.healthcare.payer-master.label,Payer Master,भुगतानकर्ता मास्टर,,Pending,,
ui.payer.allocation.policy.references.jurisdiction.and.tax.238b30a7,"Payer allocation, policy references, jurisdiction and tax treatment.","भुगतानकर्ता आवंटन, पॉलिसी संदर्भ, क्षेत्राधिकार और कर व्यवहार।",,Pending,,
ui.payer.arrangement.14ce2e41,Payer arrangement,भुगतानकर्ता व्यवस्था,,Pending,,
Payment,Payment,भुगतान,,Pending,,
Payment batches,Payment batches,भुगतान बैच,,Pending,,
ui.payment.instructions.403c5a8d,Payment instructions,भुगतान निर्देश,,Pending,,
Payment queue,Payment queue,भुगतान कतार,,Pending,,
ui.payment.terms.c81327df,Payment terms,भुगतान की शर्तें,,Pending,,
Payment terms: Net,Payment terms: Net,भुगतान शर्तें: अवधि,,Pending,,
ui.payment.terms.net.d96f2d95,Payment terms: Net ,भुगतान शर्तें: अवधि ,,Pending,,
Payments,Payments,भुगतान,,Pending,,
ui.payments.allocations.659ba939,Payments & allocations,भुगतान और आवंटन,,Pending,,
Payments applied,Payments applied,समायोजित भुगतान,,Pending,,
module.payroll.label,Payroll,वेतन प्रबंधन,,Pending,,
menu.payroll.payroll-adjustment.label,Payroll Adjustment,वेतन समायोजन,,Pending,,
Payroll Aug 2026 ready for approval,Payroll Aug 2026 ready for approval,अगस्त 2026 वेतन अनुमोदन हेतु तैयार,,Pending,,
menu.payroll.pay-calendar.label,Payroll Calendar,वेतन कैलेंडर,,Pending,,
page.payroll-dashboard.title,Payroll Command Center,वेतन नियंत्रण केंद्र,,Pending,,
menu.payroll.payroll-dashboard.label,Payroll Dashboard,वेतन डैशबोर्ड,,Pending,,
menu.payroll.pay-outputs.label,Payroll Outputs,वेतन आउटपुट,,Pending,,
menu.payroll.pay-queues.label,Payroll Queues,वेतन कतारें,,Pending,,
menu.payroll.pay-register.label,Payroll Register,वेतन रजिस्टर,,Pending,,
menu.payroll.payroll-run.label,Payroll Run,वेतन प्रक्रिया,,Pending,,
menu.payroll.pay-settings.label,Payroll Setup,वेतन सेटअप,,Pending,,
menu.payroll.payroll-worklist.label,Payroll Worklist,वेतन कार्यसूची,,Pending,,
Payroll exception,Payroll exception,वेतन अपवाद,,Pending,,
Payroll exceptions,Payroll exceptions,वेतन अपवाद,,Pending,,
Payroll headcount locked,Payroll headcount locked,वेतन कर्मचारी संख्या लॉक,,Pending,,
Payroll run,Payroll run,वेतन प्रक्रिया,,Pending,,
Payroll validation passed,Payroll validation passed,वेतन सत्यापन सफल,,Pending,,
menu.payroll.payslip-report.label,Payslip Distribution,वेतन पर्ची वितरण,,Pending,,
Payslip release,Payslip release,वेतन पर्ची जारी,,Pending,,
Pelvic pain,Pelvic pain,श्रोणि दर्द,,Pending,,
"Pelvic pain, bleeding or pregnancy-related symptom","Pelvic pain, bleeding or pregnancy-related symptom","श्रोणि दर्द, रक्तस्राव या गर्भावस्था लक्षण",,Pending,,
Pending,Pending,लंबित,,Pending,,
Pending pre-auth,Pending pre-auth,लंबित पूर्व प्राधिकरण,,Pending,,
menu.hr.people.label,People,लोग,,Pending,,
People cost / month,People cost / month,मासिक कर्मचारी लागत,,Pending,,
page.hr-dashboard.subtitle,"People, organization, attendance, leave and talent operations","कर्मचारी, संगठन, उपस्थिति, छुट्टी और प्रतिभा संचालन",,Pending,,
Per the applicable obstetric or postpartum protocol.,Per the applicable obstetric or postpartum protocol.,लागू प्रसूति या प्रसवोत्तर प्रोटोकॉल अनुसार।,,Pending,,
Per the facility's configured protocol.,Per the facility's configured protocol.,संस्थान के निर्धारित प्रोटोकॉल अनुसार।,,Pending,,
Perception,Perception,प्रत्यक्षण,,Pending,,
Perceptual symptoms,Perceptual symptoms,प्रत्यक्षण लक्षण,,Pending,,
column.employee-master.performance.label,Performance,प्रदर्शन,,Pending,,
ui.performance.by.branch.f55fd4c6,Performance by branch,शाखा अनुसार प्रदर्शन,,Pending,,
Perfusion,Perfusion,परिसंचरण,,Pending,,
Perinatal mental health,Perinatal mental health,प्रसवकालीन मानसिक स्वास्थ्य,,Pending,,
Period 2026-P08 is locked.,Period 2026-P08 is locked.,अवधि 2026-P08 लॉक है।,,Pending,,
Peripheral oedema,Peripheral oedema,परिधीय सूजन,,Pending,,
Peripheral pulses,Peripheral pulses,परिधीय नाड़ी,,Pending,,
ui.personal.saved.views.cbcb5582,Personal saved views,व्यक्तिगत सहेजे गए दृश्य,,Pending,,
menu.library.personalization.label,Personalization,वैयक्तिकरण,,Pending,,
module.pharmacy.label,Pharmacy,फ़ार्मेसी,,Pending,,
menu.pharmacy.pharmacy-dashboard.label,Pharmacy Dashboard,फ़ार्मेसी डैशबोर्ड,,Pending,,
menu.pharmacy.rx-config.label,Pharmacy Setup,फ़ार्मेसी सेटअप,,Pending,,
ui.phone.63dceb88,Phone,फ़ोन,,Pending,,
Pick a report,Pick a report,रिपोर्ट चुनें,,Pending,,
Pick your columns,Pick your columns,अपने कॉलम चुनें,,Pending,,
Pin or unpin the sidebar,Pin or unpin the sidebar,साइडबार पिन करें या हटाएँ,,Pending,,
ui.pinned.open.51d7cfc4,Pinned open,खुला पिन किया,,Pending,,
ui.pinned.it.pushes.the.page.instead.of.floating.over.it.a7141e77,"Pinned, it pushes the page instead of floating over it",पिन करने पर पृष्ठ के ऊपर तैरने की जगह उसे खिसकाता है,,Pending,,
Pipeline,Pipeline,बिक्री पाइपलाइन,,Pending,,
menu.sales.pipeline-report.label,Pipeline Report,बिक्री पाइपलाइन रिपोर्ट,,Pending,,
field.customer.creditHold.label,Place on credit hold,क्रेडिट पर रोक लगाएँ,,Pending,,
ui.placement.how.it.opens.and.the.palette.the.rail.uses.3bd772d3,"Placement, how it opens, and the palette the rail uses.","स्थान, खुलने का तरीका और साइडबार रंग।",,Pending,,
Plan,Plan,योजना,,Pending,,
Plan attainment,Plan attainment,योजना उपलब्धि,,Pending,,
"Plan, education and follow-up","Plan, education and follow-up","योजना, शिक्षा और अनुवर्ती",,Pending,,
ui.play.tour.6d258106,Play tour,दौरा चलाएँ,,Pending,,
Policy,Policy,नीति,,Pending,,
ui.policy.coverage.number.f5d4fd79,Policy / coverage number,पॉलिसी / कवरेज संख्या,,Pending,,
menu.hr.hr-policy.label,Policy Designer,नीति डिज़ाइनर,,Pending,,
api.message.327e8a4b8b4b,Policy writes require an administrator.,नीति बदलने के लिए प्रशासक आवश्यक है।,,Pending,,
ui.policy.aware.db50d120,Policy-aware,नीति अनुरूप,,Pending,,
ui.policy.controlled.option.c39ca589,Policy-controlled option,नीति नियंत्रित विकल्प,,Pending,,
field.customer.preferredChannels.option.portal,Portal,पोर्टल,,Pending,,
ui.position.6d031af1,Position,स्थिति,,Pending,,
menu.hr.position-master.label,Position Master,पद मास्टर,,Pending,,
ui.post.comment.153dc13a,Post comment,टिप्पणी पोस्ट करें,,Pending,,
ui.post.invoice.fc1694d2,Post invoice,चालान पोस्ट करें,,Pending,,
Post-discharge Review,Post-discharge Review,छुट्टी के बाद समीक्षा,,Pending,,
Postal code,Postal code,डाक कोड,,Pending,,
menu.finance.posting-rules.label,Posting Rules,लेखा पोस्टिंग नियम,,Pending,,
Posting failed,Posting failed,पोस्टिंग विफल,,Pending,,
Posting period,Posting period,पोस्टिंग अवधि,,Pending,,
Prakash Mathew changed 3 line items,Prakash Mathew changed 3 line items,Prakash Mathew ने 3 पंक्ति वस्तुएँ बदलीं,,Pending,,
ui.pre.approval.or.authorization.d360af02,Pre-approval or authorization,पूर्व अनुमोदन या प्राधिकरण,,Pending,,
menu.healthcare.preauthorization.label,Pre-authorisation,पूर्व अनुमति,,Pending,,
Pre-authorisation denied,Pre-authorisation denied,पूर्व प्राधिकरण अस्वीकृत,,Pending,,
Preferences,Preferences,प्राथमिकताएँ,,Pending,,
Preferences imported,Preferences imported,प्राथमिकताएँ आयात हुईं,,Pending,,
Preferred channels,Preferred channels,पसंदीदा माध्यम,,Pending,,
Pregnancy / Postpartum,Pregnancy / Postpartum,गर्भावस्था / प्रसवोत्तर,,Pending,,
"Pregnancy context: gestational status, maternal and fetal warning signs, and medication and imaging safety are surfaced.","Pregnancy context: gestational status, maternal and fetal warning signs, and medication and imaging safety are surfaced.","गर्भावस्था संदर्भ: गर्भ स्थिति, मातृ-भ्रूण चेतावनी संकेत, दवा और इमेजिंग सुरक्षा दिखती हैं।",,Pending,,
Pregnancy status,Pregnancy status,गर्भावस्था स्थिति,,Pending,,
"Pregnancy with Orthopaedics: medication and imaging safety considerations apply. This is a prompt, not a reason to withhold clinically indicated care.","Pregnancy with Orthopaedics: medication and imaging safety considerations apply. This is a prompt, not a reason to withhold clinically indicated care.","गर्भावस्था और अस्थि रोग: दवा और इमेजिंग सुरक्षा लागू। यह संकेत है, आवश्यक देखभाल रोकने का कारण नहीं।",,Pending,,
Pregnancy with Psychiatry: perinatal mental-health pathways and medication-safety considerations apply.,Pregnancy with Psychiatry: perinatal mental-health pathways and medication-safety considerations apply.,गर्भावस्था और मनोरोग: प्रसवकालीन मानसिक स्वास्थ्य और दवा सुरक्षा लागू।,,Pending,,
Preoccupations,Preoccupations,पूर्वव्यस्त विचार,,Pending,,
column.prescription-queue.prescribedOn.label,Prescribed,निर्धारित,,Pending,,
column.prescription-queue.prescriber.label,Prescriber,दवा निर्धारित करने वाला,,Pending,,
column.prescription-queue.id.label,Prescription,पर्चा,,Pending,,
menu.pharmacy.prescription-queue.label,Prescription Queue,पर्ची कतार,,Pending,,
menu.pharmacy.rx-queue.label,Prescriptions,दवा पर्चियाँ,,Pending,,
page.prescription-queue.subtitle,"Prescriptions awaiting dispense, by ward and priority.",वार्ड और प्राथमिकता के अनुसार वितरण की प्रतीक्षा में पर्चे।,,Pending,,
page.medication-review.subtitle,Prescriptions flagged for pharmacist review.,फार्मासिस्ट की समीक्षा के लिए चिह्नित पर्चे।,,Pending,,
Prescriptions today,Prescriptions today,आज के पर्चे,,Pending,,
section.consultation.presentation.title,Presentation,प्रारंभिक लक्षण,,Pending,,
Presentation-specific assessment.,Presentation-specific assessment.,लक्षण विशिष्ट मूल्यांकन।,,Pending,,
field.consultation.chiefComplaint.label,Presenting complaint,वर्तमान शिकायत,,Pending,,
Presenting complaint and history,Presenting complaint and history,वर्तमान शिकायत और इतिहास,,Pending,,
Preventive Review,Preventive Review,निवारक समीक्षा,,Pending,,
ui.preview.324b134f,Preview,पूर्वावलोकन,,Pending,,
Preview {item},Preview {item},{item} का पूर्वावलोकन,,Pending,,
ui.preview.75954c5f,Preview:,पूर्वावलोकन:,,Pending,,
ui.previous.a57b08a4,Previous,पिछला,,Pending,,
ui.previous.approvals.601c366a,Previous approvals,पिछले अनुमोदन,,Pending,,
Previous month,Previous month,पिछला महीना,,Pending,,
Previous outcome,Previous outcome,पूर्व परिणाम,,Pending,,
ui.previous.page.1208ec01,Previous page,पिछला पृष्ठ,,Pending,,
Previous period,Previous period,पिछली अवधि,,Pending,,
ui.previous.step.318c1da8,Previous step,पिछला चरण,,Pending,,
Previous year,Previous year,पिछला वर्ष,,Pending,,
column.product-master.price.label,Price,मूल्य,,Pending,,
menu.sales.price-list.label,Price List,मूल्य सूची,,Pending,,
field.hr-dashboard.category.option.Primary,Primary,प्राथमिक,,Pending,,
ui.primary.action.da2eb576,Primary action,प्राथमिक कार्रवाई,,Pending,,
section.customer.profile.description,Primary commercial identity and classification.,प्राथमिक व्यावसायिक पहचान और वर्गीकरण।,,Pending,,
ui.primary.contact.1700917b,Primary contact,मुख्य संपर्क,,Pending,,
column.patient-master.primaryDiagnosis.label,Primary diagnosis,प्राथमिक निदान,,Pending,,
ui.primary.navigation.e1bfe7ec,Primary navigation,मुख्य नेविगेशन,,Pending,,
ui.primary.problem.4b955b0b,Primary problem,प्राथमिक समस्या,,Pending,,
column.user-master.role.label,Primary role,प्राथमिक भूमिका,,Pending,,
ui.print.df0fe798,Print,प्रिंट करें,,Pending,,
ui.print.invoice.c1f0d9fa,Print invoice,चालान प्रिंट करें,,Pending,,
ui.print.this.list.f32928e0,Print this list,यह सूची प्रिंट करें,,Pending,,
ui.print.ready.customer.document.5cf532ca,Print-ready customer document,प्रिंट के लिए तैयार ग्राहक दस्तावेज़,,Pending,,
ui.printed.by.c16730e3,Printed by,प्रिंट किया,,Pending,,
Prior care and records,Prior care and records,पूर्व देखभाल और रिकॉर्ड,,Pending,,
Prior diagnosis,Prior diagnosis,पूर्व निदान,,Pending,,
Prior injury or surgery,Prior injury or surgery,पूर्व चोट या शल्यक्रिया,,Pending,,
Prior recommendation,Prior recommendation,पूर्व सिफ़ारिश,,Pending,,
"Prior records and opinion, the unresolved question, independent view.","Prior records and opinion, the unresolved question, independent view.","पुराने रिकॉर्ड और राय, अनसुलझा प्रश्न, स्वतंत्र दृष्टिकोण।",,Pending,,
ui.prioritized.by.impact.and.sla.8dc12e8f,Prioritized by impact and SLA,प्रभाव और सेवा स्तर के अनुसार प्राथमिकता,,Pending,,
field.hr-dashboard.tags.option.priority,Priority,प्राथमिकता,,Pending,,
ui.priority.order.for.transcription.the.first.that.can.run.1e0d628e,Priority order for transcription; the first that can run is used.,लिप्यंतरण प्राथमिकता; पहला उपलब्ध प्रदाता उपयोग होगा।,,Pending,,
field.user.riskLevel.option.privileged,Privileged,विशेषाधिकार प्राप्त,,Pending,,
Problem definition,Problem definition,समस्या परिभाषा,,Pending,,
Problems addressed,Problems addressed,संबोधित समस्याएँ,,Pending,,
Procedure / Pre-op,Procedure / Pre-op,प्रक्रिया / शल्यक्रिया पूर्व,,Pending,,
menu.payroll.pay-processing.label,Processing,प्रसंस्करण,,Pending,,
ui.processing.region.cb8e4a86,Processing region,प्रसंस्करण क्षेत्र,,Pending,,
menu.supply.procurement.label,Procurement,खरीद प्रबंधन,,Pending,,
menu.supply.procurement-worklist.label,Procurement Worklist,खरीद कार्यसूची,,Pending,,
page.supply-dashboard.subtitle,"Procurement, inventory, warehouses, logistics and supplier collaboration","खरीद, स्टॉक, गोदाम, रसद और आपूर्तिकर्ता सहयोग",,Pending,,
menu.sales.product-master.label,Product Master,उत्पाद मास्टर,,Pending,,
ui.product.documentation.2e646170,Product documentation,उत्पाद दस्तावेज़,,Pending,,
api.message.c6e7afb093a6,Product is unavailable.,उत्पाद उपलब्ध नहीं है।,,Pending,,
ui.products.services.quantities.rates.discounts.and.line.le.b26c843c,"Products, services, quantities, rates, discounts and line-level tax.","उत्पाद, सेवाएँ, मात्राएँ, दरें, छूट और पंक्ति कर।",,Pending,,
Professional,Professional,पेशेवर,,Pending,,
Profile,Profile,प्रोफ़ाइल,,Pending,,
menu.finance.profit-loss.label,Profit & Loss,लाभ और हानि,,Pending,,
Prompt id,Prompt id,प्रॉम्प्ट आईडी,,Pending,,
ui.prompts.5f2e66e6,Prompts,प्रॉम्प्ट,,Pending,,
Proposes codes from this service's catalogue for the documented problem. It selects from a supplied list and cannot invent a code; nothing is applied until you accept it.,Proposes codes from this service's catalogue for the documented problem. It selects from a supplied list and cannot invent a code; nothing is applied until you accept it.,"दर्ज समस्या के लिए सेवा सूची से कोड सुझाता है। दी गई सूची से चुनता है, कोड गढ़ता नहीं; स्वीकृति तक कुछ लागू नहीं होता।",,Pending,,
"Proposes orders from this service's orderable catalogue for the documented problem. Selection only, never invention, and nothing is placed until you accept it.","Proposes orders from this service's orderable catalogue for the documented problem. Selection only, never invention, and nothing is placed until you accept it.","दर्ज समस्या के लिए सेवा की आदेश सूची से सुझाव देता है। केवल चयन, कल्पना नहीं; स्वीकृति तक कोई आदेश नहीं होता।",,Pending,,
Prototype audit,Prototype audit,प्रोटोटाइप ऑडिट,,Pending,,
api.message.e4bbf47958bf,Provide 1–500 mapped rows with cells up to 4000 characters.,1–500 मैप की गई पंक्तियाँ दें; हर सेल अधिकतम 4000 अक्षर का हो।,,Pending,,
"Provide item codes, descriptions, positive quantities and valid prices, discounts and tax rates.","Provide item codes, descriptions, positive quantities and valid prices, discounts and tax rates.","वस्तु कोड, विवरण, धनात्मक मात्राएँ और मान्य मूल्य, छूट तथा कर दरें दें।",,Pending,,
ui.provider.and.model.b9fdc888,Provider and model,प्रदाता और मॉडल,,Pending,,
ui.provider.credential.a97d8364,Provider credential,प्रदाता क्रेडेंशियल,,Pending,,
ui.provider.id.c03102a8,Provider id,प्रदाता आईडी,,Pending,,
ui.provider.label.96cd4b4a,Provider label,प्रदाता लेबल,,Pending,,
ui.provider.trains.on.content.0e91e306,Provider trains on content,प्रदाता सामग्री पर प्रशिक्षण देता है,,Pending,,
page.ai-administration.subtitle,"Provider, credential, limits and prompts for this tenant's assistant.","इस टेनेंट के सहायक का प्रदाता, क्रेडेंशियल, सीमाएँ और प्रॉम्प्ट।",,Pending,,
Psychiatry,Psychiatry,मनोरोग,,Pending,,
Psychomotor activity,Psychomotor activity,मनोदैहिक गतिविधि,,Pending,,
Psychotropic response and side-effect review,Psychotropic response and side-effect review,मनःप्रभावी दवा प्रतिक्रिया और दुष्प्रभाव समीक्षा,,Pending,,
field.consultation.pulse.label,Pulse (bpm),नाड़ी (प्रति मिनट),,Pending,,
menu.supply.purchase-order.label,Purchase Order,खरीद आदेश,,Pending,,
menu.supply.purchase-requisition.label,Purchase Requisition,खरीद अनुरोध,,Pending,,
ui.purchase.order.reference.ca2589cc,Purchase order reference,खरीद आदेश संदर्भ,,Pending,,
menu.pharmacy.rx-buy.label,Purchasing,खरीद,,Pending,,
field.hr-dashboard.description.placeholder,"Purpose, business rules and notes","उद्देश्य, व्यावसायिक नियम और टिप्पणियाँ",,Pending,,
field.customer.country.option.QA,Qatar,क़तर,,Pending,,
Qty,Qty,मात्रा,,Pending,,
column.supplier-fin-master.quality.label,Quality,गुणवत्ता,,Pending,,
Quantity,Quantity,मात्रा,,Pending,,
Quarter to date,Quarter to date,तिमाही अब तक,,Pending,,
Quarter-end close opens Monday,Quarter-end close opens Monday,तिमाही समापन सोमवार से,,Pending,,
Quarterly,Quarterly,त्रैमासिक,,Pending,,
Question requiring an opinion,Question requiring an opinion,राय अपेक्षित प्रश्न,,Pending,,
ui.quick.actions.1810407f,Quick actions,त्वरित कार्रवाइयाँ,,Pending,,
ui.quick.view.style.c03cba44,Quick view style,त्वरित दृश्य शैली,,Pending,,
menu.sales.quotation.label,Quotation,मूल्य प्रस्ताव,,Pending,,
Quotes awaiting approval,Quotes awaiting approval,अनुमोदन हेतु कोटेशन,,Pending,,
module.pharmacy.shortLabel,RX,फ़ार्मेसी,,Pending,,
Radiation,Radiation,दर्द का फैलाव,,Pending,,
Rail,Rail,साइड रेल,,Pending,,
ui.rail.theme.a27ee6fb,Rail theme,रेल थीम,,Pending,,
ui.rail.tone.ef511345,Rail tone,रेल रंग शैली,,Pending,,
ui.rail.tabs.and.wizard.render.the.same.section.and.field.d.8726fb58,"Rail, tabs and wizard render the same section and field definitions.","रेल, टैब और विज़ार्ड समान अनुभाग और फ़ील्ड दिखाते हैं।",,Pending,,
Rate,Rate,दर,,Pending,,
api.message.5bc34a9bf060,Rate limit reached.,अनुरोधों की सीमा पूरी हो गई।,,Pending,,
Raw materials,Raw materials,कच्चा माल,,Pending,,
ui.read.only.for.this.session.0fce39ec,Read only for this session.,इस सत्र में केवल पढ़ने योग्य।,,Pending,,
Readiness,Readiness,तैयारी,,Pending,,
"Reads the headline figures on this dashboard — their values, movement and footnotes — and explains what they say together.","Reads the headline figures on this dashboard — their values, movement and footnotes — and explains what they say together.","डैशबोर्ड के प्रमुख आँकड़े, बदलाव और टिप्पणियाँ पढ़कर संयुक्त अर्थ समझाता है।",,Pending,,
Reads the rows currently in the report — actual against previous and budget — and summarises where the movement is.,Reads the rows currently in the report — actual against previous and budget — and summarises where the movement is.,"रिपोर्ट की पंक्तियों में वास्तविक, पिछला और बजट पढ़कर बदलाव का सारांश देता है।",,Pending,,
"Reads the unread items in this list — their subject, preview and age — and tells you what is waiting and what looks urgent.","Reads the unread items in this list — their subject, preview and age — and tells you what is waiting and what looks urgent.","सूची के अपठित विषय, पूर्वावलोकन और आयु पढ़कर लंबित और तत्काल बातें बताता है।",,Pending,,
ui.ready.5fa7aac5,Ready,तैयार,,Pending,,
Ready for attestation,Ready for attestation,सत्यापन हेतु तैयार,,Pending,,
field.user.notes.placeholder,"Reason, restrictions, dependencies or handover notes","कारण, प्रतिबंध, निर्भरताएँ या हस्तांतरण टिप्पणियाँ",,Pending,,
ui.recalculate.costs.2075b9f0,Recalculate costs,लागत फिर गणना करें,,Pending,,
Receipt,Receipt,रसीद,,Pending,,
Receipt Entry,Receipt Entry,रसीद प्रविष्टि,,Pending,,
ui.receipts.deposits.credit.applications.and.outstanding.ba.7b311f16,"Receipts, deposits, credit applications and outstanding balance.","रसीदें, जमा, क्रेडिट समायोजन और बकाया।",,Pending,,
Receivables,Receivables,प्राप्य,,Pending,,
menu.finance.receivables-worklist.label,Receivables Worklist,प्राप्य कार्यसूची,,Pending,,
menu.supply.receiving-worklist.label,Receiving Worklist,प्राप्ति कार्यसूची,,Pending,,
Receiving exceptions,Receiving exceptions,प्राप्ति अपवाद,,Pending,,
ui.recent.panel.changes.newest.first.43be1f92,"Recent panel changes, newest first.","हालिया पैनल बदलाव, नवीनतम पहले।",,Pending,,
Recent weight change,Recent weight change,हालिया वजन बदलाव,,Pending,,
ui.recipients.1e8568a8,Recipients,प्राप्तकर्ता,,Pending,,
Reconciled to date,Reconciled to date,अब तक मिलान,,Pending,,
menu.pharmacy.controlled-reconciliation.label,Reconciliation,मिलान,,Pending,,
ui.reconfigure.7458d4f3,Reconfigure,फिर कॉन्फ़िगर करें,,Pending,,
column.hr-dashboard.id.label,Record ID,रिकॉर्ड आईडी,,Pending,,
ui.record.again.eb8d93c6,Record again,फिर रिकॉर्ड करें,,Pending,,
Record approval,Record approval,रिकॉर्ड अनुमोदन,,Pending,,
ui.record.code.23b720ff,Record code,रिकॉर्ड कोड,,Pending,,
ui.record.form.style.3f7e4a31,Record form style,रिकॉर्ड फ़ॉर्म शैली,,Pending,,
ui.record.forms.labels.inputs.and.section.text.02bb0bea,"Record forms: labels, inputs and section text.","रिकॉर्ड फ़ॉर्म: लेबल, इनपुट और अनुभाग पाठ।",,Pending,,
api.message.6ffa5ad70d74,Record no longer exists.,रिकॉर्ड अब मौजूद नहीं है।,,Pending,,
field.user.owner.label,Record owner,रिकॉर्ड स्वामी,,Pending,,
api.message.a0ed214592c6,Record panels could not be saved. Retry the operation.,रिकॉर्ड पैनल सहेजे नहीं जा सके। कार्रवाई दोहराएँ।,,Pending,,
ui.record.payment.1ef3fba4,Record payment,भुगतान दर्ज करें,,Pending,,
ui.record.sections.6be029e5,Record sections,रिकॉर्ड अनुभाग,,Pending,,
ui.record.summary.8507711f,Record summary,रिकॉर्ड सारांश,,Pending,,
ui.record.supporting.information.a40993f1,Record supporting information,रिकॉर्ड की सहायक जानकारी,,Pending,,
Recording,Recording,रिकॉर्डिंग,,Pending,,
Records reviewed,Records reviewed,समीक्षित रिकॉर्ड,,Pending,,
Recovery draft could not be removed,Recovery draft could not be removed,पुनर्प्राप्ति ड्राफ़्ट हटाया नहीं जा सका,,Pending,,
ui.recovery.draft.saved.record.has.unsaved.changes.a3d2d0f5,Recovery draft saved · record has unsaved changes,पुनर्प्राप्ति ड्राफ़्ट सहेजा · रिकॉर्ड में बिना सहेजे बदलाव,,Pending,,
Reduced motion,Reduced motion,कम गति,,Pending,,
Reference,Reference,संदर्भ,,Pending,,
Reference:,Reference:,संदर्भ:,,Pending,,
ui.reference.66d13194,Reference: ,संदर्भ: ,,Pending,,
ui.references.69824d3b,References,संदर्भ,,Pending,,
field.consultation.outcome.option.Referred%20for%20imaging,Referred for imaging,इमेजिंग के लिए भेजा,,Pending,,
field.consultation.outcome.option.Referred%20to%20specialist,Referred to specialist,विशेषज्ञ को भेजा,,Pending,,
Refine with filters,Refine with filters,फ़िल्टर से परिष्कृत करें,,Pending,,
ui.refresh.0e916101,Refresh,ताज़ा करें,,Pending,,
ui.refresh.approvals.fe2ff673,Refresh approvals,अनुमोदन ताज़ा करें,,Pending,,
ui.refresh.panels.171a4cfd,Refresh panels,पैनल ताज़ा करें,,Pending,,
ui.refresh.results.04cc9c1a,Refresh results,परिणाम ताज़ा करें,,Pending,,
ui.region.uae.north.ed499433,Region UAE North,यूएई उत्तर क्षेत्र,,Pending,,
field.customer.legalName.placeholder,Registered company or person,पंजीकृत कंपनी या व्यक्ति,,Pending,,
menu.healthcare.hc-registry.label,Registry,रजिस्ट्री,,Pending,,
ui.reject.ab604a36,Reject,अस्वीकार करें,,Pending,,
ui.reject.selected.7237aa41,Reject selected,चयनित अस्वीकार करें,,Pending,,
api.approval.rejected,Rejected,अस्वीकृत,,Pending,,
ui.related.page.bc7a46d5,Related page,संबंधित पृष्ठ,,Pending,,
ui.related.record.id.2def8f74,Related record ID,संबंधित रिकॉर्ड आईडी,,Pending,,
Related records,Related records,संबंधित रिकॉर्ड,,Pending,,
ui.relationship.label.e30c78d5,Relationship label,संबंध का नाम,,Pending,,
field.consultation.pastHistory.label,Relevant past history,संबंधित पिछला इतिहास,,Pending,,
ui.reload.bdc090ec,Reload,फिर लोड करें,,Pending,,
ui.reload.views.99af1a0f,Reload views,दृश्य फिर लोड करें,,Pending,,
ui.remember.filters.and.search.e050a77f,Remember filters and search,फ़िल्टर और खोज याद रखें,,Pending,,
ui.remove.c3812fc4,Remove,निकालें,,Pending,,
ui.remove.item.5a89edf2,Remove item,आइटम निकालें,,Pending,,
ui.remove.stage.1c2a084f,Remove stage,चरण हटाएँ,,Pending,,
ui.remove.this.item.b8391ef4,Remove this item?,यह आइटम निकालें?,,Pending,,
Remove {item},Remove {item},{item} हटाएँ,,Pending,,
api.message.d936ebd439a1,Removed an item from attachments,संलग्नकों से आइटम हटाया,,Pending,,
api.message.4d1afdd96c0d,Removed an item from comments,टिप्पणियों से आइटम हटाया,,Pending,,
api.message.311d1fb6d240,Removed an item from related,संबंधित रिकॉर्ड से आइटम हटाया,,Pending,,
ui.rename.3064d79a,Rename,नाम बदलें,,Pending,,
Rename view,Rename view,दृश्य का नाम बदलें,,Pending,,
"Rendered from the central page registry using the shared shell, theme, access and preference contracts.","Rendered from the central page registry using the shared shell, theme, access and preference contracts.","केंद्रीय पृष्ठ रजिस्ट्री से साझा इंटरफ़ेस, थीम, पहुँच और प्राथमिकताओं के अनुसार प्रदर्शित।",,Pending,,
Renewal actions,Renewal actions,नवीनीकरण कार्रवाइयाँ,,Pending,,
Renewal risk increased,Renewal risk increased,नवीनीकरण जोखिम बढ़ा,,Pending,,
menu.supply.reorder-rules.label,Reorder Rules,पुनः ऑर्डर नियम,,Pending,,
menu.supply.reorder-worklist.label,Reorder Worklist,पुनः ऑर्डर कार्यसूची,,Pending,,
column.product-master.reorder.label,Reorder level,पुनः ऑर्डर स्तर,,Pending,,
Reorder proposal generated,Reorder proposal generated,पुनः ऑर्डर प्रस्ताव बना,,Pending,,
Reorder proposals,Reorder proposals,पुनः ऑर्डर प्रस्ताव,,Pending,,
ui.replace.95e15439,Replace,बदलें,,Pending,,
Reply not sent,Reply not sent,जवाब नहीं भेजा गया,,Pending,,
Reply to,Reply to,जवाब दें,,Pending,,
ui.reply.to.ec06f3d2,Reply to ,जवाब दें ,,Pending,,
ui.report.intelligence.94f0b3e2,Report intelligence,रिपोर्ट विश्लेषण,,Pending,,
Report refreshed,Report refreshed,रिपोर्ट ताज़ा हुई,,Pending,,
Report scheduled,Report scheduled,रिपोर्ट निर्धारित,,Pending,,
Report view,Report view,रिपोर्ट दृश्य,,Pending,,
Reported mood,Reported mood,बताई मनोदशा,,Pending,,
Reports,Reports,रिपोर्ट,,Pending,,
Reproductive and antenatal preventive review,Reproductive and antenatal preventive review,प्रजनन और प्रसवपूर्व निवारक समीक्षा,,Pending,,
field.user.ticket.label,Request / ticket reference,अनुरोध / टिकट संदर्भ,,Pending,,
ui.request.changes.cb5d9f98,Request changes,बदलाव माँगें,,Pending,,
ui.request.changes.for.selected.fcb2ba25,Request changes for selected,चयनित में बदलाव माँगें,,Pending,,
api.error.unknown,Request failed: {detail},अनुरोध विफल: {detail},,Pending,,
ui.requests.per.minute.aa6d477f,Requests per minute,प्रति मिनट अनुरोध,,Pending,,
ui.requests.this.minute.4eeda76c,Requests this minute,इस मिनट के अनुरोध,,Pending,,
field.user.mfa.label,Require multi-factor authentication,बहु-कारक प्रमाणीकरण आवश्यक करें,,Pending,,
Required,Required,आवश्यक,,Pending,,
column.sales-dashboard.requestedDate.label,Required date,आवश्यक तिथि,,Pending,,
Required fields,Required fields,आवश्यक फ़ील्ड,,Pending,,
Requires the correct age and sex reference dataset.,Requires the correct age and sex reference dataset.,सही आयु और लिंग संदर्भ डेटा आवश्यक।,,Pending,,
menu.pharmacy.pharmacy-requisition.label,Requisitions,खरीद अनुरोध,,Pending,,
Requisitions to approve,Requisitions to approve,अनुमोदन हेतु माँगें,,Pending,,
Reserved,Reserved,आरक्षित,,Pending,,
ui.reset.daee7606,Reset,रीसेट,,Pending,,
Reset preferences,Reset preferences,प्राथमिकताएँ रीसेट करें,,Pending,,
ui.resize.the.split.206f7291,Resize the split,विभाजन आकार बदलें,,Pending,,
Respiratory,Respiratory,श्वसन,,Pending,,
column.patient-master.clinician.label,Responsible clinician,जिम्मेदार चिकित्सक,,Pending,,
ui.restore.defaults.602f8e63,Restore defaults,डिफ़ॉल्ट बहाल करें,,Pending,,
ui.restore.draft.a86e1a9f,Restore draft,ड्राफ़्ट पुनर्स्थापित करें,,Pending,,
ui.restoring.your.session.62e28512,Restoring your session…,आपका सत्र बहाल हो रहा है…,,Pending,,
field.hr-dashboard.tags.option.restricted,Restricted,प्रतिबंधित,,Pending,,
ui.resubmit.saved.record.5678154a,Resubmit saved record,सहेजा रिकॉर्ड फिर भेजें,,Pending,,
ui.result.table.size.12687643,Result / table size,परिणाम / तालिका आकार,,Pending,,
ui.result.view.b2f96cd9,Result view,परिणाम दृश्य,,Pending,,
ui.results.219c4a6c,Results,परिणाम,,Pending,,
ui.resume.d640c742,Resume,फिर शुरू करें,,Pending,,
ui.resume.import.f12822f9,Resume import,आयात जारी रखें,,Pending,,
Retail,Retail,खुदरा,,Pending,,
ui.retention.and.data.sharing.b44d2e81,Retention and data sharing,प्रतिधारण और डेटा साझाकरण,,Pending,,
ui.retention.class.846c053a,Retention class,प्रतिधारण वर्ग,,Pending,,
ui.retention.period.50d23b55,Retention period,प्रतिधारण अवधि,,Pending,,
Retro calculation complete,Retro calculation complete,पूर्वप्रभावी गणना पूर्ण,,Pending,,
ui.retry.942087cc,Retry,फिर कोशिश करें,,Pending,,
ui.retry.approval.action.d14a0834,Retry approval action,अनुमोदन कार्रवाई फिर आज़माएँ,,Pending,,
ui.retry.change.b38331b5,Retry change,बदलाव फिर आज़माएँ,,Pending,,
ui.retry.failed.rows.6160b90e,Retry failed rows,विफल पंक्तियाँ फिर आज़माएँ,,Pending,,
ui.reusable.select.8715bdac,Reusable select,पुनः उपयोग योग्य चयन,,Pending,,
ui.reusable.text.input.5e2c4d45,Reusable text input,पुनः उपयोग योग्य पाठ इनपुट,,Pending,,
page.revenue-report.title,Revenue Analysis,राजस्व विश्लेषण,,Pending,,
section.healthcare.hc-revenue.label,Revenue Cycle,राजस्व चक्र,,Pending,,
Revenue MTD,Revenue MTD,माह की अब तक आय,,Pending,,
menu.sales.revenue-report.label,Revenue Report,राजस्व रिपोर्ट,,Pending,,
ui.reverse.charge.applies.7b445318,Reverse charge applies,रिवर्स चार्ज लागू,,Pending,,
ui.review.aff0766a,Review,समीक्षा,,Pending,,
ui.review.sign.5fdebe08,Review & sign,समीक्षा और हस्ताक्षर,,Pending,,
Review and sign,Review and sign,समीक्षा और हस्ताक्षर,,Pending,,
ui.review.before.sending.ea5feec7,Review before sending,भेजने से पहले समीक्षा,,Pending,,
ui.review.complete.73e01b91,Review complete,समीक्षा पूरी हुई,,Pending,,
ui.review.latest.version.c57df6b5,Review latest version,नवीनतम संस्करण की समीक्षा,,Pending,,
ui.review.the.errors.below.confirmation.imports.only.valid.f560aca8,Review the errors below. Confirmation imports only valid rows; invalid rows remain excluded.,नीचे त्रुटियों की समीक्षा करें। पुष्टि पर केवल मान्य पंक्तियाँ आयात होंगी; अमान्य पंक्तियाँ बाहर रहेंगी।,,Pending,,
ui.review.the.saved.record.before.deciding.approval.stages.4091af11,Review the saved record before deciding. Approval stages run in order; requesters cannot approve their own submissions.,निर्णय से पहले सहेजा गया रिकॉर्ड देखें। अनुमोदन चरण क्रम में चलते हैं; अनुरोधकर्ता अपना अनुरोध स्वीकृत नहीं कर सकते।,,Pending,,
Right,Right,दाएँ,,Pending,,
ui.right.also.suits.right.to.left.languages.9850a688,Right also suits right-to-left languages,दायाँ स्थान दाएँ से बाएँ भाषाओं के लिए भी उपयुक्त,,Pending,,
Right side panel,Right side panel,दायाँ पैनल,,Pending,,
column.customer-master.risk.label,Risk,जोखिम,,Pending,,
Risk assessment,Risk assessment,जोखिम मूल्यांकन,,Pending,,
Risk context,Risk context,जोखिम संदर्भ,,Pending,,
"Risk factors, screening status, anticipatory guidance.","Risk factors, screening status, anticipatory guidance.","जोखिम कारक, स्क्रीनिंग स्थिति, अग्रिम मार्गदर्शन।",,Pending,,
Risk of complications or morbidity,Risk of complications or morbidity,जटिलता या रोग जोखिम,,Pending,,
"Risk of patient MANAGEMENT decisions made at the encounter, including options considered and not selected.","Risk of patient MANAGEMENT decisions made at the encounter, including options considered and not selected.","मुलाकात के रोगी प्रबंधन निर्णयों का जोखिम, विचारित पर न चुने विकल्प सहित।",,Pending,,
field.user.riskLevel.label,Risk profile,जोखिम प्रोफ़ाइल,,Pending,,
field.customer.riskRating.label,Risk rating,जोखिम रेटिंग,,Pending,,
menu.hr.role-master.label,Role & Permission,भूमिका और अनुमति,,Pending,,
section.user.access.description,"Role, branch and module entitlements. Changes are audited.","भूमिका, शाखा और मॉड्यूल अधिकार। बदलावों का ऑडिट होता है।",,Pending,,
ui.role.filtered.data.6fa4bb50,Role-filtered data,भूमिका अनुसार डेटा,,Pending,,
Rolling 90 days,Rolling 90 days,गत 90 दिन,,Pending,,
column.prescription-queue.route.label,Route,दवा देने का मार्ग,,Pending,,
field.consultation.acuity.option.Routine,Routine,नियमित,,Pending,,
ui.row.padding.in.tables.and.cards.0a0a1e81,Row padding in tables and cards.,तालिकाओं और कार्ड में पंक्तियों का अंतर।,,Pending,,
"Row {row}, column {column}","Row {row}, column {column}","पंक्ति {row}, कॉलम {column}",,Pending,,
ui.rows.per.page.141b69f9,Rows per page,प्रति पृष्ठ पंक्तियाँ,,Pending,,
Rows: {total} · Ready: {ready} · Imported: {success} · Invalid: {invalid} · Failed: {failed},Rows: {total} · Ready: {ready} · Imported: {success} · Invalid: {invalid} · Failed: {failed},पंक्तियाँ: {total} · तैयार: {ready} · आयातित: {success} · अमान्य: {invalid} · विफल: {failed},,Pending,,
Run or schedule,Run or schedule,चलाएँ या निर्धारित करें,,Pending,,
ui.run.report.6b5c209e,Run report,रिपोर्ट चलाएँ,,Pending,,
ui.run.the.report.asynchronously.and.deliver.it.by.email.bd54a2b2,Run the report asynchronously and deliver it by email.,रिपोर्ट पृष्ठभूमि में चलाकर ईमेल से भेजें।,,Pending,,
ui.sha.256.prefix.for.matching.against.a.vault.record.9a588fcb,"SHA-256 prefix, for matching against a vault record.",वॉल्ट रिकॉर्ड से मिलान के लिए SHA-256 उपसर्ग।,,Pending,,
Safety concerns,Safety concerns,सुरक्षा चिंताएँ,,Pending,,
Safety prompts for {problem} come from governed decision-support content. Record only what was actually assessed.,Safety prompts for {problem} come from governed decision-support content. Record only what was actually assessed.,{problem} के सुरक्षा संकेत नियंत्रित निर्णय सहायता सामग्री से आते हैं। केवल वास्तव में मूल्यांकित बातें दर्ज करें।,,Pending,,
module.sales.shortLabel,Sales,बिक्री,,Pending,,
module.sales.label,Sales & CRM,बिक्री और ग्राहक संबंध,,Pending,,
menu.sales.sales-channel.label,Sales Channel,बिक्री चैनल,,Pending,,
page.sales-dashboard.title,Sales Command Center,बिक्री नियंत्रण केंद्र,,Pending,,
menu.sales.sales-cycle.label,Sales Cycle,बिक्री चक्र,,Pending,,
menu.sales.sales-dashboard.label,Sales Dashboard,बिक्री डैशबोर्ड,,Pending,,
menu.sales.sales-insights.label,Sales Insights,बिक्री अंतर्दृष्टि,,Pending,,
menu.sales.sales-invoice.label,Sales Invoice,बिक्री चालान,,Pending,,
menu.sales.sales-order.label,Sales Order,बिक्री आदेश,,Pending,,
page.pipeline-report.title,Sales Pipeline,बिक्री पाइपलाइन,,Pending,,
menu.sales.sales-queues.label,Sales Queues,बिक्री कतारें,,Pending,,
menu.sales.sales-return.label,Sales Return,बिक्री वापसी,,Pending,,
menu.sales.sales-settings.label,Sales Setup,बिक्री सेटअप,,Pending,,
field.customer.country.option.SA,Saudi Arabia,सऊदी अरब,,Pending,,
Saudi VAT,Saudi VAT,सऊदी वैट,,Pending,,
ui.save.1509f561,Save,सहेजें,,Pending,,
ui.save.approval.stages.492223a7,Save approval stages,अनुमोदन चरण सहेजें,,Pending,,
Save as PDF,Save as PDF,PDF के रूप में सहेजें,,Pending,,
Save changes,Save changes,बदलाव सहेजें,,Pending,,
ui.save.consultation.35cf6ad1,Save consultation,परामर्श सहेजें,,Pending,,
ui.save.current.view.add4362f,Save current view,वर्तमान दृश्य सहेजें,,Pending,,
ui.save.draft.3de10010,Save draft,ड्राफ़्ट सहेजें,,Pending,,
ui.save.invoice.b2c532bf,Save invoice,चालान सहेजें,,Pending,,
ui.save.limits.237e964b,Save limits,सीमाएँ सहेजें,,Pending,,
ui.save.name.b7297226,Save name,नाम सहेजें,,Pending,,
api.message.3577a1fc0bff,Save or select an existing record before using these panels.,इन पैनलों से पहले रिकॉर्ड सहेजें या मौजूदा रिकॉर्ड चुनें।,,Pending,,
api.message.c8a74c7ae2a7,Save or select an existing record first.,पहले रिकॉर्ड सहेजें या मौजूदा रिकॉर्ड चुनें।,,Pending,,
ui.save.provider.4986554f,Save provider,प्रदाता सहेजें,,Pending,,
ui.save.record.0ad417a9,Save record,रिकॉर्ड सहेजें,,Pending,,
ui.save.the.record.before.submitting.it.for.approval.9161f6f6,Save the record before submitting it for approval.,अनुमोदन के लिए भेजने से पहले रिकॉर्ड सहेजें।,,Pending,,
ui.save.the.record.to.add.attachments.comments.and.related.a87df725,"Save the record to add attachments, comments and related records.","संलग्नक, टिप्पणियाँ और संबंधित रिकॉर्ड जोड़ने के लिए रिकॉर्ड सहेजें।",,Pending,,
Save these ordered stages for future submissions?,Save these ordered stages for future submissions?,भावी प्रस्तुतियों के लिए ये क्रमबद्ध चरण सहेजें?,,Pending,,
ui.save.view.21153875,Save view,दृश्य सहेजें,,Pending,,
ui.saved.b5c120b3,Saved,सहेजा गया,,Pending,,
menu.library.saved-views.label,Saved Views,सहेजे गए दृश्य,,Pending,,
ui.saved.record.changed.the.requester.must.resubmit.it.this.7afe52e7,Saved record changed — the requester must resubmit it. This approval applies to the earlier saved version.,सहेजा रिकॉर्ड बदला है — अनुरोधकर्ता दोबारा भेजे। यह अनुमोदन पुराने संस्करण के लिए है।,,Pending,,
ui.saved.to.your.account.and.applied.everywhere.the.moment.810675e5,Saved to your account and applied everywhere the moment you change them.,बदलते ही आपके खाते में सहेजकर हर जगह लागू।,,Pending,,
Saved view created,Saved view created,सहेजा दृश्य बनाया गया,,Pending,,
ui.saved.views.81184cb5,Saved views,सहेजे गए दृश्य,,Pending,,
Saved {date},Saved {date},सहेजा गया {date},,Pending,,
Saving,Saving,सहेजा जा रहा है,,Pending,,
ui.saving.8d3085ef,Saving ,सहेजा जा रहा है ,,Pending,,
ui.saving.change.c0ce71ff,Saving change…,बदलाव सहेजा जा रहा है…,,Pending,,
ui.saving.23e39291,Saving…,सहेजा जा रहा है…,,Pending,,
ui.scan.lookup.31816582,Scan / lookup,स्कैन / खोज,,Pending,,
ui.schedule.f4830a1d,Schedule,शेड्यूल,,Pending,,
ui.schedule.name.60918e4f,Schedule name,शेड्यूल नाम,,Pending,,
ui.schedule.report.delivery.e7dd43ec,Schedule report delivery,रिपोर्ट वितरण निर्धारित करें,,Pending,,
Scheduled delivery is not connected. No report will be sent.,Scheduled delivery is not connected. No report will be sent.,निर्धारित डिलीवरी जुड़ी नहीं है। कोई रिपोर्ट नहीं भेजी जाएगी।,,Pending,,
Schema first,Schema first,स्कीमा पहले,,Pending,,
ui.schema.driven.681609f3,Schema-driven,स्कीमा आधारित,,Pending,,
"Schema-driven rail, tabs and wizard presentation","Schema-driven rail, tabs and wizard presentation","स्कीमा आधारित रेल, टैब और विज़ार्ड प्रदर्शन",,Pending,,
School and function,School and function,विद्यालय और कार्यक्षमता,,Pending,,
Scope of this screen,Scope of this screen,इस स्क्रीन का दायरा,,Pending,,
ui.search.49c266ba,Search,खोजें,,Pending,,
ui.search.every.configured.module.master.transaction.report.05e26683,"Search every configured module, master, transaction, report and utility.","सभी कॉन्फ़िगर किए गए मॉड्यूल, मास्टर, लेनदेन, रिपोर्ट और उपकरण खोजें।",,Pending,,
ui.search.matching.311a26c4,Search matching,खोज मिलान,,Pending,,
ui.search.menu.30a52f50,Search menu,मेनू खोजें,,Pending,,
Search options,Search options,विकल्प खोजें,,Pending,,
"Search pages, modules and actions…","Search pages, modules and actions…","पृष्ठ, मॉड्यूल और कार्रवाइयाँ खोजें…",,Pending,,
Search preferences…,Search preferences…,प्राथमिकताएँ खोजें…,,Pending,,
"Search records, IDs, names…","Search records, IDs, names…","रिकॉर्ड, आईडी, नाम खोजें…",,Pending,,
ui.search.settings.255b076d,Search settings,सेटिंग खोजें,,Pending,,
ui.search.settings.57054c5a,Search settings…,सेटिंग खोजें…,,Pending,,
Search the menu,Search the menu,मेनू खोजें,,Pending,,
Search the {module} menu,Search the {module} menu,{module} मेनू में खोजें,,Pending,,
Search {label},Search {label},{label} खोजें,,Pending,,
Search {label}…,Search {label}…,{label} खोजें…,,Pending,,
Search {module} menu…,Search {module} menu…,{module} मेन्यू खोजें…,,Pending,,
"Search {page} by ID, name or any visible value…","Search {page} by ID, name or any visible value…","{page} में आईडी, नाम या किसी दिखाई देने वाले मान से खोजें…",,Pending,,
page.accessibility.subtitle,"Search, review and manage accessibility records with saved views and configurable actions.","सहेजे गए दृश्यों और अनुकूलन योग्य कार्रवाइयों से सुगम्यता रिकॉर्ड खोजें, समीक्षा करें और प्रबंधित करें।",,Pending,,
page.ar-aging-report.subtitle,"Search, review and manage accounts receivable aging records with saved views and configurable actions.","सहेजे गए दृश्यों और अनुकूलन योग्य कार्रवाइयों से प्राप्य खातों की आयु रिकॉर्ड खोजें, समीक्षा करें और प्रबंधित करें।",,Pending,,
page.admission-worklist.subtitle,"Search, review and manage admissions records with saved views and configurable actions.","सहेजे गए दृश्यों और अनुकूलन योग्य कार्रवाइयों से भर्ती रिकॉर्ड खोजें, समीक्षा करें और प्रबंधित करें।",,Pending,,
page.appointment-worklist.subtitle,"Search, review and manage appointments records with saved views and configurable actions.","सहेजे गए दृश्यों और अनुकूलन योग्य कार्रवाइयों से अपॉइंटमेंट रिकॉर्ड खोजें, समीक्षा करें और प्रबंधित करें।",,Pending,,
page.fin-approvals.subtitle,"Search, review and manage approval matrix records with saved views and configurable actions.","सहेजे गए दृश्यों और अनुकूलन योग्य कार्रवाइयों से अनुमोदन मैट्रिक्स रिकॉर्ड खोजें, समीक्षा करें और प्रबंधित करें।",,Pending,,
page.sales-approval.subtitle,"Search, review and manage approval rules records with saved views and configurable actions.","सहेजे गए दृश्यों और अनुकूलन योग्य कार्रवाइयों से अनुमोदन नियम रिकॉर्ड खोजें, समीक्षा करें और प्रबंधित करें।",,Pending,,
page.hr-workflow.subtitle,"Search, review and manage approval workflow records with saved views and configurable actions.","सहेजे गए दृश्यों और अनुकूलन योग्य कार्रवाइयों से अनुमोदन कार्यप्रवाह रिकॉर्ड खोजें, समीक्षा करें और प्रबंधित करें।",,Pending,,
page.approval-worklist.subtitle,"Search, review and manage approval worklist records with saved views and configurable actions.","सहेजे गए दृश्यों और अनुकूलन योग्य कार्रवाइयों से अनुमोदन कार्यसूची रिकॉर्ड खोजें, समीक्षा करें और प्रबंधित करें।",,Pending,,
page.attendance-adjustment.subtitle,"Search, review and manage attendance adjustment records with saved views and configurable actions.","सहेजे गए दृश्यों और अनुकूलन योग्य कार्रवाइयों से उपस्थिति समायोजन रिकॉर्ड खोजें, समीक्षा करें और प्रबंधित करें।",,Pending,,
page.attendance-anomalies.subtitle,"Search, review and manage attendance anomalies records with saved views and configurable actions.","सहेजे गए दृश्यों और अनुकूलन योग्य कार्रवाइयों से उपस्थिति विसंगतियाँ रिकॉर्ड खोजें, समीक्षा करें और प्रबंधित करें।",,Pending,,
page.attendance-report.subtitle,"Search, review and manage attendance report records with saved views and configurable actions.","सहेजे गए दृश्यों और अनुकूलन योग्य कार्रवाइयों से उपस्थिति रिपोर्ट रिकॉर्ड खोजें, समीक्षा करें और प्रबंधित करें।",,Pending,,
page.balance-sheet-report.subtitle,"Search, review and manage balance sheet records with saved views and configurable actions.","सहेजे गए दृश्यों और अनुकूलन योग्य कार्रवाइयों से तुलन पत्र रिकॉर्ड खोजें, समीक्षा करें और प्रबंधित करें।",,Pending,,
page.bank-master.subtitle,"Search, review and manage bank & cash records with saved views and configurable actions.","सहेजे गए दृश्यों और अनुकूलन योग्य कार्रवाइयों से बैंक और नकदी रिकॉर्ड खोजें, समीक्षा करें और प्रबंधित करें।",,Pending,,
page.bank-format.subtitle,"Search, review and manage bank file format records with saved views and configurable actions.","सहेजे गए दृश्यों और अनुकूलन योग्य कार्रवाइयों से बैंक फ़ाइल प्रारूप रिकॉर्ड खोजें, समीक्षा करें और प्रबंधित करें।",,Pending,,
page.bank-reconciliation.subtitle,"Search, review and manage bank reconciliation records with saved views and configurable actions.","सहेजे गए दृश्यों और अनुकूलन योग्य कार्रवाइयों से बैंक मिलान रिकॉर्ड खोजें, समीक्षा करें और प्रबंधित करें।",,Pending,,
page.batch-expiry.subtitle,"Search, review and manage batch & expiry records with saved views and configurable actions.","सहेजे गए दृश्यों और अनुकूलन योग्य कार्रवाइयों से बैच और समाप्ति रिकॉर्ड खोजें, समीक्षा करें और प्रबंधित करें।",,Pending,,
page.bed-management.subtitle,"Search, review and manage bed management records with saved views and configurable actions.","सहेजे गए दृश्यों और अनुकूलन योग्य कार्रवाइयों से बिस्तर प्रबंधन रिकॉर्ड खोजें, समीक्षा करें और प्रबंधित करें।",,Pending,,
page.occupancy-report.subtitle,"Search, review and manage bed occupancy records with saved views and configurable actions.","सहेजे गए दृश्यों और अनुकूलन योग्य कार्रवाइयों से बिस्तर अधिभोग रिकॉर्ड खोजें, समीक्षा करें और प्रबंधित करें।",,Pending,,
page.benefit-plan.subtitle,"Search, review and manage benefit plan records with saved views and configurable actions.","सहेजे गए दृश्यों और अनुकूलन योग्य कार्रवाइयों से लाभ योजना रिकॉर्ड खोजें, समीक्षा करें और प्रबंधित करें।",,Pending,,
page.billing-entry.subtitle,"Search, review and manage billing entry records with saved views and configurable actions.","सहेजे गए दृश्यों और अनुकूलन योग्य कार्रवाइयों से बिल प्रविष्टि रिकॉर्ड खोजें, समीक्षा करें और प्रबंधित करें।",,Pending,,
page.billing-worklist.subtitle,"Search, review and manage billing worklist records with saved views and configurable actions.","सहेजे गए दृश्यों और अनुकूलन योग्य कार्रवाइयों से बिलिंग कार्यसूची रिकॉर्ड खोजें, समीक्षा करें और प्रबंधित करें।",,Pending,,
page.billing-patterns.subtitle,"Search, review and manage billing workspace records with saved views and configurable actions.","सहेजे गए दृश्यों और अनुकूलन योग्य कार्रवाइयों से बिलिंग कार्यक्षेत्र रिकॉर्ड खोजें, समीक्षा करें और प्रबंधित करें।",,Pending,,
page.bulk-operations.subtitle,"Search, review and manage bulk operations records with saved views and configurable actions.","सहेजे गए दृश्यों और अनुकूलन योग्य कार्रवाइयों से सामूहिक कार्रवाइयाँ रिकॉर्ड खोजें, समीक्षा करें और प्रबंधित करें।",,Pending,,
page.carrier-master.subtitle,"Search, review and manage carrier master records with saved views and configurable actions.","सहेजे गए दृश्यों और अनुकूलन योग्य कार्रवाइयों से वाहक मास्टर रिकॉर्ड खोजें, समीक्षा करें और प्रबंधित करें।",,Pending,,
page.chart-account.subtitle,"Search, review and manage chart of accounts records with saved views and configurable actions.","सहेजे गए दृश्यों और अनुकूलन योग्य कार्रवाइयों से खातों की सूची रिकॉर्ड खोजें, समीक्षा करें और प्रबंधित करें।",,Pending,,
page.claim-worklist.subtitle,"Search, review and manage claim worklist records with saved views and configurable actions.","सहेजे गए दृश्यों और अनुकूलन योग्य कार्रवाइयों से दावा कार्यसूची रिकॉर्ड खोजें, समीक्षा करें और प्रबंधित करें।",,Pending,,
page.clinical-notes.subtitle,"Search, review and manage clinical notes records with saved views and configurable actions.","सहेजे गए दृश्यों और अनुकूलन योग्य कार्रवाइयों से नैदानिक टिप्पणियाँ रिकॉर्ड खोजें, समीक्षा करें और प्रबंधित करें।",,Pending,,
page.clinician-master.subtitle,"Search, review and manage clinician master records with saved views and configurable actions.","सहेजे गए दृश्यों और अनुकूलन योग्य कार्रवाइयों से चिकित्सक मास्टर रिकॉर्ड खोजें, समीक्षा करें और प्रबंधित करें।",,Pending,,
page.compliance-report.subtitle,"Search, review and manage compliance register records with saved views and configurable actions.","सहेजे गए दृश्यों और अनुकूलन योग्य कार्रवाइयों से अनुपालन रजिस्टर रिकॉर्ड खोजें, समीक्षा करें और प्रबंधित करें।",,Pending,,
page.component-contracts.subtitle,"Search, review and manage component contracts records with saved views and configurable actions.","सहेजे गए दृश्यों और अनुकूलन योग्य कार्रवाइयों से घटक अनुबंध रिकॉर्ड खोजें, समीक्षा करें और प्रबंधित करें।",,Pending,,
page.component-library.subtitle,"Search, review and manage component gallery records with saved views and configurable actions.","सहेजे गए दृश्यों और अनुकूलन योग्य कार्रवाइयों से घटक गैलरी रिकॉर्ड खोजें, समीक्षा करें और प्रबंधित करें।",,Pending,,
page.consumption-report.subtitle,"Search, review and manage consumption records with saved views and configurable actions.","सहेजे गए दृश्यों और अनुकूलन योग्य कार्रवाइयों से खपत रिकॉर्ड खोजें, समीक्षा करें और प्रबंधित करें।",,Pending,,
page.contractor-master.subtitle,"Search, review and manage contractor master records with saved views and configurable actions.","सहेजे गए दृश्यों और अनुकूलन योग्य कार्रवाइयों से ठेकेदार मास्टर रिकॉर्ड खोजें, समीक्षा करें और प्रबंधित करें।",,Pending,,
page.controlled-register.subtitle,"Search, review and manage controlled register records with saved views and configurable actions.","सहेजे गए दृश्यों और अनुकूलन योग्य कार्रवाइयों से नियंत्रित पदार्थ रजिस्टर रिकॉर्ड खोजें, समीक्षा करें और प्रबंधित करें।",,Pending,,
page.cost-center.subtitle,"Search, review and manage cost center records with saved views and configurable actions.","सहेजे गए दृश्यों और अनुकूलन योग्य कार्रवाइयों से लागत केंद्र रिकॉर्ड खोजें, समीक्षा करें और प्रबंधित करें।",,Pending,,
page.credit-note.subtitle,"Search, review and manage credit note records with saved views and configurable actions.","सहेजे गए दृश्यों और अनुकूलन योग्य कार्रवाइयों से क्रेडिट नोट रिकॉर्ड खोजें, समीक्षा करें और प्रबंधित करें।",,Pending,,
page.credit-profile.subtitle,"Search, review and manage credit profile records with saved views and configurable actions.","सहेजे गए दृश्यों और अनुकूलन योग्य कार्रवाइयों से क्रेडिट प्रोफ़ाइल रिकॉर्ड खोजें, समीक्षा करें और प्रबंधित करें।",,Pending,,
page.currency-config.subtitle,"Search, review and manage currencies & rates records with saved views and configurable actions.","सहेजे गए दृश्यों और अनुकूलन योग्य कार्रवाइयों से मुद्राएँ और दरें रिकॉर्ड खोजें, समीक्षा करें और प्रबंधित करें।",,Pending,,
page.customer-master.subtitle,"Search, review and manage customer master records with saved views and configurable actions.","सहेजे गए दृश्यों और अनुकूलन योग्य कार्रवाइयों से ग्राहक मास्टर रिकॉर्ड खोजें, समीक्षा करें और प्रबंधित करें।",,Pending,,
page.customer-worklist.subtitle,"Search, review and manage customer worklist records with saved views and configurable actions.","सहेजे गए दृश्यों और अनुकूलन योग्य कार्रवाइयों से ग्राहक कार्यसूची रिकॉर्ड खोजें, समीक्षा करें और प्रबंधित करें।",,Pending,,
page.data-patterns.subtitle,"Search, review and manage data worklists records with saved views and configurable actions.","सहेजे गए दृश्यों और अनुकूलन योग्य कार्रवाइयों से डेटा कार्यसूचियाँ रिकॉर्ड खोजें, समीक्षा करें और प्रबंधित करें।",,Pending,,
page.deduction-master.subtitle,"Search, review and manage deduction master records with saved views and configurable actions.","सहेजे गए दृश्यों और अनुकूलन योग्य कार्रवाइयों से कटौती मास्टर रिकॉर्ड खोजें, समीक्षा करें और प्रबंधित करें।",,Pending,,
page.delegation-master.subtitle,"Search, review and manage delegation rules records with saved views and configurable actions.","सहेजे गए दृश्यों और अनुकूलन योग्य कार्रवाइयों से प्रत्यायोजन नियम रिकॉर्ड खोजें, समीक्षा करें और प्रबंधित करें।",,Pending,,
page.denial-rate-report.subtitle,"Search, review and manage denial rate records with saved views and configurable actions.","सहेजे गए दृश्यों और अनुकूलन योग्य कार्रवाइयों से अस्वीकृति दर रिकॉर्ड खोजें, समीक्षा करें और प्रबंधित करें।",,Pending,,
page.denial-worklist.subtitle,"Search, review and manage denials & appeals records with saved views and configurable actions.","सहेजे गए दृश्यों और अनुकूलन योग्य कार्रवाइयों से अस्वीकृतियाँ और अपीलें रिकॉर्ड खोजें, समीक्षा करें और प्रबंधित करें।",,Pending,,
page.department-master.subtitle,"Search, review and manage department master records with saved views and configurable actions.","सहेजे गए दृश्यों और अनुकूलन योग्य कार्रवाइयों से विभाग मास्टर रिकॉर्ड खोजें, समीक्षा करें और प्रबंधित करें।",,Pending,,
page.discharge-worklist.subtitle,"Search, review and manage discharges records with saved views and configurable actions.","सहेजे गए दृश्यों और अनुकूलन योग्य कार्रवाइयों से अस्पताल से छुट्टी रिकॉर्ड खोजें, समीक्षा करें और प्रबंधित करें।",,Pending,,
page.discount-rule.subtitle,"Search, review and manage discount rule records with saved views and configurable actions.","सहेजे गए दृश्यों और अनुकूलन योग्य कार्रवाइयों से छूट नियम रिकॉर्ड खोजें, समीक्षा करें और प्रबंधित करें।",,Pending,,
page.dispensing-rules.subtitle,"Search, review and manage dispensing rules records with saved views and configurable actions.","सहेजे गए दृश्यों और अनुकूलन योग्य कार्रवाइयों से दवा वितरण नियम रिकॉर्ड खोजें, समीक्षा करें और प्रबंधित करें।",,Pending,,
page.sales-numbering.subtitle,"Search, review and manage document numbering records with saved views and configurable actions.","सहेजे गए दृश्यों और अनुकूलन योग्य कार्रवाइयों से दस्तावेज़ क्रमांकन रिकॉर्ड खोजें, समीक्षा करें और प्रबंधित करें।",,Pending,,
page.drug-master.subtitle,"Search, review and manage drug master records with saved views and configurable actions.","सहेजे गए दृश्यों और अनुकूलन योग्य कार्रवाइयों से दवा मास्टर रिकॉर्ड खोजें, समीक्षा करें और प्रबंधित करें।",,Pending,,
page.patient-merge.subtitle,"Search, review and manage duplicate review records with saved views and configurable actions.","सहेजे गए दृश्यों और अनुकूलन योग्य कार्रवाइयों से डुप्लिकेट समीक्षा रिकॉर्ड खोजें, समीक्षा करें और प्रबंधित करें।",,Pending,,
page.earning-master.subtitle,"Search, review and manage earning master records with saved views and configurable actions.","सहेजे गए दृश्यों और अनुकूलन योग्य कार्रवाइयों से आय मद मास्टर रिकॉर्ड खोजें, समीक्षा करें और प्रबंधित करें।",,Pending,,
page.employee-master.subtitle,"Search, review and manage employee master records with saved views and configurable actions.","सहेजे गए दृश्यों और अनुकूलन योग्य कार्रवाइयों से कर्मचारी मास्टर रिकॉर्ड खोजें, समीक्षा करें और प्रबंधित करें।",,Pending,,
page.employee-onboarding.subtitle,"Search, review and manage employee onboarding records with saved views and configurable actions.","सहेजे गए दृश्यों और अनुकूलन योग्य कार्रवाइयों से कर्मचारी प्रवेश प्रक्रिया रिकॉर्ड खोजें, समीक्षा करें और प्रबंधित करें।",,Pending,,
page.employee-worklist.subtitle,"Search, review and manage employee worklist records with saved views and configurable actions.","सहेजे गए दृश्यों और अनुकूलन योग्य कार्रवाइयों से कर्मचारी कार्यसूची रिकॉर्ड खोजें, समीक्षा करें और प्रबंधित करें।",,Pending,,
page.encounter-worklist.subtitle,"Search, review and manage encounter worklist records with saved views and configurable actions.","सहेजे गए दृश्यों और अनुकूलन योग्य कार्रवाइयों से चिकित्सा संपर्क कार्यसूची रिकॉर्ड खोजें, समीक्षा करें और प्रबंधित करें।",,Pending,,
page.exception-worklist.subtitle,"Search, review and manage exception worklist records with saved views and configurable actions.","सहेजे गए दृश्यों और अनुकूलन योग्य कार्रवाइयों से अपवाद कार्यसूची रिकॉर्ड खोजें, समीक्षा करें और प्रबंधित करें।",,Pending,,
page.expense-entry.subtitle,"Search, review and manage expense entry records with saved views and configurable actions.","सहेजे गए दृश्यों और अनुकूलन योग्य कार्रवाइयों से व्यय प्रविष्टि रिकॉर्ड खोजें, समीक्षा करें और प्रबंधित करें।",,Pending,,
page.expiry-risk-report.subtitle,"Search, review and manage expiry risk records with saved views and configurable actions.","सहेजे गए दृश्यों और अनुकूलन योग्य कार्रवाइयों से समाप्ति जोखिम रिकॉर्ड खोजें, समीक्षा करें और प्रबंधित करें।",,Pending,,
page.feedback-components.subtitle,"Search, review and manage feedback & overlays records with saved views and configurable actions.","सहेजे गए दृश्यों और अनुकूलन योग्य कार्रवाइयों से प्रतिक्रिया और ओवरले रिकॉर्ड खोजें, समीक्षा करें और प्रबंधित करें।",,Pending,,
page.final-settlement.subtitle,"Search, review and manage final settlement records with saved views and configurable actions.","सहेजे गए दृश्यों और अनुकूलन योग्य कार्रवाइयों से अंतिम निपटान रिकॉर्ड खोजें, समीक्षा करें और प्रबंधित करें।",,Pending,,
page.fiscal-period.subtitle,"Search, review and manage fiscal period records with saved views and configurable actions.","सहेजे गए दृश्यों और अनुकूलन योग्य कार्रवाइयों से वित्तीय अवधि रिकॉर्ड खोजें, समीक्षा करें और प्रबंधित करें।",,Pending,,
page.form-controls.subtitle,"Search, review and manage form controls records with saved views and configurable actions.","सहेजे गए दृश्यों और अनुकूलन योग्य कार्रवाइयों से फ़ॉर्म नियंत्रण रिकॉर्ड खोजें, समीक्षा करें और प्रबंधित करें।",,Pending,,
page.form-patterns.subtitle,"Search, review and manage form patterns records with saved views and configurable actions.","सहेजे गए दृश्यों और अनुकूलन योग्य कार्रवाइयों से फ़ॉर्म पैटर्न रिकॉर्ड खोजें, समीक्षा करें और प्रबंधित करें।",,Pending,,
page.pay-formula.subtitle,"Search, review and manage formula designer records with saved views and configurable actions.","सहेजे गए दृश्यों और अनुकूलन योग्य कार्रवाइयों से सूत्र डिज़ाइनर रिकॉर्ड खोजें, समीक्षा करें और प्रबंधित करें।",,Pending,,
page.formulary-setup.subtitle,"Search, review and manage formulary setup records with saved views and configurable actions.","सहेजे गए दृश्यों और अनुकूलन योग्य कार्रवाइयों से औषध सूची सेटअप रिकॉर्ड खोजें, समीक्षा करें और प्रबंधित करें।",,Pending,,
page.fulfillment-worklist.subtitle,"Search, review and manage fulfillment worklist records with saved views and configurable actions.","सहेजे गए दृश्यों और अनुकूलन योग्य कार्रवाइयों से ऑर्डर पूर्ति कार्यसूची रिकॉर्ड खोजें, समीक्षा करें और प्रबंधित करें।",,Pending,,
page.goods-receipt.subtitle,"Search, review and manage goods receipt records with saved views and configurable actions.","सहेजे गए दृश्यों और अनुकूलन योग्य कार्रवाइयों से माल प्राप्ति रिकॉर्ड खोजें, समीक्षा करें और प्रबंधित करें।",,Pending,,
page.grade-master.subtitle,"Search, review and manage grade & band records with saved views and configurable actions.","सहेजे गए दृश्यों और अनुकूलन योग्य कार्रवाइयों से ग्रेड और बैंड रिकॉर्ड खोजें, समीक्षा करें और प्रबंधित करें।",,Pending,,
page.healthcare-dashboard.subtitle,"Search, review and manage healthcare dashboard records with saved views and configurable actions.","सहेजे गए दृश्यों और अनुकूलन योग्य कार्रवाइयों से स्वास्थ्य सेवा डैशबोर्ड रिकॉर्ड खोजें, समीक्षा करें और प्रबंधित करें।",,Pending,,
page.imaging-worklist.subtitle,"Search, review and manage imaging records with saved views and configurable actions.","सहेजे गए दृश्यों और अनुकूलन योग्य कार्रवाइयों से चिकित्सा इमेजिंग रिकॉर्ड खोजें, समीक्षा करें और प्रबंधित करें।",,Pending,,
page.import-export.subtitle,"Search, review and manage import & export records with saved views and configurable actions.","सहेजे गए दृश्यों और अनुकूलन योग्य कार्रवाइयों से आयात और निर्यात रिकॉर्ड खोजें, समीक्षा करें और प्रबंधित करें।",,Pending,,
page.integration-guide.subtitle,"Search, review and manage integration guide records with saved views and configurable actions.","सहेजे गए दृश्यों और अनुकूलन योग्य कार्रवाइयों से एकीकरण मार्गदर्शिका रिकॉर्ड खोजें, समीक्षा करें और प्रबंधित करें।",,Pending,,
page.inventory-count.subtitle,"Search, review and manage inventory count records with saved views and configurable actions.","सहेजे गए दृश्यों और अनुकूलन योग्य कार्रवाइयों से भंडार गणना रिकॉर्ड खोजें, समीक्षा करें और प्रबंधित करें।",,Pending,,
page.inventory-valuation-report.subtitle,"Search, review and manage inventory valuation records with saved views and configurable actions.","सहेजे गए दृश्यों और अनुकूलन योग्य कार्रवाइयों से भंडार मूल्यांकन रिकॉर्ड खोजें, समीक्षा करें और प्रबंधित करें।",,Pending,,
page.item-master.subtitle,"Search, review and manage item master records with saved views and configurable actions.","सहेजे गए दृश्यों और अनुकूलन योग्य कार्रवाइयों से वस्तु मास्टर रिकॉर्ड खोजें, समीक्षा करें और प्रबंधित करें।",,Pending,,
page.journal-entry.subtitle,"Search, review and manage journal entry records with saved views and configurable actions.","सहेजे गए दृश्यों और अनुकूलन योग्य कार्रवाइयों से जर्नल प्रविष्टि रिकॉर्ड खोजें, समीक्षा करें और प्रबंधित करें।",,Pending,,
page.journal-review.subtitle,"Search, review and manage journal review records with saved views and configurable actions.","सहेजे गए दृश्यों और अनुकूलन योग्य कार्रवाइयों से जर्नल समीक्षा रिकॉर्ड खोजें, समीक्षा करें और प्रबंधित करें।",,Pending,,
page.jurisdiction-master.subtitle,"Search, review and manage jurisdiction master records with saved views and configurable actions.","सहेजे गए दृश्यों और अनुकूलन योग्य कार्रवाइयों से अधिकार क्षेत्र मास्टर रिकॉर्ड खोजें, समीक्षा करें और प्रबंधित करें।",,Pending,,
page.keyboard-shortcuts.subtitle,"Search, review and manage keyboard shortcuts records with saved views and configurable actions.","सहेजे गए दृश्यों और अनुकूलन योग्य कार्रवाइयों से कीबोर्ड शॉर्टकट रिकॉर्ड खोजें, समीक्षा करें और प्रबंधित करें।",,Pending,,
page.lab-results.subtitle,"Search, review and manage laboratory results records with saved views and configurable actions.","सहेजे गए दृश्यों और अनुकूलन योग्य कार्रवाइयों से प्रयोगशाला परिणाम रिकॉर्ड खोजें, समीक्षा करें और प्रबंधित करें।",,Pending,,
page.leave-request.subtitle,"Search, review and manage leave request records with saved views and configurable actions.","सहेजे गए दृश्यों और अनुकूलन योग्य कार्रवाइयों से अवकाश अनुरोध रिकॉर्ड खोजें, समीक्षा करें और प्रबंधित करें।",,Pending,,
page.los-report.subtitle,"Search, review and manage length of stay records with saved views and configurable actions.","सहेजे गए दृश्यों और अनुकूलन योग्य कार्रवाइयों से प्रवास अवधि रिकॉर्ड खोजें, समीक्षा करें और प्रबंधित करें।",,Pending,,
page.localization.subtitle,"Search, review and manage localization records with saved views and configurable actions.","सहेजे गए दृश्यों और अनुकूलन योग्य कार्रवाइयों से स्थानीयकरण रिकॉर्ड खोजें, समीक्षा करें और प्रबंधित करें।",,Pending,,
page.location-master.subtitle,"Search, review and manage location master records with saved views and configurable actions.","सहेजे गए दृश्यों और अनुकूलन योग्य कार्रवाइयों से स्थान मास्टर रिकॉर्ड खोजें, समीक्षा करें और प्रबंधित करें।",,Pending,,
page.margin-report.subtitle,"Search, review and manage margin analysis records with saved views and configurable actions.","सहेजे गए दृश्यों और अनुकूलन योग्य कार्रवाइयों से मार्जिन विश्लेषण रिकॉर्ड खोजें, समीक्षा करें और प्रबंधित करें।",,Pending,,
page.medication-orders.subtitle,"Search, review and manage medication orders records with saved views and configurable actions.","सहेजे गए दृश्यों और अनुकूलन योग्य कार्रवाइयों से दवा आदेश रिकॉर्ड खोजें, समीक्षा करें और प्रबंधित करें।",,Pending,,
page.preferences.subtitle,"Search, review and manage my preferences records with saved views and configurable actions.","सहेजे गए दृश्यों और अनुकूलन योग्य कार्रवाइयों से मेरी प्राथमिकताएँ रिकॉर्ड खोजें, समीक्षा करें और प्रबंधित करें।",,Pending,,
page.next-of-kin.subtitle,"Search, review and manage next of kin records with saved views and configurable actions.","सहेजे गए दृश्यों और अनुकूलन योग्य कार्रवाइयों से निकट संबंधी रिकॉर्ड खोजें, समीक्षा करें और प्रबंधित करें।",,Pending,,
page.hr-numbering.subtitle,"Search, review and manage numbering rules records with saved views and configurable actions.","सहेजे गए दृश्यों और अनुकूलन योग्य कार्रवाइयों से क्रमांकन नियम रिकॉर्ड खोजें, समीक्षा करें और प्रबंधित करें।",,Pending,,
page.order-worklist.subtitle,"Search, review and manage order worklist records with saved views and configurable actions.","सहेजे गए दृश्यों और अनुकूलन योग्य कार्रवाइयों से ऑर्डर कार्यसूची रिकॉर्ड खोजें, समीक्षा करें और प्रबंधित करें।",,Pending,,
page.page-catalog.subtitle,"Search, review and manage page catalog records with saved views and configurable actions.","सहेजे गए दृश्यों और अनुकूलन योग्य कार्रवाइयों से पृष्ठ कैटलॉग रिकॉर्ड खोजें, समीक्षा करें और प्रबंधित करें।",,Pending,,
page.patient-master.subtitle,"Search, review and manage patient master records with saved views and configurable actions.","सहेजे गए दृश्यों और अनुकूलन योग्य कार्रवाइयों से रोगी मास्टर रिकॉर्ड खोजें, समीक्षा करें और प्रबंधित करें।",,Pending,,
page.pay-group.subtitle,"Search, review and manage pay group records with saved views and configurable actions.","सहेजे गए दृश्यों और अनुकूलन योग्य कार्रवाइयों से वेतन समूह रिकॉर्ड खोजें, समीक्षा करें और प्रबंधित करें।",,Pending,,
page.payer-master.subtitle,"Search, review and manage payer master records with saved views and configurable actions.","सहेजे गए दृश्यों और अनुकूलन योग्य कार्रवाइयों से भुगतानकर्ता मास्टर रिकॉर्ड खोजें, समीक्षा करें और प्रबंधित करें।",,Pending,,
page.payroll-adjustment.subtitle,"Search, review and manage payroll adjustment records with saved views and configurable actions.","सहेजे गए दृश्यों और अनुकूलन योग्य कार्रवाइयों से वेतन समायोजन रिकॉर्ड खोजें, समीक्षा करें और प्रबंधित करें।",,Pending,,
page.pay-calendar.subtitle,"Search, review and manage payroll calendar records with saved views and configurable actions.","सहेजे गए दृश्यों और अनुकूलन योग्य कार्रवाइयों से वेतन कैलेंडर रिकॉर्ड खोजें, समीक्षा करें और प्रबंधित करें।",,Pending,,
page.pay-register-report.subtitle,"Search, review and manage payroll register records with saved views and configurable actions.","सहेजे गए दृश्यों और अनुकूलन योग्य कार्रवाइयों से वेतन रजिस्टर रिकॉर्ड खोजें, समीक्षा करें और प्रबंधित करें।",,Pending,,
page.payroll-run.subtitle,"Search, review and manage payroll run records with saved views and configurable actions.","सहेजे गए दृश्यों और अनुकूलन योग्य कार्रवाइयों से वेतन प्रक्रिया रिकॉर्ड खोजें, समीक्षा करें और प्रबंधित करें।",,Pending,,
page.payroll-worklist.subtitle,"Search, review and manage payroll worklist records with saved views and configurable actions.","सहेजे गए दृश्यों और अनुकूलन योग्य कार्रवाइयों से वेतन कार्यसूची रिकॉर्ड खोजें, समीक्षा करें और प्रबंधित करें।",,Pending,,
page.payslip-report.subtitle,"Search, review and manage payslip distribution records with saved views and configurable actions.","सहेजे गए दृश्यों और अनुकूलन योग्य कार्रवाइयों से वेतन पर्ची वितरण रिकॉर्ड खोजें, समीक्षा करें और प्रबंधित करें।",,Pending,,
page.pharmacy-dashboard.subtitle,"Search, review and manage pharmacy dashboard records with saved views and configurable actions.","सहेजे गए दृश्यों और अनुकूलन योग्य कार्रवाइयों से फ़ार्मेसी डैशबोर्ड रिकॉर्ड खोजें, समीक्षा करें और प्रबंधित करें।",,Pending,,
page.hr-policy.subtitle,"Search, review and manage policy designer records with saved views and configurable actions.","सहेजे गए दृश्यों और अनुकूलन योग्य कार्रवाइयों से नीति डिज़ाइनर रिकॉर्ड खोजें, समीक्षा करें और प्रबंधित करें।",,Pending,,
page.position-master.subtitle,"Search, review and manage position master records with saved views and configurable actions.","सहेजे गए दृश्यों और अनुकूलन योग्य कार्रवाइयों से पद मास्टर रिकॉर्ड खोजें, समीक्षा करें और प्रबंधित करें।",,Pending,,
page.posting-rules.subtitle,"Search, review and manage posting rules records with saved views and configurable actions.","सहेजे गए दृश्यों और अनुकूलन योग्य कार्रवाइयों से लेखा पोस्टिंग नियम रिकॉर्ड खोजें, समीक्षा करें और प्रबंधित करें।",,Pending,,
page.preauthorization.subtitle,"Search, review and manage pre-authorisation records with saved views and configurable actions.","सहेजे गए दृश्यों और अनुकूलन योग्य कार्रवाइयों से पूर्व अनुमति रिकॉर्ड खोजें, समीक्षा करें और प्रबंधित करें।",,Pending,,
page.price-list.subtitle,"Search, review and manage price list records with saved views and configurable actions.","सहेजे गए दृश्यों और अनुकूलन योग्य कार्रवाइयों से मूल्य सूची रिकॉर्ड खोजें, समीक्षा करें और प्रबंधित करें।",,Pending,,
page.procurement-worklist.subtitle,"Search, review and manage procurement worklist records with saved views and configurable actions.","सहेजे गए दृश्यों और अनुकूलन योग्य कार्रवाइयों से खरीद कार्यसूची रिकॉर्ड खोजें, समीक्षा करें और प्रबंधित करें।",,Pending,,
page.product-master.subtitle,"Search, review and manage product master records with saved views and configurable actions.","सहेजे गए दृश्यों और अनुकूलन योग्य कार्रवाइयों से उत्पाद मास्टर रिकॉर्ड खोजें, समीक्षा करें और प्रबंधित करें।",,Pending,,
page.profit-loss-report.subtitle,"Search, review and manage profit & loss records with saved views and configurable actions.","सहेजे गए दृश्यों और अनुकूलन योग्य कार्रवाइयों से लाभ और हानि रिकॉर्ड खोजें, समीक्षा करें और प्रबंधित करें।",,Pending,,
page.purchase-order.subtitle,"Search, review and manage purchase order records with saved views and configurable actions.","सहेजे गए दृश्यों और अनुकूलन योग्य कार्रवाइयों से खरीद आदेश रिकॉर्ड खोजें, समीक्षा करें और प्रबंधित करें।",,Pending,,
page.purchase-requisition.subtitle,"Search, review and manage purchase requisition records with saved views and configurable actions.","सहेजे गए दृश्यों और अनुकूलन योग्य कार्रवाइयों से खरीद अनुरोध रिकॉर्ड खोजें, समीक्षा करें और प्रबंधित करें।",,Pending,,
page.quotation.subtitle,"Search, review and manage quotation records with saved views and configurable actions.","सहेजे गए दृश्यों और अनुकूलन योग्य कार्रवाइयों से मूल्य प्रस्ताव रिकॉर्ड खोजें, समीक्षा करें और प्रबंधित करें।",,Pending,,
page.receipt-entry.subtitle,"Search, review and manage receipt entry records with saved views and configurable actions.","सहेजे गए दृश्यों और अनुकूलन योग्य कार्रवाइयों से रसीद प्रविष्टि रिकॉर्ड खोजें, समीक्षा करें और प्रबंधित करें।",,Pending,,
page.receivables-worklist.subtitle,"Search, review and manage receivables worklist records with saved views and configurable actions.","सहेजे गए दृश्यों और अनुकूलन योग्य कार्रवाइयों से प्राप्य कार्यसूची रिकॉर्ड खोजें, समीक्षा करें और प्रबंधित करें।",,Pending,,
page.receiving-worklist.subtitle,"Search, review and manage receiving worklist records with saved views and configurable actions.","सहेजे गए दृश्यों और अनुकूलन योग्य कार्रवाइयों से प्राप्ति कार्यसूची रिकॉर्ड खोजें, समीक्षा करें और प्रबंधित करें।",,Pending,,
page.controlled-reconciliation.subtitle,"Search, review and manage reconciliation records with saved views and configurable actions.","सहेजे गए दृश्यों और अनुकूलन योग्य कार्रवाइयों से मिलान रिकॉर्ड खोजें, समीक्षा करें और प्रबंधित करें।",,Pending,,
page.reorder-rules.subtitle,"Search, review and manage reorder rules records with saved views and configurable actions.","सहेजे गए दृश्यों और अनुकूलन योग्य कार्रवाइयों से पुनः ऑर्डर नियम रिकॉर्ड खोजें, समीक्षा करें और प्रबंधित करें।",,Pending,,
page.reorder-worklist.subtitle,"Search, review and manage reorder worklist records with saved views and configurable actions.","सहेजे गए दृश्यों और अनुकूलन योग्य कार्रवाइयों से पुनः ऑर्डर कार्यसूची रिकॉर्ड खोजें, समीक्षा करें और प्रबंधित करें।",,Pending,,
page.pharmacy-requisition.subtitle,"Search, review and manage requisitions records with saved views and configurable actions.","सहेजे गए दृश्यों और अनुकूलन योग्य कार्रवाइयों से खरीद अनुरोध रिकॉर्ड खोजें, समीक्षा करें और प्रबंधित करें।",,Pending,,
page.revenue-report.subtitle,"Search, review and manage revenue analysis records with saved views and configurable actions.","सहेजे गए दृश्यों और अनुकूलन योग्य कार्रवाइयों से राजस्व विश्लेषण रिकॉर्ड खोजें, समीक्षा करें और प्रबंधित करें।",,Pending,,
page.role-master.subtitle,"Search, review and manage role & permission records with saved views and configurable actions.","सहेजे गए दृश्यों और अनुकूलन योग्य कार्रवाइयों से भूमिका और अनुमति रिकॉर्ड खोजें, समीक्षा करें और प्रबंधित करें।",,Pending,,
page.sales-channel.subtitle,"Search, review and manage sales channel records with saved views and configurable actions.","सहेजे गए दृश्यों और अनुकूलन योग्य कार्रवाइयों से बिक्री चैनल रिकॉर्ड खोजें, समीक्षा करें और प्रबंधित करें।",,Pending,,
page.sales-invoice.subtitle,"Search, review and manage sales invoice records with saved views and configurable actions.","सहेजे गए दृश्यों और अनुकूलन योग्य कार्रवाइयों से बिक्री चालान रिकॉर्ड खोजें, समीक्षा करें और प्रबंधित करें।",,Pending,,
page.sales-order.subtitle,"Search, review and manage sales order records with saved views and configurable actions.","सहेजे गए दृश्यों और अनुकूलन योग्य कार्रवाइयों से बिक्री आदेश रिकॉर्ड खोजें, समीक्षा करें और प्रबंधित करें।",,Pending,,
page.pipeline-report.subtitle,"Search, review and manage sales pipeline records with saved views and configurable actions.","सहेजे गए दृश्यों और अनुकूलन योग्य कार्रवाइयों से बिक्री पाइपलाइन रिकॉर्ड खोजें, समीक्षा करें और प्रबंधित करें।",,Pending,,
page.sales-return.subtitle,"Search, review and manage sales return records with saved views and configurable actions.","सहेजे गए दृश्यों और अनुकूलन योग्य कार्रवाइयों से बिक्री वापसी रिकॉर्ड खोजें, समीक्षा करें और प्रबंधित करें।",,Pending,,
page.saved-views.subtitle,"Search, review and manage saved views records with saved views and configurable actions.","सहेजे गए दृश्यों और अनुकूलन योग्य कार्रवाइयों से सहेजे गए दृश्य रिकॉर्ड खोजें, समीक्षा करें और प्रबंधित करें।",,Pending,,
page.employee-separation.subtitle,"Search, review and manage separation records with saved views and configurable actions.","सहेजे गए दृश्यों और अनुकूलन योग्य कार्रवाइयों से सेवा समाप्ति रिकॉर्ड खोजें, समीक्षा करें और प्रबंधित करें।",,Pending,,
page.service-catalog.subtitle,"Search, review and manage service catalogue records with saved views and configurable actions.","सहेजे गए दृश्यों और अनुकूलन योग्य कार्रवाइयों से सेवा कैटलॉग रिकॉर्ड खोजें, समीक्षा करें और प्रबंधित करें।",,Pending,,
page.settlement-review.subtitle,"Search, review and manage settlement review records with saved views and configurable actions.","सहेजे गए दृश्यों और अनुकूलन योग्य कार्रवाइयों से निपटान समीक्षा रिकॉर्ड खोजें, समीक्षा करें और प्रबंधित करें।",,Pending,,
page.shift-roster.subtitle,"Search, review and manage shift roster records with saved views and configurable actions.","सहेजे गए दृश्यों और अनुकूलन योग्य कार्रवाइयों से पाली सूची रिकॉर्ड खोजें, समीक्षा करें और प्रबंधित करें।",,Pending,,
page.shortcut-manager.subtitle,"Search, review and manage shortcut manager records with saved views and configurable actions.","सहेजे गए दृश्यों और अनुकूलन योग्य कार्रवाइयों से शॉर्टकट प्रबंधक रिकॉर्ड खोजें, समीक्षा करें और प्रबंधित करें।",,Pending,,
page.spreadsheet-studio.subtitle,"Search, review and manage spreadsheet studio records with saved views and configurable actions.","सहेजे गए दृश्यों और अनुकूलन योग्य कार्रवाइयों से स्प्रेडशीट स्टूडियो रिकॉर्ड खोजें, समीक्षा करें और प्रबंधित करें।",,Pending,,
page.statutory-report.subtitle,"Search, review and manage statutory report records with saved views and configurable actions.","सहेजे गए दृश्यों और अनुकूलन योग्य कार्रवाइयों से वैधानिक रिपोर्ट रिकॉर्ड खोजें, समीक्षा करें और प्रबंधित करें।",,Pending,,
page.statutory-master.subtitle,"Search, review and manage statutory rule records with saved views and configurable actions.","सहेजे गए दृश्यों और अनुकूलन योग्य कार्रवाइयों से वैधानिक नियम रिकॉर्ड खोजें, समीक्षा करें और प्रबंधित करें।",,Pending,,
page.stock-adjustment.subtitle,"Search, review and manage stock adjustment records with saved views and configurable actions.","सहेजे गए दृश्यों और अनुकूलन योग्य कार्रवाइयों से स्टॉक समायोजन रिकॉर्ड खोजें, समीक्षा करें और प्रबंधित करें।",,Pending,,
page.stock-aging-report.subtitle,"Search, review and manage stock aging records with saved views and configurable actions.","सहेजे गए दृश्यों और अनुकूलन योग्य कार्रवाइयों से स्टॉक आयु रिकॉर्ड खोजें, समीक्षा करें और प्रबंधित करें।",,Pending,,
page.stock-on-hand.subtitle,"Search, review and manage stock on hand records with saved views and configurable actions.","सहेजे गए दृश्यों और अनुकूलन योग्य कार्रवाइयों से उपलब्ध स्टॉक रिकॉर्ड खोजें, समीक्षा करें और प्रबंधित करें।",,Pending,,
page.stock-transfer.subtitle,"Search, review and manage stock transfer records with saved views and configurable actions.","सहेजे गए दृश्यों और अनुकूलन योग्य कार्रवाइयों से स्टॉक हस्तांतरण रिकॉर्ड खोजें, समीक्षा करें और प्रबंधित करें।",,Pending,,
page.stock-turn-report.subtitle,"Search, review and manage stock turn records with saved views and configurable actions.","सहेजे गए दृश्यों और अनुकूलन योग्य कार्रवाइयों से स्टॉक आवर्तन रिकॉर्ड खोजें, समीक्षा करें और प्रबंधित करें।",,Pending,,
page.supplier-contract.subtitle,"Search, review and manage supplier contract records with saved views and configurable actions.","सहेजे गए दृश्यों और अनुकूलन योग्य कार्रवाइयों से आपूर्तिकर्ता अनुबंध रिकॉर्ड खोजें, समीक्षा करें और प्रबंधित करें।",,Pending,,
page.supplier-fin-master.subtitle,"Search, review and manage supplier master records with saved views and configurable actions.","सहेजे गए दृश्यों और अनुकूलन योग्य कार्रवाइयों से आपूर्तिकर्ता मास्टर रिकॉर्ड खोजें, समीक्षा करें और प्रबंधित करें।",,Pending,,
page.supplier-performance-report.subtitle,"Search, review and manage supplier performance records with saved views and configurable actions.","सहेजे गए दृश्यों और अनुकूलन योग्य कार्रवाइयों से आपूर्तिकर्ता प्रदर्शन रिकॉर्ड खोजें, समीक्षा करें और प्रबंधित करें।",,Pending,,
page.sales-targets.subtitle,"Search, review and manage target setup records with saved views and configurable actions.","सहेजे गए दृश्यों और अनुकूलन योग्य कार्रवाइयों से लक्ष्य सेटअप रिकॉर्ड खोजें, समीक्षा करें और प्रबंधित करें।",,Pending,,
page.tax-return-report.subtitle,"Search, review and manage tax return records with saved views and configurable actions.","सहेजे गए दृश्यों और अनुकूलन योग्य कार्रवाइयों से कर विवरणी रिकॉर्ड खोजें, समीक्षा करें और प्रबंधित करें।",,Pending,,
page.tax-master.subtitle,"Search, review and manage taxation master records with saved views and configurable actions.","सहेजे गए दृश्यों और अनुकूलन योग्य कार्रवाइयों से कर मास्टर रिकॉर्ड खोजें, समीक्षा करें और प्रबंधित करें।",,Pending,,
page.territory-master.subtitle,"Search, review and manage territory master records with saved views and configurable actions.","सहेजे गए दृश्यों और अनुकूलन योग्य कार्रवाइयों से क्षेत्र मास्टर रिकॉर्ड खोजें, समीक्षा करें और प्रबंधित करें।",,Pending,,
page.theme-studio.subtitle,"Search, review and manage theme studio records with saved views and configurable actions.","सहेजे गए दृश्यों और अनुकूलन योग्य कार्रवाइयों से थीम स्टूडियो रिकॉर्ड खोजें, समीक्षा करें और प्रबंधित करें।",,Pending,,
page.employee-transfer.subtitle,"Search, review and manage transfer & promotion records with saved views and configurable actions.","सहेजे गए दृश्यों और अनुकूलन योग्य कार्रवाइयों से स्थानांतरण और पदोन्नति रिकॉर्ड खोजें, समीक्षा करें और प्रबंधित करें।",,Pending,,
page.uom-master.subtitle,"Search, review and manage unit of measure records with saved views and configurable actions.","सहेजे गए दृश्यों और अनुकूलन योग्य कार्रवाइयों से माप की इकाई रिकॉर्ड खोजें, समीक्षा करें और प्रबंधित करें।",,Pending,,
page.user-master.subtitle,"Search, review and manage user master records with saved views and configurable actions.","सहेजे गए दृश्यों और अनुकूलन योग्य कार्रवाइयों से उपयोगकर्ता मास्टर रिकॉर्ड खोजें, समीक्षा करें और प्रबंधित करें।",,Pending,,
page.valuation-method.subtitle,"Search, review and manage valuation method records with saved views and configurable actions.","सहेजे गए दृश्यों और अनुकूलन योग्य कार्रवाइयों से मूल्यांकन विधि रिकॉर्ड खोजें, समीक्षा करें और प्रबंधित करें।",,Pending,,
page.vitals-worklist.subtitle,"Search, review and manage vitals & observations records with saved views and configurable actions.","सहेजे गए दृश्यों और अनुकूलन योग्य कार्रवाइयों से जीवन संकेत और अवलोकन रिकॉर्ड खोजें, समीक्षा करें और प्रबंधित करें।",,Pending,,
page.warehouse-master.subtitle,"Search, review and manage warehouse master records with saved views and configurable actions.","सहेजे गए दृश्यों और अनुकूलन योग्य कार्रवाइयों से गोदाम मास्टर रिकॉर्ड खोजें, समीक्षा करें और प्रबंधित करें।",,Pending,,
page.workforce-report.subtitle,"Search, review and manage workforce analytics records with saved views and configurable actions.","सहेजे गए दृश्यों और अनुकूलन योग्य कार्रवाइयों से कार्यबल विश्लेषिकी रिकॉर्ड खोजें, समीक्षा करें और प्रबंधित करें।",,Pending,,
"Search, review and manage {name} records with saved views and configurable actions.","Search, review and manage {name} records with saved views and configurable actions.","सहेजे गए दृश्यों और अनुकूलन योग्य कार्रवाइयों से {name} रिकॉर्ड खोजें, समीक्षा करें और प्रबंधित करें।",,Pending,,
Search…,Search…,खोजें…,,Pending,,
Second Opinion,Second Opinion,दूसरी राय,,Pending,,
ui.secondary.62f2ccff,Secondary,द्वितीयक,,Pending,,
ui.section.dfca5da5,Section,अनुभाग,,Pending,,
Sections,Sections,अनुभाग,,Pending,,
Secure download link,Secure download link,सुरक्षित डाउनलोड लिंक,,Pending,,
ui.secure.session.54818e0a,Secure session,सुरक्षित सत्र,,Pending,,
section.user.security.title,Security policy,सुरक्षा नीति,,Pending,,
ui.see.all.messages.082f7c89,See all messages,सभी संदेश देखें,,Pending,,
ui.see.all.notifications.00f66a6a,See all notifications,सभी सूचनाएँ देखें,,Pending,,
field.consultation.consultedOn.label,Seen on,जाँच की तिथि,,Pending,,
Segment,Segment,श्रेणी,,Pending,,
api.message.7f020a480b27,Select 1–100 record IDs.,1–100 रिकॉर्ड आईडी चुनें।,,Pending,,
api.message.4a2f85e2749e,Select a saved record.,सहेजा हुआ रिकॉर्ड चुनें।,,Pending,,
ui.select.all.visible.records.e15adf6c,Select all visible records,सभी दिखते रिकॉर्ड चुनें,,Pending,,
ui.select.eligible.rows.on.this.page.55468a85,Select eligible rows on this page,इस पृष्ठ की पात्र पंक्तियाँ चुनें,,Pending,,
Select {item},Select {item},{item} चुनें,,Pending,,
Select {record},Select {record},{record} चुनें,,Pending,,
"Selected from this service's catalogue — manually, or proposed and accepted","Selected from this service's catalogue — manually, or proposed and accepted",सेवा सूची से चुना — स्वयं या स्वीकृत सुझाव,,Pending,,
Selected from what this service can place,Selected from what this service can place,सेवा के उपलब्ध आदेशों से चुना,,Pending,,
ui.selection.applies.to.this.page.only.failed.records.stay.6c13991d,Selection applies to this page only. Failed records stay selected.,चयन केवल इस पृष्ठ पर लागू। विफल रिकॉर्ड चुने रहेंगे।,,Pending,,
Select…,Select…,चुनें…,,Pending,,
field.consultation.payer.option.Self-pay,Self-pay,स्वयं भुगतान,,Pending,,
Semantic themes,Semantic themes,अर्थपूर्ण थीम,,Pending,,
ui.send.f6f4688f,Send,भेजें,,Pending,,
ui.send.e8fbd3f3,Send ,भेजें ,,Pending,,
ui.send.only.when.data.exists.8bac5dec,Send only when data exists,डेटा होने पर ही भेजें,,Pending,,
Sensation,Sensation,संवेदना,,Pending,,
ui.sensitive.changes.should.be.versioned.and.submitted.with.d2c8dec6,Sensitive changes should be versioned and submitted with a reason.,संवेदनशील बदलाव संस्करण और कारण के साथ भेजें।,,Pending,,
Sep,Sep,सितम्बर,,Pending,,
menu.hr.separation.label,Separation,सेवा समाप्ति,,Pending,,
ui.september.2026.5111fc9c,September 2026,सितम्बर 2026,,Pending,,
September preview,September preview,सितम्बर पूर्वावलोकन,,Pending,,
menu.healthcare.service-catalog.label,Service Catalogue,सेवा कैटलॉग,,Pending,,
field.user.riskLevel.option.service,Service account,सेवा खाता,,Pending,,
Service level,Service level,सेवा स्तर,,Pending,,
Services,Services,सेवाएँ,,Pending,,
api.message.37c08ac1e02f,Session ended.,सत्र समाप्त हुआ।,,Pending,,
api.message.26cbd28fd351,Session exceeded the maximum length.,सत्र अधिकतम अवधि से आगे बढ़ गया।,,Pending,,
field.user.sessionTimeout.label,Session timeout,सत्र समय सीमा,,Pending,,
ui.set.by.bd6cc9a4,Set by,सेट करने वाला,,Pending,,
ui.set.default.ae188faa,Set default,डिफ़ॉल्ट बनाएँ,,Pending,,
ui.set.key.d599b6ec,Set key,कुंजी सेट करें,,Pending,,
Set the key,Set the key,कुंजी सेट करें,,Pending,,
ui.settings.74a883a0,Settings,सेटिंग्स,,Pending,,
ui.settings.could.not.be.loaded.preference.changes.apply.to.9cc9f6fa,Settings could not be loaded. Preference changes apply to this session only. Reload to try again.,सेटिंग लोड नहीं हुई। बदलाव केवल इस सत्र के लिए हैं। फिर लोड करें।,,Pending,,
menu.payroll.settlement-review.label,Settlement Review,निपटान समीक्षा,,Pending,,
ui.shaped.grey.blocks.while.a.page.arrives.instead.of.the.o.bdafc552,"Shaped grey blocks while a page arrives, instead of the old page sitting there",नया पृष्ठ आने तक पुराने पृष्ठ की जगह धूसर ब्लॉक,,Pending,,
field.hr-dashboard.tags.option.shared,Shared,साझा,,Pending,,
ui.shared.component.registry.7978f6d8,Shared component registry,साझा घटक रजिस्ट्री,,Pending,,
Shared components,Shared components,साझा घटक,,Pending,,
Shell,Shell,ऐप इंटरफ़ेस,,Pending,,
menu.hr.shift-roster.label,Shift Roster,पाली सूची,,Pending,,
menu.library.shortcut-manager.label,Shortcut Manager,शॉर्टकट प्रबंधक,,Pending,,
Shortcuts,Shortcuts,शॉर्टकट,,Pending,,
ui.show.discoverable.key.combinations.10b3f148,Show discoverable key combinations,उपलब्ध कुंजी संयोजन दिखाएँ,,Pending,,
ui.show.seconds.f516b99a,Show seconds,सेकंड दिखाएँ,,Pending,,
Show this document beside the last one,Show this document beside the last one,यह दस्तावेज़ पिछले के साथ दिखाएँ,,Pending,,
Showing,Showing,दिखा रहा है,,Pending,,
ui.showing.7282e1fb,Showing ,दिखा रहा है ,,Pending,,
ui.showing.every.section.matching.f4d5fda7,Showing every section matching “,इनसे मिलते सभी अनुभाग: “,,Pending,,
ui.shown.when.clicking.a.result.row.07e0ad52,Shown when clicking a result row,परिणाम पंक्ति क्लिक करने पर दिखता है,,Pending,,
Sick contacts,Sick contacts,बीमारों से संपर्क,,Pending,,
ui.sidebar.f7efa7bc,Sidebar,साइडबार,,Pending,,
ui.sidebar.expands.on.347cb405,Sidebar expands on,साइडबार विस्तार का तरीका,,Pending,,
ui.sidebar.opens.on.keyboard.focus.453d8c98,Sidebar opens on keyboard focus,कीबोर्ड फ़ोकस पर साइडबार खुलता है,,Pending,,
ui.sidebar.pinned.open.8e3b90f7,Sidebar pinned open,साइडबार खुला पिन किया,,Pending,,
ui.sidebar.position.7b4c80ca,Sidebar position,साइडबार स्थान,,Pending,,
ui.sidebar.theme.f7427d59,Sidebar theme,साइडबार थीम,,Pending,,
ui.sidebar.tone.42a1c3de,Sidebar tone,साइडबार रंग शैली,,Pending,,
Sign blocked,Sign blocked,हस्ताक्षर रोका गया,,Pending,,
ui.sign.in.bfd402b2,Sign in,साइन इन,,Pending,,
Sign in again to continue. Anything unsaved is still on this screen.,Sign in again to continue. Anything unsaved is still on this screen.,जारी रखने के लिए फिर साइन इन करें। बिना सहेजा काम स्क्रीन पर है।,,Pending,,
ui.sign.in.again.then.open.the.link.a.second.time.9ecefe43,"Sign in again, then open the link a second time.",फिर साइन इन करके लिंक दोबारा खोलें।,,Pending,,
ui.sign.in.to.your.workspace.a49b670e,Sign in to your workspace,अपने कार्यक्षेत्र में साइन इन करें,,Pending,,
ui.sign.out.48f0d3d3,Sign out,साइन आउट,,Pending,,
Signed contract,Signed contract,हस्ताक्षरित अनुबंध,,Pending,,
Signed in as,Signed in as,साइन इन किया है,,Pending,,
Signed notes are versioned; corrections are addenda,Signed notes are versioned; corrections are addenda,हस्ताक्षरित टिप्पणियों के संस्करण हैं; सुधार परिशिष्ट हैं,,Pending,,
Signed out,Signed out,साइन आउट हुआ,,Pending,,
"Significance, trend, correlation, next investigation.","Significance, trend, correlation, next investigation.","महत्त्व, रुझान, संबंध, अगली जाँच।",,Pending,,
Signs of congestion,Signs of congestion,संकुलन के संकेत,,Pending,,
Single schema source,Single schema source,एक स्कीमा स्रोत,,Pending,,
field.user.sso.label,Single sign-on account,एकल साइन ऑन खाता,,Pending,,
Site and laterality,Site and laterality,स्थान और पक्ष,,Pending,,
Skin and wound,Skin and wound,त्वचा और घाव,,Pending,,
Skin temperature,Skin temperature,त्वचा तापमान,,Pending,,
ui.skip.delivery.when.the.filtered.result.is.empty.8d7b6625,Skip delivery when the filtered result is empty.,फ़िल्टर परिणाम खाली होने पर वितरण छोड़ें।,,Pending,,
Sleep,Sleep,नींद,,Pending,,
Slow-moving stock,Slow-moving stock,धीमा चलने वाला स्टॉक,,Pending,,
"Smart — every word, anywhere in the row","Smart — every word, anywhere in the row","स्मार्ट — हर शब्द, पंक्ति में कहीं भी",,Pending,,
Soft modern workspace,Soft modern workspace,सौम्य आधुनिक कार्यक्षेत्र,,Pending,,
Solid — filled with its colour,Solid — filled with its colour,ठोस — अपने रंग से भरा,,Pending,,
ui.some.reference.lists.could.not.be.loaded.e9a89fdf,Some reference lists could not be loaded.,कुछ संदर्भ सूचियाँ लोड नहीं हुईं।,,Pending,,
api.message.cc80e385e722,Someone changed this while you were editing.,आपके संपादन के दौरान किसी और ने इसे बदल दिया।,,Pending,,
Someone updated this while you were working. Reload to see their version before saving yours.,Someone updated this while you were working. Reload to see their version before saving yours.,काम करते समय किसी और ने बदला। अपना संस्करण सहेजने से पहले उनका देखने फिर लोड करें।,,Pending,,
Something went wrong,Something went wrong,कुछ गलत हुआ,,Pending,,
ui.sortable.report.result.grouped.by.branch.a1f1584f,Sortable report result • grouped by branch,क्रमबद्ध रिपोर्ट परिणाम • शाखा अनुसार समूहित,,Pending,,
ui.source.0e570ca6,Source,स्रोत,,Pending,,
Source of history,Source of history,इतिहास स्रोत,,Pending,,
Spacious,Spacious,खुला,,Pending,,
field.consultation.specialty.label,Specialty,विशेषज्ञता,,Pending,,
Speculum if indicated,Speculum if indicated,संकेत होने पर स्पेकुलम,,Pending,,
Speech,Speech,वाणी,,Pending,,
Speech and mood,Speech and mood,वाक् और मनोदशा,,Pending,,
ui.speech.providers.34325dc3,Speech providers,वाक् सेवा प्रदाता,,Pending,,
Split entry,Split entry,विभाजित प्रविष्टि,,Pending,,
Split header and lines,Split header and lines,शीर्ष और पंक्तियाँ अलग,,Pending,,
Split payer,Split payer,विभाजित भुगतानकर्ता,,Pending,,
ui.split.view.915c438b,Split view,विभाजित दृश्य,,Pending,,
ui.split.with.the.last.document.6b550e05,Split with the last document,अंतिम दस्तावेज़ के साथ विभाजन,,Pending,,
ui.spreadsheet.studio.851de496,Spreadsheet Studio,स्प्रेडशीट स्टूडियो,,Pending,,
Stable,Stable,स्थिर,,Pending,,
Stable contracts,Stable contracts,स्थिर अनुबंध,,Pending,,
Stage {number} name,Stage {number} name,चरण {number} का नाम,,Pending,,
field.user.riskLevel.option.standard,Standard,मानक,,Pending,,
Standard adult context with age and sex rules where relevant.,Standard adult context with age and sex rules where relevant.,"मानक वयस्क संदर्भ, जहाँ प्रासंगिक आयु और लिंग नियम।",,Pending,,
Standard rated 5%,Standard rated 5%,मानक दर 5%,,Pending,,
ui.start.date.81696931,Start date,आरंभ तिथि,,Pending,,
ui.start.new.import.eabc7445,Start new import,नया आयात शुरू करें,,Pending,,
ui.start.on.b6089ce4,Start on,आरंभ पृष्ठ,,Pending,,
ui.start.recording.30756af0,Start recording,रिकॉर्डिंग शुरू करें,,Pending,,
ui.start.up.and.records.5cf466e0,Start-up and records,प्रारंभ और रिकॉर्ड,,Pending,,
Starts with — a cell begins with it,Starts with — a cell begins with it,से शुरू — सेल इसी से शुरू होता है,,Pending,,
State / Emirate,State / Emirate,राज्य / अमीरात,,Pending,,
ui.status.920e413c,Status,स्थिति,,Pending,,
menu.payroll.pay-compliance.label,Statutory,वैधानिक,,Pending,,
Statutory + voluntary,Statutory + voluntary,वैधानिक + स्वैच्छिक,,Pending,,
menu.payroll.statutory-report.label,Statutory Report,वैधानिक रिपोर्ट,,Pending,,
menu.payroll.statutory-master.label,Statutory Rule,वैधानिक नियम,,Pending,,
Step,Step,चरण,,Pending,,
ui.step.474a987f,Step ,चरण ,,Pending,,
ui.sticky.header.71a03535,Sticky header,स्थिर शीर्ष,,Pending,,
menu.supply.stock-adjustment.label,Stock Adjustment,स्टॉक समायोजन,,Pending,,
menu.supply.stock-aging.label,Stock Aging,स्टॉक आयु,,Pending,,
menu.supply.stock.label,Stock Operations,स्टॉक संचालन,,Pending,,
menu.supply.stock-transfer.label,Stock Transfer,स्टॉक हस्तांतरण,,Pending,,
menu.pharmacy.stock-turn-report.label,Stock Turn,स्टॉक आवर्तन,,Pending,,
Stock count variance cleared,Stock count variance cleared,स्टॉक गिनती अंतर निपटाया,,Pending,,
menu.pharmacy.stock-on-hand.label,Stock on Hand,उपलब्ध स्टॉक,,Pending,,
Stock-out risk,Stock-out risk,स्टॉक समाप्ति जोखिम,,Pending,,
Stock-outs,Stock-outs,स्टॉक समाप्ति,,Pending,,
Stockouts,Stockouts,स्टॉक समाप्ति,,Pending,,
ui.stop.cae7d57b,Stop,रोकें,,Pending,,
field.customer.segment.option.Strategic,Strategic,रणनीतिक,,Pending,,
Streamed to the speech gateway; audio is never stored,Streamed to the speech gateway; audio is never stored,वाक् गेटवे को स्ट्रीम; ऑडियो संग्रहित नहीं,,Pending,,
Strength,Strength,शक्ति,,Pending,,
Stroke and bleeding risk,Stroke and bleeding risk,स्ट्रोक और रक्तस्राव जोखिम,,Pending,,
Strong,Strong,मज़बूत,,Pending,,
Structured mental state with risk and safety assessment,Structured mental state with risk and safety assessment,जोखिम और सुरक्षा सहित संरचित मानसिक स्थिति,,Pending,,
Structured prompts plus clinician narrative,Structured prompts plus clinician narrative,संरचित प्रॉम्प्ट और चिकित्सक विवरण,,Pending,,
ui.style.7e744141,Style,शैली,,Pending,,
ui.submit.for.approval.beec6c10,Submit for approval,अनुमोदन के लिए भेजें,,Pending,,
Submit the current saved record for review? Save any form edits first.,Submit the current saved record for review? Save any form edits first.,वर्तमान सहेजा रिकॉर्ड समीक्षा के लिए भेजें? पहले फ़ॉर्म बदलाव सहेजें।,,Pending,,
Submitted for approval,Submitted for approval,अनुमोदन के लिए भेजा,,Pending,,
api.approval.submitted,Submitted for {stage},{stage} के लिए भेजा,,Pending,,
ui.submitted.once.and.not.kept.in.this.page.1a316320,Submitted once and not kept in this page.,"एक बार भेजा जाता है, इस पृष्ठ पर नहीं रखा जाता।",,Pending,,
Substance use,Substance use,पदार्थ सेवन,,Pending,,
Substance-use instrument,Substance-use instrument,पदार्थ सेवन उपकरण,,Pending,,
Subtotal,Subtotal,उप-योग,,Pending,,
ui.success.c88a0b90,Success,सफलता,,Pending,,
Suggest diagnosis codes,Suggest diagnosis codes,निदान कोड सुझाएँ,,Pending,,
Suggest orders,Suggest orders,आदेश सुझाएँ,,Pending,,
ui.suggest.with.ai.ee9ba75a,Suggest with AI,एआई से सुझाव,,Pending,,
ui.suggestions.only.nothing.is.added.until.you.click.it.and.362de738,"Suggestions only. Nothing is added until you click it, and a code the reply named that is not in this service's catalogue is dropped here rather than shown.","केवल सुझाव। क्लिक करने तक कुछ नहीं जुड़ता। उत्तर के कोड जो सेवा सूची में नहीं हैं, दिखाने के बजाय हटा दिए जाते हैं।",,Pending,,
ui.summarise.76a35d0a,Summarise,सारांश दें,,Pending,,
Summarise my unread,Summarise my unread,मेरे अपठित का सारांश,,Pending,,
Summarise selected records,Summarise selected records,चुने रिकॉर्ड का सारांश,,Pending,,
Summarise selection,Summarise selection,चयन का सारांश,,Pending,,
Summarise this encounter,Summarise this encounter,इस मुलाकात का सारांश,,Pending,,
Summarise this report,Summarise this report,इस रिपोर्ट का सारांश,,Pending,,
ui.summarise.unread.0781ed9e,Summarise unread,अपठित का सारांश,,Pending,,
"Summarises the clinical picture of this record — ward, diagnosis, length of stay and status. The patient's name is never sent.","Summarises the clinical picture of this record — ward, diagnosis, length of stay and status. The patient's name is never sent.","रिकॉर्ड का नैदानिक सारांश: वार्ड, निदान, ठहराव और स्थिति। रोगी नाम नहीं भेजा जाता।",,Pending,,
"Summarises the clinical records you have selected as a group — where the load is, and which look urgent. No names are sent.","Summarises the clinical records you have selected as a group — where the load is, and which look urgent. No names are sent.",चुने नैदानिक रिकॉर्ड का समूह सारांश: काम का भार और तात्कालिकता। नाम नहीं भेजे जाते।,,Pending,,
"Summarises the records you have selected, using only the columns currently visible.","Summarises the records you have selected, using only the columns currently visible.",केवल वर्तमान दिखते कॉलम से चुने रिकॉर्ड का सारांश देता है।,,Pending,,
Summary,Summary,सारांश,,Pending,,
column.supplier-fin-master.name.label,Supplier,आपूर्तिकर्ता,,Pending,,
menu.supply.supplier-contract.label,Supplier Contract,आपूर्तिकर्ता अनुबंध,,Pending,,
column.supplier-fin-master.id.label,Supplier ID,आपूर्तिकर्ता आईडी,,Pending,,
Supplier Master,Supplier Master,आपूर्तिकर्ता मास्टर,,Pending,,
Supplier OTIF,Supplier OTIF,आपूर्तिकर्ता समय और पूर्णता,,Pending,,
menu.supply.supplier-performance.label,Supplier Performance,आपूर्तिकर्ता प्रदर्शन,,Pending,,
Supplier certificate expired,Supplier certificate expired,आपूर्तिकर्ता प्रमाणपत्र समाप्त,,Pending,,
Supplier delay detected,Supplier delay detected,आपूर्तिकर्ता विलंब मिला,,Pending,,
module.supply.shortLabel,Supply,आपूर्ति,,Pending,,
module.supply.label,Supply Chain,आपूर्ति शृंखला,,Pending,,
page.supply-dashboard.title,Supply Chain Command Center,आपूर्ति शृंखला नियंत्रण केंद्र,,Pending,,
menu.supply.supply-dashboard.label,Supply Chain Dashboard,आपूर्ति शृंखला डैशबोर्ड,,Pending,,
menu.supply.supply-insights.label,Supply Insights,आपूर्ति अंतर्दृष्टि,,Pending,,
menu.supply.supply-queues.label,Supply Queues,आपूर्ति कतारें,,Pending,,
menu.supply.supply-settings.label,Supply Setup,आपूर्ति सेटअप,,Pending,,
Support,Support,सहायता,,Pending,,
Surgical scars,Surgical scars,शल्यक्रिया निशान,,Pending,,
ui.swap.the.panes.55e75080,Swap the panes,पैनल बदलें,,Pending,,
Swelling,Swelling,सूजन,,Pending,,
Swelling or bruising,Swelling or bruising,सूजन या चोट के निशान,,Pending,,
"Symbol — د.إ1,200","Symbol — د.إ1,200","चिह्न — د.إ1,200",,Pending,,
Symptom burden,Symptom burden,लक्षण भार,,Pending,,
Syncope or presyncope,Syncope or presyncope,बेहोशी या पूर्व बेहोशी,,Pending,,
System,System,सिस्टम,,Pending,,
System UI,System UI,सिस्टम यूआई,,Pending,,
Systems,Systems,प्रणालियाँ,,Pending,,
ui.tab.options.743b9c60,Tab options,टैब विकल्प,,Pending,,
Tabbed workspace,Tabbed workspace,टैब वाला कार्यक्षेत्र,,Pending,,
ui.tabbing.into.the.rail.expands.it.as.hovering.does.19219038,"Tabbing into the rail expands it, as hovering does",टैब से रेल में जाने पर होवर की तरह विस्तार होता है,,Pending,,
Table,Table,तालिका,,Pending,,
Table view,Table view,तालिका दृश्य,,Pending,,
ui.tables.e3fe2a3f,Tables,तालिकाएँ,,Pending,,
Tabs,Tabs,टैब,,Pending,,
field.hr-dashboard.tags.label,Tags,टैग,,Pending,,
Target 12 min,Target 12 min,लक्ष्य 12 मिनट,,Pending,,
Target 33.0%,Target 33.0%,लक्ष्य 33.0%,,Pending,,
Target 4.5,Target 4.5,लक्ष्य 4.5,,Pending,,
Target 95%,Target 95%,लक्ष्य 95%,,Pending,,
menu.sales.sales-targets.label,Target Setup,लक्ष्य सेटअप,,Pending,,
Tax,Tax,कर,,Pending,,
Tax %,Tax %,कर %,,Pending,,
Tax & Jurisdiction,Tax & Jurisdiction,कर और क्षेत्राधिकार,,Pending,,
Tax & compliance,Tax & compliance,कर और अनुपालन,,Pending,,
ui.tax.invoice.e6876b32,Tax Invoice,कर चालान,,Pending,,
menu.finance.tax-return.label,Tax Return,कर विवरणी,,Pending,,
Tax calculation,Tax calculation,कर गणना,,Pending,,
ui.tax.evidence.9931fd83,Tax evidence,कर साक्ष्य,,Pending,,
field.customer.taxExempt.label,Tax exempt,कर मुक्त,,Pending,,
ui.tax.invoice.preview.bb224ea0,Tax invoice preview,कर चालान पूर्वावलोकन,,Pending,,
ui.tax.jurisdiction.e332a82c,Tax jurisdiction,कर क्षेत्राधिकार,,Pending,,
ui.tax.note.0f0ab65f,Tax note,कर टिप्पणी,,Pending,,
ui.tax.registration.number.a706b6a0,Tax registration number,कर पंजीकरण संख्या,,Pending,,
Tax registration verified,Tax registration verified,कर पंजीकरण सत्यापित,,Pending,,
section.customer.tax.description,"Tax registration, jurisdiction and invoicing settings.","कर पंजीकरण, क्षेत्राधिकार और चालान सेटिंग।",,Pending,,
Tax threshold warning,Tax threshold warning,कर सीमा चेतावनी,,Pending,,
ui.tax.treatment.3d583bc9,Tax treatment,कर व्यवहार,,Pending,,
ui.tax.validated.78e6c997,Tax validated,कर सत्यापित,,Pending,,
Tax validation completed,Tax validation completed,कर सत्यापन पूर्ण,,Pending,,
ui.tax.credit.and.posting.checks.require.a.connected.busine.99159296,"Tax, credit and posting checks require a connected business service","कर, क्रेडिट और पोस्टिंग जाँच के लिए जुड़ी व्यावसायिक सेवा आवश्यक",,Pending,,
Taxable amount,Taxable amount,कर योग्य राशि,,Pending,,
menu.finance.tax-master.label,Taxation Master,कर मास्टर,,Pending,,
Technology,Technology,प्रौद्योगिकी,,Pending,,
Temperature,Temperature,तापमान,,Pending,,
field.consultation.temperature.label,Temperature (°C),तापमान (°C),,Pending,,
ui.tenant.e23969d2,Tenant,टेनेंट,,Pending,,
Tenderness,Tenderness,स्पर्श वेदना,,Pending,,
section.customer.credit.description,"Terms, limits and collection risk.","शर्तें, सीमाएँ और वसूली जोखिम।",,Pending,,
menu.sales.territory-master.label,Territory Master,क्षेत्र मास्टर,,Pending,,
ui.test.component.feedback.e618724b,Test component feedback,घटक प्रतिक्रिया जाँचें,,Pending,,
"Tests, documents, independent historian, independent interpretation, discussion with an external professional.","Tests, documents, independent historian, independent interpretation, discussion with an external professional.","परीक्षण, दस्तावेज़, स्वतंत्र इतिहास स्रोत, स्वतंत्र व्याख्या, बाहरी विशेषज्ञ से चर्चा।",,Pending,,
api.message.69f686226e9c,That does not look like a provider key.,यह प्रदाता की कुंजी जैसा नहीं है।,,Pending,,
That file is not a preferences export.,That file is not a preferences export.,यह प्राथमिकताओं का निर्यात फ़ाइल नहीं है।,,Pending,,
That record is not available,That record is not available,वह रिकॉर्ड उपलब्ध नहीं,,Pending,,
api.message.611f057aea7f,That record is not on this list.,यह रिकॉर्ड इस सूची में नहीं है।,,Pending,,
api.message.4957a3c56258,That related record was not found on the selected page.,चुने पृष्ठ पर संबंधित रिकॉर्ड नहीं मिला।,,Pending,,
api.message.eb8a7c7f7292,That saved view is not available.,वह सहेजा दृश्य उपलब्ध नहीं है।,,Pending,,
api.message.b2d5af196572,That worklist does not exist.,यह कार्यसूची मौजूद नहीं है।,,Pending,,
ui.the.b344d80e,The,यह,,Pending,,
The CSV contains an unclosed quoted cell.,The CSV contains an unclosed quoted cell.,CSV में बंद न किया उद्धृत सेल है।,,Pending,,
api.message.0d7e2d97e37d,The OpenAI speech credential is missing.,OpenAI वाणी क्रेडेंशियल नहीं है।,,Pending,,
ui.the.action.has.not.been.confirmed.ef061242,The action has not been confirmed.,कार्रवाई की पुष्टि नहीं हुई है।,,Pending,,
ui.the.base.url.dispatch.appends.chat.completions.9ba2af6c,The base URL. Dispatch appends /chat/completions.,मूल यूआरएल। भेजते समय /chat/completions जुड़ता है।,,Pending,,
The branch is 4.0% above budget and leads absolute growth.,The branch is 4.0% above budget and leads absolute growth.,शाखा बजट से 4.0% ऊपर और कुल वृद्धि में अग्रणी है।,,Pending,,
ui.the.change.is.awaiting.confirmation.ad7a6793,The change is awaiting confirmation.,बदलाव पुष्टि की प्रतीक्षा में है।,,Pending,,
section.consultation.assessment.description,The clinical conclusion and what happens next.,नैदानिक निष्कर्ष और आगे की कार्रवाई।,,Pending,,
ui.the.clock.in.the.header.9ff89254,The clock in the header.,शीर्ष पट्टी की घड़ी।,,Pending,,
The current module's dashboard,The current module's dashboard,वर्तमान मॉड्यूल का डैशबोर्ड,,Pending,,
The default worklist view has been restored.,The default worklist view has been restored.,डिफ़ॉल्ट कार्यसूची दृश्य बहाल हुआ।,,Pending,,
The edited worksheet was downloaded as an Excel file.,The edited worksheet was downloaded as an Excel file.,संपादित शीट Excel फ़ाइल के रूप में डाउनलोड हुई।,,Pending,,
ui.the.full.page.guide.the.component.library.and.the.develo.c84664a6,"The full page guide, the component library and the developer manual are one click away.","पूरा पृष्ठ गाइड, घटक लाइब्रेरी और डेवलपर मैनुअल एक क्लिक दूर हैं।",,Pending,,
"The gateway picks the lowest priority number that is enabled, supports the session language, and has a credential. A provider that is enabled but has no key is","The gateway picks the lowest priority number that is enabled, supports the session language, and has a credential. A provider that is enabled but has no key is",गेटवे सबसे कम प्राथमिकता संख्या वाला सक्षम प्रदाता चुनता है जो सत्र भाषा समर्थित करे और जिसकी कुंजी हो। सक्षम पर बिना कुंजी वाला प्रदाता,,Pending,,
ui.the.gateway.picks.the.lowest.priority.number.that.is.ena.1c2a2c84,"The gateway picks the lowest priority number that is enabled, supports the session language, and has a credential. A provider that is enabled but has no key is ",गेटवे सबसे कम प्राथमिकता संख्या वाला सक्षम प्रदाता चुनता है जो सत्र भाषा समर्थित करे और जिसकी कुंजी हो। सक्षम पर बिना कुंजी वाला प्रदाता ,,Pending,,
api.message.c5d68aa099de,The import definition is no longer available.,आयात परिभाषा अब उपलब्ध नहीं है।,,Pending,,
ui.the.item.will.be.removed.from.this.record.its.activity.e.16a42e63,The item will be removed from this record. Its activity entry will remain.,आइटम रिकॉर्ड से हटेगा। गतिविधि प्रविष्टि बनी रहेगी।,,Pending,,
The mock snapshot was prepared as CSV.,The mock snapshot was prepared as CSV.,नमूना स्नैपशॉट CSV के रूप में तैयार।,,Pending,,
api.message.d51b0ec57dae,The model ran out of output budget before answering.,उत्तर देने से पहले मॉडल की आउटपुट सीमा समाप्त हो गई।,,Pending,,
The page I last had open,The page I last had open,अंतिम खुला पृष्ठ,,Pending,,
The page could not finish loading. This is usually temporary.,The page could not finish loading. This is usually temporary.,पृष्ठ लोड पूरा नहीं हुआ। यह आमतौर पर अस्थायी है।,,Pending,,
api.message.188e13cb3e2d,The provider could not be reached.,प्रदाता से संपर्क नहीं हो सका।,,Pending,,
api.message.c1244747b419,The provider rejected the request.,प्रदाता ने अनुरोध अस्वीकार किया।,,Pending,,
api.message.933e49bdd239,The provider returned no text.,प्रदाता ने कोई पाठ नहीं लौटाया।,,Pending,,
The record service confirmed the save.,The record service confirmed the save.,रिकॉर्ड सेवा ने सहेजने की पुष्टि की।,,Pending,,
The record service confirmed the save. Posting is a separate workflow.,The record service confirmed the save. Posting is a separate workflow.,रिकॉर्ड सेवा ने सहेजने की पुष्टि की। पोस्टिंग अलग कार्यप्रवाह है।,,Pending,,
The record was routed to the configured approval workflow.,The record was routed to the configured approval workflow.,रिकॉर्ड निर्धारित अनुमोदन कार्यप्रवाह में भेजा गया।,,Pending,,
The selected mock action was started.,The selected mock action was started.,चुनी नमूना कार्रवाई शुरू हुई।,,Pending,,
The service was unavailable or another window changed the draft. Review it when reopening the record.,The service was unavailable or another window changed the draft. Review it when reopening the record.,सेवा अनुपलब्ध थी या दूसरी विंडो ने ड्राफ़्ट बदला। रिकॉर्ड दोबारा खोलते समय समीक्षा करें।,,Pending,,
The shared toast service handled this component action.,The shared toast service handled this component action.,साझा सूचना सेवा ने यह घटक कार्रवाई संभाली।,,Pending,,
ui.the.tax.invoice.workspace.0a0c5f0a,The tax invoice workspace.,कर चालान कार्यक्षेत्र।,,Pending,,
ui.the.top.bar.takes.the.same.palette.choices.as.the.rail.38e44156,The top bar takes the same palette choices as the rail.,शीर्ष पट्टी के रंग विकल्प रेल के समान हैं।,,Pending,,
ui.the.transcript.appears.here.as.it.is.spoken.419b964f,The transcript appears here as it is spoken.,बोलते समय प्रतिलेख यहाँ दिखता है।,,Pending,,
ui.the.workspace.asked.for.a.page.that.is.not.in.the.regist.b22d0973,The workspace asked for a page that is not in the registry.,कार्यक्षेत्र ने रजिस्ट्री में नहीं मौजूद पृष्ठ माँगा।,,Pending,,
ui.theme.efb52e71,Theme,थीम,,Pending,,
menu.library.theme-studio.label,Theme Studio,थीम स्टूडियो,,Pending,,
Theme token warning,Theme token warning,थीम टोकन चेतावनी,,Pending,,
Theme variants,Theme variants,थीम प्रकार,,Pending,,
ui.theme.aware.interactive.examples.fdb52b03,Theme-aware interactive examples,थीम अनुरूप इंटरैक्टिव उदाहरण,,Pending,,
Themes,Themes,थीम,,Pending,,
There is no messaging service behind this screen — the draft was discarded.,There is no messaging service behind this screen — the draft was discarded.,इस स्क्रीन से संदेश सेवा नहीं जुड़ी — ड्राफ़्ट छोड़ दिया गया।,,Pending,,
ui.they.will.be.excluded.from.this.worklist.records.that.ca.46f15d6e,They will be excluded from this worklist. Records that cannot be archived remain selected.,ये कार्यसूची से हटेंगे। संग्रहित न हो सकने वाले रिकॉर्ड चुने रहेंगे।,,Pending,,
ui.this.adapter.has.never.run.against.its.provider.in.this.ae3871c2,"This adapter has never run against its provider in this build. Treat anything below as illustrative, not as a transcript.","यह एडेप्टर इस बिल्ड में प्रदाता पर नहीं चला। नीचे की सामग्री उदाहरण है, प्रतिलेख नहीं।",,Pending,,
api.message.82bc3ebce796,This change requires an administrator.,इस बदलाव के लिए प्रशासक आवश्यक है।,,Pending,,
api.message.3a7e2a11ea57,This demo supports 100 links per record.,यह डेमो हर रिकॉर्ड पर 100 लिंक स्वीकार करता है।,,Pending,,
api.message.9abebc6b02ef,This demo supports 20 attachments per record.,यह डेमो हर रिकॉर्ड पर 20 संलग्नक स्वीकार करता है।,,Pending,,
api.message.b300d15ae4d4,This demo supports 200 comments per record.,यह डेमो हर रिकॉर्ड पर 200 टिप्पणियाँ स्वीकार करता है।,,Pending,,
ui.this.derives.a.level.from.what.is.already.documented.78e65b86,This derives a level from what is already documented.,यह पहले दर्ज सामग्री से स्तर निकालता है।,,Pending,,
This device,This device,यह डिवाइस,,Pending,,
ui.this.document.is.a.tax.invoice.issued.under.uae.vat.rule.fc5e9d6b,This document is a tax invoice issued under UAE VAT rules. Values are expressed in AED.,यह दस्तावेज़ यूएई वैट नियमों के अंतर्गत जारी कर चालान है। मान AED में हैं।,,Pending,,
This field is required.,This field is required.,यह फ़ील्ड आवश्यक है।,,Pending,,
api.message.2a46ded27457,This import identifier has already been used.,यह आयात पहचानकर्ता पहले उपयोग हो चुका है।,,Pending,,
This is a clinical use case. I confirm the fields above may be sent for record,This is a clinical use case. I confirm the fields above may be sent for record,यह नैदानिक उपयोग है। मैं पुष्टि करता हूँ कि ऊपर के फ़ील्ड इस रिकॉर्ड के लिए भेजे जा सकते हैं,,Pending,,
ui.this.is.a.clinical.use.case.i.confirm.the.fields.above.m.f472ba9e,This is a clinical use case. I confirm the fields above may be sent for record ,यह नैदानिक उपयोग है। मैं पुष्टि करता हूँ कि ऊपर के फ़ील्ड इस रिकॉर्ड के लिए भेजे जा सकते हैं ,,Pending,,
This is not available to your account. Someone with the right permission can open it for you.,This is not available to your account. Someone with the right permission can open it for you.,यह आपके खाते के लिए उपलब्ध नहीं। सही अनुमति वाला व्यक्ति खोल सकता है।,,Pending,,
ui.this.is.recorded.against.your.account.by.column.never.by.72dc14ba,"This is recorded against your account — by column, never by value.","यह आपके खाते पर कॉलम के अनुसार दर्ज होता है, मान के अनुसार नहीं।",,Pending,,
api.message.a446049a1732,This item has already been removed. Refresh the panel.,यह आइटम हट चुका है। पैनल रीफ़्रेश करें।,,Pending,,
api.message.e308d6ea7237,This operation identifier was already used.,यह कार्रवाई पहचानकर्ता पहले उपयोग हो चुका है।,,Pending,,
api.message.6f6495173490,This page does not have an import definition.,इस पृष्ठ के लिए आयात परिभाषा नहीं है।,,Pending,,
ui.this.page.is.not.configured.14f9dc66,This page is not configured,यह पृष्ठ कॉन्फ़िगर नहीं है,,Pending,,
"This record does not exist, or it has been removed.","This record does not exist, or it has been removed.",रिकॉर्ड मौजूद नहीं या हटा दिया गया है।,,Pending,,
api.message.9260fb90d50d,This record is already linked.,यह रिकॉर्ड पहले से जुड़ा है।,,Pending,,
api.message.ddd2b8b4d7bd,This saved version is already pending or approved.,यह सहेजा संस्करण पहले से लंबित या अनुमोदित है।,,Pending,,
This should only take a moment.,This should only take a moment.,इसमें बस कुछ पल लगेंगे।,,Pending,,
api.message.f4eb0cf1d3ff,This view changed in another window. Reload the list before trying again.,यह दृश्य दूसरी विंडो में बदल गया। दोबारा प्रयास से पहले सूची लोड करें।,,Pending,,
ui.this.view.is.not.available.13831e3f,This view is not available,यह दृश्य उपलब्ध नहीं,,Pending,,
ui.this.view.was.shared.with.people.who.have.a.different.pe.04f8e47d,This view was shared with people who have a different permission.,यह दृश्य अलग अनुमति वाले लोगों से साझा किया गया था।,,Pending,,
Thought,Thought,विचार,,Pending,,
"Three — 1,200.000","Three — 1,200.000","तीन — 1,200.000",,Pending,,
Thromboembolism risk,Thromboembolism risk,रक्त थक्का अवरोध जोखिम,,Pending,,
menu.hr.time.label,Time & Leave,समय और अवकाश,,Pending,,
ui.time.format.80d7dcf2,Time format,समय प्रारूप,,Pending,,
ui.time.zone.b9fe1464,Time zone,समय क्षेत्र,,Pending,,
To date,To date,अंत तिथि,,Pending,,
To my account,To my account,मेरे खाते में,,Pending,,
ui.toasts.dd399bac,Toasts,पॉपअप सूचनाएँ,,Pending,,
ui.tokens.per.day.7d000080,Tokens per day,प्रति दिन टोकन,,Pending,,
Tokens today · {day} UTC,Tokens today · {day} UTC,आज के टोकन · {day} UTC,,Pending,,
Top 50 suppliers,Top 50 suppliers,शीर्ष 50 आपूर्तिकर्ता,,Pending,,
Top center,Top center,ऊपर मध्य,,Pending,,
Top left,Top left,ऊपर बाएँ,,Pending,,
Top right,Top right,ऊपर दाएँ,,Pending,,
ui.total.c9b3c382,Total,कुल,,Pending,,
ui.total.time.on.the.date.of.the.encounter.minutes.da22cb02,Total time on the date of the encounter (minutes),मुलाकात की तिथि पर कुल समय (मिनट),,Pending,,
Totals,Totals,योग,,Pending,,
Tour,Tour,दौरा,,Pending,,
Trade name,Trade name,व्यापार नाम,,Pending,,
Transactions,Transactions,लेन-देन,,Pending,,
menu.hr.transfer.label,Transfer & Promotion,स्थानांतरण और पदोन्नति,,Pending,,
"Transition of care: reconciliation, unresolved issues, safety net.","Transition of care: reconciliation, unresolved issues, safety net.","देखभाल संक्रमण: मिलान, अनसुलझे मुद्दे, सुरक्षा योजना।",,Pending,,
Transition reconciliation,Transition reconciliation,संक्रमण मिलान,,Pending,,
Treatment response,Treatment response,उपचार प्रतिक्रिया,,Pending,,
Trend,Trend,रुझान,,Pending,,
ui.try.again.d8b8392e,Try again,फिर कोशिश करें,,Pending,,
Try changing the search or filters.,Try changing the search or filters.,खोज या फ़िल्टर बदलें।,,Pending,,
ui.trying.3ff51b0b,Trying…,कोशिश हो रही है…,,Pending,,
ui.turn.off.06f0e210,Turn off,बंद करें,,Pending,,
ui.twelve.month.trend.chart.5f2f7a5e,Twelve month trend chart,बारह महीने का रुझान चार्ट,,Pending,,
ui.twelve.month.operating.trend.fce298a1,Twelve-month operating trend,बारह महीने का संचालन रुझान,,Pending,,
Two or more self-limited; or one stable chronic; or one acute uncomplicated,Two or more self-limited; or one stable chronic; or one acute uncomplicated,दो या अधिक स्वतः सीमित; या एक स्थिर दीर्घकालिक; या एक तीव्र असंकीर्ण रोग,,Pending,,
"Two — 1,200.00","Two — 1,200.00","दो — 1,200.00",,Pending,,
Type,Type,प्रकार,,Pending,,
ui.type.068e513f,Type ,प्रकार ,,Pending,,
Type · Post-discharge,Type · Post-discharge,प्रकार · छुट्टी के बाद,,Pending,,
Type · Procedure,Type · Procedure,प्रकार · प्रक्रिया,,Pending,,
ui.typography.cab94aba,Typography,टाइपोग्राफ़ी,,Pending,,
UAE Enterprise,UAE Enterprise,यूएई उद्यम,,Pending,,
field.customer.jurisdiction.option.uae-federal,UAE Federal,यूएई संघीय,,Pending,,
UAE Federal VAT,UAE Federal VAT,यूएई संघीय वैट,,Pending,,
UAE VAT rules passed with no exceptions,UAE VAT rules passed with no exceptions,यूएई वैट नियम बिना अपवाद सफल,,Pending,,
menu.library.ui-primitives.label,UI Primitives,मूल यूआई घटक,,Pending,,
USD — US dollar,USD — US dollar,USD — अमेरिकी डॉलर,,Pending,,
USD • US Dollar,USD • US Dollar,USD • अमेरिकी डॉलर,,Pending,,
Undo navigation,Undo navigation,नेविगेशन पूर्ववत,,Pending,,
Unexpected text after a closing quote.,Unexpected text after a closing quote.,बंद उद्धरण के बाद अप्रत्याशित पाठ।,,Pending,,
ui.unfix.sidebar.fcdb31f7,Unfix sidebar,साइडबार स्थिरता हटाएँ,,Pending,,
Unit Cost,Unit Cost,इकाई लागत,,Pending,,
column.drug-master.unitCost.label,Unit cost,इकाई लागत,,Pending,,
menu.supply.uom-master.label,Unit of Measure,माप की इकाई,,Pending,,
Unit price,Unit price,इकाई मूल्य,,Pending,,
field.customer.country.option.AE,United Arab Emirates,संयुक्त अरब अमीरात,,Pending,,
field.customer.country.option.GB,United Kingdom,यूनाइटेड किंगडम,,Pending,,
api.message.0368f2f2c447,Unknown approval action.,अज्ञात अनुमोदन कार्रवाई।,,Pending,,
api.message.a973ef3ea081,Unknown credential scope.,अज्ञात क्रेडेंशियल दायरा।,,Pending,,
api.message.f5003afb7710,Unknown import operation.,अज्ञात आयात कार्रवाई।,,Pending,,
api.message.500eb14fd034,Unknown panel operation.,अज्ञात पैनल कार्रवाई।,,Pending,,
api.message.adbc9361826f,Unknown prompt.,अज्ञात प्रॉम्प्ट।,,Pending,,
api.message.72f49363c1ee,Unknown record panel.,अज्ञात रिकॉर्ड पैनल।,,Pending,,
api.message.4875fa0b83e1,Unknown record route.,अज्ञात रिकॉर्ड मार्ग।,,Pending,,
api.message.b0c9365a80bf,Unknown view operation.,अज्ञात दृश्य कार्रवाई।,,Pending,,
Unmapped default: {value},Unmapped default: {value},मैप न होने पर डिफ़ॉल्ट: {value},,Pending,,
Unposted journals,Unposted journals,पोस्ट नहीं किए जर्नल,,Pending,,
Unread only,Unread only,केवल अपठित,,Pending,,
ui.unread.8abefced,Unread · ,अपठित · ,,Pending,,
Unresolved issues,Unresolved issues,अनसुलझे मुद्दे,,Pending,,
ui.unsaved.changes.a710c2b9,Unsaved changes,बिना सहेजे बदलाव,,Pending,,
ui.unsaved.changes.recovery.pending.f83c324c,Unsaved changes · recovery pending,बिना सहेजे बदलाव · पुनर्प्राप्ति लंबित,,Pending,,
ui.unset.default.5201a8a8,Unset default,डिफ़ॉल्ट हटाएँ,,Pending,,
Unsigned clinical notes,Unsigned clinical notes,अहस्ताक्षरित नैदानिक टिप्पणियाँ,,Pending,,
api.message.55d7eb65faaa,Unsupported language.,यह भाषा समर्थित नहीं है।,,Pending,,
ui.unusual.combination.allowed.not.blocked.6e1c22ec,"Unusual combination — allowed, not blocked.","असामान्य संयोजन — अनुमत, अवरुद्ध नहीं।",,Pending,,
column.hr-dashboard.updated.label,Updated,अद्यतन,,Pending,,
ui.updated.recently.12065961,Updated recently,हाल ही में अद्यतन,,Pending,,
ui.updating.approvals.8c051f99,Updating approvals…,अनुमोदन अपडेट हो रहे हैं…,,Pending,,
ui.updating.views.e489ff72,Updating views…,दृश्य अपडेट हो रहे हैं…,,Pending,,
ui.upload.csv.file.032e2024,Upload CSV file,CSV फ़ाइल अपलोड करें,,Pending,,
ui.upload.csv.map.columns.review.validation.confirm.results.e725ed21,Upload CSV → map columns → review validation → confirm → results,CSV अपलोड → कॉलम मैप करें → जाँच की समीक्षा → पुष्टि → परिणाम,,Pending,,
field.consultation.acuity.option.Urgent,Urgent,तत्काल,,Pending,,
Urine output,Urine output,मूत्र मात्रा,,Pending,,
api.message.a122b81f1ee3,Use 1–5 named stages with at least one supported approver role.,नाम वाले 1–5 चरण और कम से कम एक समर्थित अनुमोदक भूमिका चुनें।,,Pending,,
"Use 1–80 unique, non-empty column headers.","Use 1–80 unique, non-empty column headers.","1–80 अनूठे, गैर-खाली कॉलम शीर्षक उपयोग करें।",,Pending,,
Use a number without currency symbols or grouping separators,Use a number without currency symbols or grouping separators,मुद्रा चिह्न या समूह विभाजक के बिना संख्या दें,,Pending,,
Use a valid date in YYYY-MM-DD format,Use a valid date in YYYY-MM-DD format,YYYY-MM-DD में मान्य तिथि दें,,Pending,,
Use case,Use case,उपयोग मामला,,Pending,,
ui.use.saved.version.a5955780,Use saved version,सहेजा संस्करण उपयोग करें,,Pending,,
"Use true/false, yes/no or 1/0","Use true/false, yes/no or 1/0","true/false, yes/no या 1/0 उपयोग करें",,Pending,,
column.user-master.name.label,User,उपयोगकर्ता,,Pending,,
column.user-master.id.label,User ID,उपयोगकर्ता आईडी,,Pending,,
menu.hr.user-master.label,User Master,उपयोगकर्ता मास्टर,,Pending,,
field.user.userCode.label,User code,उपयोगकर्ता कोड,,Pending,,
section.user.preferences.title,User defaults,उपयोगकर्ता डिफ़ॉल्ट,,Pending,,
ui.username.e3b89e9d,Username,उपयोगकर्ता नाम,,Pending,,
api.message.e0fd61be9310,Username or password is incorrect.,उपयोगकर्ता नाम या पासवर्ड गलत है।,,Pending,,
Using the patient-reported scale already in use.,Using the patient-reported scale already in use.,पहले से उपयोग में रोगी द्वारा बताई मापनी से।,,Pending,,
Using the validated tool configured for this service.,Using the validated tool configured for this service.,इस सेवा के लिए कॉन्फ़िगर सत्यापित उपकरण से।,,Pending,,
section.library.lib-tools.label,Utilities,उपकरण,,Pending,,
ui.utilization.dee34f53,Utilization,उपयोग,,Pending,,
ui.validate.40611abb,Validate,सत्यापित करें,,Pending,,
ui.validate.mapped.rows.ecc729da,Validate mapped rows,मैप की गई पंक्तियाँ जाँचें,,Pending,,
ui.validate.tax.at.posting.cd691d35,Validate tax at posting,पोस्टिंग पर कर सत्यापित करें,,Pending,,
Validating rows…,Validating rows…,पंक्तियाँ जाँची जा रही हैं…,,Pending,,
ui.validation.and.import.results.37168996,Validation and import results,जाँच और आयात परिणाम,,Pending,,
ui.validation.status.d7b6a8ce,Validation status,सत्यापन स्थिति,,Pending,,
ui.validation.approval.posting.and.delivery.history.cc846e31,"Validation, approval, posting and delivery history.","सत्यापन, अनुमोदन, पोस्टिंग और वितरण इतिहास।",,Pending,,
ui.validation.density.and.theme.are.inherited.80e13234,"Validation, density and theme are inherited.","सत्यापन, घनत्व और थीम साझा हैं।",,Pending,,
menu.supply.valuation-method.label,Valuation Method,मूल्यांकन विधि,,Pending,,
Values: {values},Values: {values},मान: {values},,Pending,,
Variance,Variance,अंतर,,Pending,,
"Variants, sizes, loading, icons and focus contract","Variants, sizes, loading, icons and focus contract","प्रकार, आकार, लोडिंग, आइकन और फ़ोकस व्यवहार",,Pending,,
ui.verify.eea2745e,Verify,जाँचें,,Pending,,
ui.verifying.and.removing.both.reach.the.provider.or.the.st.b63b3716,"Verifying and removing both reach the provider or the store, so both are audited and both count against the rate limit below. Removing cannot be undone from here — the old value is unreadable by design.","सत्यापन और हटाना प्रदाता या स्टोर तक पहुँचते हैं, इसलिए दोनों का ऑडिट और दर सीमा में हिसाब होता है। हटाना यहाँ पूर्ववत नहीं होता; पुराना मान पढ़ा नहीं जा सकता।",,Pending,,
ui.verifying.63bbd08c,Verifying…,जाँच हो रही है…,,Pending,,
Version,Version,संस्करण,,Pending,,
api.message.b54d5a8e0bd4,Version conflict.,संस्करण में टकराव।,,Pending,,
Vertical document,Vertical document,लंबवत दस्तावेज़,,Pending,,
Vertical sections,Vertical sections,लंबवत अनुभाग,,Pending,,
View,View,देखें,,Pending,,
ui.view.analysis.4d2cce36,View analysis,विश्लेषण देखें,,Pending,,
ui.view.audit.history.c6481351,View audit history,ऑडिट इतिहास देखें,,Pending,,
View name,View name,दृश्य का नाम,,Pending,,
api.message.498dd0882e44,View not available.,दृश्य उपलब्ध नहीं है।,,Pending,,
"View, Edit and New each get their own container.","View, Edit and New each get their own container.","देखें, संपादित करें और नया — प्रत्येक का अलग कंटेनर।",,Pending,,
ui.view.edit.and.new.records.bf236f03,"View, edit and new records","रिकॉर्ड देखें, संपादित करें और बनाएँ",,Pending,,
ui.view.1d016dda,View:,दृश्य:,,Pending,,
ui.visibility.is.filtered.by.your.current.role.branch.and.f.8c7ca791,"Visibility is filtered by your current role, branch and field-level permissions.","दृश्यता आपकी भूमिका, शाखा और फ़ील्ड अनुमतियों पर निर्भर है।",,Pending,,
ui.visible.and.editable.fields.can.be.controlled.by.role.br.a623600c,"Visible and editable fields can be controlled by role, branch and record state.","दिखने और संपादन योग्य फ़ील्ड भूमिका, शाखा और रिकॉर्ड स्थिति से नियंत्रित हो सकते हैं।",,Pending,,
menu.healthcare.vitals-worklist.label,Vitals & Observations,जीवन संकेत और अवलोकन,,Pending,,
Vitals and measurements,Vitals and measurements,जीवन संकेत और माप,,Pending,,
Volume,Volume,मात्रा,,Pending,,
column.patient-master.ward.label,Ward,वार्ड,,Pending,,
column.product-master.warehouse.label,Warehouse,गोदाम,,Pending,,
menu.supply.warehouse-master.label,Warehouse Master,गोदाम मास्टर,,Pending,,
Warm amber and clay,Warm amber and clay,गर्म अंबर और मिट्टी रंग,,Pending,,
Warm boardroom neutral,Warm boardroom neutral,गर्म तटस्थ बैठक रंग,,Pending,,
"Warm paper, low-glare accents","Warm paper, low-glare accents","गर्म कागज़, कम चकाचौंध रंग",,Pending,,
ui.warning.e981ddae,Warning,चेतावनी,,Pending,,
Warning signs,Warning signs,चेतावनी संकेत,,Pending,,
Watch,Watch,निगरानी,,Pending,,
Week to date,Week to date,सप्ताह अब तक,,Pending,,
Weekly,Weekly,साप्ताहिक,,Pending,,
Weight centile,Weight centile,वजन प्रतिशतक,,Pending,,
Weight-based medication review,Weight-based medication review,वजन आधारित दवा समीक्षा,,Pending,,
Weight-bearing ability,Weight-bearing ability,वजन सहने की क्षमता,,Pending,,
Weighted AED 41.8M,Weighted AED 41.8M,भारित AED 41.8M,,Pending,,
ui.welcome.back.66212495,Welcome back,वापसी पर स्वागत है,,Pending,,
Well-child and immunisation review,Well-child and immunisation review,स्वस्थ बाल और टीकाकरण समीक्षा,,Pending,,
Wellbeing and risk review,Wellbeing and risk review,कल्याण और जोखिम समीक्षा,,Pending,,
page.dispense-history.subtitle,"What has been dispensed, when and by whom.","क्या वितरित हुआ, कब और किसके द्वारा।",,Pending,,
ui.what.is.allowed.and.what.has.been.used.5a7bc7b9,"What is allowed, and what has been used.",क्या अनुमत है और कितना उपयोग हुआ।,,Pending,,
section.consultation.presentation.description,"What the patient came with, in their terms and yours.","रोगी की समस्या, उसके और आपके शब्दों में।",,Pending,,
Where a joint-specific instrument is configured.,Where a joint-specific instrument is configured.,जब जोड़ विशिष्ट उपकरण कॉन्फ़िगर हो।,,Pending,,
Where a perinatal screening workflow is configured.,Where a perinatal screening workflow is configured.,प्रसवकालीन स्क्रीनिंग कार्यप्रवाह कॉन्फ़िगर होने पर।,,Pending,,
Where anxiety assessment is clinically appropriate.,Where anxiety assessment is clinically appropriate.,जब चिंता मूल्यांकन नैदानिक रूप से उचित हो।,,Pending,,
Where configured for this setting and age band.,Where configured for this setting and age band.,इस व्यवस्था और आयु वर्ग के लिए कॉन्फ़िगर होने पर।,,Pending,,
ui.where.dispatch.sends.and.as.what.88c3fbaa,"Where dispatch sends, and as what.",अनुरोध कहाँ और किस मॉडल से भेजा जाता है।,,Pending,,
Where heart-failure symptom burden is being assessed.,Where heart-failure symptom burden is being assessed.,जब हृदय विफलता लक्षण भार आँका जा रहा हो।,,Pending,,
Where screening or monitoring is clinically appropriate.,Where screening or monitoring is clinically appropriate.,जब स्क्रीनिंग या निगरानी नैदानिक रूप से उचित हो।,,Pending,,
Where syncope or hypotension is part of the presentation.,Where syncope or hypotension is part of the presentation.,जब बेहोशी या निम्न रक्तचाप लक्षणों में हों।,,Pending,,
ui.where.they.appear.how.long.they.stay.and.how.they.look.t.45d90d6b,"Where they appear, how long they stay, and how they look. Try one below.","वे कहाँ, कितनी देर और कैसी दिखें। नीचे आज़माएँ।",,Pending,,
ui.where.you.land.and.how.records.open.966655be,"Where you land, and how records open.",आप कहाँ पहुँचें और रिकॉर्ड कैसे खुलें।,,Pending,,
ui.which.side.the.panel.slides.in.from.f9b767af,Which side the panel slides in from,पैनल किस तरफ़ से खुले,,Pending,,
section.consultation.encounter.description,"Who was seen, by whom, and under what cover.","किसे, किसने देखा और किस बीमा के अंतर्गत।",,Pending,,
Win rate,Win rate,जीत दर,,Pending,,
Within budget,Within budget,बजट के भीतर,,Pending,,
Wizard,Wizard,विज़ार्ड,,Pending,,
Work of breathing,Work of breathing,श्वसन प्रयास,,Pending,,
Workbook exported,Workbook exported,कार्यपुस्तिका निर्यात हुई,,Pending,,
Workbook imported,Workbook imported,कार्यपुस्तिका आयात हुई,,Pending,,
menu.hr.workforce-report.label,Workforce Analytics,कार्यबल विश्लेषिकी,,Pending,,
menu.hr.workforce.label,Workforce Events,कार्यबल घटनाएँ,,Pending,,
Worklist,Worklist,कार्यसूची,,Pending,,
ui.worklist.result.view.cf59af18,Worklist result view,कार्यसूची परिणाम दृश्य,,Pending,,
ui.worklist.tables.and.card.grids.5a500f4e,Worklist tables and card grids.,कार्यसूची तालिकाएँ और कार्ड ग्रिड।,,Pending,,
Worklists,Worklists,कार्य सूचियाँ,,Pending,,
ui.worklists.searching.filtering.previews.and.exports.92f2139f,"Worklists, searching, filtering, previews and exports.","कार्यसूची, खोज, फ़िल्टर, पूर्वावलोकन और निर्यात।",,Pending,,
Workspace,Workspace,कार्यक्षेत्र,,Pending,,
menu.library.workspace-tools.label,Workspace Tools,कार्यक्षेत्र उपकरण,,Pending,,
ui.workspace.and.organization.d397b4b0,Workspace and organization,कार्यक्षेत्र और संगठन,,Pending,,
Workspace tabs,Workspace tabs,कार्यक्षेत्र टैब,,Pending,,
ui.wrap.long.text.0815b2b6,Wrap long text,लंबा पाठ लपेटें,,Pending,,
ui.write.a.reply.182fe0aa,Write a reply…,जवाब लिखें…,,Pending,,
Write-only,Write-only,केवल लिखने योग्य,,Pending,,
ui.write.only.set.and.replaced.here.never.read.back.c6b23d5d,"Write-only — set and replaced here, never read back.","केवल लिखने योग्य — यहाँ सेट और बदलें, वापस पढ़ा नहीं जाता।",,Pending,,
"Write-only. The value is never returned by any endpoint, so it cannot be shown here or checked by eye — the last four characters and a fingerprint are what distinguish one key from another. Use","Write-only. The value is never returned by any endpoint, so it cannot be shown here or checked by eye — the last four characters and a fingerprint are what distinguish one key from another. Use","केवल लिखने योग्य। कोई एंडपॉइंट मान लौटाता नहीं, इसलिए यहाँ दिखाया या देखकर जाँचा नहीं जा सकता। अंतिम चार अक्षर और फ़िंगरप्रिंट कुंजियाँ अलग पहचानते हैं। उपयोग करें",,Pending,,
ui.write.only.the.value.is.never.returned.by.any.endpoint.s.b22264b9,"Write-only. The value is never returned by any endpoint, so it cannot be shown here or checked by eye — the last four characters and a fingerprint are what distinguish one key from another. Use ","केवल लिखने योग्य। कोई एंडपॉइंट मान लौटाता नहीं, इसलिए यहाँ दिखाया या देखकर जाँचा नहीं जा सकता। अंतिम चार अक्षर और फ़िंगरप्रिंट कुंजियाँ अलग पहचानते हैं। उपयोग करें ",,Pending,,
Year to date,Year to date,वर्ष अब तक,,Pending,,
ui.you.can.return.to.the.list.to.view.available.records.5482214b,You can return to the list to view available records.,उपलब्ध रिकॉर्ड देखने सूची पर लौटें।,,Pending,,
api.message.56965921d180,You cannot archive this record.,आप यह रिकॉर्ड संग्रहित नहीं कर सकते।,,Pending,,
"You typed ""{mine}"". It now says ""{theirs}"". Your change was not saved.","You typed ""{mine}"". It now says ""{theirs}"". Your change was not saved.","आपने ""{mine}"" लिखा था। अब ""{theirs}"" है। आपका बदलाव सहेजा नहीं गया।",,Pending,,
ui.your.account.does.not.have.access.to.this.page.e10366ba,Your account does not have access to this page.,आपके खाते को इस पृष्ठ की अनुमति नहीं है।,,Pending,,
ui.your.current.access.allows.reading.only.e3f1b863,Your current access allows reading only.,आपकी वर्तमान अनुमति केवल पढ़ने की है।,,Pending,,
ui.your.edits.1eaa375b,Your edits,आपके बदलाव,,Pending,,
ui.your.message.7a057bd9,Your message,आपका संदेश,,Pending,,
api.message.78430f3b7add,Your role cannot change record panels.,आपकी भूमिका को रिकॉर्ड पैनल बदलने की अनुमति नहीं है।,,Pending,,
api.message.7cfa1d1c6fe6,Your role cannot import records.,आपकी भूमिका को रिकॉर्ड आयात करने की अनुमति नहीं है।,,Pending,,
api.message.097943763f47,Your role cannot use approvals.,आपकी भूमिका को अनुमोदन उपयोग करने की अनुमति नहीं है।,,Pending,,
api.message.1970417725ab,Your session ended.,आपका सत्र समाप्त हुआ।,,Pending,,
Your session has ended,Your session has ended,आपका सत्र समाप्त हुआ,,Pending,,
ui.your.values.match.this.version.deecc49a,Your values match this version.,आपके मान इस संस्करण से मिलते हैं।,,Pending,,
ui.zebra.stripes.ad73773d,Zebra stripes,एकांतर पंक्ति रंग,,Pending,,
Zero rated,Zero rated,शून्य दर,,Pending,,
ago,ago,पहले,,Pending,,
an unidentified user,an unidentified user,अज्ञात उपयोगकर्ता,,Pending,,
an unknown role,an unknown role,अज्ञात भूमिका,,Pending,,
approve,approve,स्वीकृत,,Pending,,
approved,approved,स्वीकृत,,Pending,,
ui.by.decision.making.8638211d,by decision making,निर्णय के आधार पर,,Pending,,
ui.by.time.2af7b471,by time,समय के आधार पर,,Pending,,
ui.cannot.be.put.in.a.link.save.a.view.to.share.this.b838f347,cannot be put in a link. Save a view to share this.,लिंक में नहीं रखा जा सकता। साझा करने के लिए दृश्य सहेजें।,,Pending,,
captured,captured,दर्ज,,Pending,,
ui.carried.out.of.the.building.fe624e77,carried out of the building,भवन से बाहर ले जाया गया,,Pending,,
ui.changed.d67e2e94,changed,बदला,,Pending,,
changes-requested,changes-requested,बदलाव माँगे गए,,Pending,,
ui.clinical.98569e7e,clinical,नैदानिक,,Pending,,
clinical template,clinical template,नैदानिक टेम्पलेट,,Pending,,
combinations,combinations,संयोजन,,Pending,,
composed template,composed template,संयोजित टेम्पलेट,,Pending,,
ui.configured.20158224,configured,कॉन्फ़िगर किया,,Pending,,
ui.connecting.4b639453,connecting…,जुड़ रहा है…,,Pending,,
ui.data.rows.the.first.row.supplies.column.headers.7533f307,data rows. The first row supplies column headers.,डेटा पंक्तियाँ। पहली पंक्ति कॉलम शीर्षक देती है।,,Pending,,
days,days,दिन,,Pending,,
ui.defaults.in.use.9afc074e,defaults in use,डिफ़ॉल्ट उपयोग में,,Pending,,
ui.disabled.17eb3c01,disabled,अक्षम,,Pending,,
down,down,नीचे,,Pending,,
ui.enabled.fb9cf756,enabled,सक्षम,,Pending,,
ui.enterprise.admin.c90de4a1,enterprise-admin,उद्यम व्यवस्थापक,,Pending,,
ui.failed.5d28a90f,failed,विफल,,Pending,,
families,families,परिवार,,Pending,,
ui.field.c0d2856b,field,फ़ील्ड,,Pending,,
ui.fields.bfe5d697,fields,फ़ील्ड,,Pending,,
ui.filter.dfc3376b,filter,फ़िल्टर,,Pending,,
final segment,final segment,अंतिम खंड,,Pending,,
finance-manager,finance-manager,वित्त प्रबंधक,,Pending,,
for the commands available on this page.,for the commands available on this page.,इस पृष्ठ पर उपलब्ध कमांड के लिए।,,Pending,,
ui.forwarded.8e12cac1,forwarded,आगे भेजा,,Pending,,
gate. You will see exactly what is captured before anything is sent.,gate. You will see exactly what is captured before anything is sent.,। भेजने से पहले आप देखेंगे कि क्या दर्ज होगा।,,Pending,,
ui.healthy.87695fda,healthy,स्वस्थ,,Pending,,
ui.in.my.preferences.to.skip.this.prompt.0e1972b0,in My Preferences to skip this prompt.,"मेरी प्राथमिकताओं में, यह संदेश छोड़ने के लिए।",,Pending,,
invalid,invalid,अमान्य,,Pending,,
"is resolved server-side at dispatch and is never sent to a browser, so it cannot be read, replayed or edited from here — changing one is a server deployment.","is resolved server-side at dispatch and is never sent to a browser, so it cannot be read, replayed or edited from here — changing one is a server deployment.","भेजते समय सर्वर पर तय होता है और ब्राउज़र को नहीं भेजा जाता; यहाँ से पढ़ना, दोबारा चलाना या बदलना संभव नहीं। बदलाव के लिए सर्वर पर तैनाती चाहिए।",,Pending,,
is worth showing: 20 because someone chose 20 and 20 because nothing is configured look identical in the number alone.,is worth showing: 20 because someone chose 20 and 20 because nothing is configured look identical in the number alone.,दिखाना उपयोगी है: चुना गया 20 और सेटिंग न होने से आया 20 केवल संख्या से एक जैसे दिखते हैं।,,Pending,,
ui.it.is.outside.this.application.no.retention.rule.reaches.b3c815a5,"it is outside this application: no retention rule reaches it, and nobody is asked again when it is",यह अनुप्रयोग के बाहर है: प्रतिधारण नियम लागू नहीं होता और फिर नहीं पूछा जाता जब इसे,,Pending,,
ui.key.cbc3fdcb,key ····,कुंजी ····,,Pending,,
api.message.fbdc4d87103a,layout.columns must be an array.,layout.columns एक ऐरे होना चाहिए।,,Pending,,
left drawer,left drawer,बायाँ पैनल,,Pending,,
line items •,line items •,पंक्ति वस्तुएँ •,,Pending,,
messages,messages,संदेश,,Pending,,
min ·,min ·,मिनट ·,,Pending,,
ui.navigation.d70d5a79,navigation,नेविगेशन,,Pending,,
ui.never.6497e4b3,never,कभी नहीं,,Pending,,
ui.no.key.a199dc8c,no key,कुंजी नहीं,,Pending,,
ui.not.set.1aef9399,not set,सेट नहीं,,Pending,,
notifications,notifications,सूचनाएँ,,Pending,,
ui.of.28391d3b,of,में से,,Pending,,
open,open,खुला,,Pending,,
operational,operational,कार्यरत,,Pending,,
operations-analyst,operations-analyst,संचालन विश्लेषक,,Pending,,
ui.or.7175517a,or,या,,Pending,,
patient,patient,रोगी,,Pending,,
ui.paused.a7a9dc5b,paused,रुका हुआ,,Pending,,
pending,pending,लंबित,,Pending,,
ui.printed.dda3af6e,printed,प्रिंट किया,,Pending,,
ui.printout.c05892a2,printout,प्रिंट प्रति,,Pending,,
priority,priority,प्राथमिकता,,Pending,,
ui.priority.5f016d6d,priority ,प्राथमिकता ,,Pending,,
problem context,problem context,समस्या संदर्भ,,Pending,,
ui.records.a94e7bcf,records,रिकॉर्ड,,Pending,,
ui.redacted.b68919af,redacted,गोपित,,Pending,,
registered,registered,पंजीकृत,,Pending,,
reject,reject,अस्वीकार,,Pending,,
rejected,rejected,अस्वीकृत,,Pending,,
request-changes,request-changes,बदलाव माँगे,,Pending,,
ui.required.d0a36305,required,आवश्यक,,Pending,,
"required sections. This measures whether the note is filled in, not whether it is clinically sufficient — and it is not a billing indicator.","required sections. This measures whether the note is filled in, not whether it is clinically sufficient — and it is not a billing indicator.","आवश्यक अनुभाग। यह टिप्पणी भरी है या नहीं मापता है, नैदानिक पर्याप्तता नहीं; यह बिलिंग संकेतक भी नहीं है।",,Pending,,
resubmitted,resubmitted,फिर भेजा गया,,Pending,,
right drawer,right drawer,दायाँ पैनल,,Pending,,
risk layer,risk layer,जोखिम परत,,Pending,,
rows,rows,पंक्तियाँ,,Pending,,
ui.sections.4697ef32,sections,अनुभाग,,Pending,,
"sections, ordered core → type → specialty → complaint → context. Each names its layer.","sections, ordered core → type → specialty → complaint → context. Each names its layer.",अनुभाग: मूल → प्रकार → विशेषज्ञता → शिकायत → संदर्भ। प्रत्येक अपनी परत बताता है।,,Pending,,
ui.selected.d7cbbb68,selected,चयनित,,Pending,,
ui.skipped.not.attempted.59189ba9,"skipped, not attempted",प्रयास किए बिना छोड़ा,,Pending,,
ui.streaming.b304adc3,streaming,स्ट्रीमिंग,,Pending,,
submitted,submitted,भेजा गया,,Pending,,
ui.succeeded.5cbc2fb4,succeeded ·,सफल ·,,Pending,,
ui.success.aee40884,success,सफल,,Pending,,
ui.text.982d9e3e,text,पाठ,,Pending,,
ui.that.field.533d6c97,that field,वह फ़ील्ड,,Pending,,
this view,this view,यह दृश्य,,Pending,,
ui.those.fields.1ad330c4,those fields,वे फ़ील्ड,,Pending,,
to,to,से,,Pending,,
to find out whether it still works.,to find out whether it still works.,यह जाँचने के लिए कि अभी काम करता है।,,Pending,,
ui.total.time.not.by.counting.history.and.examination.bulle.4ca4c59a,"total time, not by counting history and examination bullets. US CPT guidance; it does not apply to this tenant's UAE billing.","कुल समय, इतिहास और परीक्षण बिंदुओं की गिनती नहीं। अमेरिकी CPT मार्गदर्शन; इस टेनेंट की यूएई बिलिंग पर लागू नहीं।",,Pending,,
"unavailable, so","unavailable, so","अनुपलब्ध, इसलिए",,Pending,,
unchanged,unchanged,अपरिवर्तित,,Pending,,
unknown,unknown,अज्ञात,,Pending,,
ui.unread.2cc1c371,unread,अपठित,,Pending,,
up,up,ऊपर,,Pending,,
visit intent,visit intent,मुलाकात का उद्देश्य,,Pending,,
vs previous period,vs previous period,पिछली अवधि की तुलना में,,Pending,,
ui.will.contain.8ae754fa,will contain,इसमें होगा,,Pending,,
will look empty. Other fields are unaffected.,will look empty. Other fields are unaffected.,खाली दिखेगा। दूसरे फ़ील्ड अप्रभावित हैं।,,Pending,,
ui.working.5aaf3b70,working…,काम चल रहा है…,,Pending,,
worklist,worklist,कार्यसूची,,Pending,,
{action} action,{action} action,{action} कार्रवाई,,Pending,,
{count} field captured,{count} field captured,दर्ज फ़ील्ड: {count},,Pending,,
{count} field need attention.,{count} field need attention.,ध्यान अपेक्षित फ़ील्ड: {count}।,,Pending,,
{count} fields captured,{count} fields captured,दर्ज फ़ील्ड: {count},,Pending,,
{count} fields need attention.,{count} fields need attention.,ध्यान अपेक्षित फ़ील्ड: {count}।,,Pending,,
{count} filter cannot be put in a link. Save a view to share this.,{count} filter cannot be put in a link. Save a view to share this.,लिंक में नहीं रखे जा सकने वाले फ़िल्टर: {count}। साझा करने के लिए दृश्य सहेजें।,,Pending,,
{count} filters cannot be put in a link. Save a view to share this.,{count} filters cannot be put in a link. Save a view to share this.,लिंक में नहीं रखे जा सकने वाले फ़िल्टर: {count}। साझा करने के लिए दृश्य सहेजें।,,Pending,,
{count} option,{count} option,विकल्प: {count},,Pending,,
{count} options,{count} options,विकल्प: {count},,Pending,,
{count} palettes. Each card is drawn with that theme's real tokens.,{count} palettes. Each card is drawn with that theme's real tokens.,{count} रंग पट्टियाँ। हर कार्ड उस थीम के वास्तविक डिज़ाइन मानों से बना है।,,Pending,,
{count} rows loaded into Spreadsheet Studio.,{count} rows loaded into Spreadsheet Studio.,स्प्रेडशीट स्टूडियो में लोड पंक्तियाँ: {count}।,,Pending,,
{decision} for {count} record(s)? Your comment will be added to each history.,{decision} for {count} record(s)? Your comment will be added to each history.,{count} रिकॉर्ड के लिए {decision}? आपकी टिप्पणी हर इतिहास में जुड़ेगी।,,Pending,,
{field} cannot be empty.,{field} cannot be empty.,{field} खाली नहीं हो सकता।,,Pending,,
{field} cannot be negative.,{field} cannot be negative.,{field} ऋणात्मक नहीं हो सकता।,,Pending,,
{field} is required,{field} is required,{field} आवश्यक है,,Pending,,
{field} must be a number,{field} must be a number,{field} एक संख्या होनी चाहिए,,Pending,,
{field} must be a number.,{field} must be a number.,{field} संख्या होनी चाहिए।,,Pending,,
{field} must be at least {value},{field} must be at least {value},{field} कम से कम {value} होना चाहिए,,Pending,,
{field} must be at most {value},{field} must be at most {value},{field} अधिकतम {value} होना चाहिए,,Pending,,
{field} was changed by someone else,{field} was changed by someone else,{field} किसी अन्य व्यक्ति ने बदल दिया,,Pending,,
{label} ({count} unread),{label} ({count} unread),{label} ({count} अपठित),,Pending,,
{percent}% favorable,{percent}% favorable,{percent}% अनुकूल,,Pending,,
{provider} key,{provider} key,{provider} कुंजी,,Pending,,
{report} completed using the selected filters.,{report} completed using the selected filters.,{report} चुने फ़िल्टर से पूर्ण हुआ।,,Pending,,
{report} will be delivered to {count} recipients.,{report} will be delivered to {count} recipients.,{report} के प्राप्तकर्ताओं की संख्या: {count}।,,Pending,,
ui.requested.by.83e44ed5,· Requested by,· अनुरोधकर्ता,,Pending,,
"· audio is streamed, never stored · the transcript is not saved until you use it","· audio is streamed, never stored · the transcript is not saved until you use it","· ऑडियो स्ट्रीम होता है, संग्रहित नहीं · उपयोग करने तक प्रतिलेख नहीं सहेजा जाता",,Pending,,
ui.tenant.b34b287f,· tenant,· टेनेंट,,Pending,,
— failing at call time would turn a configuration mistake into an outage in the middle of a consultation.,— failing at call time would turn a configuration mistake into an outage in the middle of a consultation.,— कॉल के समय विफलता सेटिंग की गलती को परामर्श के बीच व्यवधान बना देगी।,,Pending,,
ui.is.not.in.82f33b7f,” is not in,” इसमें नहीं है,,Pending,,
ui.clear.the.search.to.go.back.to.tabs.abb33ccd,”. Clear the search to go back to tabs.,”। टैब पर लौटने के लिए खोज साफ़ करें।,,Pending,,
ui.back.aceb696a,← Back,← वापस,,Pending,,
api.message.eda4913ca4aa,Approval unavailable.,अनुमोदन उपलब्ध नहीं है।,,Pending,,
api.message.8bdf033a7cbe,Approval changed. Refresh and review again.,अनुमोदन बदल गया। रीफ़्रेश करके फिर समीक्षा करें।,,Pending,,
api.message.4288840bf0c7,"Your role cannot decide this stage, or you are the requester.","आपकी भूमिका इस चरण का निर्णय नहीं ले सकती, या आप अनुरोधकर्ता हैं।",,Pending,,
api.message.edf9820feae1,Saved record changed. Ask the requester to resubmit it.,सहेजा रिकॉर्ड बदल गया। अनुरोधकर्ता से दोबारा भेजने को कहें।,,Pending,,
ui.components.cards,Cards and grids,कार्ड और ग्रिड,,Pending,,Shared component registry
ui.components.cards.help,"Card sections, footers and configurable grids","कार्ड अनुभाग, फ़ुटर और कॉन्फ़िगर करने योग्य ग्रिड",,Pending,,Shared component registry
ui.components.tables,Tables,तालिकाएँ,,Pending,,Shared component registry
ui.components.tables.help,"Shared table structure, density, stripes and sticky headers","साझा तालिका संरचना, घनत्व, वैकल्पिक पंक्ति रंग और स्थिर शीर्षक",,Pending,,Shared component registry
ui.components.dates,Date and time,दिनांक और समय,,Pending,,Shared component registry
ui.components.dates.help,"Calendar, date ranges and date/time inputs","कैलेंडर, दिनांक सीमाएँ और दिनांक/समय इनपुट",,Pending,,Shared component registry
ui.components.values,Data display,डेटा प्रदर्शन,,Pending,,Shared component registry
ui.components.values.help,Formatted values and labeled record details,स्वरूपित मान और लेबल वाले रिकॉर्ड विवरण,,Pending,,Shared component registry
Could not load language,Could not load language,भाषा लोड नहीं हो सकी,,Pending,,Engineering review follow-up
Your current language was kept. Please try again.,Your current language was kept. Please try again.,आपकी वर्तमान भाषा रखी गई है। कृपया फिर से कोशिश करें।,,Pending,,Engineering review follow-up
Use the eight costing-template column headers. Unknown or duplicate columns cannot be imported.,Use the eight costing-template column headers. Unknown or duplicate columns cannot be imported.,लागत टेम्पलेट के आठ कॉलम शीर्षक इस्तेमाल करें। अज्ञात या दोहराए गए कॉलम आयात नहीं किए जा सकते।,,Pending,,Engineering review follow-up
Import at most 500 costing rows.,Import at most 500 costing rows.,अधिकतम 500 लागत पंक्तियाँ आयात करें।,,Pending,,Engineering review follow-up
Values outside the costing-template columns cannot be imported.,Values outside the costing-template columns cannot be imported.,लागत टेम्पलेट के कॉलमों के बाहर के मान आयात नहीं किए जा सकते।,,Pending,,Engineering review follow-up
"Costing cells must contain text or finite numbers, up to 4000 characters.","Costing cells must contain text or finite numbers, up to 4000 characters.",लागत सेल में अधिकतम 4000 अक्षरों का पाठ या परिमित संख्याएँ होनी चाहिए।,,Pending,,Engineering review follow-up
Costing amounts must be non-negative numbers; percentages must be between 0 and 100.,Costing amounts must be non-negative numbers; percentages must be between 0 and 100.,लागत राशियाँ शून्य या सकारात्मक होनी चाहिए; प्रतिशत 0 और 100 के बीच होना चाहिए।,,Pending,,Engineering review follow-up
The costing export schema requires review before downloading.,The costing export schema requires review before downloading.,डाउनलोड करने से पहले लागत निर्यात स्कीमा की समीक्षा आवश्यक है।,,Pending,,Engineering review follow-up
The export could not be recorded. Please retry.,The export could not be recorded. Please retry.,निर्यात दर्ज नहीं किया जा सका। कृपया फिर से कोशिश करें।,,Pending,,Engineering review follow-up
Could not read workbook.,Could not read workbook.,कार्यपुस्तिका पढ़ी नहीं जा सकी।,,Pending,,Engineering review follow-up
api.security.3c964cd8b6e5,AI provider is not approved.,AI प्रदाता स्वीकृत नहीं है।,,Pending,,AI-authored; native review required
api.security.4dd9062361e3,Audit storage is unavailable.,ऑडिट संग्रह उपलब्ध नहीं है।,,Pending,,AI-authored; native review required
api.security.0c9544b75527,Origin is not allowed.,अनुरोध का स्रोत अनुमत नहीं है।,,Pending,,AI-authored; native review required
api.security.2eefa1d8b871,Report is not available for this account.,इस खाते के लिए रिपोर्ट उपलब्ध नहीं है।,,Pending,,AI-authored; native review required
api.security.e5df7a3f454a,"Check the schedule name, frequency and start time.","शेड्यूल का नाम, आवृत्ति और आरंभ समय जाँचें।",,Pending,,AI-authored; native review required
api.security.1abfc8632394,Report delivery is not ready.,रिपोर्ट वितरण के लिए तैयार नहीं है।,,Pending,,AI-authored; native review required
api.security.2dadd486ec63,Unknown report schedule action.,रिपोर्ट शेड्यूल की कार्रवाई अज्ञात है।,,Pending,,AI-authored; native review required
api.security.66db97bec1c7,Provider credential has expired. Rotate it before use.,प्रदाता की क्रेडेंशियल की अवधि समाप्त हो गई है। उपयोग से पहले बदलें।,,Pending,,AI-authored; native review required
api.security.44b095ad73e5,AI access is disabled for this request.,इस अनुरोध के लिए AI पहुँच बंद है।,,Pending,,AI-authored; native review required
api.security.f222b526aed8,AI context is not approved for this provider.,इस प्रदाता के लिए AI संदर्भ स्वीकृत नहीं है।,,Pending,,AI-authored; native review required
api.security.6cfc1a2964dc,Service is temporarily unavailable.,सेवा अस्थायी रूप से उपलब्ध नहीं है।,,Pending,,AI-authored; native review required
api.security.e45696f265e5,Clinical speech delivery requires an approved provider contract.,चिकित्सीय ऑडियो भेजने के लिए स्वीकृत प्रदाता अनुबंध आवश्यक है।,,Pending,,AI-authored; native review required
Report request failed.,Report request failed.,रिपोर्ट अनुरोध विफल हुआ।,,Pending,,AI-authored; native review required
Scheduled demo summaries are delivered here as CSV. Times use UTC. Email delivery is not configured.,Scheduled demo summaries are delivered here as CSV. Times use UTC. Email delivery is not configured.,शेड्यूल किए गए डेमो सारांश यहाँ CSV में मिलते हैं। समय UTC में है। ईमेल वितरण कॉन्फ़िगर नहीं है।,,Pending,,AI-authored; native review required
Delivery time (UTC),Delivery time (UTC),वितरण समय (UTC),,Pending,,AI-authored; native review required
Next run (UTC),Next run (UTC),अगला रन (UTC),,Pending,,AI-authored; native review required
Delivered reports are retained for 30 days. Failed deliveries retry automatically up to five times.,Delivered reports are retained for 30 days. Failed deliveries retry automatically up to five times.,वितरित रिपोर्ट 30 दिनों तक रखी जाती हैं। विफल वितरण के लिए स्वचालित रूप से अधिकतम पाँच प्रयास होते हैं।,,Pending,,AI-authored; native review required
Keyboard shortcuts,Keyboard shortcuts,कीबोर्ड शॉर्टकट,,Pending,,Tenant preference policy controls
Open records,Open records,रिकॉर्ड खोलें,,Pending,,Tenant preference policy controls
Loading skeletons,Loading skeletons,लोडिंग संकेत,,Pending,,Tenant preference policy controls
Preference policies,Preference policies,प्राथमिकता नीतियाँ,,Pending,,Tenant preference policy controls
Managed by your administrator,Managed by your administrator,आपके व्यवस्थापक द्वारा नियंत्रित,,Pending,,Tenant preference policy controls
Locked preferences were not changed.,Locked preferences were not changed.,लॉक की गई प्राथमिकताएँ नहीं बदली गईं।,,Pending,,Tenant preference policy controls
Set defaults and lock settings for everyone in this tenant and application. Unlocking restores personal choices.,Set defaults and lock settings for everyone in this tenant and application. Unlocking restores personal choices.,इस टेनेंट और ऐप के सभी उपयोगकर्ताओं के लिए डिफ़ॉल्ट तय करें और सेटिंग लॉक करें। अनलॉक करने पर निजी विकल्प वापस आते हैं।,,Pending,,Tenant preference policy controls
Could not load preference policy.,Could not load preference policy.,प्राथमिकता नीति लोड नहीं हो सकी।,,Pending,,Tenant preference policy controls
Could not save preference policy.,Could not save preference policy.,प्राथमिकता नीति सहेजी नहीं जा सकी।,,Pending,,Tenant preference policy controls
Preference policy changed. Reload before saving.,Preference policy changed. Reload before saving.,प्राथमिकता नीति बदल गई है। सहेजने से पहले फिर लोड करें।,,Pending,,Tenant preference policy controls
Preference policy saved.,Preference policy saved.,प्राथमिकता नीति सहेजी गई।,,Pending,,Tenant preference policy controls
Save policy,Save policy,नीति सहेजें,,Pending,,Tenant preference policy controls
Preference,Preference,प्राथमिकता,,Pending,,Tenant preference policy controls
Default or locked value,Default or locked value,डिफ़ॉल्ट या लॉक किया गया मान,,Pending,,Tenant preference policy controls
Use application default,Use application default,ऐप का डिफ़ॉल्ट उपयोग करें,,Pending,,Tenant preference policy controls
Policy history,Policy history,नीति इतिहास,,Pending,,Tenant preference policy controls
Reload preferences,Reload preferences,प्राथमिकताएँ फिर लोड करें,,Pending,,Tenant preference policy controls
Could not refresh preferences.,Could not refresh preferences.,प्राथमिकताएँ रीफ़्रेश नहीं हो सकीं।,,Pending,,Tenant preference policy controls
Could not save preferences. Retry your changes.,Could not save preferences. Retry your changes.,प्राथमिकताएँ सहेजी नहीं जा सकीं। बदलाव फिर आज़माएँ।,,Pending,,Tenant preference policy controls
Preferences changed. The current administrator policy has been applied.,Preferences changed. The current administrator policy has been applied.,प्राथमिकताएँ बदल गई हैं। व्यवस्थापक की वर्तमान नीति लागू की गई है।,,Pending,,Tenant preference policy controls
Only a tenant administrator can manage preference policies.,Only a tenant administrator can manage preference policies.,केवल टेनेंट व्यवस्थापक प्राथमिकता नीतियाँ प्रबंधित कर सकता है।,,Pending,,Tenant preference policy controls
Invalid preference policy.,Invalid preference policy.,प्राथमिकता नीति अमान्य है।,,Pending,,Tenant preference policy controls
Invalid preference values.,Invalid preference values.,प्राथमिकता के मान अमान्य हैं।,,Pending,,Tenant preference policy controls
This preference is managed by your administrator.,This preference is managed by your administrator.,यह प्राथमिकता आपके व्यवस्थापक द्वारा नियंत्रित है।,,Pending,,Tenant preference policy controls
Preferences changed in another session. Reload before saving.,Preferences changed in another session. Reload before saving.,प्राथमिकताएँ दूसरे सत्र में बदल गई हैं। सहेजने से पहले फिर लोड करें।,,Pending,,Tenant preference policy controls
preference.label.theme,Theme,थीम,,Pending,,Tenant preference policy controls
preference.label.formNavigation,Record form style,रिकॉर्ड फ़ॉर्म शैली,,Pending,,Tenant preference policy controls
preference.option.formNavigation.rail,Rail,साइड रेल,,Pending,,Tenant preference policy controls
preference.option.formNavigation.tabs,Tabs,टैब,,Pending,,Tenant preference policy controls
preference.option.formNavigation.wizard,Wizard,विज़ार्ड,,Pending,,Tenant preference policy controls
preference.label.resultView,Worklist result view,कार्यसूची परिणाम दृश्य,,Pending,,Tenant preference policy controls
preference.option.resultView.table,Table,तालिका,,Pending,,Tenant preference policy controls
preference.option.resultView.cards,Card grid,कार्ड ग्रिड,,Pending,,Tenant preference policy controls
preference.label.previewMode,Quick view style,त्वरित दृश्य शैली,,Pending,,Tenant preference policy controls
preference.option.previewMode.center-card,Centered record card,केंद्रित रिकॉर्ड कार्ड,,Pending,,Tenant preference policy controls
preference.option.previewMode.center-modal,Center modal,केंद्रीय संवाद,,Pending,,Tenant preference policy controls
preference.option.previewMode.left-drawer,Left side panel,बायाँ पैनल,,Pending,,Tenant preference policy controls
preference.option.previewMode.right-drawer,Right side panel,दायाँ पैनल,,Pending,,Tenant preference policy controls
preference.label.sidebarPlacement,Position,स्थिति,,Pending,,Tenant preference policy controls
preference.option.sidebarPlacement.left,Left,बाएँ,,Pending,,Tenant preference policy controls
preference.option.sidebarPlacement.right,Right,दाएँ,,Pending,,Tenant preference policy controls
preference.label.sidebarPinned,Pinned open,खुला पिन किया,,Pending,,Tenant preference policy controls
preference.label.density,Density,घनत्व,,Pending,,Tenant preference policy controls
preference.option.density.compact,Compact,कॉम्पैक्ट,,Pending,,Tenant preference policy controls
preference.option.density.comfortable,Comfortable,आरामदायक,,Pending,,Tenant preference policy controls
preference.option.density.spacious,Spacious,खुला,,Pending,,Tenant preference policy controls
preference.label.pageSize,Default rows per page,प्रति पृष्ठ डिफ़ॉल्ट पंक्तियाँ,,Pending,,Tenant preference policy controls
preference.option.pageSize.10,10,10,,Pending,,Tenant preference policy controls
preference.option.pageSize.20,20,20,,Pending,,Tenant preference policy controls
preference.option.pageSize.50,50,50,,Pending,,Tenant preference policy controls
preference.option.pageSize.100,100,100,,Pending,,Tenant preference policy controls
preference.label.fontFamily,Font family,फ़ॉन्ट परिवार,,Pending,,Tenant preference policy controls
preference.option.fontFamily.inter,Inter (default),Inter (डिफ़ॉल्ट),,Pending,,Tenant preference policy controls
preference.option.fontFamily.system,System UI,सिस्टम यूआई,,Pending,,Tenant preference policy controls
preference.option.fontFamily.georgia,Georgia (serif),Georgia (सेरिफ़),,Pending,,Tenant preference policy controls
preference.label.fontSizeBase,Base font size,मूल फ़ॉन्ट आकार,,Pending,,Tenant preference policy controls
preference.label.fontSizeForm,Form field size,फ़ॉर्म फ़ील्ड आकार,,Pending,,Tenant preference policy controls
preference.label.fontSizeResult,Result / table size,परिणाम / तालिका आकार,,Pending,,Tenant preference policy controls
preference.label.toastPosition,Position,स्थिति,,Pending,,Tenant preference policy controls
preference.option.toastPosition.top-left,Top left,ऊपर बाएँ,,Pending,,Tenant preference policy controls
preference.option.toastPosition.top-center,Top center,ऊपर मध्य,,Pending,,Tenant preference policy controls
preference.option.toastPosition.top-right,Top right,ऊपर दाएँ,,Pending,,Tenant preference policy controls
preference.option.toastPosition.bottom-left,Bottom left,नीचे बाएँ,,Pending,,Tenant preference policy controls
preference.option.toastPosition.bottom-center,Bottom center,नीचे मध्य,,Pending,,Tenant preference policy controls
preference.option.toastPosition.bottom-right,Bottom right,नीचे दाएँ,,Pending,,Tenant preference policy controls
preference.label.toastDuration,Duration,अवधि,,Pending,,Tenant preference policy controls
preference.option.toastDuration.2000,2 seconds,2 सेकंड,,Pending,,Tenant preference policy controls
preference.option.toastDuration.3500,3.5 seconds,3.5 सेकंड,,Pending,,Tenant preference policy controls
preference.option.toastDuration.5000,5 seconds,5 सेकंड,,Pending,,Tenant preference policy controls
preference.option.toastDuration.8000,8 seconds,8 सेकंड,,Pending,,Tenant preference policy controls
preference.label.toastStyle,Style,शैली,,Pending,,Tenant preference policy controls
preference.option.toastStyle.solid,Solid — filled with its colour,ठोस — अपने रंग से भरा,,Pending,,Tenant preference policy controls
preference.option.toastStyle.light,Light — tinted icon on a surface,हल्का — सतह पर रंगीन आइकन,,Pending,,Tenant preference policy controls
preference.label.helperEnabled,Help assistant button,सहायता सहायक बटन,,Pending,,Tenant preference policy controls
preference.label.documentationEnabled,Documentation panel on pages,पृष्ठों पर दस्तावेज़ पैनल,,Pending,,Tenant preference policy controls
preference.label.reducedMotion,Animations,एनिमेशन,,Pending,,Tenant preference policy controls
preference.label.language,Language,भाषा,,Pending,,Tenant preference policy controls
preference.option.language.en,English,अंग्रेज़ी,,Pending,,Tenant preference policy controls
preference.option.language.ar,Arabic,अरबी,,Pending,,Tenant preference policy controls
preference.option.language.hi,Hindi,हिन्दी,,Pending,,Tenant preference policy controls
preference.option.language.ml,Malayalam,मलयालम,,Pending,,Tenant preference policy controls
preference.label.billingLayout,Billing workspace layout,बिलिंग कार्यक्षेत्र लेआउट,,Pending,,Tenant preference policy controls
preference.option.billingLayout.workspace,Workspace tabs,कार्यक्षेत्र टैब,,Pending,,Tenant preference policy controls
preference.option.billingLayout.vertical,Vertical sections,लंबवत अनुभाग,,Pending,,Tenant preference policy controls
preference.option.billingLayout.split,Split header and lines,शीर्ष और पंक्तियाँ अलग,,Pending,,Tenant preference policy controls
preference.label.globalSearchMode,Search matching,खोज मिलान,,Pending,,Tenant preference policy controls
preference.option.globalSearchMode.contains,"Contains — the phrase, in any cell",शामिल है — किसी भी सेल में वाक्यांश,,Pending,,Tenant preference policy controls
preference.option.globalSearchMode.starts-with,Starts with — a cell begins with it,से शुरू — सेल इसी से शुरू होता है,,Pending,,Tenant preference policy controls
preference.option.globalSearchMode.smart,"Smart — every word, anywhere in the row","स्मार्ट — हर शब्द, पंक्ति में कहीं भी",,Pending,,Tenant preference policy controls
preference.label.rememberFilters,Remember filters and search,फ़िल्टर और खोज याद रखें,,Pending,,Tenant preference policy controls
preference.label.openRecordsInTabs,Open records in tabs,रिकॉर्ड टैब में खोलें,,Pending,,Tenant preference policy controls
preference.label.showKeyboardHints,Keyboard shortcut hints,कीबोर्ड शॉर्टकट संकेत,,Pending,,Tenant preference policy controls
preference.label.floatingWindows,Floating windows,फ़्लोटिंग विंडो,,Pending,,Tenant preference policy controls
preference.label.openRecordsIn,Open records,रिकॉर्ड खोलें,,Pending,,Tenant preference policy controls
preference.option.openRecordsIn.new-tab,Open records in a new tab,रिकॉर्ड नए टैब में खोलें,,Pending,,Tenant preference policy controls
preference.option.openRecordsIn.same-tab,Open records in place,रिकॉर्ड उसी स्थान पर खोलें,,Pending,,Tenant preference policy controls
preference.label.dateFormat,Date format,तारीख प्रारूप,,Pending,,Tenant preference policy controls
preference.option.dateFormat.iso,2026-09-03 — ISO,2026-09-03 — ISO प्रारूप,,Pending,,Tenant preference policy controls
preference.option.dateFormat.dmy,03/09/2026 — day first,03/09/2026 — दिन पहले,,Pending,,Tenant preference policy controls
preference.option.dateFormat.mdy,09/03/2026 — month first,09/03/2026 — महीना पहले,,Pending,,Tenant preference policy controls
preference.option.dateFormat.medium,03 Sep 2026,03 सितम्बर 2026,,Pending,,Tenant preference policy controls
preference.label.numberLocale,Number format,संख्या प्रारूप,,Pending,,Tenant preference policy controls
preference.option.numberLocale.en-US,"1,234,567.89","1,234,567.89",,Pending,,Tenant preference policy controls
preference.option.numberLocale.de-DE,"1.234.567,89","1.234.567,89",,Pending,,Tenant preference policy controls
preference.option.numberLocale.fr-FR,"1 234 567,89","1 234 567,89",,Pending,,Tenant preference policy controls
preference.option.numberLocale.en-IN,"12,34,567.89 — lakh/crore","12,34,567.89 — लाख/करोड़",,Pending,,Tenant preference policy controls
preference.label.currencyCode,Currency,मुद्रा,,Pending,,Tenant preference policy controls
preference.option.currencyCode.AED,AED — UAE dirham,AED — यूएई दिरहम,,Pending,,Tenant preference policy controls
preference.option.currencyCode.USD,USD — US dollar,USD — अमेरिकी डॉलर,,Pending,,Tenant preference policy controls
preference.option.currencyCode.EUR,EUR — Euro,EUR — यूरो,,Pending,,Tenant preference policy controls
preference.option.currencyCode.INR,INR — Indian rupee,INR — भारतीय रुपया,,Pending,,Tenant preference policy controls
preference.option.currencyCode.GBP,GBP — Pound sterling,GBP — पाउंड स्टर्लिंग,,Pending,,Tenant preference policy controls
preference.label.decimalPlaces,Decimal places,दशमलव स्थान,,Pending,,Tenant preference policy controls
preference.option.decimalPlaces.0,"None — 1,200","कोई नहीं — 1,200",,Pending,,Tenant preference policy controls
preference.option.decimalPlaces.2,"Two — 1,200.00","दो — 1,200.00",,Pending,,Tenant preference policy controls
preference.option.decimalPlaces.3,"Three — 1,200.000","तीन — 1,200.000",,Pending,,Tenant preference policy controls
preference.label.columnLayoutScope,Column layout is saved,कॉलम लेआउट सहेजा गया,,Pending,,Tenant preference policy controls
preference.option.columnLayoutScope.browser,For this browser only,केवल इस ब्राउज़र के लिए,,Pending,,Tenant preference policy controls
preference.option.columnLayoutScope.account,To my account,मेरे खाते में,,Pending,,Tenant preference policy controls
preference.label.sidebarExpandOn,Expands on,विस्तार का तरीका,,Pending,,Tenant preference policy controls
preference.option.sidebarExpandOn.hover,Hover,होवर,,Pending,,Tenant preference policy controls
preference.option.sidebarExpandOn.click,Click,क्लिक,,Pending,,Tenant preference policy controls
preference.label.sidebarFocusExpand,Opens on keyboard focus,कीबोर्ड फ़ोकस पर खुलता है,,Pending,,Tenant preference policy controls
preference.label.keyboardShortcuts,Keyboard shortcuts,कीबोर्ड शॉर्टकट,,Pending,,Tenant preference policy controls
preference.label.loadingSkeletons,Loading skeletons,लोडिंग संकेत,,Pending,,Tenant preference policy controls
preference.label.sidebarTone,Rail tone,रेल रंग शैली,,Pending,,Tenant preference policy controls
preference.option.sidebarTone.surface,Match,मिलान,,Pending,,Tenant preference policy controls
preference.option.sidebarTone.light,Light,हल्का,,Pending,,Tenant preference policy controls
preference.option.sidebarTone.contrast,Deep,गहरा,,Pending,,Tenant preference policy controls
preference.label.sidebarTheme,Rail theme,रेल थीम,,Pending,,Tenant preference policy controls
preference.option.sidebarTheme.match,Match the page theme,पृष्ठ थीम से मिलाएँ,,Pending,,Tenant preference policy controls
preference.label.headerTone,Bar tone,बार रंग शैली,,Pending,,Tenant preference policy controls
preference.option.headerTone.surface,Match,मिलान,,Pending,,Tenant preference policy controls
preference.option.headerTone.light,Light,हल्का,,Pending,,Tenant preference policy controls
preference.option.headerTone.contrast,Deep,गहरा,,Pending,,Tenant preference policy controls
preference.label.headerTheme,Bar theme,बार थीम,,Pending,,Tenant preference policy controls
preference.option.headerTheme.match,Match the page theme,पृष्ठ थीम से मिलाएँ,,Pending,,Tenant preference policy controls
preference.label.maxVisibleToasts,On screen at once,एक साथ स्क्रीन पर,,Pending,,Tenant preference policy controls
preference.option.maxVisibleToasts.1,1 — newest only,1 — केवल नवीनतम,,Pending,,Tenant preference policy controls
preference.option.maxVisibleToasts.3,3,3,,Pending,,Tenant preference policy controls
preference.option.maxVisibleToasts.5,5,5,,Pending,,Tenant preference policy controls
preference.label.timeFormat,Time format,समय प्रारूप,,Pending,,Tenant preference policy controls
preference.option.timeFormat.12h,12-hour — 2:30 PM,12 घंटे — 2:30 अपराह्न,,Pending,,Tenant preference policy controls
preference.option.timeFormat.24h,24-hour — 14:30,24 घंटे — 14:30,,Pending,,Tenant preference policy controls
preference.label.currencyDisplay,Currency shown as,मुद्रा का प्रदर्शन,,Pending,,Tenant preference policy controls
preference.option.currencyDisplay.symbol,"Symbol — د.إ1,200","चिह्न — د.إ1,200",,Pending,,Tenant preference policy controls
preference.option.currencyDisplay.code,"Code — AED 1,200","कोड — AED 1,200",,Pending,,Tenant preference policy controls
preference.option.currencyDisplay.none,"Number only — 1,200","केवल संख्या — 1,200",,Pending,,Tenant preference policy controls
preference.label.negativeStyle,Negative amounts,ऋणात्मक राशियाँ,,Pending,,Tenant preference policy controls
preference.option.negativeStyle.minus,"Minus sign — -1,200","ऋण चिह्न — -1,200",,Pending,,Tenant preference policy controls
preference.option.negativeStyle.parentheses,"Parentheses — (1,200)","कोष्ठक — (1,200)",,Pending,,Tenant preference policy controls
preference.label.cornerRadius,Corner radius,कोने की गोलाई,,Pending,,Tenant preference policy controls
preference.label.landingPage,Start on,आरंभ पृष्ठ,,Pending,,Tenant preference policy controls
preference.option.landingPage.last-visited,The page I last had open,अंतिम खुला पृष्ठ,,Pending,,Tenant preference policy controls
preference.option.landingPage.module-dashboard,The current module's dashboard,वर्तमान मॉड्यूल का डैशबोर्ड,,Pending,,Tenant preference policy controls
preference.label.stickyTableHeader,Sticky header,स्थिर शीर्ष,,Pending,,Tenant preference policy controls
preference.label.zebraStripes,Zebra stripes,एकांतर पंक्ति रंग,,Pending,,Tenant preference policy controls
preference.label.wrapCellText,Wrap long text,लंबा पाठ लपेटें,,Pending,,Tenant preference policy controls
preference.label.confirmBulkActions,Confirm bulk actions,सामूहिक कार्रवाइयों की पुष्टि,,Pending,,Tenant preference policy controls
preference.label.exportFormat,Export format,निर्यात प्रारूप,,Pending,,Tenant preference policy controls
preference.option.exportFormat.csv,CSV — opens anywhere,CSV — कहीं भी खुलता है,,Pending,,Tenant preference policy controls
preference.option.exportFormat.xlsx,Excel workbook (.xlsx),Excel कार्यपुस्तिका (.xlsx),,Pending,,Tenant preference policy controls
preference.label.clockSeconds,Show seconds,सेकंड दिखाएँ,,Pending,,Tenant preference policy controls
preference.label.clockZone,Time zone,समय क्षेत्र,,Pending,,Tenant preference policy controls
preference.option.clockZone.browser,This device,यह डिवाइस,,Pending,,Tenant preference policy controls
preference.option.clockZone.branch,Selected branch,चयनित शाखा,,Pending,,Tenant preference policy controls
preference.label.docsPosition,Documentation position,दस्तावेज़ स्थान,,Pending,,Tenant preference policy controls
preference.option.docsPosition.left,Left,बाएँ,,Pending,,Tenant preference policy controls
preference.option.docsPosition.right,Right,दाएँ,,Pending,,Tenant preference policy controls
Some content is shown in English.,Some content is shown in English.,कुछ सामग्री अंग्रेज़ी में दिखाई गई है।,,Pending,,Documentation Center UI
Invalid documentation request.,Invalid documentation request.,अमान्य दस्तावेज़ अनुरोध।,,Pending,,Documentation Center UI
What's new,What's new,नया क्या है,,Pending,,Documentation Center UI
Page is unavailable.,Page is unavailable.,पृष्ठ उपलब्ध नहीं है।,,Pending,,Documentation Center UI
Guide coverage,Guide coverage,मार्गदर्शिका कवरेज,,Pending,,Documentation Center UI
Could not load documentation.,Could not load documentation.,दस्तावेज़ लोड नहीं हो सके।,,Pending,,Documentation Center UI
Documentation version is unavailable.,Documentation version is unavailable.,दस्तावेज़ का संस्करण उपलब्ध नहीं है।,,Pending,,Documentation Center UI
Offline copy. Reconnect to check for updates.,Offline copy. Reconnect to check for updates.,ऑफ़लाइन प्रति। अपडेट जाँचने के लिए फिर जुड़ें।,,Pending,,Documentation Center UI
Read explanation,Read explanation,विवरण पढ़ें,,Pending,,Documentation Center UI
No published patches for this version.,No published patches for this version.,इस संस्करण के लिए कोई प्रकाशित पैच नहीं है।,,Pending,,Documentation Center UI
Troubleshooting,Troubleshooting,समस्या निवारण,,Pending,,Documentation Center UI
Documentation Center,Documentation Center,दस्तावेज़ केंद्र,,Pending,,Documentation Center UI
How to use this page,How to use this page,इस पृष्ठ का उपयोग कैसे करें,,Pending,,Documentation Center UI
Acknowledged,Acknowledged,पुष्टि की गई,,Pending,,Documentation Center UI
Translation review pending.,Translation review pending.,अनुवाद की समीक्षा लंबित है।,,Pending,,Documentation Center UI
Start tour,Start tour,टूर शुरू करें,,Pending,,Documentation Center UI
Purpose,Purpose,उद्देश्य,,Pending,,Documentation Center UI
Authored guides,Authored guides,लिखी गई मार्गदर्शिकाएँ,,Pending,,Documentation Center UI
Known issues,Known issues,ज्ञात समस्याएँ,,Pending,,Documentation Center UI
Patches,Patches,पैच,,Pending,,Documentation Center UI
Select a guide or release to read.,Select a guide or release to read.,पढ़ने के लिए मार्गदर्शिका या रिलीज़ चुनें।,,Pending,,Documentation Center UI
Change notice changed. Reload before continuing.,Change notice changed. Reload before continuing.,सूचना बदल गई है। आगे बढ़ने से पहले पुनः लोड करें।,,Pending,,Documentation Center UI
Search documentation,Search documentation,दस्तावेज़ खोजें,,Pending,,Documentation Center UI
"Page guides, releases, patches and changes.","Page guides, releases, patches and changes.","पृष्ठ मार्गदर्शिकाएँ, रिलीज़, पैच और बदलाव।",,Pending,,Documentation Center UI
Showing English for this document revision.,Showing English for this document revision.,दस्तावेज़ का यह संशोधन अंग्रेज़ी में दिखाया जा रहा है।,,Pending,,Documentation Center UI
Releases,Releases,रिलीज़,,Pending,,Documentation Center UI
Could not save reading status.,Could not save reading status.,पढ़ने की स्थिति सहेजी नहीं जा सकी।,,Pending,,Documentation Center UI
Reference guide; detailed workflow review pending.,Reference guide; detailed workflow review pending.,संदर्भ मार्गदर्शिका; विस्तृत कार्यप्रवाह समीक्षा लंबित है।,,Pending,,Documentation Center UI
I understand,I understand,मैं समझ गया/गई,,Pending,,Documentation Center UI
Change notice is unavailable.,Change notice is unavailable.,बदलाव सूचना उपलब्ध नहीं है।,,Pending,,Documentation Center UI
Page guides,Page guides,पृष्ठ मार्गदर्शिकाएँ,,Pending,,Documentation Center UI
Distinct from first set: an incident usually turns on when it last changed.,Distinct from first set: an incident usually turns on when it last changed.,पहली सेटिंग से अलग: घटना की जाँच में अंतिम बदलाव का समय महत्त्वपूर्ण है।,,Pending,,Sentinel monitoring
Error Monitor,Error Monitor,त्रुटि मॉनिटर,,Pending,,Sentinel monitoring
Review sanitized application incidents.,Review sanitized application incidents.,संवेदनशील जानकारी हटाकर ऐप की घटनाएँ देखें।,,Pending,,Sentinel monitoring
This page encountered an error. Please retry.,This page encountered an error. Please retry.,इस पृष्ठ में त्रुटि हुई। कृपया फिर प्रयास करें।,,Pending,,Sentinel monitoring
Invalid monitoring events.,Invalid monitoring events.,अमान्य निगरानी घटनाएँ।,,Pending,,Sentinel monitoring
Monitoring rate limit reached.,Monitoring rate limit reached.,निगरानी की दर सीमा पूरी हुई।,,Pending,,Sentinel monitoring
Monitoring administrator permission is required.,Monitoring administrator permission is required.,निगरानी प्रशासक की अनुमति आवश्यक है।,,Pending,,Sentinel monitoring
Invalid monitoring filter.,Invalid monitoring filter.,अमान्य निगरानी फ़िल्टर।,,Pending,,Sentinel monitoring
Monitoring incident is unavailable.,Monitoring incident is unavailable.,निगरानी घटना उपलब्ध नहीं है।,,Pending,,Sentinel monitoring
Invalid monitoring update.,Invalid monitoring update.,अमान्य निगरानी अपडेट।,,Pending,,Sentinel monitoring
Monitoring incident changed. Reload before saving.,Monitoring incident changed. Reload before saving.,घटना बदल गई है। सहेजने से पहले पुनः लोड करें।,,Pending,,Sentinel monitoring
Could not load monitoring incidents.,Could not load monitoring incidents.,निगरानी घटनाएँ लोड नहीं हो सकीं।,,Pending,,Sentinel monitoring
Could not update monitoring incident.,Could not update monitoring incident.,निगरानी घटना अपडेट नहीं हो सकी।,,Pending,,Sentinel monitoring
No incidents found.,No incidents found.,कोई घटना नहीं मिली।,,Pending,,Sentinel monitoring
Incident details,Incident details,घटना का विवरण,,Pending,,Sentinel monitoring
Incident reference,Incident reference,घटना संदर्भ,,Pending,,Sentinel monitoring
sentinel.status.new,New,नई,,Pending,,Sentinel monitoring
sentinel.status.investigating,Investigating,जाँच जारी,,Pending,,Sentinel monitoring
sentinel.status.resolved,Resolved,हल हो गई,,Pending,,Sentinel monitoring
sentinel.code.runtime-error,Runtime error,रनटाइम त्रुटि,,Pending,,Sentinel monitoring
sentinel.code.unhandled-rejection,Unhandled asynchronous failure,असंभाली असिंक्रोनस विफलता,,Pending,,Sentinel monitoring
sentinel.code.render-error,Page rendering error,पृष्ठ रेंडर त्रुटि,,Pending,,Sentinel monitoring
sentinel.code.request-failed,Service request failed,सेवा अनुरोध विफल,,Pending,,Sentinel monitoring
sentinel.code.request-timeout,Request timed out,अनुरोध का समय समाप्त,,Pending,,Sentinel monitoring
sentinel.code.operation-failed,Operation failed,कार्रवाई विफल,,Pending,,Sentinel monitoring
sentinel.code.native-command-failed,Native command failed,डेस्कटॉप कमांड विफल,,Pending,,Sentinel monitoring
sentinel.code.native-panic,Native application failure,मूल डेस्कटॉप ऐप विफलता,,Pending,,Sentinel monitoring
View details,View details,विवरण देखें,,Pending,,Sentinel monitoring
History,History,इतिहास,,Pending,,Sentinel monitoring
recovery.network,Check your connection. The result is not confirmed; check the record before starting a new operation.,अपना कनेक्शन जाँचें। परिणाम की पुष्टि नहीं हुई है; नया कार्य शुरू करने से पहले रिकॉर्ड जाँचें।,,Pending,,User-facing recovery; native-speaker review required
recovery.timeout,The service did not respond in time. The operation may have completed; retry the same action to check its result.,सेवा ने समय पर जवाब नहीं दिया। कार्य पूरा हो सकता है; परिणाम जाँचने के लिए वही कार्य फिर से आज़माएँ।,,Pending,,User-facing recovery; native-speaker review required
recovery.retained,Your values are still here. Keep this page open while recovering.,आपके मान यहीं सुरक्षित हैं। पुनर्प्राप्ति के दौरान यह पृष्ठ खुला रखें।,,Pending,,User-facing recovery; native-speaker review required
recovery.session,Sign in with the same account to continue with your unsaved work. Do not reload or close this window.,अपने बिना सहेजे काम को जारी रखने के लिए उसी खाते से साइन इन करें। इस विंडो को रीलोड या बंद न करें।,,Pending,,User-facing recovery; native-speaker review required
recovery.sameUser,Use the same account and access role to recover this work. Sign out to use a different account.,यह काम वापस पाने के लिए उसी खाते और भूमिका का उपयोग करें। दूसरा खाता उपयोग करने के लिए साइन आउट करें।,,Pending,,User-facing recovery; native-speaker review required
recovery.return,Return to page,पृष्ठ पर लौटें,,Pending,,User-facing recovery; native-speaker review required
recovery.discardSignOut,Discard unsaved work and sign out,बिना सहेजा काम छोड़ें और साइन आउट करें,,Pending,,User-facing recovery; native-speaker review required
recovery.discardConfirm,Discard the work kept in this window and sign out? Unsaved values may be lost.,इस विंडो में रखा काम छोड़कर साइन आउट करें? बिना सहेजे मान खो सकते हैं।,,Pending,,User-facing recovery; native-speaker review required
recovery.rateTitle,Too many requests,बहुत अधिक अनुरोध,,Pending,,User-facing recovery; native-speaker review required
recovery.rate,"Wait a moment, then retry the same action.","कुछ देर रुकें, फिर वही कार्य दोबारा आज़माएँ।",,Pending,,User-facing recovery; native-speaker review required
recovery.exportAudit,"The file was generated, but its audit entry was not confirmed. Retry records the audit only; it does not download another file.","फ़ाइल बन गई है, लेकिन ऑडिट प्रविष्टि की पुष्टि नहीं हुई। फिर से प्रयास करने पर केवल ऑडिट दर्ज होगा; दूसरी फ़ाइल डाउनलोड नहीं होगी।",,Pending,,User-facing recovery; native-speaker review required
recovery.resumeTitle,You are signed in again,आप फिर से साइन इन हैं,,Pending,,User-facing recovery; native-speaker review required
recovery.resume,Your work is still here. Retry the pending action when you are ready.,आपका काम यहीं है। तैयार होने पर लंबित कार्य फिर से आज़माएँ।,,Pending,,User-facing recovery; native-speaker review required
recovery.signInUnavailable,Sign-in is temporarily unavailable. Please try again.,साइन इन अभी उपलब्ध नहीं है। कृपया फिर से प्रयास करें।,,Pending,,User-facing recovery; native-speaker review required
recovery.signInFailed,Sign-in failed. Check your username and password.,साइन इन विफल हुआ। अपना उपयोगकर्ता नाम और पासवर्ड जाँचें।,,Pending,,User-facing recovery; native-speaker review required
recovery.exportTitle,The file could not be generated,फ़ाइल नहीं बन सकी,,Pending,,User-facing recovery; native-speaker review required
recovery.exportFailed,"Check your browser downloads, then retry if the file is missing. Your selected rows are unchanged.",ब्राउज़र के डाउनलोड जाँचें। फ़ाइल न मिले तो फिर से प्रयास करें। चुनी गई पंक्तियाँ नहीं बदली हैं।,,Pending,,User-facing recovery; native-speaker review required
 (full), (full), (पूर्ण),,Pending,,New shared catalog copy; native-speaker review required.
" (last {value0}, {value1})"," (last {value0}, {value1})"," (अंतिम {value0}, {value1})",,Pending,,New shared catalog copy; native-speaker review required.
 (you), (you), (आप),,Pending,,New shared catalog copy; native-speaker review required.
 from cache, from cache, कैश से,,Pending,,New shared catalog copy; native-speaker review required.
 · Account {value0} · Routing {value1}, · Account {value0} · Routing {value1}, · खाता {value0} · राउटिंग {value1},,Pending,,New shared catalog copy; native-speaker review required.
 · P H E L A R O T switch tools, · P H E L A R O T switch tools, · P H E L A R O T टूल बदलें,,Pending,,New shared catalog copy; native-speaker review required.
 · Today, · Today, · आज,,Pending,,New shared catalog copy; native-speaker review required.
 · click a period to edit, · click a period to edit, · संपादित करने के लिए किसी अवधि पर क्लिक करें,,Pending,,New shared catalog copy; native-speaker review required.
 · last paid {value0} via {value1}, · last paid {value0} via {value1}," · अंतिम भुगतान {value0}, {value1} के माध्यम से",,Pending,,New shared catalog copy; native-speaker review required.
 · use the bank details printed on your invoice, · use the bank details printed on your invoice, · अपने इनवॉइस पर छपे बैंक विवरण का उपयोग करें,,Pending,,New shared catalog copy; native-speaker review required.
 · ✅ you got it right, · ✅ you got it right, · ✅ आपका उत्तर सही है,,Pending,,New shared catalog copy; native-speaker review required.
 · ❌ not quite, · ❌ not quite, · ❌ बिल्कुल सही नहीं,,Pending,,New shared catalog copy; native-speaker review required.
% applies to the second child's tuition. Late payment attracts a,% applies to the second child's tuition. Late payment attracts a,% दूसरे बच्चे की फीस पर लागू होता है। देर से भुगतान पर जुर्माना लगेगा,,Pending,,New shared catalog copy; native-speaker review required.
% occupancy,% occupancy,% अधिभोग,,Pending,,New shared catalog copy; native-speaker review required.
's team,'s team, की टीम,,Pending,,New shared catalog copy; native-speaker review required.
(max,(max,(अधिकतम,,Pending,,New shared catalog copy; native-speaker review required.
(you),(you),(आप),,Pending,,New shared catalog copy; native-speaker review required.
", SWIFT",", SWIFT",", SWIFT",,Pending,,New shared catalog copy; native-speaker review required.
", about {rows} rows",", about {rows} rows",", लगभग {rows} पंक्तियाँ",,Pending,,New shared catalog copy; native-speaker review required.
", and your {value0} class is live now.",", and your {value0} class is live now.",", और आपकी {value0} कक्षा अभी लाइव है।",,Pending,,New shared catalog copy; native-speaker review required.
", authorised signatory",", authorised signatory",", अधिकृत हस्ताक्षरकर्ता",,Pending,,New shared catalog copy; native-speaker review required.
", oldest due first",", oldest due first",", सबसे पुराना देय तिथि पहले",,Pending,,New shared catalog copy; native-speaker review required.
", roll",", roll",", रोल",,Pending,,New shared catalog copy; native-speaker review required.
", soonest due first",", soonest due first",", सबसे जल्द देय तिथि पहले",,Pending,,New shared catalog copy; native-speaker review required.
", {rows} rows",", {rows} rows",", {rows} पंक्तियाँ",,Pending,,New shared catalog copy; native-speaker review required.
. Check your camera and microphone before entering.,. Check your camera and microphone before entering.,. प्रवेश करने से पहले अपना कैमरा और माइक्रोफ़ोन जांच लें।,,Pending,,New shared catalog copy; native-speaker review required.
. You cannot undo this.,. You cannot undo this.,. आप इसे पूर्ववत नहीं कर सकते।,,Pending,,New shared catalog copy; native-speaker review required.
. Your,. Your,. आपका,,Pending,,New shared catalog copy; native-speaker review required.
"10+ characters with a capital, a number and a symbol","10+ characters with a capital, a number and a symbol","बड़े अक्षर, अंक और प्रतीक सहित 10+ वर्ण",,Pending,,New shared catalog copy; native-speaker review required.
1096 days is three years.,1096 days is three years.,1096 दिन तीन वर्ष के बराबर हैं।,,Pending,,New shared catalog copy; native-speaker review required.
14-day loans,14-day loans,14-दिन की उधारी,,Pending,,New shared catalog copy; native-speaker review required.
2-step,2-step,2-चरण,,Pending,,New shared catalog copy; native-speaker review required.
30-day readmissions,30-day readmissions,30-दिवसीय पुनः प्रवेश,,Pending,,New shared catalog copy; native-speaker review required.
? This cannot be undone.,? This cannot be undone.,? इसे पूर्ववत नहीं किया जा सकता।,,Pending,,New shared catalog copy; native-speaker review required.
A,A,A,,Pending,,New shared catalog copy; native-speaker review required.
"A key acts as you: same reports, branches and masking. Only reports with the API / BI action can be pulled.","A key acts as you: same reports, branches and masking. Only reports with the API / BI action can be pulled.","एक कुंजी आपकी तरह कार्य करती है: समान रिपोर्ट, शाखाएँ और मास्किंग। केवल API / BI क्रिया वाली रिपोर्ट ही खींची जा सकती हैं।",,Pending,,New shared catalog copy; native-speaker review required.
A production connector implements the source adapter against a read replica or warehouse and registers its datasets. Credentials belong in server-side configuration only.,A production connector implements the source adapter against a read replica or warehouse and registers its datasets. Credentials belong in server-side configuration only.,एक प्रोडक्शन कनेक्टर सोर्स एडेप्टर को रीड रेप्लिका या वेयरहाउस के विरुद्ध लागू करता है और अपने डेटासेट पंजीकृत करता है। क्रेडेंशियल केवल सर्वर-साइड कॉन्फ़िगरेशन में होने चाहिए।,,Pending,,New shared catalog copy; native-speaker review required.
A role default applies to everyone in the role unless they set a personal default.,A role default applies to everyone in the role unless they set a personal default.,"भूमिका डिफ़ॉल्ट, भूमिका के सभी लोगों पर लागू होता है जब तक कि वे व्यक्तिगत डिफ़ॉल्ट सेट न करें।",,Pending,,New shared catalog copy; native-speaker review required.
API / BI,API / BI,एपीआई / बिज़नेस इंटेलिजेंस,,Pending,,New shared catalog copy; native-speaker review required.
API and BI tools,API and BI tools,API और BI उपकरण,,Pending,,New shared catalog copy; native-speaker review required.
API keys and BI,API keys and BI,API कुंजियाँ और BI,,Pending,,New shared catalog copy; native-speaker review required.
AY 2027–28 intake,AY 2027–28 intake,शैक्षणिक वर्ष 2027-28 प्रवेश,,Pending,,New shared catalog copy; native-speaker review required.
About the report,About the report,रिपोर्ट के बारे में,,Pending,,New shared catalog copy; native-speaker review required.
Absence policy,Absence policy,अनुपस्थिति नीति,,Pending,,New shared catalog copy; native-speaker review required.
Absent,Absent,अनुपस्थित,,Pending,,New shared catalog copy; native-speaker review required.
Academic,Academic,शैक्षणिक,,Pending,,New shared catalog copy; native-speaker review required.
Academics,Academics,शिक्षा,,Pending,,New shared catalog copy; native-speaker review required.
Accept,Accept,स्वीकार करें,,Pending,,New shared catalog copy; native-speaker review required.
Accept email requests,Accept email requests,ईमेल अनुरोध स्वीकार करें,,Pending,,New shared catalog copy; native-speaker review required.
Account,Account,खाता,,Pending,,New shared catalog copy; native-speaker review required.
Account / IBAN,Account / IBAN,खाता / IBAN,,Pending,,New shared catalog copy; native-speaker review required.
Account groups and ledgers,Account groups and ledgers,खाता समूह और लेज़र,,Pending,,New shared catalog copy; native-speaker review required.
Account no.,Account no.,खाता संख्या,,Pending,,New shared catalog copy; native-speaker review required.
Account type,Account type,खाता प्रकार,,Pending,,New shared catalog copy; native-speaker review required.
Action,Action,कार्रवाई,,Pending,,New shared catalog copy; native-speaker review required.
Active sessions,Active sessions,सक्रिय सत्र,,Pending,,New shared catalog copy; native-speaker review required.
Active students,Active students,सक्रिय छात्र,,Pending,,New shared catalog copy; native-speaker review required.
Activity by department,Activity by department,विभाग के अनुसार गतिविधि,,Pending,,New shared catalog copy; native-speaker review required.
"Activity, capacity, diagnostics and quality.","Activity, capacity, diagnostics and quality.","गतिविधि, क्षमता, निदान और गुणवत्ता।",,Pending,,New shared catalog copy; native-speaker review required.
Actual,Actual,वास्तविक,,Pending,,New shared catalog copy; native-speaker review required.
Add a note for the requester (optional),Add a note for the requester (optional),अनुरोधकर्ता के लिए एक नोट जोड़ें (वैकल्पिक),,Pending,,New shared catalog copy; native-speaker review required.
Add an update or reply,Add an update or reply,एक अपडेट या उत्तर जोड़ें,,Pending,,New shared catalog copy; native-speaker review required.
Add at least one line before saving,Add at least one line before saving,सहेजने से पहले कम से कम एक पंक्ति जोड़ें,,Pending,,New shared catalog copy; native-speaker review required.
Add at least one line first,Add at least one line first,पहले कम से कम एक पंक्ति जोड़ें,,Pending,,New shared catalog copy; native-speaker review required.
Add book,Add book,पुस्तक जोड़ें,,Pending,,New shared catalog copy; native-speaker review required.
Add book to catalogue,Add book to catalogue,सूची में पुस्तक जोड़ें,,Pending,,New shared catalog copy; native-speaker review required.
Add calculated column,Add calculated column,गणना किया गया कॉलम जोड़ें,,Pending,,New shared catalog copy; native-speaker review required.
Add calendar event,Add calendar event,कैलेंडर इवेंट जोड़ें,,Pending,,New shared catalog copy; native-speaker review required.
Add child,Add child,बच्चा जोड़ें,,Pending,,New shared catalog copy; native-speaker review required.
Add class,Add class,कक्षा जोड़ें,,Pending,,New shared catalog copy; native-speaker review required.
Add class section,Add class section,कक्षा अनुभाग जोड़ें,,Pending,,New shared catalog copy; native-speaker review required.
"Add columns, then refresh the preview.","Add columns, then refresh the preview.","कॉलम जोड़ें, फिर पूर्वावलोकन ताज़ा करें।",,Pending,,New shared catalog copy; native-speaker review required.
Add event,Add event,इवेंट जोड़ें,,Pending,,New shared catalog copy; native-speaker review required.
Add measure,Add measure,माप जोड़ें,,Pending,,New shared catalog copy; native-speaker review required.
Add option,Add option,विकल्प जोड़ें,,Pending,,New shared catalog copy; native-speaker review required.
"Add optional columns, remove ones you do not need and set their order. Save a view to keep the layout.","Add optional columns, remove ones you do not need and set their order. Save a view to keep the layout.","वैकल्पिक कॉलम जोड़ें, जिनकी आवश्यकता नहीं है उन्हें हटाएँ और उनका क्रम सेट करें। लेआउट रखने के लिए एक व्यू सहेजें।",,Pending,,New shared catalog copy; native-speaker review required.
Add question,Add question,प्रश्न जोड़ें,,Pending,,New shared catalog copy; native-speaker review required.
Add subject,Add subject,विषय जोड़ें,,Pending,,New shared catalog copy; native-speaker review required.
Add the first one,Add the first one,पहला जोड़ें,,Pending,,New shared catalog copy; native-speaker review required.
Add top-level item,Add top-level item,शीर्ष-स्तरीय आइटम जोड़ें,,Pending,,New shared catalog copy; native-speaker review required.
Add under {value0},Add under {value0},{value0} के अंतर्गत जोड़ें,,Pending,,New shared catalog copy; native-speaker review required.
Add user,Add user,उपयोगकर्ता जोड़ें,,Pending,,New shared catalog copy; native-speaker review required.
Add widget,Add widget,विजेट जोड़ें,,Pending,,New shared catalog copy; native-speaker review required.
Administration,Administration,प्रशासन,,Pending,,New shared catalog copy; native-speaker review required.
Administrators always have every permission and every report. Assign this role sparingly.,Administrators always have every permission and every report. Assign this role sparingly.,प्रशासकों के पास हमेशा हर अनुमति और हर रिपोर्ट होती है। इस भूमिका को सोच-समझकर सौंपें।,,Pending,,New shared catalog copy; native-speaker review required.
"Administrators can test other senders, including unregistered ones.","Administrators can test other senders, including unregistered ones.","प्रशासक अन्य प्रेषकों का परीक्षण कर सकते हैं, जिनमें अपंजीकृत प्रेषक भी शामिल हैं।",,Pending,,New shared catalog copy; native-speaker review required.
Admission ID,Admission ID,भर्ती आईडी,,Pending,,New shared catalog copy; native-speaker review required.
Admission date,Admission date,प्रवेश तिथि,,Pending,,New shared catalog copy; native-speaker review required.
Admissions by discharge status.,Admissions by discharge status.,डिस्चार्ज स्थिति के अनुसार प्रवेश।,,Pending,,New shared catalog copy; native-speaker review required.
Admissions funnel,Admissions funnel,प्रवेश फ़नल,,Pending,,New shared catalog copy; native-speaker review required.
Admissions pipeline,Admissions pipeline,प्रवेश पाइपलाइन,,Pending,,New shared catalog copy; native-speaker review required.
Admissions register,Admissions register,प्रवेश रजिस्टर,,Pending,,New shared catalog copy; native-speaker review required.
"Admissions, average length of stay and average bill.","Admissions, average length of stay and average bill.","प्रवेश, ठहरने की औसत अवधि और औसत बिल।",,Pending,,New shared catalog copy; native-speaker review required.
Advance to,Advance to,आगे बढ़ें,,Pending,,New shared catalog copy; native-speaker review required.
Advanced filter,Advanced filter,उन्नत फ़िल्टर,,Pending,,New shared catalog copy; native-speaker review required.
After search and filters,After search and filters,खोज और फ़िल्टर के बाद,,Pending,,New shared catalog copy; native-speaker review required.
Again,Again,फिर से,,Pending,,New shared catalog copy; native-speaker review required.
Age,Age,आयु,,Pending,,New shared catalog copy; native-speaker review required.
Age bucket,Age bucket,आयु समूह,,Pending,,New shared catalog copy; native-speaker review required.
Aging bucket,Aging bucket,एजिंग बकेट,,Pending,,New shared catalog copy; native-speaker review required.
All actions: {title},All actions: {title},सभी कार्रवाइयाँ: {title},,Pending,,New shared catalog copy; native-speaker review required.
All areas,All areas,सभी क्षेत्र,,Pending,,New shared catalog copy; native-speaker review required.
All branches,All branches,सभी शाखाएँ,,Pending,,New shared catalog copy; native-speaker review required.
All categories,All categories,सभी श्रेणियाँ,,Pending,,New shared catalog copy; native-speaker review required.
All caught up,All caught up,सब कुछ पूरा हो गया,,Pending,,New shared catalog copy; native-speaker review required.
All classes,All classes,सभी कक्षाएँ,,Pending,,New shared catalog copy; native-speaker review required.
All columns are shown.,All columns are shown.,सभी कॉलम दिखाए गए हैं।,,Pending,,New shared catalog copy; native-speaker review required.
All copies out,All copies out,सभी प्रतियां जारी हैं,,Pending,,New shared catalog copy; native-speaker review required.
All custom reports,All custom reports,सभी कस्टम रिपोर्ट,,Pending,,New shared catalog copy; native-speaker review required.
All departments,All departments,सभी विभाग,,Pending,,New shared catalog copy; native-speaker review required.
All grades,All grades,सभी ग्रेड,,Pending,,New shared catalog copy; native-speaker review required.
All my reports,All my reports,मेरी सभी रिपोर्ट,,Pending,,New shared catalog copy; native-speaker review required.
All orders,All orders,सभी ऑर्डर,,Pending,,New shared catalog copy; native-speaker review required.
All periods,All periods,सभी अवधियाँ,,Pending,,New shared catalog copy; native-speaker review required.
All present,All present,सभी उपस्थित,,Pending,,New shared catalog copy; native-speaker review required.
All records,All records,सभी रिकॉर्ड,,Pending,,New shared catalog copy; native-speaker review required.
All terms,All terms,सभी टर्म,,Pending,,New shared catalog copy; native-speaker review required.
All types,All types,सभी प्रकार,,Pending,,New shared catalog copy; native-speaker review required.
All work,All work,सभी कार्य,,Pending,,New shared catalog copy; native-speaker review required.
All {parent} records,All {parent} records,सभी {parent} रिकॉर्ड,,Pending,,New shared catalog copy; native-speaker review required.
Allergies / alerts,Allergies / alerts,एलर्जी / अलर्ट,,Pending,,New shared catalog copy; native-speaker review required.
Allow negative stock,Allow negative stock,नकारात्मक स्टॉक की अनुमति दें,,Pending,,New shared catalog copy; native-speaker review required.
Allow-listed HTTPS endpoint with server-side token and row limits.,Allow-listed HTTPS endpoint with server-side token and row limits.,अनुमति-सूचीबद्ध HTTPS एंडपॉइंट जिसमें सर्वर-साइड टोकन और पंक्ति सीमाएँ हैं।,,Pending,,New shared catalog copy; native-speaker review required.
Allowed recipient domains,Allowed recipient domains,अनुमत प्राप्तकर्ता डोमेन,,Pending,,New shared catalog copy; native-speaker review required.
Also waiting from,Also waiting from,इससे भी प्रतीक्षारत,,Pending,,New shared catalog copy; native-speaker review required.
Amount ({value0}),Amount ({value0}),राशि ({value0}),,Pending,,New shared catalog copy; native-speaker review required.
Amount in words,Amount in words,शब्दों में राशि,,Pending,,New shared catalog copy; native-speaker review required.
Answer locked in. Waiting for the teacher to reveal…,Answer locked in. Waiting for the teacher to reveal…,उत्तर लॉक कर दिया गया है। शिक्षक द्वारा प्रकट किए जाने की प्रतीक्षा है…,,Pending,,New shared catalog copy; native-speaker review required.
Answer review,Answer review,उत्तर समीक्षा,,Pending,,New shared catalog copy; native-speaker review required.
Answer:,Answer:,उत्तर:,,Pending,,New shared catalog copy; native-speaker review required.
Answered,Answered,उत्तर दिया गया,,Pending,,New shared catalog copy; native-speaker review required.
Any,Any,कोई भी,,Pending,,New shared catalog copy; native-speaker review required.
Any fees,Any fees,कोई भी शुल्क,,Pending,,New shared catalog copy; native-speaker review required.
Any gender,Any gender,कोई भी लिंग,,Pending,,New shared catalog copy; native-speaker review required.
Any priority,Any priority,कोई भी प्राथमिकता,,Pending,,New shared catalog copy; native-speaker review required.
Any status,Any status,कोई भी स्थिति,,Pending,,New shared catalog copy; native-speaker review required.
Any type,Any type,कोई भी प्रकार,,Pending,,New shared catalog copy; native-speaker review required.
Applicant name,Applicant name,आवेदक का नाम,,Pending,,New shared catalog copy; native-speaker review required.
Application {value0} created,Application {value0} created,आवेदन {value0} बनाया गया,,Pending,,New shared catalog copy; native-speaker review required.
Applies to,Applies to,यह लागू होता है,,Pending,,New shared catalog copy; native-speaker review required.
Applies to row-detail reports.,Applies to row-detail reports.,यह रो-डिटेल रिपोर्ट पर लागू होता है।,,Pending,,New shared catalog copy; native-speaker review required.
Apply columns,Apply columns,कॉलम लागू करें,,Pending,,New shared catalog copy; native-speaker review required.
Apply filters,Apply filters,फ़िल्टर लागू करें,,Pending,,New shared catalog copy; native-speaker review required.
"Apply, track and approve leave","Apply, track and approve leave","अवकाश के लिए आवेदन करें, ट्रैक करें और स्वीकृत करें",,Pending,,New shared catalog copy; native-speaker review required.
Applying for,Applying for,आवेदन कर रहे हैं,,Pending,,New shared catalog copy; native-speaker review required.
Appointment attendance,Appointment attendance,अपॉइंटमेंट उपस्थिति,,Pending,,New shared catalog copy; native-speaker review required.
"Appointments, activity, diagnostics and inventory.","Appointments, activity, diagnostics and inventory.","अपॉइंटमेंट, गतिविधि, निदान और इन्वेंट्री।",,Pending,,New shared catalog copy; native-speaker review required.
Approval route,Approval route,अनुमोदन मार्ग,,Pending,,New shared catalog copy; native-speaker review required.
Approval trail,Approval trail,अनुमोदन ट्रेल,,Pending,,New shared catalog copy; native-speaker review required.
Approvals,Approvals,अनुमोदन,,Pending,,New shared catalog copy; native-speaker review required.
Approvals inbox,Approvals inbox,अनुमोदन इनबॉक्स,,Pending,,New shared catalog copy; native-speaker review required.
Approve all,Approve all,सभी को स्वीकृत करें,,Pending,,New shared catalog copy; native-speaker review required.
Approved claims,Approved claims,स्वीकृत दावे,,Pending,,New shared catalog copy; native-speaker review required.
Area,Area,क्षेत्र,,Pending,,New shared catalog copy; native-speaker review required.
Arrive 15 minutes early with your admit card and ID.,Arrive 15 minutes early with your admit card and ID.,अपने प्रवेश पत्र और पहचान पत्र के साथ 15 मिनट पहले पहुँचें।,,Pending,,New shared catalog copy; native-speaker review required.
Arrow,Arrow,तीर,,Pending,,New shared catalog copy; native-speaker review required.
As on {value0},As on {value0},{value0} तक की स्थिति के अनुसार,,Pending,,New shared catalog copy; native-speaker review required.
Ask,Ask,पूछें,,Pending,,New shared catalog copy; native-speaker review required.
Assessment,Assessment,मूल्यांकन,,Pending,,New shared catalog copy; native-speaker review required.
Asset class,Asset class,परिसंपत्ति वर्ग,,Pending,,New shared catalog copy; native-speaker review required.
Assets,Assets,परिसंपत्तियाँ,,Pending,,New shared catalog copy; native-speaker review required.
Assign roles and branches. A user with several roles gets the combined access of all of them.,Assign roles and branches. A user with several roles gets the combined access of all of them.,भूमिकाएँ और शाखाएँ असाइन करें। कई भूमिकाओं वाले उपयोगकर्ता को सभी का संयुक्त एक्सेस मिलता है।,,Pending,,New shared catalog copy; native-speaker review required.
Assigned driver,Assigned driver,नियुक्त चालक,,Pending,,New shared catalog copy; native-speaker review required.
Assignee,Assignee,सौंपा गया व्यक्ति,,Pending,,New shared catalog copy; native-speaker review required.
Assignment published to {value0},Assignment published to {value0},असाइनमेंट {value0} को प्रकाशित किया गया,,Pending,,New shared catalog copy; native-speaker review required.
Assignments,Assignments,असाइनमेंट,,Pending,,New shared catalog copy; native-speaker review required.
Assignments due,Assignments due,देय असाइनमेंट,,Pending,,New shared catalog copy; native-speaker review required.
Assignments pending,Assignments pending,लंबित असाइनमेंट,,Pending,,New shared catalog copy; native-speaker review required.
At least 10 characters,At least 10 characters,कम से कम 10 वर्ण,,Pending,,New shared catalog copy; native-speaker review required.
At least 10 characters. Sign-in is handled by the host application; this demo directory does not store passwords.,At least 10 characters. Sign-in is handled by the host application; this demo directory does not store passwords.,कम से कम 10 वर्ण। साइन-इन होस्ट एप्लिकेशन द्वारा संभाला जाता है; यह डेमो डायरेक्टरी पासवर्ड संग्रहीत नहीं करती।,,Pending,,New shared catalog copy; native-speaker review required.
At least 5 characters,At least 5 characters,कम से कम 5 वर्ण,,Pending,,New shared catalog copy; native-speaker review required.
Attach,Attach,संलग्न करें,,Pending,,New shared catalog copy; native-speaker review required.
"Attach files (PDF, images, docs)","Attach files (PDF, images, docs)","फ़ाइलें संलग्न करें (PDF, चित्र, दस्तावेज़)",,Pending,,New shared catalog copy; native-speaker review required.
"Attach worksheet, rubric or reference files","Attach worksheet, rubric or reference files","वर्कशीट, रूब्रिक या संदर्भ फ़ाइलें संलग्न करें",,Pending,,New shared catalog copy; native-speaker review required.
Attachments:,Attachments:,संलग्नक:,,Pending,,New shared catalog copy; native-speaker review required.
Attempts,Attempts,प्रयास,,Pending,,New shared catalog copy; native-speaker review required.
Attendance,Attendance,उपस्थिति,,Pending,,New shared catalog copy; native-speaker review required.
Attendance (last 60 days),Attendance (last 60 days),उपस्थिति (पिछले 60 दिन),,Pending,,New shared catalog copy; native-speaker review required.
Attendance defaulters,Attendance defaulters,उपस्थिति चूककर्ता,,Pending,,New shared catalog copy; native-speaker review required.
Attendance for {value0},Attendance for {value0},{value0} की उपस्थिति,,Pending,,New shared catalog copy; native-speaker review required.
Attendance register,Attendance register,उपस्थिति रजिस्टर,,Pending,,New shared catalog copy; native-speaker review required.
Attendance trend,Attendance trend,उपस्थिति रुझान,,Pending,,New shared catalog copy; native-speaker review required.
"Attendance, last 20 school days","Attendance, last 20 school days","उपस्थिति, पिछले 20 स्कूल दिवस",,Pending,,New shared catalog copy; native-speaker review required.
Attended,Attended,उपस्थित,,Pending,,New shared catalog copy; native-speaker review required.
Audience,Audience,दर्शक,,Pending,,New shared catalog copy; native-speaker review required.
Audit log,Audit log,ऑडिट लॉग,,Pending,,New shared catalog copy; native-speaker review required.
Author,Author,लेखक,,Pending,,New shared catalog copy; native-speaker review required.
Auto,Auto,स्वचालित,,Pending,,New shared catalog copy; native-speaker review required.
Auto-assign,Auto-assign,स्वतः असाइन करें,,Pending,,New shared catalog copy; native-speaker review required.
Available bed-days,Available bed-days,उपलब्ध बेड-दिवस,,Pending,,New shared catalog copy; native-speaker review required.
Available now,Available now,अभी उपलब्ध,,Pending,,New shared catalog copy; native-speaker review required.
Available only,Available only,केवल उपलब्ध,,Pending,,New shared catalog copy; native-speaker review required.
Available to add,Available to add,जोड़ने के लिए उपलब्ध,,Pending,,New shared catalog copy; native-speaker review required.
Average,Average,औसत,,Pending,,New shared catalog copy; native-speaker review required.
Average GPA,Average GPA,औसत GPA,,Pending,,New shared catalog copy; native-speaker review required.
Average LOS (days),Average LOS (days),औसत भर्ती अवधि (दिन),,Pending,,New shared catalog copy; native-speaker review required.
Average Quarterly score by class,Average Quarterly score by class,कक्षा के अनुसार औसत त्रैमासिक स्कोर,,Pending,,New shared catalog copy; native-speaker review required.
Average TAT (hours),Average TAT (hours),औसत टर्नअराउंड समय (घंटे),,Pending,,New shared catalog copy; native-speaker review required.
Average attendance,Average attendance,औसत उपस्थिति,,Pending,,New shared catalog copy; native-speaker review required.
Average bill,Average bill,औसत बिल,,Pending,,New shared catalog copy; native-speaker review required.
Average on graded work,Average on graded work,ग्रेडेड कार्य पर औसत,,Pending,,New shared catalog copy; native-speaker review required.
Average patient waiting time.,Average patient waiting time.,मरीज़ की औसत प्रतीक्षा समय।,,Pending,,New shared catalog copy; native-speaker review required.
Average rating,Average rating,औसत रेटिंग,,Pending,,New shared catalog copy; native-speaker review required.
Average score,Average score,औसत स्कोर,,Pending,,New shared catalog copy; native-speaker review required.
Average teaching load,Average teaching load,औसत शिक्षण भार,,Pending,,New shared catalog copy; native-speaker review required.
Average wait (min),Average wait (min),औसत प्रतीक्षा (मिनट),,Pending,,New shared catalog copy; native-speaker review required.
Avg {amount} per row,Avg {amount} per row,औसतन {amount} प्रति पंक्ति,,Pending,,New shared catalog copy; native-speaker review required.
B-204,B-204,B-204,,Pending,,New shared catalog copy; native-speaker review required.
Back to My reports,Back to My reports,मेरी रिपोर्ट पर वापस जाएँ,,Pending,,New shared catalog copy; native-speaker review required.
Back to list,Back to list,सूची पर वापस जाएँ,,Pending,,New shared catalog copy; native-speaker review required.
Back to live classes,Back to live classes,लाइव कक्षाओं पर वापस जाएँ,,Pending,,New shared catalog copy; native-speaker review required.
Back to quizzes,Back to quizzes,क्विज़ पर वापस जाएँ,,Pending,,New shared catalog copy; native-speaker review required.
Back to students,Back to students,छात्रों पर वापस जाएँ,,Pending,,New shared catalog copy; native-speaker review required.
Back to {value0},Back to {value0},{value0} पर वापस जाएं,,Pending,,New shared catalog copy; native-speaker review required.
Background report {id},Background report {id},बैकग्राउंड रिपोर्ट {id},,Pending,,New shared catalog copy; native-speaker review required.
Background reports,Background reports,बैकग्राउंड रिपोर्ट,,Pending,,New shared catalog copy; native-speaker review required.
"Background reports, scheduled runs and email requests. Results are kept for {hours} hours. You can run up to {max} at a time.","Background reports, scheduled runs and email requests. Results are kept for {hours} hours. You can run up to {max} at a time.","बैकग्राउंड रिपोर्ट, शेड्यूल्ड रन और ईमेल अनुरोध। परिणाम {hours} घंटे तक रखे जाते हैं। आप एक बार में अधिकतम {max} तक चला सकते हैं।",,Pending,,New shared catalog copy; native-speaker review required.
Balance check,Balance check,बैलेंस जाँच,,Pending,,New shared catalog copy; native-speaker review required.
Balanced. Ready to post.,Balanced. Ready to post.,संतुलित। पोस्ट करने के लिए तैयार।,,Pending,,New shared catalog copy; native-speaker review required.
Bank,Bank,बैंक,,Pending,,New shared catalog copy; native-speaker review required.
Bank transfer,Bank transfer,बैंक हस्तांतरण,,Pending,,New shared catalog copy; native-speaker review required.
Bar,Bar,बार,,Pending,,New shared catalog copy; native-speaker review required.
Bar chart of {series},Bar chart of {series},{series} का बार चार्ट,,Pending,,New shared catalog copy; native-speaker review required.
"Bar: score, grey: class average","Bar: score, grey: class average","बार: स्कोर, ग्रे: कक्षा औसत",,Pending,,New shared catalog copy; native-speaker review required.
Base currency,Base currency,आधार मुद्रा,,Pending,,New shared catalog copy; native-speaker review required.
Batch,Batch,बैच,,Pending,,New shared catalog copy; native-speaker review required.
Batch expiry warning (days),Batch expiry warning (days),बैच समाप्ति चेतावनी (दिन),,Pending,,New shared catalog copy; native-speaker review required.
Batch tracked,Batch tracked,बैच ट्रैक किया गया,,Pending,,New shared catalog copy; native-speaker review required.
Bed occupancy trend,Bed occupancy trend,बेड अधिभोग रुझान,,Pending,,New shared catalog copy; native-speaker review required.
Before you create,Before you create,बनाने से पहले,,Pending,,New shared catalog copy; native-speaker review required.
Below 40%,Below 40%,40% से कम,,Pending,,New shared catalog copy; native-speaker review required.
Below 85% attendance,Below 85% attendance,85% से कम उपस्थिति,,Pending,,New shared catalog copy; native-speaker review required.
"Bigger files, and any file with unmasked sensitive data, are sent as a sign-in link.","Bigger files, and any file with unmasked sensitive data, are sent as a sign-in link.","बड़ी फ़ाइलें, और असंरक्षित संवेदनशील डेटा वाली कोई भी फ़ाइल, साइन-इन लिंक के रूप में भेजी जाती हैं।",,Pending,,New shared catalog copy; native-speaker review required.
Bill,Bill,बिल,,Pending,,New shared catalog copy; native-speaker review required.
Bill of materials,Bill of materials,बिल ऑफ़ मटेरियल,,Pending,,New shared catalog copy; native-speaker review required.
Billed,Billed,बिल किया गया,,Pending,,New shared catalog copy; native-speaker review required.
Billed this year,Billed this year,इस वर्ष बिल किया गया,,Pending,,New shared catalog copy; native-speaker review required.
Billing email,Billing email,बिलिंग ईमेल,,Pending,,New shared catalog copy; native-speaker review required.
"Billing, dues and collections","Billing, dues and collections","बिलिंग, बकाया और वसूली",,Pending,,New shared catalog copy; native-speaker review required.
Blood group,Blood group,रक्त समूह,,Pending,,New shared catalog copy; native-speaker review required.
Board,Board,बोर्ड,,Pending,,New shared catalog copy; native-speaker review required.
Book meeting rooms and training halls,Book meeting rooms and training halls,मीटिंग रूम और प्रशिक्षण हॉल बुक करें,,Pending,,New shared catalog copy; native-speaker review required.
Book {value0} at {value1},Book {value0} at {value1},{value0} को {value1} पर बुक करें,,Pending,,New shared catalog copy; native-speaker review required.
Booked,Booked,बुक किए गए,,Pending,,New shared catalog copy; native-speaker review required.
Booked by,Booked by,बुक किया गया,,Pending,,New shared catalog copy; native-speaker review required.
"Booked, attended, cancelled and no-show appointments by department.","Booked, attended, cancelled and no-show appointments by department.","विभाग के अनुसार बुक, उपस्थित, रद्द और नो-शो अपॉइंटमेंट।",,Pending,,New shared catalog copy; native-speaker review required.
Booking details,Booking details,बुकिंग विवरण,,Pending,,New shared catalog copy; native-speaker review required.
Books with you,Books with you,आपके पास किताबें,,Pending,,New shared catalog copy; native-speaker review required.
Borrower type,Borrower type,उधारकर्ता प्रकार,,Pending,,New shared catalog copy; native-speaker review required.
Branch is always available as a filter.,Branch is always available as a filter.,शाखा हमेशा फ़िल्टर के रूप में उपलब्ध होती है।,,Pending,,New shared catalog copy; native-speaker review required.
Branches,Branches,शाखाएँ,,Pending,,New shared catalog copy; native-speaker review required.
Brand,Brand,ब्रांड,,Pending,,New shared catalog copy; native-speaker review required.
Breakdowns and planned maintenance jobs,Breakdowns and planned maintenance jobs,खराबी और नियोजित रखरखाव कार्य,,Pending,,New shared catalog copy; native-speaker review required.
Browsing the saved result. Changing pages does not re-run the report.,Browsing the saved result. Changing pages does not re-run the report.,सहेजे गए परिणाम को ब्राउज़ किया जा रहा है। पेज बदलने से रिपोर्ट फिर से नहीं चलती।,,Pending,,New shared catalog copy; native-speaker review required.
Budget versus actual,Budget versus actual,बजट बनाम वास्तविक,,Pending,,New shared catalog copy; native-speaker review required.
Build a report,Build a report,रिपोर्ट बनाएँ,,Pending,,New shared catalog copy; native-speaker review required.
Build custom reports,Build custom reports,कस्टम रिपोर्ट बनाएं,,Pending,,New shared catalog copy; native-speaker review required.
Build quiz,Build quiz,क्विज़ बनाएँ,,Pending,,New shared catalog copy; native-speaker review required.
Build your first quiz,Build your first quiz,अपना पहला क्विज़ बनाएँ,,Pending,,New shared catalog copy; native-speaker review required.
Build your first report,Build your first report,अपनी पहली रिपोर्ट बनाएँ,,Pending,,New shared catalog copy; native-speaker review required.
Builds and exports reports; no patient identifiers.,Builds and exports reports; no patient identifiers.,रिपोर्ट बनाता और निर्यात करता है; कोई मरीज़ पहचानकर्ता नहीं।,,Pending,,New shared catalog copy; native-speaker review required.
Buyer,Buyer,क्रेता,,Pending,,New shared catalog copy; native-speaker review required.
By class,By class,कक्षा के अनुसार,,Pending,,New shared catalog copy; native-speaker review required.
By rank,By rank,रैंक के अनुसार,,Pending,,New shared catalog copy; native-speaker review required.
By roll,By roll,रोल नंबर के अनुसार,,Pending,,New shared catalog copy; native-speaker review required.
C,C,C,,Pending,,New shared catalog copy; native-speaker review required.
C-4,C-4,C-4,,Pending,,New shared catalog copy; native-speaker review required.
CSV,CSV,CSV,,Pending,,New shared catalog copy; native-speaker review required.
CVC,CVC,CVC,,Pending,,New shared catalog copy; native-speaker review required.
Calculate and post monthly payroll,Calculate and post monthly payroll,मासिक पेरोल की गणना करें और पोस्ट करें,,Pending,,New shared catalog copy; native-speaker review required.
Calendar,Calendar,कैलेंडर,,Pending,,New shared catalog copy; native-speaker review required.
Call guardian,Call guardian,अभिभावक को कॉल करें,,Pending,,New shared catalog copy; native-speaker review required.
Camera,Camera,कैमरा,,Pending,,New shared catalog copy; native-speaker review required.
"Camera, microphone, screen sharing, whiteboard and live polls — right in the browser.","Camera, microphone, screen sharing, whiteboard and live polls — right in the browser.","कैमरा, माइक्रोफ़ोन, स्क्रीन शेयरिंग, व्हाइटबोर्ड और लाइव पोल — सीधे ब्राउज़र में।",,Pending,,New shared catalog copy; native-speaker review required.
Cancel booking,Cancel booking,बुकिंग रद्द करें,,Pending,,New shared catalog copy; native-speaker review required.
Capacity,Capacity,क्षमता,,Pending,,New shared catalog copy; native-speaker review required.
Capacity (kg),Capacity (kg),क्षमता (किग्रा),,Pending,,New shared catalog copy; native-speaker review required.
Card,Card,कार्ड,,Pending,,New shared catalog copy; native-speaker review required.
Card number,Card number,कार्ड नंबर,,Pending,,New shared catalog copy; native-speaker review required.
Card view,Card view,कार्ड दृश्य,,Pending,,New shared catalog copy; native-speaker review required.
Carry forward,Carry forward,अग्रेषित करें,,Pending,,New shared catalog copy; native-speaker review required.
"Cash, claims and receivables for the finance team.","Cash, claims and receivables for the finance team.","वित्त टीम के लिए नकद, दावे और प्राप्य राशियाँ।",,Pending,,New shared catalog copy; native-speaker review required.
Catalogue,Catalogue,सूची,,Pending,,New shared catalog copy; native-speaker review required.
Catalogue & circulation,Catalogue & circulation,सूची और परिचालन,,Pending,,New shared catalog copy; native-speaker review required.
Category hierarchy used for reporting and pricing,Category hierarchy used for reporting and pricing,रिपोर्टिंग और मूल्य निर्धारण के लिए उपयोग किया जाने वाला श्रेणी पदानुक्रम,,Pending,,New shared catalog copy; native-speaker review required.
Change,Change,बदलें,,Pending,,New shared catalog copy; native-speaker review required.
Change password,Change password,पासवर्ड बदलें,,Pending,,New shared catalog copy; native-speaker review required.
Change system settings,Change system settings,सिस्टम सेटिंग्स बदलें,,Pending,,New shared catalog copy; native-speaker review required.
Changes,Changes,परिवर्तन,,Pending,,New shared catalog copy; native-speaker review required.
"Changes apply to every report, schedule and API pull after saving.","Changes apply to every report, schedule and API pull after saving.","सहेजने के बाद परिवर्तन हर रिपोर्ट, शेड्यूल और API पुल पर लागू होते हैं।",,Pending,,New shared catalog copy; native-speaker review required.
Changes are validated against the dataset on save. Existing saved views and schedules keep working.,Changes are validated against the dataset on save. Existing saved views and schedules keep working.,सहेजते समय परिवर्तनों की डेटासेट के विरुद्ध जाँच की जाती है। मौजूदा सहेजे गए दृश्य और शेड्यूल काम करते रहते हैं।,,Pending,,New shared catalog copy; native-speaker review required.
Chart,Chart,चार्ट,,Pending,,New shared catalog copy; native-speaker review required.
Chart of accounts,Chart of accounts,लेखा चार्ट,,Pending,,New shared catalog copy; native-speaker review required.
Chart type,Chart type,चार्ट प्रकार,,Pending,,New shared catalog copy; native-speaker review required.
Chat,Chat,चैट,,Pending,,New shared catalog copy; native-speaker review required.
Check in,Check in,चेक इन,,Pending,,New shared catalog copy; native-speaker review required.
"Check the address, or head back to the dashboard.","Check the address, or head back to the dashboard.","पता जाँचें, या डैशबोर्ड पर वापस जाएँ।",,Pending,,New shared catalog copy; native-speaker review required.
"Check the parameters, then start the run.","Check the parameters, then start the run.","पैरामीटर जांचें, फिर रन शुरू करें।",,Pending,,New shared catalog copy; native-speaker review required.
Check these before starting. They cannot change while the run is in progress.,Check these before starting. They cannot change while the run is in progress.,शुरू करने से पहले इन्हें जाँच लें। रन प्रगति में होने पर इन्हें बदला नहीं जा सकता।,,Pending,,New shared catalog copy; native-speaker review required.
Choose,Choose,चुनें,,Pending,,New shared catalog copy; native-speaker review required.
Choose a grade first,Choose a grade first,पहले एक कक्षा चुनें,,Pending,,New shared catalog copy; native-speaker review required.
Choose a recipient,Choose a recipient,एक प्राप्तकर्ता चुनें,,Pending,,New shared catalog copy; native-speaker review required.
Choose a report to schedule,Choose a report to schedule,शेड्यूल करने के लिए एक रिपोर्ट चुनें,,Pending,,New shared catalog copy; native-speaker review required.
Choose branches,Choose branches,शाखाएँ चुनें,,Pending,,New shared catalog copy; native-speaker review required.
Choose child,Choose child,बच्चा चुनें,,Pending,,New shared catalog copy; native-speaker review required.
Choose how you hear about each kind of update,Choose how you hear about each kind of update,चुनें कि आप हर तरह के अपडेट के बारे में कैसे सूचना पाना चाहते हैं,,Pending,,New shared catalog copy; native-speaker review required.
Choose one or more fields,Choose one or more fields,एक या अधिक फ़ील्ड चुनें,,Pending,,New shared catalog copy; native-speaker review required.
Choose roles,Choose roles,भूमिकाएँ चुनें,,Pending,,New shared catalog copy; native-speaker review required.
Choose {value0},Choose {value0},{value0} चुनें,,Pending,,New shared catalog copy; native-speaker review required.
Circulation,Circulation,परिचालन,,Pending,,New shared catalog copy; native-speaker review required.
"Circulation, last 14 school days","Circulation, last 14 school days","परिचालन, पिछले 14 स्कूली दिन",,Pending,,New shared catalog copy; native-speaker review required.
Claim value,Claim value,दावा मूल्य,,Pending,,New shared catalog copy; native-speaker review required.
Claims and denials by payer,Claims and denials by payer,भुगतानकर्ता के अनुसार दावे और अस्वीकृतियाँ,,Pending,,New shared catalog copy; native-speaker review required.
Clash: this teacher already teaches,Clash: this teacher already teaches,टकराव: यह शिक्षक पहले से पढ़ा रहा है,,Pending,,New shared catalog copy; native-speaker review required.
Class average,Class average,कक्षा औसत,,Pending,,New shared catalog copy; native-speaker review required.
Class avg,Class avg,कक्षा औसत,,Pending,,New shared catalog copy; native-speaker review required.
Class not chosen,Class not chosen,कक्षा नहीं चुनी गई,,Pending,,New shared catalog copy; native-speaker review required.
Class teacher,Class teacher,कक्षा शिक्षक,,Pending,,New shared catalog copy; native-speaker review required.
Class teacher of,Class teacher of,इसके कक्षा शिक्षक,,Pending,,New shared catalog copy; native-speaker review required.
Classes,Classes,कक्षाएँ,,Pending,,New shared catalog copy; native-speaker review required.
Classes & sections,Classes & sections,कक्षाएँ और सेक्शन,,Pending,,New shared catalog copy; native-speaker review required.
"Classes, {value0}","Classes, {value0}","कक्षाएं, {value0}",,Pending,,New shared catalog copy; native-speaker review required.
Clear all,Clear all,सभी साफ़ करें,,Pending,,New shared catalog copy; native-speaker review required.
Clear page,Clear page,पृष्ठ साफ़ करें,,Pending,,New shared catalog copy; native-speaker review required.
Clear search and filters,Clear search and filters,खोज और फ़िल्टर साफ़ करें,,Pending,,New shared catalog copy; native-speaker review required.
Click Pay to confirm you've made the transfer. It's marked paid once the bank confirms (demo: instant).,Click Pay to confirm you've made the transfer. It's marked paid once the bank confirms (demo: instant).,"ट्रांसफर पूरा होने की पुष्टि के लिए ""भुगतान करें"" पर क्लिक करें। बैंक की पुष्टि के बाद इसे भुगतान किया गया चिह्नित किया जाता है (डेमो: तत्काल)।",,Pending,,New shared catalog copy; native-speaker review required.
Clinical activity by department,Clinical activity by department,विभाग के अनुसार नैदानिक गतिविधि,,Pending,,New shared catalog copy; native-speaker review required.
"Clinical, quality and diagnostics reporting including patient-level data.","Clinical, quality and diagnostics reporting including patient-level data.","नैदानिक, गुणवत्ता और निदान रिपोर्टिंग, जिसमें रोगी-स्तर का डेटा शामिल है।",,Pending,,New shared catalog copy; native-speaker review required.
Close submissions,Close submissions,सबमिशन बंद करें,,Pending,,New shared catalog copy; native-speaker review required.
Closed,Closed,बंद,,Pending,,New shared catalog copy; native-speaker review required.
Closed – not submitted,Closed – not submitted,बंद – जमा नहीं किया गया,,Pending,,New shared catalog copy; native-speaker review required.
Closed — not attempted,Closed — not attempted,बंद — प्रयास नहीं किया गया,,Pending,,New shared catalog copy; native-speaker review required.
Closing,Closing,समापन,,Pending,,New shared catalog copy; native-speaker review required.
Closing balance,Closing balance,समापन शेष,,Pending,,New shared catalog copy; native-speaker review required.
Closing balance (,Closing balance (,समापन शेष (,,Pending,,New shared catalog copy; native-speaker review required.
Closing qty,Closing qty,समापन मात्रा,,Pending,,New shared catalog copy; native-speaker review required.
Closing value,Closing value,समापन मूल्य,,Pending,,New shared catalog copy; native-speaker review required.
Code assigned on save,Code assigned on save,सहेजने पर कोड निर्धारित किया जाएगा,,Pending,,New shared catalog copy; native-speaker review required.
Collapse all,Collapse all,सभी संक्षिप्त करें,,Pending,,New shared catalog copy; native-speaker review required.
Collect,Collect,वसूलें,,Pending,,New shared catalog copy; native-speaker review required.
Collect payment,Collect payment,भुगतान वसूलें,,Pending,,New shared catalog copy; native-speaker review required.
Collected,Collected,वसूला गया,,Pending,,New shared catalog copy; native-speaker review required.
Collection rate,Collection rate,वसूली दर,,Pending,,New shared catalog copy; native-speaker review required.
Collection rate by class,Collection rate by class,कक्षा के अनुसार वसूली दर,,Pending,,New shared catalog copy; native-speaker review required.
Collections and payables.,Collections and payables.,वसूली और देय राशियाँ।,,Pending,,New shared catalog copy; native-speaker review required.
Collections by month,Collections by month,माह के अनुसार वसूली,,Pending,,New shared catalog copy; native-speaker review required.
Collections ledger,Collections ledger,वसूली खाता-बही,,Pending,,New shared catalog copy; native-speaker review required.
Colour,Colour,रंग,,Pending,,New shared catalog copy; native-speaker review required.
Colour {value0},Colour {value0},रंग {value0},,Pending,,New shared catalog copy; native-speaker review required.
Column label,Column label,कॉलम लेबल,,Pending,,New shared catalog copy; native-speaker review required.
Column store for multi-year aggregates as volume grows.,Column store for multi-year aggregates as volume grows.,मात्रा बढ़ने पर बहु-वर्षीय समुच्चयों के लिए कॉलम स्टोर।,,Pending,,New shared catalog copy; native-speaker review required.
Columns with a lock contain sensitive data and appear masked for your role.,Columns with a lock contain sensitive data and appear masked for your role.,लॉक वाले कॉलम में संवेदनशील डेटा होता है और वे आपकी भूमिका के लिए मास्क किए हुए दिखाई देते हैं।,,Pending,,New shared catalog copy; native-speaker review required.
Coming up,Coming up,आगामी,,Pending,,New shared catalog copy; native-speaker review required.
Comma-separated. Registered users and approved domains only.,Comma-separated. Registered users and approved domains only.,अल्पविराम से अलग। केवल पंजीकृत उपयोगकर्ता और स्वीकृत डोमेन।,,Pending,,New shared catalog copy; native-speaker review required.
Compact (recommended),Compact (recommended),संक्षिप्त (अनुशंसित),,Pending,,New shared catalog copy; native-speaker review required.
Company profile,Company profile,कंपनी प्रोफ़ाइल,,Pending,,New shared catalog copy; native-speaker review required.
Company settings,Company settings,कंपनी सेटिंग्स,,Pending,,New shared catalog copy; native-speaker review required.
"Company, divisions, departments and teams","Company, divisions, departments and teams","कंपनी, प्रभाग, विभाग और टीमें",,Pending,,New shared catalog copy; native-speaker review required.
Completed papers,Completed papers,पूर्ण किए गए प्रश्नपत्र,,Pending,,New shared catalog copy; native-speaker review required.
Components and quantities to build a product,Components and quantities to build a product,उत्पाद बनाने के लिए घटक और मात्राएँ,,Pending,,New shared catalog copy; native-speaker review required.
Confirm booking,Confirm booking,बुकिंग की पुष्टि करें,,Pending,,New shared catalog copy; native-speaker review required.
Confirm new password,Confirm new password,नया पासवर्ड की पुष्टि करें,,Pending,,New shared catalog copy; native-speaker review required.
Connect a BI tool,Connect a BI tool,एक BI टूल कनेक्ट करें,,Pending,,New shared catalog copy; native-speaker review required.
Consultant,Consultant,परामर्शदाता,,Pending,,New shared catalog copy; native-speaker review required.
Consultation fee,Consultation fee,परामर्श शुल्क,,Pending,,New shared catalog copy; native-speaker review required.
Consultation fees,Consultation fees,परामर्श शुल्क,,Pending,,New shared catalog copy; native-speaker review required.
Contact person,Contact person,संपर्क व्यक्ति,,Pending,,New shared catalog copy; native-speaker review required.
Contains…,Contains…,इसमें शामिल है…,,Pending,,New shared catalog copy; native-speaker review required.
Continue to reports,Continue to reports,रिपोर्ट पर जारी रखें,,Pending,,New shared catalog copy; native-speaker review required.
Continue with single sign-on,Continue with single sign-on,सिंगल साइन-ऑन के साथ जारी रखें,,Pending,,New shared catalog copy; native-speaker review required.
Controls whether this {value0} can be used on new transactions.,Controls whether this {value0} can be used on new transactions.,यह नियंत्रित करता है कि क्या इस {value0} का उपयोग नए लेन-देन में किया जा सकता है।,,Pending,,New shared catalog copy; native-speaker review required.
Conversation,Conversation,बातचीत,,Pending,,New shared catalog copy; native-speaker review required.
Copied as a new draft,Copied as a new draft,नए ड्राफ्ट के रूप में कॉपी किया गया,,Pending,,New shared catalog copy; native-speaker review required.
Copied into a new draft,Copied into a new draft,नए ड्राफ्ट में कॉपी किया गया,,Pending,,New shared catalog copy; native-speaker review required.
Copies,Copies,प्रतियाँ,,Pending,,New shared catalog copy; native-speaker review required.
Copy,Copy,कॉपी करें,,Pending,,New shared catalog copy; native-speaker review required.
Copy this key now. It will not be shown again.,Copy this key now. It will not be shown again.,इस कुंजी को अभी कॉपी करें। यह दोबारा नहीं दिखाई जाएगी।,,Pending,,New shared catalog copy; native-speaker review required.
Copy to new,Copy to new,नए में कॉपी करें,,Pending,,New shared catalog copy; native-speaker review required.
Core subjects,Core subjects,मुख्य विषय,,Pending,,New shared catalog copy; native-speaker review required.
Correct answers are shown in green,Correct answers are shown in green,सही उत्तर हरे रंग में दिखाए जाते हैं,,Pending,,New shared catalog copy; native-speaker review required.
Cost center,Cost center,लागत केंद्र,,Pending,,New shared catalog copy; native-speaker review required.
Count,Count,गणना,,Pending,,New shared catalog copy; native-speaker review required.
"Countries, dialing codes and default currency","Countries, dialing codes and default currency","देश, डायलिंग कोड और डिफ़ॉल्ट मुद्रा",,Pending,,New shared catalog copy; native-speaker review required.
Country master,Country master,देश मास्टर,,Pending,,New shared catalog copy; native-speaker review required.
Create,Create,बनाएँ,,Pending,,New shared catalog copy; native-speaker review required.
Create API keys for BI tools,Create API keys for BI tools,बीआई टूल्स के लिए एपीआई कुंजियां बनाएं,,Pending,,New shared catalog copy; native-speaker review required.
Create and edit dashboards,Create and edit dashboards,डैशबोर्ड बनाएं और संपादित करें,,Pending,,New shared catalog copy; native-speaker review required.
Create application,Create application,आवेदन बनाएँ,,Pending,,New shared catalog copy; native-speaker review required.
Create class,Create class,कक्षा बनाएँ,,Pending,,New shared catalog copy; native-speaker review required.
Create dashboard,Create dashboard,डैशबोर्ड बनाएँ,,Pending,,New shared catalog copy; native-speaker review required.
Create key,Create key,कुंजी बनाएँ,,Pending,,New shared catalog copy; native-speaker review required.
"Create one here, or open any report and choose Schedule.","Create one here, or open any report and choose Schedule.","यहाँ एक बनाएँ, या कोई भी रिपोर्ट खोलें और शेड्यूल चुनें।",,Pending,,New shared catalog copy; native-speaker review required.
"Create reports from approved datasets: pick grouping, measures and calculated columns, then share them with roles. Access, branch limits and masking still apply.","Create reports from approved datasets: pick grouping, measures and calculated columns, then share them with roles. Access, branch limits and masking still apply.","स्वीकृत डेटासेट से रिपोर्ट बनाएँ: समूहन, माप और परिकलित कॉलम चुनें, फिर उन्हें भूमिकाओं के साथ साझा करें। पहुँच, शाखा सीमाएँ और मास्किंग फिर भी लागू होती हैं।",,Pending,,New shared catalog copy; native-speaker review required.
Create role,Create role,भूमिका बनाएँ,,Pending,,New shared catalog copy; native-speaker review required.
Created,Created,बनाया गया,,Pending,,New shared catalog copy; native-speaker review required.
Creates an application in the Applied stage,Creates an application in the Applied stage,"""आवेदित"" चरण में एक आवेदन बनाता है",,Pending,,New shared catalog copy; native-speaker review required.
Creating,Creating,बनाया जा रहा है,,Pending,,New shared catalog copy; native-speaker review required.
Credit,Credit,क्रेडिट,,Pending,,New shared catalog copy; native-speaker review required.
Credits,Credits,क्रेडिट,,Pending,,New shared catalog copy; native-speaker review required.
Credits in period,Credits in period,अवधि में क्रेडिट,,Pending,,New shared catalog copy; native-speaker review required.
Critical results,Critical results,गंभीर परिणाम,,Pending,,New shared catalog copy; native-speaker review required.
Ctrl + Enter to post,Ctrl + Enter to post,पोस्ट करने के लिए Ctrl + Enter,,Pending,,New shared catalog copy; native-speaker review required.
Ctrl Shift K,Ctrl Shift K,Ctrl Shift K,,Pending,,New shared catalog copy; native-speaker review required.
Currencies and exchange rates to base,Currencies and exchange rates to base,मुद्राएँ और आधार मुद्रा के लिए विनिमय दरें,,Pending,,New shared catalog copy; native-speaker review required.
Currency master,Currency master,मुद्रा मास्टर,,Pending,,New shared catalog copy; native-speaker review required.
Current password,Current password,वर्तमान पासवर्ड,,Pending,,New shared catalog copy; native-speaker review required.
Custodian,Custodian,संरक्षक,,Pending,,New shared catalog copy; native-speaker review required.
Custom colour,Custom colour,कस्टम रंग,,Pending,,New shared catalog copy; native-speaker review required.
Customer group,Customer group,ग्राहक समूह,,Pending,,New shared catalog copy; native-speaker review required.
Customer issues from new to resolved,Customer issues from new to resolved,नए से हल तक ग्राहक समस्याएँ,,Pending,,New shared catalog copy; native-speaker review required.
Customer ledger,Customer ledger,ग्राहक खाता-बही,,Pending,,New shared catalog copy; native-speaker review required.
Customer master,Customer master,ग्राहक मास्टर,,Pending,,New shared catalog copy; native-speaker review required.
Customer orders from draft to delivery,Customer orders from draft to delivery,ड्राफ्ट से डिलीवरी तक ग्राहक ऑर्डर,,Pending,,New shared catalog copy; native-speaker review required.
Customer since,Customer since,ग्राहक बना,,Pending,,New shared catalog copy; native-speaker review required.
"Customers, contacts, credit and terms","Customers, contacts, credit and terms","ग्राहक, संपर्क, क्रेडिट और शर्तें",,Pending,,New shared catalog copy; native-speaker review required.
Daily attendance for the month,Daily attendance for the month,माह के लिए दैनिक उपस्थिति,,Pending,,New shared catalog copy; native-speaker review required.
Daily overdue digest,Daily overdue digest,दैनिक अतिदेय सारांश,,Pending,,New shared catalog copy; native-speaker review required.
Daily presence over 20 school days,Daily presence over 20 school days,20 स्कूली दिनों में दैनिक उपस्थिति,,Pending,,New shared catalog copy; native-speaker review required.
Daily revenue and collections,Daily revenue and collections,दैनिक राजस्व और वसूली,,Pending,,New shared catalog copy; native-speaker review required.
Dashboard,Dashboard,डैशबोर्ड,,Pending,,New shared catalog copy; native-speaker review required.
Dashboards,Dashboards,डैशबोर्ड,,Pending,,New shared catalog copy; native-speaker review required.
Data refreshed {when},Data refreshed {when},डेटा {when} रीफ़्रेश किया गया,,Pending,,New shared catalog copy; native-speaker review required.
Data sources,Data sources,डेटा स्रोत,,Pending,,New shared catalog copy; native-speaker review required.
Dataset,Dataset,डेटासेट,,Pending,,New shared catalog copy; native-speaker review required.
Date of joining,Date of joining,ज्वाइनिंग की तारीख,,Pending,,New shared catalog copy; native-speaker review required.
Date sheet,Date sheet,डेट शीट,,Pending,,New shared catalog copy; native-speaker review required.
Day,Day,दिन,,Pending,,New shared catalog copy; native-speaker review required.
Day of month,Day of month,महीने का दिन,,Pending,,New shared catalog copy; native-speaker review required.
Days,Days,दिन,,Pending,,New shared catalog copy; native-speaker review required.
Days / year,Days / year,दिन / वर्ष,,Pending,,New shared catalog copy; native-speaker review required.
Deactivate,Deactivate,निष्क्रिय करें,,Pending,,New shared catalog copy; native-speaker review required.
Debit,Debit,डेबिट,,Pending,,New shared catalog copy; native-speaker review required.
"Debit and credit movements by account for the period, with net balance. Totals should reconcile to zero.","Debit and credit movements by account for the period, with net balance. Totals should reconcile to zero.","अवधि के लिए खाते के अनुसार डेबिट और क्रेडिट गतिविधियाँ, शुद्ध शेष सहित। कुल योग शून्य पर मिलान होना चाहिए।",,Pending,,New shared catalog copy; native-speaker review required.
Debits and credits must match before posting,Debits and credits must match before posting,पोस्ट करने से पहले डेबिट और क्रेडिट का मिलान होना चाहिए,,Pending,,New shared catalog copy; native-speaker review required.
Debits in period,Debits in period,अवधि में डेबिट,,Pending,,New shared catalog copy; native-speaker review required.
"Decide, per role, which reports can be viewed, exported, emailed, scheduled or pulled by BI tools. Every screen, export, schedule, email request and API call checks these rules on the server.","Decide, per role, which reports can be viewed, exported, emailed, scheduled or pulled by BI tools. Every screen, export, schedule, email request and API call checks these rules on the server.","प्रत्येक भूमिका के लिए तय करें कि कौन-सी रिपोर्ट देखी, निर्यात, ईमेल, शेड्यूल की जा सकती हैं या BI टूल द्वारा प्राप्त की जा सकती हैं। हर स्क्रीन, निर्यात, शेड्यूल, ईमेल अनुरोध और API कॉल सर्वर पर इन नियमों की जाँच करता है।",,Pending,,New shared catalog copy; native-speaker review required.
Decided. This request is,Decided. This request is,निर्णय लिया गया। यह अनुरोध है,,Pending,,New shared catalog copy; native-speaker review required.
Decimals,Decimals,दशमलव,,Pending,,New shared catalog copy; native-speaker review required.
Decline,Decline,अस्वीकार करें,,Pending,,New shared catalog copy; native-speaker review required.
Default payment terms,Default payment terms,डिफ़ॉल्ट भुगतान शर्तें,,Pending,,New shared catalog copy; native-speaker review required.
Default period,Default period,डिफ़ॉल्ट अवधि,,Pending,,New shared catalog copy; native-speaker review required.
Default tax,Default tax,डिफ़ॉल्ट कर,,Pending,,New shared catalog copy; native-speaker review required.
Default warehouse,Default warehouse,डिफ़ॉल्ट गोदाम,,Pending,,New shared catalog copy; native-speaker review required.
Default: {value0},Default: {value0},डिफ़ॉल्ट: {value0},,Pending,,New shared catalog copy; native-speaker review required.
Defaults for sales and purchase documents.,Defaults for sales and purchase documents.,बिक्री और खरीद दस्तावेज़ों के लिए डिफ़ॉल्ट सेटिंग्स।,,Pending,,New shared catalog copy; native-speaker review required.
"Delete ""{name}""?","Delete ""{name}""?","""{name}"" हटाएँ?",,Pending,,New shared catalog copy; native-speaker review required.
"Delete ""{title}""? Saved views and favorites for it are removed and its schedules are paused.","Delete ""{title}""? Saved views and favorites for it are removed and its schedules are paused.","""{title}"" हटाएँ? इसके सहेजे गए दृश्य और पसंदीदा हटा दिए जाएँगे और इसके शेड्यूल रोक दिए जाएँगे।",,Pending,,New shared catalog copy; native-speaker review required.
Delete dashboard,Delete dashboard,डैशबोर्ड हटाएँ,,Pending,,New shared catalog copy; native-speaker review required.
Delete notice?,Delete notice?,सूचना हटाएँ?,,Pending,,New shared catalog copy; native-speaker review required.
Delete page,Delete page,पृष्ठ हटाएँ,,Pending,,New shared catalog copy; native-speaker review required.
Delete report,Delete report,रिपोर्ट हटाएँ,,Pending,,New shared catalog copy; native-speaker review required.
Delete role,Delete role,भूमिका हटाएँ,,Pending,,New shared catalog copy; native-speaker review required.
Delete schedule,Delete schedule,शेड्यूल हटाएँ,,Pending,,New shared catalog copy; native-speaker review required.
"Delete the dashboard ""{name}""?","Delete the dashboard ""{name}""?","डैशबोर्ड ""{name}"" हटाएँ?",,Pending,,New shared catalog copy; native-speaker review required.
Delete the role {name}? Its report access and role views are removed.,Delete the role {name}? Its report access and role views are removed.,भूमिका {name} हटाएँ? इसकी रिपोर्ट पहुँच और भूमिका दृश्य हटा दिए जाएँगे।,,Pending,,New shared catalog copy; native-speaker review required.
Delete this,Delete this,इसे हटाएँ,,Pending,,New shared catalog copy; native-speaker review required.
Delete view {name},Delete view {name},दृश्य {name} हटाएँ,,Pending,,New shared catalog copy; native-speaker review required.
Delete view {value0},Delete view {value0},व्यू {value0} हटाएं,,Pending,,New shared catalog copy; native-speaker review required.
Delete {value0}?,Delete {value0}?,{value0} हटाएं?,,Pending,,New shared catalog copy; native-speaker review required.
Delete “{value0}”? Recipients will no longer see it.,Delete “{value0}”? Recipients will no longer see it.,“{value0}” हटाएं? प्राप्तकर्ता अब इसे नहीं देख पाएंगे।,,Pending,,New shared catalog copy; native-speaker review required.
Delivery,Delivery,डिलीवरी,,Pending,,New shared catalog copy; native-speaker review required.
Delivery date,Delivery date,डिलीवरी की तारीख,,Pending,,New shared catalog copy; native-speaker review required.
"Demo data is synthetic and generated by the demo API. Email is recorded in the outbox, never sent.","Demo data is synthetic and generated by the demo API. Email is recorded in the outbox, never sent.","डेमो डेटा कृत्रिम है और डेमो API द्वारा उत्पन्न किया जाता है। ईमेल आउटबॉक्स में दर्ज किया जाता है, कभी नहीं भेजा जाता।",,Pending,,New shared catalog copy; native-speaker review required.
Demo host: these paths are served by the reference demo API behind the host session. A production deployment must publish its own authenticated BI endpoint.,Demo host: these paths are served by the reference demo API behind the host session. A production deployment must publish its own authenticated BI endpoint.,डेमो होस्ट: ये पथ होस्ट सेशन के पीछे संदर्भ डेमो API द्वारा सर्व किए जाते हैं। उत्पादन परिनियोजन को अपना स्वयं का प्रमाणीकृत BI एंडपॉइंट प्रकाशित करना चाहिए।,,Pending,,New shared catalog copy; native-speaker review required.
Demo mode: any email and a password of 4 or more characters will sign you in.,Demo mode: any email and a password of 4 or more characters will sign you in.,डेमो मोड: कोई भी ईमेल और 4 या अधिक अक्षरों वाला पासवर्ड आपको साइन इन कर देगा।,,Pending,,New shared catalog copy; native-speaker review required.
Denial rate,Denial rate,अस्वीकृति दर,,Pending,,New shared catalog copy; native-speaker review required.
Denial reason,Denial reason,अस्वीकृति का कारण,,Pending,,New shared catalog copy; native-speaker review required.
Denial reasons,Denial reasons,अस्वीकृति के कारण,,Pending,,New shared catalog copy; native-speaker review required.
Denials by payer,Denials by payer,भुगतानकर्ता के अनुसार अस्वीकृतियाँ,,Pending,,New shared catalog copy; native-speaker review required.
Denied,Denied,अस्वीकृत,,Pending,,New shared catalog copy; native-speaker review required.
Denied claims,Denied claims,अस्वीकृत दावे,,Pending,,New shared catalog copy; native-speaker review required.
Denied claims and value by main denial reason.,Denied claims and value by main denial reason.,मुख्य अस्वीकृति कारण के अनुसार अस्वीकृत दावे और मूल्य।,,Pending,,New shared catalog copy; native-speaker review required.
Denied value,Denied value,अस्वीकृत मूल्य,,Pending,,New shared catalog copy; native-speaker review required.
Department master,Department master,विभाग मास्टर,,Pending,,New shared catalog copy; native-speaker review required.
"Departments, heads and cost centers","Departments, heads and cost centers","विभाग, प्रमुख और लागत केंद्र",,Pending,,New shared catalog copy; native-speaker review required.
Depreciation,Depreciation,मूल्यह्रास,,Pending,,New shared catalog copy; native-speaker review required.
Depreciation run,Depreciation run,मूल्यह्रास रन,,Pending,,New shared catalog copy; native-speaker review required.
Designation,Designation,पदनाम,,Pending,,New shared catalog copy; native-speaker review required.
Detail,Detail,विवरण,,Pending,,New shared catalog copy; native-speaker review required.
Detail: one row per record,Detail: one row per record,विवरण: प्रति रिकॉर्ड एक पंक्ति,,Pending,,New shared catalog copy; native-speaker review required.
Diagnostics turnaround,Diagnostics turnaround,निदान टर्नअराउंड,,Pending,,New shared catalog copy; native-speaker review required.
Diagnostics volume trend,Diagnostics volume trend,निदान मात्रा प्रवृत्ति,,Pending,,New shared catalog copy; native-speaker review required.
Dial code,Dial code,डायलिंग कोड,,Pending,,New shared catalog copy; native-speaker review required.
Difference,Difference,अंतर,,Pending,,New shared catalog copy; native-speaker review required.
Digits,Digits,अंक,,Pending,,New shared catalog copy; native-speaker review required.
Direction,Direction,दिशा,,Pending,,New shared catalog copy; native-speaker review required.
Directly under,Directly under,सीधे इसके अंतर्गत,,Pending,,New shared catalog copy; native-speaker review required.
Discard and switch,Discard and switch,छोड़ें और बदलें,,Pending,,New shared catalog copy; native-speaker review required.
Discard unsaved marks?,Discard unsaved marks?,असहेजे गए अंक छोड़ें?,,Pending,,New shared catalog copy; native-speaker review required.
Discharge outcomes,Discharge outcomes,डिस्चार्ज परिणाम,,Pending,,New shared catalog copy; native-speaker review required.
Discharge status,Discharge status,डिस्चार्ज स्थिति,,Pending,,New shared catalog copy; native-speaker review required.
Doctor,Doctor,डॉक्टर,,Pending,,New shared catalog copy; native-speaker review required.
Doctor master,Doctor master,डॉक्टर मास्टर,,Pending,,New shared catalog copy; native-speaker review required.
Doctor schedules and patient bookings,Doctor schedules and patient bookings,डॉक्टर शेड्यूल और रोगी बुकिंग,,Pending,,New shared catalog copy; native-speaker review required.
Document,Document,दस्तावेज़,,Pending,,New shared catalog copy; native-speaker review required.
Documents,Documents,दस्तावेज़,,Pending,,New shared catalog copy; native-speaker review required.
Documents received,Documents received,प्राप्त दस्तावेज़,,Pending,,New shared catalog copy; native-speaker review required.
Domain,Domain,डोमेन,,Pending,,New shared catalog copy; native-speaker review required.
Donut,Donut,डोनट,,Pending,,New shared catalog copy; native-speaker review required.
Donut chart of {series},Donut chart of {series},{series} का डोनट चार्ट,,Pending,,New shared catalog copy; native-speaker review required.
Download PNG,Download PNG,PNG डाउनलोड करें,,Pending,,New shared catalog copy; native-speaker review required.
Download {format},Download {format},{format} डाउनलोड करें,,Pending,,New shared catalog copy; native-speaker review required.
Download {name},Download {name},{name} डाउनलोड करें,,Pending,,New shared catalog copy; native-speaker review required.
Downloads are not available in this host.,Downloads are not available in this host.,इस होस्ट में डाउनलोड उपलब्ध नहीं हैं।,,Pending,,New shared catalog copy; native-speaker review required.
Drafts,Drafts,ड्राफ्ट,,Pending,,New shared catalog copy; native-speaker review required.
"Drag cards between stages, or use the arrows","Drag cards between stages, or use the arrows","चरणों के बीच कार्ड खींचें, या तीरों का उपयोग करें",,Pending,,New shared catalog copy; native-speaker review required.
"Draw with mouse, touch or stylus · hold Shift for straight lines","Draw with mouse, touch or stylus · hold Shift for straight lines","माउस, टच या स्टाइलस से ड्रॉ करें · सीधी रेखाओं के लिए Shift दबाए रखें",,Pending,,New shared catalog copy; native-speaker review required.
Drawing canvas,Drawing canvas,ड्रॉइंग कैनवस,,Pending,,New shared catalog copy; native-speaker review required.
Drop an application here,Drop an application here,यहाँ एक आवेदन छोड़ें,,Pending,,New shared catalog copy; native-speaker review required.
Drop items here,Drop items here,यहाँ आइटम छोड़ें,,Pending,,New shared catalog copy; native-speaker review required.
Due,Due,बकाया,,Pending,,New shared catalog copy; native-speaker review required.
Due back {value0},Due back {value0},वापसी की तारीख {value0},,Pending,,New shared catalog copy; native-speaker review required.
Due by,Due by,इस तारीख तक देय,,Pending,,New shared catalog copy; native-speaker review required.
Due {date},Due {date},देय तिथि {date},,Pending,,New shared catalog copy; native-speaker review required.
Due {value0},Due {value0},देय {value0},,Pending,,New shared catalog copy; native-speaker review required.
Duplicate,Duplicate,डुप्लिकेट,,Pending,,New shared catalog copy; native-speaker review required.
ED visits,ED visits,आपातकालीन विभाग विज़िट,,Pending,,New shared catalog copy; native-speaker review required.
Earnings,Earnings,अर्जन,,Pending,,New shared catalog copy; native-speaker review required.
Earnings and deductions by grade,Earnings and deductions by grade,ग्रेड के अनुसार अर्जन और कटौती,,Pending,,New shared catalog copy; native-speaker review required.
Edit {value0} · {value1} {value2},Edit {value0} · {value1} {value2},संपादित करें {value0} · {value1} {value2},,Pending,,New shared catalog copy; native-speaker review required.
Edit: {title},Edit: {title},संपादित करें: {title},,Pending,,New shared catalog copy; native-speaker review required.
Editing,Editing,संपादित किया जा रहा है,,Pending,,New shared catalog copy; native-speaker review required.
Electives & activities,Electives & activities,वैकल्पिक विषय और गतिविधियाँ,,Pending,,New shared catalog copy; native-speaker review required.
Ellipse,Ellipse,दीर्घवृत्त,,Pending,,New shared catalog copy; native-speaker review required.
Email and in-app alerts,Email and in-app alerts,ईमेल और इन-ऐप अलर्ट,,Pending,,New shared catalog copy; native-speaker review required.
Email approvers,Email approvers,अनुमोदकों को ईमेल करें,,Pending,,New shared catalog copy; native-speaker review required.
Email delivery,Email delivery,ईमेल डिलीवरी,,Pending,,New shared catalog copy; native-speaker review required.
Email it,Email it,इसे ईमेल करें,,Pending,,New shared catalog copy; native-speaker review required.
Email outbox,Email outbox,ईमेल आउटबॉक्स,,Pending,,New shared catalog copy; native-speaker review required.
Email requests,Email requests,ईमेल अनुरोध,,Pending,,New shared catalog copy; native-speaker review required.
Email requests are currently turned off by an administrator.,Email requests are currently turned off by an administrator.,ईमेल अनुरोध वर्तमान में किसी प्रशासक द्वारा बंद कर दिए गए हैं।,,Pending,,New shared catalog copy; native-speaker review required.
Email to {to},Email to {to},{to} को ईमेल करें,,Pending,,New shared catalog copy; native-speaker review required.
"Email, report id or detail","Email, report id or detail","ईमेल, रिपोर्ट आईडी या विवरण",,Pending,,New shared catalog copy; native-speaker review required.
Emergency contact,Emergency contact,आपातकालीन संपर्क,,Pending,,New shared catalog copy; native-speaker review required.
Emergency phone,Emergency phone,आपातकालीन फ़ोन,,Pending,,New shared catalog copy; native-speaker review required.
Employee master,Employee master,कर्मचारी मास्टर,,Pending,,New shared catalog copy; native-speaker review required.
Employees,Employees,कर्मचारी,,Pending,,New shared catalog copy; native-speaker review required.
"Employees, roles, reporting and payroll details","Employees, roles, reporting and payroll details","कर्मचारी, भूमिकाएँ, रिपोर्टिंग और पेरोल विवरण",,Pending,,New shared catalog copy; native-speaker review required.
Employment type,Employment type,रोज़गार प्रकार,,Pending,,New shared catalog copy; native-speaker review required.
End,End,समाप्त,,Pending,,New shared catalog copy; native-speaker review required.
End date (optional),End date (optional),समाप्ति तिथि (वैकल्पिक),,Pending,,New shared catalog copy; native-speaker review required.
Ends,Ends,समाप्त होता है,,Pending,,New shared catalog copy; native-speaker review required.
Enrol & register,Enrol & register,नामांकन और पंजीकरण,,Pending,,New shared catalog copy; native-speaker review required.
Enrolment,Enrolment,नामांकन,,Pending,,New shared catalog copy; native-speaker review required.
Enter debit and credit lines.,Enter debit and credit lines.,डेबिट और क्रेडिट पंक्तियां दर्ज करें।,,Pending,,New shared catalog copy; native-speaker review required.
Enter marks between 0 and {value0},Enter marks between 0 and {value0},0 और {value0} के बीच अंक दर्ज करें,,Pending,,New shared catalog copy; native-speaker review required.
Enter ↓ · ↑ · ← → to move between cells,Enter ↓ · ↑ · ← → to move between cells,कक्षों के बीच जाने के लिए Enter ↓ · ↑ · ← →,,Pending,,New shared catalog copy; native-speaker review required.
Entrance test score,Entrance test score,प्रवेश परीक्षा स्कोर,,Pending,,New shared catalog copy; native-speaker review required.
Entry open · exam scheduled,Entry open · exam scheduled,प्रवेश खुला · परीक्षा निर्धारित,,Pending,,New shared catalog copy; native-speaker review required.
Eraser,Eraser,इरेज़र,,Pending,,New shared catalog copy; native-speaker review required.
Escalate to,Escalate to,इसे एस्केलेट करें,,Pending,,New shared catalog copy; native-speaker review required.
Event,Event,कार्यक्रम,,Pending,,New shared catalog copy; native-speaker review required.
"Every order, voucher and payslip in one ledger you can trust.","Every order, voucher and payslip in one ledger you can trust.","हर ऑर्डर, वाउचर और पेस्लिप एक ऐसे लेजर में जिस पर आप भरोसा कर सकते हैं।",,Pending,,New shared catalog copy; native-speaker review required.
Every parameter is within spec. Ready to accept.,Every parameter is within spec. Ready to accept.,सभी पैरामीटर निर्धारित मानकों के भीतर हैं। स्वीकार करने के लिए तैयार।,,Pending,,New shared catalog copy; native-speaker review required.
"Every report your role allows, from one place.","Every report your role allows, from one place.","आपकी भूमिका जिन रिपोर्ट की अनुमति देती है, वे सभी एक ही जगह से।",,Pending,,New shared catalog copy; native-speaker review required.
Every {parent},Every {parent},हर {parent},,Pending,,New shared catalog copy; native-speaker review required.
Everyone,Everyone,सभी,,Pending,,New shared catalog copy; native-speaker review required.
Everyone in a role,Everyone in a role,किसी भूमिका में सभी लोग,,Pending,,New shared catalog copy; native-speaker review required.
Everything waiting on your decision,Everything waiting on your decision,आपके निर्णय की प्रतीक्षा में सब कुछ,,Pending,,New shared catalog copy; native-speaker review required.
Exam,Exam,परीक्षा,,Pending,,New shared catalog copy; native-speaker review required.
Exam-day checklist,Exam-day checklist,परीक्षा-दिवस चेकलिस्ट,,Pending,,New shared catalog copy; native-speaker review required.
Examinations,Examinations,परीक्षाएं,,Pending,,New shared catalog copy; native-speaker review required.
Exams,Exams,परीक्षाएं,,Pending,,New shared catalog copy; native-speaker review required.
Exams can't be scheduled on a weekend.,Exams can't be scheduled on a weekend.,सप्ताहांत में परीक्षाएं निर्धारित नहीं की जा सकतीं।,,Pending,,New shared catalog copy; native-speaker review required.
Excel,Excel,Excel,,Pending,,New shared catalog copy; native-speaker review required.
Excused,Excused,क्षमा प्राप्त,,Pending,,New shared catalog copy; native-speaker review required.
Existing documents keep their copy of this,Existing documents keep their copy of this,मौजूदा दस्तावेज़ इसकी अपनी प्रति रखते हैं,,Pending,,New shared catalog copy; native-speaker review required.
Expand all,Expand all,सभी का विस्तार करें,,Pending,,New shared catalog copy; native-speaker review required.
Expected by,Expected by,द्वारा अपेक्षित,,Pending,,New shared catalog copy; native-speaker review required.
Expense,Expense,व्यय,,Pending,,New shared catalog copy; native-speaker review required.
Expense by cost center,Expense by cost center,लागत केंद्र के अनुसार व्यय,,Pending,,New shared catalog copy; native-speaker review required.
Expense claims,Expense claims,व्यय दावे,,Pending,,New shared catalog copy; native-speaker review required.
Expense date,Expense date,व्यय तिथि,,Pending,,New shared catalog copy; native-speaker review required.
Expense postings by cost center.,Expense postings by cost center.,लागत केंद्र के अनुसार व्यय प्रविष्टियां।,,Pending,,New shared catalog copy; native-speaker review required.
Experience (yrs),Experience (yrs),अनुभव (वर्ष),,Pending,,New shared catalog copy; native-speaker review required.
Expiring in 30 days,Expiring in 30 days,30 दिनों में समाप्त होने वाला,,Pending,,New shared catalog copy; native-speaker review required.
Expiry,Expiry,समाप्ति,,Pending,,New shared catalog copy; native-speaker review required.
Explanation (shown after submitting),Explanation (shown after submitting),स्पष्टीकरण (सबमिट करने के बाद दिखाया जाता है),,Pending,,New shared catalog copy; native-speaker review required.
Export not available,Export not available,निर्यात उपलब्ध नहीं है,,Pending,,New shared catalog copy; native-speaker review required.
Export selected,Export selected,चयनित निर्यात करें,,Pending,,New shared catalog copy; native-speaker review required.
Extension,Extension,एक्सटेंशन,,Pending,,New shared catalog copy; native-speaker review required.
Extra filters,Extra filters,अतिरिक्त फ़िल्टर,,Pending,,New shared catalog copy; native-speaker review required.
Factor,Factor,फैक्टर,,Pending,,New shared catalog copy; native-speaker review required.
Failed runs,Failed runs,विफल रन,,Pending,,New shared catalog copy; native-speaker review required.
Family doctor,Family doctor,पारिवारिक डॉक्टर,,Pending,,New shared catalog copy; native-speaker review required.
Favorites,Favorites,पसंदीदा,,Pending,,New shared catalog copy; native-speaker review required.
Fee,Fee,शुल्क,,Pending,,New shared catalog copy; native-speaker review required.
Fee collection by month,Fee collection by month,माह के अनुसार शुल्क संग्रह,,Pending,,New shared catalog copy; native-speaker review required.
Fee defaulters,Fee defaulters,शुल्क बकायेदार,,Pending,,New shared catalog copy; native-speaker review required.
Fee due,Fee due,देय शुल्क,,Pending,,New shared catalog copy; native-speaker review required.
Fee head,Fee head,शुल्क शीर्ष,,Pending,,New shared catalog copy; native-speaker review required.
Fee heads,Fee heads,शुल्क शीर्ष,,Pending,,New shared catalog copy; native-speaker review required.
Fee heads per program and term,Fee heads per program and term,प्रोग्राम और टर्म के अनुसार शुल्क शीर्ष,,Pending,,New shared catalog copy; native-speaker review required.
Fee schedule by doctor and visit type,Fee schedule by doctor and visit type,डॉक्टर और विज़िट प्रकार के अनुसार शुल्क अनुसूची,,Pending,,New shared catalog copy; native-speaker review required.
Fee status,Fee status,शुल्क स्थिति,,Pending,,New shared catalog copy; native-speaker review required.
Fee structure,Fee structure,शुल्क संरचना,,Pending,,New shared catalog copy; native-speaker review required.
Fee structure · AY {value0},Fee structure · AY {value0},शुल्क संरचना · शैक्षणिक वर्ष {value0},,Pending,,New shared catalog copy; native-speaker review required.
Fee structures,Fee structures,शुल्क संरचनाएं,,Pending,,New shared catalog copy; native-speaker review required.
Feedback for the student,Feedback for the student,छात्र के लिए फीडबैक,,Pending,,New shared catalog copy; native-speaker review required.
Fees,Fees,शुल्क,,Pending,,New shared catalog copy; native-speaker review required.
Fees & payments,Fees & payments,शुल्क और भुगतान,,Pending,,New shared catalog copy; native-speaker review required.
Fees collected,Fees collected,एकत्रित शुल्क,,Pending,,New shared catalog copy; native-speaker review required.
Fees outstanding,Fees outstanding,बकाया शुल्क,,Pending,,New shared catalog copy; native-speaker review required.
Fees overdue,Fees overdue,अतिदेय शुल्क,,Pending,,New shared catalog copy; native-speaker review required.
Female,Female,महिला,,Pending,,New shared catalog copy; native-speaker review required.
Field keys: {keys},Field keys: {keys},फ़ील्ड कुंजियां: {keys},,Pending,,New shared catalog copy; native-speaker review required.
Fields marked * are required,Fields marked * are required,* से चिह्नित फ़ील्ड आवश्यक हैं,,Pending,,New shared catalog copy; native-speaker review required.
Fields marked * are required. Ctrl + S saves.,Fields marked * are required. Ctrl + S saves.,* से चिह्नित फ़ील्ड आवश्यक हैं। Ctrl + S से सेव करें।,,Pending,,New shared catalog copy; native-speaker review required.
Files and saved results are deleted after this.,Files and saved results are deleted after this.,इसके बाद फ़ाइलें और सहेजे गए परिणाम हटा दिए जाते हैं।,,Pending,,New shared catalog copy; native-speaker review required.
"Files are kept for a limited time, then removed automatically.","Files are kept for a limited time, then removed automatically.","फ़ाइलें सीमित समय के लिए रखी जाती हैं, फिर स्वतः हटा दी जाती हैं।",,Pending,,New shared catalog copy; native-speaker review required.
Files larger than 1 MB cannot be attached.,Files larger than 1 MB cannot be attached.,1 MB से बड़ी फ़ाइलें संलग्न नहीं की जा सकतीं।,,Pending,,New shared catalog copy; native-speaker review required.
Fill rectangles and ellipses,Fill rectangles and ellipses,आयत और अंडाकार भरें,,Pending,,New shared catalog copy; native-speaker review required.
Filter reports,Filter reports,रिपोर्ट फ़िल्टर करें,,Pending,,New shared catalog copy; native-speaker review required.
Filters and sorting,Filters and sorting,फ़िल्टर और सॉर्टिंग,,Pending,,New shared catalog copy; native-speaker review required.
Final,Final,अंतिम,,Pending,,New shared catalog copy; native-speaker review required.
Finance office · AY,Finance office · AY,वित्त कार्यालय · शैक्षणिक वर्ष,,Pending,,New shared catalog copy; native-speaker review required.
Financial year starts,Financial year starts,वित्तीय वर्ष शुरू होता है,,Pending,,New shared catalog copy; native-speaker review required.
Find a person,Find a person,व्यक्ति खोजें,,Pending,,New shared catalog copy; native-speaker review required.
Find a report or page,Find a report or page,रिपोर्ट या पेज खोजें,,Pending,,New shared catalog copy; native-speaker review required.
Find an entry,Find an entry,एंट्री खोजें,,Pending,,New shared catalog copy; native-speaker review required.
Find {value0},Find {value0},{value0} खोजें,,Pending,,New shared catalog copy; native-speaker review required.
Fines accrued,Fines accrued,अर्जित जुर्माना,,Pending,,New shared catalog copy; native-speaker review required.
Fines accruing,Fines accruing,बढ़ता जुर्माना,,Pending,,New shared catalog copy; native-speaker review required.
"First 25 rows for the default period, with your own access applied.","First 25 rows for the default period, with your own access applied.","डिफ़ॉल्ट अवधि के लिए पहली 25 पंक्तियां, आपकी अपनी एक्सेस लागू करते हुए।",,Pending,,New shared catalog copy; native-speaker review required.
First name,First name,पहला नाम,,Pending,,New shared catalog copy; native-speaker review required.
Flag,Flag,फ़्लैग करें,,Pending,,New shared catalog copy; native-speaker review required.
Flag payments above,Flag payments above,इससे ऊपर के भुगतान फ़्लैग करें,,Pending,,New shared catalog copy; native-speaker review required.
Flagged,Flagged,फ़्लैग किया गया,,Pending,,New shared catalog copy; native-speaker review required.
"Fleet vehicles, drivers and compliance dates","Fleet vehicles, drivers and compliance dates","फ्लीट वाहन, चालक और अनुपालन तिथियां",,Pending,,New shared catalog copy; native-speaker review required.
"Follow your children's attendance, results and fees.","Follow your children's attendance, results and fees.","अपने बच्चों की उपस्थिति, परिणाम और शुल्क का पालन करें।",,Pending,,New shared catalog copy; native-speaker review required.
Follow-up list for counsellors,Follow-up list for counsellors,परामर्शदाताओं के लिए फॉलो-अप सूची,,Pending,,New shared catalog copy; native-speaker review required.
For,For,के लिए,,Pending,,New shared catalog copy; native-speaker review required.
"For example en-IN, en-GB, en-US.","For example en-IN, en-GB, en-US.","उदाहरण के लिए en-IN, en-GB, en-US।",,Pending,,New shared catalog copy; native-speaker review required.
For example: Discount by payer and branch,For example: Discount by payer and branch,उदाहरण के लिए: भुगतानकर्ता और शाखा के अनुसार छूट,,Pending,,New shared catalog copy; native-speaker review required.
For example: Month-end with discounts,For example: Month-end with discounts,उदाहरण के लिए: छूट के साथ माह का अंत,,Pending,,New shared catalog copy; native-speaker review required.
For example: Power BI finance model,For example: Power BI finance model,उदाहरण के लिए: Power BI वित्त मॉडल,,Pending,,New shared catalog copy; native-speaker review required.
For example: Revenue cycle lead,For example: Revenue cycle lead,उदाहरण के लिए: रेवेन्यू साइकल लीड,,Pending,,New shared catalog copy; native-speaker review required.
Forecast scenarios,Forecast scenarios,पूर्वानुमान परिदृश्य,,Pending,,New shared catalog copy; native-speaker review required.
Forgot password?,Forgot password?,पासवर्ड भूल गए?,,Pending,,New shared catalog copy; native-speaker review required.
Format,Format,फ़ॉर्मेट,,Pending,,New shared catalog copy; native-speaker review required.
Formula,Formula,सूत्र,,Pending,,New shared catalog copy; native-speaker review required.
Free,Free,मुफ़्त,,Pending,,New shared catalog copy; native-speaker review required.
From,From,से,,Pending,,New shared catalog copy; native-speaker review required.
Fuel,Fuel,ईंधन,,Pending,,New shared catalog copy; native-speaker review required.
"Full access to every report, setting and user.","Full access to every report, setting and user.","हर रिपोर्ट, सेटिंग और उपयोगकर्ता तक पूर्ण पहुंच।",,Pending,,New shared catalog copy; native-speaker review required.
Full balance,Full balance,पूरा शेष,,Pending,,New shared catalog copy; native-speaker review required.
Full name,Full name,पूरा नाम,,Pending,,New shared catalog copy; native-speaker review required.
Full table,Full table,पूरी तालिका,,Pending,,New shared catalog copy; native-speaker review required.
Full width,Full width,पूरी चौड़ाई,,Pending,,New shared catalog copy; native-speaker review required.
GPA,GPA,जीपीए,,Pending,,New shared catalog copy; native-speaker review required.
GPA grade distribution,GPA grade distribution,जीपीए ग्रेड वितरण,,Pending,,New shared catalog copy; native-speaker review required.
GPA {value0},GPA {value0},जीपीए {value0},,Pending,,New shared catalog copy; native-speaker review required.
Gallery,Gallery,गैलरी,,Pending,,New shared catalog copy; native-speaker review required.
Gender balance,Gender balance,लिंग संतुलन,,Pending,,New shared catalog copy; native-speaker review required.
General journal entries that must balance,General journal entries that must balance,सामान्य जर्नल प्रविष्टियां जिनका संतुलन होना चाहिए,,Pending,,New shared catalog copy; native-speaker review required.
General ledger detail,General ledger detail,सामान्य लेजर विवरण,,Pending,,New shared catalog copy; native-speaker review required.
Generated from live data and downloaded as CSV (opens in Excel or Google Sheets),Generated from live data and downloaded as CSV (opens in Excel or Google Sheets),लाइव डेटा से जनरेट किया गया और CSV के रूप में डाउनलोड किया गया (Excel या Google Sheets में खुलता है),,Pending,,New shared catalog copy; native-speaker review required.
Give dashboards and spreadsheets read-only access to the reports you are allowed to see.,Give dashboards and spreadsheets read-only access to the reports you are allowed to see.,डैशबोर्ड और स्प्रेडशीट को उन रिपोर्ट तक केवल-पढ़ने के लिए एक्सेस दें जिन्हें आप देखने के लिए अधिकृत हैं।,,Pending,,New shared catalog copy; native-speaker review required.
Go to dashboard,Go to dashboard,डैशबोर्ड पर जाएं,,Pending,,New shared catalog copy; native-speaker review required.
Go to the report library,Go to the report library,रिपोर्ट लाइब्रेरी पर जाएं,,Pending,,New shared catalog copy; native-speaker review required.
Goes to {value0},Goes to {value0},{value0} को जाता है,,Pending,,New shared catalog copy; native-speaker review required.
Good,Good,अच्छा,,Pending,,New shared catalog copy; native-speaker review required.
Good effort,Good effort,अच्छा प्रयास,,Pending,,New shared catalog copy; native-speaker review required.
Goods receipts,Goods receipts,माल प्राप्तियां,,Pending,,New shared catalog copy; native-speaker review required.
Grace (min),Grace (min),छूट अवधि (मिनट),,Pending,,New shared catalog copy; native-speaker review required.
Grade,Grade,ग्रेड,,Pending,,New shared catalog copy; native-speaker review required.
Grade {value0},Grade {value0},कक्षा {value0},,Pending,,New shared catalog copy; native-speaker review required.
Grade {value0}-{value1} created,Grade {value0}-{value1} created,कक्षा {value0}-{value1} बनाई गई,,Pending,,New shared catalog copy; native-speaker review required.
Graded,Graded,ग्रेड किया गया,,Pending,,New shared catalog copy; native-speaker review required.
Graded {value0}: {value1}/{value2},Graded {value0}: {value1}/{value2},मूल्यांकित {value0}: {value1}/{value2},,Pending,,New shared catalog copy; native-speaker review required.
Grades,Grades,ग्रेड,,Pending,,New shared catalog copy; native-speaker review required.
Grades: A+ ≥90 · A ≥80 · B+ ≥70 · B ≥60 · C ≥50 · D ≥40 · F,Grades: A+ ≥90 · A ≥80 · B+ ≥70 · B ≥60 · C ≥50 · D ≥40 · F,ग्रेड: A+ ≥90 · A ≥80 · B+ ≥70 · B ≥60 · C ≥50 · D ≥40 · F,,Pending,,New shared catalog copy; native-speaker review required.
Grading scale,Grading scale,ग्रेडिंग स्केल,,Pending,,New shared catalog copy; native-speaker review required.
Great work,Great work,शानदार काम,,Pending,,New shared catalog copy; native-speaker review required.
Grey bars show the class average,Grey bars show the class average,ग्रे बार कक्षा औसत दिखाते हैं,,Pending,,New shared catalog copy; native-speaker review required.
Gross,Gross,सकल,,Pending,,New shared catalog copy; native-speaker review required.
"Gross, discount, net and collected revenue for each service line.","Gross, discount, net and collected revenue for each service line.","प्रत्येक सेवा लाइन के लिए सकल, छूट, शुद्ध और एकत्रित राजस्व।",,Pending,,New shared catalog copy; native-speaker review required.
Group by,Group by,समूह बनाएं,,Pending,,New shared catalog copy; native-speaker review required.
Group in library under,Group in library under,लाइब्रेरी में इसके अंतर्गत समूहित करें,,Pending,,New shared catalog copy; native-speaker review required.
Group rows by,Group rows by,पंक्तियों को समूहित करें,,Pending,,New shared catalog copy; native-speaker review required.
Grouping columns stay visible so each row is labelled.,Grouping columns stay visible so each row is labelled.,समूहन कॉलम दिखाई देते रहते हैं ताकि प्रत्येक पंक्ति लेबल की जाए।,,Pending,,New shared catalog copy; native-speaker review required.
Guardian,Guardian,अभिभावक,,Pending,,New shared catalog copy; native-speaker review required.
Guardian email,Guardian email,अभिभावक ईमेल,,Pending,,New shared catalog copy; native-speaker review required.
Guardian name,Guardian name,अभिभावक का नाम,,Pending,,New shared catalog copy; native-speaker review required.
Guardian phone,Guardian phone,अभिभावक फ़ोन,,Pending,,New shared catalog copy; native-speaker review required.
Guardians of absent students receive an automatic SMS after the register is saved. Three unexplained absences in a month trigger a counsellor follow-up.,Guardians of absent students receive an automatic SMS after the register is saved. Three unexplained absences in a month trigger a counsellor follow-up.,अनुपस्थित छात्रों के अभिभावकों को रजिस्टर सहेजे जाने के बाद स्वचालित SMS प्राप्त होता है। एक महीने में तीन अस्पष्टीकृत अनुपस्थितियां परामर्शदाता फॉलो-अप को ट्रिगर करती हैं।,,Pending,,New shared catalog copy; native-speaker review required.
HOST,HOST,HOST,,Pending,,New shared catalog copy; native-speaker review required.
HS code,HS code,HS कोड,,Pending,,New shared catalog copy; native-speaker review required.
Half width,Half width,आधी चौड़ाई,,Pending,,New shared catalog copy; native-speaker review required.
Has sensitive columns,Has sensitive columns,इसमें संवेदनशील कॉलम हैं,,Pending,,New shared catalog copy; native-speaker review required.
Has sensitive columns: masked unless the role may see patient identifiers,Has sensitive columns: masked unless the role may see patient identifiers,इसमें संवेदनशील कॉलम हैं: तब तक मास्क किए जाते हैं जब तक भूमिका रोगी पहचानकर्ता नहीं देख सकती,,Pending,,New shared catalog copy; native-speaker review required.
Head,Head,प्रमुख,,Pending,,New shared catalog copy; native-speaker review required.
Headcount,Headcount,हेडकाउंट,,Pending,,New shared catalog copy; native-speaker review required.
"Headline revenue, collections, capacity and access measures.","Headline revenue, collections, capacity and access measures.","मुख्य राजस्व, संग्रह, क्षमता और पहुंच माप।",,Pending,,New shared catalog copy; native-speaker review required.
Highest qualification,Highest qualification,उच्चतम योग्यता,,Pending,,New shared catalog copy; native-speaker review required.
Highlighter,Highlighter,हाइलाइटर,,Pending,,New shared catalog copy; native-speaker review required.
History appears after saving this document.,History appears after saving this document.,यह दस्तावेज़ सहेजने के बाद इतिहास दिखाई देगा।,,Pending,,New shared catalog copy; native-speaker review required.
Hold,Hold,होल्ड,,Pending,,New shared catalog copy; native-speaker review required.
Holiday,Holiday,अवकाश,,Pending,,New shared catalog copy; native-speaker review required.
Holiday calendar,Holiday calendar,अवकाश कैलेंडर,,Pending,,New shared catalog copy; native-speaker review required.
Home class,Home class,होम क्लास,,Pending,,New shared catalog copy; native-speaker review required.
Host,Host,होस्ट,,Pending,,New shared catalog copy; native-speaker review required.
Host account,Host account,होस्ट खाता,,Pending,,New shared catalog copy; native-speaker review required.
Hosted by,Hosted by,होस्ट किया गया,,Pending,,New shared catalog copy; native-speaker review required.
Hours logged,Hours logged,दर्ज किए गए घंटे,,Pending,,New shared catalog copy; native-speaker review required.
Hours logged per person for the week,Hours logged per person for the week,सप्ताह के लिए प्रति व्यक्ति दर्ज घंटे,,Pending,,New shared catalog copy; native-speaker review required.
House,House,हाउस,,Pending,,New shared catalog copy; native-speaker review required.
How to request a report by email,How to request a report by email,ईमेल द्वारा रिपोर्ट का अनुरोध कैसे करें,,Pending,,New shared catalog copy; native-speaker review required.
IFSC,IFSC,IFSC,,Pending,,New shared catalog copy; native-speaker review required.
ISBN,ISBN,ISBN,,Pending,,New shared catalog copy; native-speaker review required.
ISO code,ISO code,ISO कोड,,Pending,,New shared catalog copy; native-speaker review required.
If guardian unreachable,If guardian unreachable,यदि अभिभावक तक नहीं पहुंचा जा सके,,Pending,,New shared catalog copy; native-speaker review required.
"If it keeps happening, send the reference to your administrator.","If it keeps happening, send the reference to your administrator.","यदि यह होता रहता है, तो संदर्भ अपने प्रशासक को भेजें।",,Pending,,New shared catalog copy; native-speaker review required.
In,In,अंदर,,Pending,,New shared catalog copy; native-speaker review required.
In stock,In stock,स्टॉक में,,Pending,,New shared catalog copy; native-speaker review required.
"Inactive users cannot use reports, their schedules are skipped and email requests from them are ignored.","Inactive users cannot use reports, their schedules are skipped and email requests from them are ignored.","निष्क्रिय उपयोगकर्ता रिपोर्ट का उपयोग नहीं कर सकते, उनके शेड्यूल छोड़ दिए जाते हैं और उनके ईमेल अनुरोधों को अनदेखा कर दिया जाता है।",,Pending,,New shared catalog copy; native-speaker review required.
Include arrears,Include arrears,बकाया शामिल करें,,Pending,,New shared catalog copy; native-speaker review required.
Income and expense summary,Income and expense summary,आय और व्यय सारांश,,Pending,,New shared catalog copy; native-speaker review required.
"Incoming, in-process and final QC checks","Incoming, in-process and final QC checks","इनकमिंग, इन-प्रोसेस और फाइनल QC जांच",,Pending,,New shared catalog copy; native-speaker review required.
Inspection parameters,Inspection parameters,निरीक्षण पैरामीटर,,Pending,,New shared catalog copy; native-speaker review required.
Inspection sheet,Inspection sheet,निरीक्षण पत्रक,,Pending,,New shared catalog copy; native-speaker review required.
Inspector,Inspector,निरीक्षक,,Pending,,New shared catalog copy; native-speaker review required.
Instalments,Instalments,किश्तें,,Pending,,New shared catalog copy; native-speaker review required.
Instant class,Instant class,इंस्टेंट क्लास,,Pending,,New shared catalog copy; native-speaker review required.
Instructions,Instructions,निर्देश,,Pending,,New shared catalog copy; native-speaker review required.
Insurance expiry,Insurance expiry,बीमा समाप्ति,,Pending,,New shared catalog copy; native-speaker review required.
Insurer,Insurer,बीमाकर्ता,,Pending,,New shared catalog copy; native-speaker review required.
Invigilator,Invigilator,निरीक्षक (परीक्षा),,Pending,,New shared catalog copy; native-speaker review required.
Invoice print,Invoice print,इनवॉइस प्रिंट,,Pending,,New shared catalog copy; native-speaker review required.
Invoice value by status,Invoice value by status,स्थिति के अनुसार इनवॉइस मूल्य,,Pending,,New shared catalog copy; native-speaker review required.
Invoices,Invoices,इनवॉइस,,Pending,,New shared catalog copy; native-speaker review required.
"Invoices with totals, grouping and export","Invoices with totals, grouping and export","कुल योग, समूहन और निर्यात के साथ इनवॉइस",,Pending,,New shared catalog copy; native-speaker review required.
"Invoices, collections and outstanding balances.","Invoices, collections and outstanding balances.","इनवॉइस, संग्रह और बकाया शेष।",,Pending,,New shared catalog copy; native-speaker review required.
Inward,Inward,इनवर्ड,,Pending,,New shared catalog copy; native-speaker review required.
Issue,Issue,इशू,,Pending,,New shared catalog copy; native-speaker review required.
Issue book,Issue book,पुस्तक जारी करें,,Pending,,New shared catalog copy; native-speaker review required.
Issue “{value0}”,Issue “{value0}”,“{value0}” जारी करें,,Pending,,New shared catalog copy; native-speaker review required.
Issues,Issues,निर्गम,,Pending,,New shared catalog copy; native-speaker review required.
It starts private and empty. Add widgets with Edit.,It starts private and empty. Add widgets with Edit.,यह निजी और खाली शुरू होता है। संपादित करें से विजेट जोड़ें।,,Pending,,New shared catalog copy; native-speaker review required.
It will be prepared in the background and sent to you.,It will be prepared in the background and sent to you.,यह बैकग्राउंड में तैयार किया जाएगा और आपको भेजा जाएगा।,,Pending,,New shared catalog copy; native-speaker review required.
Item master,Item master,आइटम मास्टर,,Pending,,New shared catalog copy; native-speaker review required.
Item prices per list with validity periods,Item prices per list with validity periods,वैधता अवधि के साथ प्रति सूची आइटम मूल्य,,Pending,,New shared catalog copy; native-speaker review required.
Items,Items,आइटम,,Pending,,New shared catalog copy; native-speaker review required.
J,J,J,,Pending,,New shared catalog copy; native-speaker review required.
JSON,JSON,JSON,,Pending,,New shared catalog copy; native-speaker review required.
Job {id}.,Job {id}.,जॉब {id}।,,Pending,,New shared catalog copy; native-speaker review required.
Join,Join,जॉइन करें,,Pending,,New shared catalog copy; native-speaker review required.
Join a live class,Join a live class,लाइव क्लास से जुड़ें,,Pending,,New shared catalog copy; native-speaker review required.
Join as host,Join as host,होस्ट के रूप में जुड़ें,,Pending,,New shared catalog copy; native-speaker review required.
"Join classes, submit work, take quizzes and track results.","Join classes, submit work, take quizzes and track results.","कक्षाओं में शामिल हों, काम जमा करें, क्विज़ लें और परिणाम ट्रैक करें।",,Pending,,New shared catalog copy; native-speaker review required.
Join lobby,Join lobby,लॉबी में शामिल हों,,Pending,,New shared catalog copy; native-speaker review required.
Join now,Join now,अभी जुड़ें,,Pending,,New shared catalog copy; native-speaker review required.
Join waitlist,Join waitlist,प्रतीक्षा सूची में शामिल हों,,Pending,,New shared catalog copy; native-speaker review required.
Joining,Joining,जॉइनिंग,,Pending,,New shared catalog copy; native-speaker review required.
Joining as,Joining as,के रूप में जॉइनिंग,,Pending,,New shared catalog copy; native-speaker review required.
Joining date,Joining date,जॉइनिंग तिथि,,Pending,,New shared catalog copy; native-speaker review required.
Journal no.,Journal no.,जर्नल संख्या,,Pending,,New shared catalog copy; native-speaker review required.
Journal vouchers,Journal vouchers,जर्नल वाउचर,,Pending,,New shared catalog copy; native-speaker review required.
Just me,Just me,केवल मैं,,Pending,,New shared catalog copy; native-speaker review required.
K,K,K,,Pending,,New shared catalog copy; native-speaker review required.
Keep it,Keep it,इसे रखें,,Pending,,New shared catalog copy; native-speaker review required.
Keep it in My reports for download,Keep it in My reports for download,इसे डाउनलोड के लिए मेरी रिपोर्ट में रखें,,Pending,,New shared catalog copy; native-speaker review required.
Keep me signed in on this device,Keep me signed in on this device,मुझे इस डिवाइस पर साइन इन रखें,,Pending,,New shared catalog copy; native-speaker review required.
Keep practising,Keep practising,अभ्यास जारी रखें,,Pending,,New shared catalog copy; native-speaker review required.
Keep results for (hours),Keep results for (hours),परिणाम रखें (घंटे),,Pending,,New shared catalog copy; native-speaker review required.
Keep them,Keep them,इन्हें रखें,,Pending,,New shared catalog copy; native-speaker review required.
Keep working,Keep working,काम जारी रखें,,Pending,,New shared catalog copy; native-speaker review required.
"Keeps the current columns, filters and sort order.","Keeps the current columns, filters and sort order.","वर्तमान कॉलम, फ़िल्टर और सॉर्ट क्रम बनाए रखता है।",,Pending,,New shared catalog copy; native-speaker review required.
Key name,Key name,कुंजी नाम,,Pending,,New shared catalog copy; native-speaker review required.
"Keyboard-friendly: Tab to a student, then use the arrow keys to choose P / A / L / E","Keyboard-friendly: Tab to a student, then use the arrow keys to choose P / A / L / E","कीबोर्ड-अनुकूल: Tab से किसी छात्र पर जाएं, फिर P / A / L / E चुनने के लिए ऐरो कुंजियों का उपयोग करें",,Pending,,New shared catalog copy; native-speaker review required.
Keys: 1–,Keys: 1–,कुंजियां: 1–,,Pending,,New shared catalog copy; native-speaker review required.
L,L,L,,Pending,,New shared catalog copy; native-speaker review required.
LIVE,LIVE,लाइव,,Pending,,New shared catalog copy; native-speaker review required.
Lab subjects,Lab subjects,प्रयोगशाला विषय,,Pending,,New shared catalog copy; native-speaker review required.
Lab test master,Lab test master,लैब टेस्ट मास्टर,,Pending,,New shared catalog copy; native-speaker review required.
Labels from,Labels from,लेबल स्रोत,,Pending,,New shared catalog copy; native-speaker review required.
Large reports are split into monthly chunks and processed on the server.,Large reports are split into monthly chunks and processed on the server.,बड़ी रिपोर्ट को मासिक भागों में विभाजित किया जाता है और सर्वर पर संसाधित किया जाता है।,,Pending,,New shared catalog copy; native-speaker review required.
Largest attachment (MB),Largest attachment (MB),सबसे बड़ा अटैचमेंट (MB),,Pending,,New shared catalog copy; native-speaker review required.
Largest first,Largest first,सबसे बड़ा पहले,,Pending,,New shared catalog copy; native-speaker review required.
Largest receivables,Largest receivables,सबसे बड़ी प्राप्तियां,,Pending,,New shared catalog copy; native-speaker review required.
Last 15 school days,Last 15 school days,पिछले 15 स्कूल दिवस,,Pending,,New shared catalog copy; native-speaker review required.
Last 20 school days,Last 20 school days,पिछले 20 स्कूल दिवस,,Pending,,New shared catalog copy; native-speaker review required.
Last name,Last name,अंतिम नाम,,Pending,,New shared catalog copy; native-speaker review required.
Last refreshed,Last refreshed,अंतिम बार रीफ्रेश किया गया,,Pending,,New shared catalog copy; native-speaker review required.
Last run,Last run,अंतिम रन,,Pending,,New shared catalog copy; native-speaker review required.
Last visit,Last visit,अंतिम विज़िट,,Pending,,New shared catalog copy; native-speaker review required.
Late,Late,देर से,,Pending,,New shared catalog copy; native-speaker review required.
Latest payments,Latest payments,नवीनतम भुगतान,,Pending,,New shared catalog copy; native-speaker review required.
Launch a question from the,Launch a question from the,से एक प्रश्न लॉन्च करें,,Pending,,New shared catalog copy; native-speaker review required.
Leaderboard,Leaderboard,लीडरबोर्ड,,Pending,,New shared catalog copy; native-speaker review required.
Leadership view across all domains.,Leadership view across all domains.,सभी डोमेन में नेतृत्व दृश्य।,,Pending,,New shared catalog copy; native-speaker review required.
Learning,Learning,लर्निंग,,Pending,,New shared catalog copy; native-speaker review required.
Leave,Leave,अवकाश,,Pending,,New shared catalog copy; native-speaker review required.
Leave blank to auto-create a school address,Leave blank to auto-create a school address,स्कूल का पता स्वतः बनाने के लिए खाली छोड़ें,,Pending,,New shared catalog copy; native-speaker review required.
"Leave categories, entitlements and rules","Leave categories, entitlements and rules","अवकाश श्रेणियां, हकदारी और नियम",,Pending,,New shared catalog copy; native-speaker review required.
Leave request,Leave request,अवकाश अनुरोध,,Pending,,New shared catalog copy; native-speaker review required.
Leave requests,Leave requests,अवकाश अनुरोध,,Pending,,New shared catalog copy; native-speaker review required.
Leave type,Leave type,अवकाश प्रकार,,Pending,,New shared catalog copy; native-speaker review required.
Leave types,Leave types,अवकाश प्रकार,,Pending,,New shared catalog copy; native-speaker review required.
"Ledger, trial balance and revenue reporting.","Ledger, trial balance and revenue reporting.","लेजर, ट्रायल बैलेंस और राजस्व रिपोर्टिंग।",,Pending,,New shared catalog copy; native-speaker review required.
"Legal details, defaults and preferences","Legal details, defaults and preferences","कानूनी विवरण, डिफ़ॉल्ट और प्राथमिकताएं",,Pending,,New shared catalog copy; native-speaker review required.
Length of stay by department,Length of stay by department,विभाग के अनुसार ठहरने की अवधि,,Pending,,New shared catalog copy; native-speaker review required.
Library books,Library books,पुस्तकालय की किताबें,,Pending,,New shared catalog copy; native-speaker review required.
Library loans,Library loans,पुस्तकालय ऋण,,Pending,,New shared catalog copy; native-speaker review required.
Library overdue,Library overdue,पुस्तकालय अतिदेय,,Pending,,New shared catalog copy; native-speaker review required.
Line,Line,लाइन,,Pending,,New shared catalog copy; native-speaker review required.
Line chart of {series},Line chart of {series},{series} का लाइन चार्ट,,Pending,,New shared catalog copy; native-speaker review required.
Line note,Line note,लाइन नोट,,Pending,,New shared catalog copy; native-speaker review required.
Lines,Lines,पंक्तियां,,Pending,,New shared catalog copy; native-speaker review required.
List,List,सूची,,Pending,,New shared catalog copy; native-speaker review required.
List and details side by side,List and details side by side,सूची और विवरण साथ-साथ,,Pending,,New shared catalog copy; native-speaker review required.
List the reports you can pull,List the reports you can pull,आप जो रिपोर्ट निकाल सकते हैं उन्हें सूचीबद्ध करें,,Pending,,New shared catalog copy; native-speaker review required.
Live classes,Live classes,लाइव कक्षाएं,,Pending,,New shared catalog copy; native-speaker review required.
Live classroom,Live classroom,लाइव क्लासरूम,,Pending,,New shared catalog copy; native-speaker review required.
Live now,Live now,अभी लाइव,,Pending,,New shared catalog copy; native-speaker review required.
Live right now,Live right now,अभी लाइव चल रहा है,,Pending,,New shared catalog copy; native-speaker review required.
Live sessions,Live sessions,लाइव सत्र,,Pending,,New shared catalog copy; native-speaker review required.
Loading company details…,Loading company details…,कंपनी विवरण लोड हो रहे हैं…,,Pending,,New shared catalog copy; native-speaker review required.
Loading field values…,Loading field values…,फ़ील्ड मान लोड हो रहे हैं…,,Pending,,New shared catalog copy; native-speaker review required.
Loading options…,Loading options…,विकल्प लोड हो रहे हैं…,,Pending,,New shared catalog copy; native-speaker review required.
Loading record details…,Loading record details…,रिकॉर्ड विवरण लोड हो रहे हैं…,,Pending,,New shared catalog copy; native-speaker review required.
Loading run history…,Loading run history…,रन इतिहास लोड हो रहा है…,,Pending,,New shared catalog copy; native-speaker review required.
Loading saved layout…,Loading saved layout…,सहेजा गया लेआउट लोड हो रहा है…,,Pending,,New shared catalog copy; native-speaker review required.
Loading school data,Loading school data,स्कूल डेटा लोड हो रहा है,,Pending,,New shared catalog copy; native-speaker review required.
Loads on first use,Loads on first use,पहले उपयोग पर लोड होता है,,Pending,,New shared catalog copy; native-speaker review required.
Loan period,Loan period,ऋण अवधि,,Pending,,New shared catalog copy; native-speaker review required.
Location,Location,स्थान,,Pending,,New shared catalog copy; native-speaker review required.
Long periods and large exports run here and can be emailed to you.,Long periods and large exports run here and can be emailed to you.,लंबी अवधि और बड़े निर्यात यहां चलते हैं और आपको ईमेल किए जा सकते हैं।,,Pending,,New shared catalog copy; native-speaker review required.
Longest period (days),Longest period (days),सबसे लंबी अवधि (दिन),,Pending,,New shared catalog copy; native-speaker review required.
Longest period on screen (days),Longest period on screen (days),स्क्रीन पर सबसे लंबी अवधि (दिन),,Pending,,New shared catalog copy; native-speaker review required.
Lower all hands,Lower all hands,सभी हाथ नीचे करें,,Pending,,New shared catalog copy; native-speaker review required.
Lowest attendance,Lowest attendance,सबसे कम उपस्थिति,,Pending,,New shared catalog copy; native-speaker review required.
Lumen Reports,Lumen Reports,Lumen Reports,,Pending,,New shared catalog copy; native-speaker review required.
MM/YY,MM/YY,MM/YY,,Pending,,New shared catalog copy; native-speaker review required.
MRN,MRN,मेडिकल रिकॉर्ड नंबर,,Pending,,New shared catalog copy; native-speaker review required.
Main campus,Main campus,मुख्य परिसर,,Pending,,New shared catalog copy; native-speaker review required.
Maintenance requests,Maintenance requests,रखरखाव अनुरोध,,Pending,,New shared catalog copy; native-speaker review required.
Male,Male,पुरुष,,Pending,,New shared catalog copy; native-speaker review required.
Manage,Manage,प्रबंधित करें,,Pending,,New shared catalog copy; native-speaker review required.
Manage everyone's schedules,Manage everyone's schedules,सभी की समय-सारणी प्रबंधित करें,,Pending,,New shared catalog copy; native-speaker review required.
Manage roles and report access,Manage roles and report access,भूमिकाएं और रिपोर्ट एक्सेस प्रबंधित करें,,Pending,,New shared catalog copy; native-speaker review required.
Manage schedules,Manage schedules,शेड्यूल प्रबंधित करें,,Pending,,New shared catalog copy; native-speaker review required.
"Manage the catalogue, circulation and fines.","Manage the catalogue, circulation and fines.","कैटलॉग, परिचालन और जुर्माने का प्रबंधन करें।",,Pending,,New shared catalog copy; native-speaker review required.
Manage users,Manage users,उपयोगकर्ताओं का प्रबंधन करें,,Pending,,New shared catalog copy; native-speaker review required.
Managed by the school,Managed by the school,स्कूल द्वारा प्रबंधित,,Pending,,New shared catalog copy; native-speaker review required.
Mark all present today,Mark all present today,आज सभी को उपस्थित चिह्नित करें,,Pending,,New shared catalog copy; native-speaker review required.
Mark as,Mark as,इस रूप में चिह्नित करें,,Pending,,New shared catalog copy; native-speaker review required.
Mark completed,Mark completed,पूर्ण के रूप में चिह्नित करें,,Pending,,New shared catalog copy; native-speaker review required.
Mark list,Mark list,मार्क सूची,,Pending,,New shared catalog copy; native-speaker review required.
Mark list & results,Mark list & results,मार्क सूची और परिणाम,,Pending,,New shared catalog copy; native-speaker review required.
Mark lists,Mark lists,मार्क सूचियां,,Pending,,New shared catalog copy; native-speaker review required.
Mark on leave,Mark on leave,अवकाश पर चिह्नित करें,,Pending,,New shared catalog copy; native-speaker review required.
Mark option {value0} correct,Mark option {value0} correct,विकल्प {value0} को सही चिह्नित करें,,Pending,,New shared catalog copy; native-speaker review required.
Mark returned,Mark returned,वापस किया गया चिह्नित करें,,Pending,,New shared catalog copy; native-speaker review required.
Marked,Marked,चिह्नित,,Pending,,New shared catalog copy; native-speaker review required.
Marked as {value0},Marked as {value0},{value0} के रूप में चिह्नित,,Pending,,New shared catalog copy; native-speaker review required.
Marks,Marks,अंक,,Pending,,New shared catalog copy; native-speaker review required.
Marks entry,Marks entry,अंक प्रविष्टि,,Pending,,New shared catalog copy; native-speaker review required.
Marks must be between 0 and {value0},Marks must be between 0 and {value0},अंक 0 और {value0} के बीच होने चाहिए,,Pending,,New shared catalog copy; native-speaker review required.
Masked columns,Masked columns,छिपाए गए कॉलम,,Pending,,New shared catalog copy; native-speaker review required.
"Masters, transactions and reports share one data model, so a customer created in the morning is on an invoice by lunch and in the aging report by close.","Masters, transactions and reports share one data model, so a customer created in the morning is on an invoice by lunch and in the aging report by close.","मास्टर, लेन-देन और रिपोर्ट एक ही डेटा मॉडल साझा करते हैं, इसलिए सुबह बनाया गया ग्राहक दोपहर तक एक इनवॉइस पर और शाम तक एजिंग रिपोर्ट में दिखाई देता है।",,Pending,,New shared catalog copy; native-speaker review required.
Material cost,Material cost,सामग्री लागत,,Pending,,New shared catalog copy; native-speaker review required.
Material received against purchase orders,Material received against purchase orders,क्रय आदेशों के विरुद्ध प्राप्त सामग्री,,Pending,,New shared catalog copy; native-speaker review required.
Max,Max,अधिकतम,,Pending,,New shared catalog copy; native-speaker review required.
Max marks,Max marks,अधिकतम अंक,,Pending,,New shared catalog copy; native-speaker review required.
Maximum,Maximum,अधिकतम,,Pending,,New shared catalog copy; native-speaker review required.
Mean score across exam subjects,Mean score across exam subjects,परीक्षा विषयों में औसत स्कोर,,Pending,,New shared catalog copy; native-speaker review required.
Measure,Measure,माप,,Pending,,New shared catalog copy; native-speaker review required.
Medical conditions & notes,Medical conditions & notes,चिकित्सीय स्थितियां और नोट्स,,Pending,,New shared catalog copy; native-speaker review required.
Meeting rooms,Meeting rooms,बैठक कक्ष,,Pending,,New shared catalog copy; native-speaker review required.
Meetings,Meetings,बैठकें,,Pending,,New shared catalog copy; native-speaker review required.
Message,Message,संदेश,,Pending,,New shared catalog copy; native-speaker review required.
Message class teacher,Message class teacher,कक्षा शिक्षक को संदेश भेजें,,Pending,,New shared catalog copy; native-speaker review required.
Message everyone,Message everyone,सभी को संदेश भेजें,,Pending,,New shared catalog copy; native-speaker review required.
Message guardian,Message guardian,अभिभावक को संदेश भेजें,,Pending,,New shared catalog copy; native-speaker review required.
Message not sent — {value0},Message not sent — {value0},संदेश नहीं भेजा गया — {value0},,Pending,,New shared catalog copy; native-speaker review required.
Message sent to {value0},Message sent to {value0},संदेश {value0} को भेजा गया,,Pending,,New shared catalog copy; native-speaker review required.
Microphone,Microphone,माइक्रोफोन,,Pending,,New shared catalog copy; native-speaker review required.
Min,Min,न्यूनतम,,Pending,,New shared catalog copy; native-speaker review required.
Min qty,Min qty,न्यूनतम मात्रा,,Pending,,New shared catalog copy; native-speaker review required.
Minimum,Minimum,न्यूनतम,,Pending,,New shared catalog copy; native-speaker review required.
Minutes,Minutes,मिनट,,Pending,,New shared catalog copy; native-speaker review required.
Missing,Missing,गुम,,Pending,,New shared catalog copy; native-speaker review required.
Mobile,Mobile,मोबाइल,,Pending,,New shared catalog copy; native-speaker review required.
Mode,Mode,मोड,,Pending,,New shared catalog copy; native-speaker review required.
Monday,Monday,सोमवार,,Pending,,New shared catalog copy; native-speaker review required.
"Month-by-month net revenue, discounts and collections.","Month-by-month net revenue, discounts and collections.","माह-दर-माह शुद्ध राजस्व, छूट और वसूली।",,Pending,,New shared catalog copy; native-speaker review required.
Monthly CTC,Monthly CTC,मासिक CTC,,Pending,,New shared catalog copy; native-speaker review required.
Monthly depreciation across asset classes,Monthly depreciation across asset classes,परिसंपत्ति वर्गों में मासिक मूल्यह्रास,,Pending,,New shared catalog copy; native-speaker review required.
Monthly diagnostic orders.,Monthly diagnostic orders.,मासिक डायग्नोस्टिक ऑर्डर।,,Pending,,New shared catalog copy; native-speaker review required.
Monthly gross,Monthly gross,मासिक सकल,,Pending,,New shared catalog copy; native-speaker review required.
Monthly no-show rate.,Monthly no-show rate.,मासिक नो-शो दर।,,Pending,,New shared catalog copy; native-speaker review required.
Monthly occupied and available bed-days with occupancy rate.,Monthly occupied and available bed-days with occupancy rate.,अधिभोग दर के साथ मासिक अधिकृत और उपलब्ध बेड-दिवस।,,Pending,,New shared catalog copy; native-speaker review required.
Monthly revenue trend,Monthly revenue trend,मासिक राजस्व रुझान,,Pending,,New shared catalog copy; native-speaker review required.
Monthly salary ({value0}),Monthly salary ({value0}),मासिक वेतन ({value0}),,Pending,,New shared catalog copy; native-speaker review required.
Monthly sales and purchases for the last twelve months,Monthly sales and purchases for the last twelve months,पिछले बारह महीनों की मासिक बिक्री और खरीद,,Pending,,New shared catalog copy; native-speaker review required.
"Monthly scenario targets alongside actuals, including future months.","Monthly scenario targets alongside actuals, including future months.",भविष्य के महीनों सहित वास्तविक आंकड़ों के साथ मासिक परिदृश्य लक्ष्य।,,Pending,,New shared catalog copy; native-speaker review required.
More actions,More actions,और कार्रवाइयां,,Pending,,New shared catalog copy; native-speaker review required.
Most borrowed,Most borrowed,सबसे अधिक उधार लिया गया,,Pending,,New shared catalog copy; native-speaker review required.
Most of the class has answered — pick one!,Most of the class has answered — pick one!,कक्षा के अधिकांश छात्रों ने उत्तर दे दिया है — एक चुनें!,,Pending,,New shared catalog copy; native-speaker review required.
Most rows,Most rows,सबसे अधिक पंक्तियां,,Pending,,New shared catalog copy; native-speaker review required.
Most rows on screen,Most rows on screen,स्क्रीन पर सबसे अधिक पंक्तियां,,Pending,,New shared catalog copy; native-speaker review required.
Most rows per API page,Most rows per API page,प्रति API पेज सबसे अधिक पंक्तियां,,Pending,,New shared catalog copy; native-speaker review required.
Move back,Move back,पीछे ले जाएं,,Pending,,New shared catalog copy; native-speaker review required.
Move earlier,Move earlier,पहले ले जाएं,,Pending,,New shared catalog copy; native-speaker review required.
Move forward,Move forward,आगे ले जाएं,,Pending,,New shared catalog copy; native-speaker review required.
Move later,Move later,बाद में ले जाएं,,Pending,,New shared catalog copy; native-speaker review required.
Move or delete the {value0} items under {value1} first,Move or delete the {value0} items under {value1} first,पहले {value1} के अंतर्गत {value0} आइटम को स्थानांतरित या हटाएं,,Pending,,New shared catalog copy; native-speaker review required.
Move to,Move to,यहां ले जाएं,,Pending,,New shared catalog copy; native-speaker review required.
Move {label} down,Move {label} down,{label} को नीचे ले जाएं,,Pending,,New shared catalog copy; native-speaker review required.
Move {label} up,Move {label} up,{label} को ऊपर ले जाएं,,Pending,,New shared catalog copy; native-speaker review required.
Mute,Mute,म्यूट करें,,Pending,,New shared catalog copy; native-speaker review required.
Mute all,Mute all,सभी को म्यूट करें,,Pending,,New shared catalog copy; native-speaker review required.
My books,My books,मेरी पुस्तकें,,Pending,,New shared catalog copy; native-speaker review required.
My classes,My classes,मेरी कक्षाएं,,Pending,,New shared catalog copy; native-speaker review required.
My duties,My duties,मेरे कर्तव्य,,Pending,,New shared catalog copy; native-speaker review required.
My reports,My reports,मेरी रिपोर्ट,,Pending,,New shared catalog copy; native-speaker review required.
N/A,N/A,लागू नहीं,,Pending,,New shared catalog copy; native-speaker review required.
NOW,NOW,अभी,,Pending,,New shared catalog copy; native-speaker review required.
Name and city,Name and city,नाम और शहर,,Pending,,New shared catalog copy; native-speaker review required.
Name on card,Name on card,कार्ड पर नाम,,Pending,,New shared catalog copy; native-speaker review required.
Narration,Narration,विवरण,,Pending,,New shared catalog copy; native-speaker review required.
Narrow the list by any column,Narrow the list by any column,किसी भी कॉलम के आधार पर सूची को सीमित करें,,Pending,,New shared catalog copy; native-speaker review required.
Nationality,Nationality,राष्ट्रीयता,,Pending,,New shared catalog copy; native-speaker review required.
Nature,Nature,प्रकृति,,Pending,,New shared catalog copy; native-speaker review required.
Near-expiry stock,Near-expiry stock,समाप्ति के निकट स्टॉक,,Pending,,New shared catalog copy; native-speaker review required.
Needs,Needs,आवश्यकताएं,,Pending,,New shared catalog copy; native-speaker review required.
Needs attention,Needs attention,ध्यान देने की आवश्यकता है,,Pending,,New shared catalog copy; native-speaker review required.
Needs grading,Needs grading,ग्रेडिंग की आवश्यकता है,,Pending,,New shared catalog copy; native-speaker review required.
Needs review,Needs review,समीक्षा आवश्यक,,Pending,,New shared catalog copy; native-speaker review required.
Net,Net,शुद्ध,,Pending,,New shared catalog copy; native-speaker review required.
Net (credit - debit),Net (credit - debit),शुद्ध (क्रेडिट - डेबिट),,Pending,,New shared catalog copy; native-speaker review required.
Net balance,Net balance,शुद्ध शेष,,Pending,,New shared catalog copy; native-speaker review required.
"Net income and expense by account, the basis of a profit and loss view.","Net income and expense by account, the basis of a profit and loss view.","खाते के अनुसार शुद्ध आय और व्यय, लाभ-हानि दृश्य का आधार।",,Pending,,New shared catalog copy; native-speaker review required.
Net pay,Net pay,शुद्ध वेतन,,Pending,,New shared catalog copy; native-speaker review required.
Net revenue,Net revenue,शुद्ध राजस्व,,Pending,,New shared catalog copy; native-speaker review required.
Net revenue and collections for each day in the period.,Net revenue and collections for each day in the period.,अवधि के प्रत्येक दिन के लिए शुद्ध राजस्व और वसूली।,,Pending,,New shared catalog copy; native-speaker review required.
New admission application,New admission application,नया प्रवेश आवेदन,,Pending,,New shared catalog copy; native-speaker review required.
New application,New application,नया आवेदन,,Pending,,New shared catalog copy; native-speaker review required.
New assignment,New assignment,नया असाइनमेंट,,Pending,,New shared catalog copy; native-speaker review required.
New calculation,New calculation,नई गणना,,Pending,,New shared catalog copy; native-speaker review required.
New dashboard,New dashboard,नया डैशबोर्ड,,Pending,,New shared catalog copy; native-speaker review required.
New inspection,New inspection,नया निरीक्षण,,Pending,,New shared catalog copy; native-speaker review required.
New message,New message,नया संदेश,,Pending,,New shared catalog copy; native-speaker review required.
New page,New page,नया पेज,,Pending,,New shared catalog copy; native-speaker review required.
New password,New password,नया पासवर्ड,,Pending,,New shared catalog copy; native-speaker review required.
New question,New question,नया प्रश्न,,Pending,,New shared catalog copy; native-speaker review required.
New report,New report,नई रिपोर्ट,,Pending,,New shared catalog copy; native-speaker review required.
New role,New role,नई भूमिका,,Pending,,New shared catalog copy; native-speaker review required.
New schedule,New schedule,नया शेड्यूल,,Pending,,New shared catalog copy; native-speaker review required.
New student,New student,नया छात्र,,Pending,,New shared catalog copy; native-speaker review required.
New teacher,New teacher,नया शिक्षक,,Pending,,New shared catalog copy; native-speaker review required.
New top-level item,New top-level item,नया शीर्ष-स्तरीय आइटम,,Pending,,New shared catalog copy; native-speaker review required.
New {type},New {type},नया {type},,Pending,,New shared catalog copy; native-speaker review required.
New {value0},New {value0},नया {value0},,Pending,,New shared catalog copy; native-speaker review required.
Next day,Next day,अगला दिन,,Pending,,New shared catalog copy; native-speaker review required.
Next due,Next due,अगली देय तिथि,,Pending,,New shared catalog copy; native-speaker review required.
Next month,Next month,अगला महीना,,Pending,,New shared catalog copy; native-speaker review required.
Next number,Next number,अगला नंबर,,Pending,,New shared catalog copy; native-speaker review required.
Next paper,Next paper,अगला प्रश्नपत्र,,Pending,,New shared catalog copy; native-speaker review required.
Next period,Next period,अगली अवधि,,Pending,,New shared catalog copy; native-speaker review required.
Next question,Next question,अगला प्रश्न,,Pending,,New shared catalog copy; native-speaker review required.
Next record,Next record,अगला रिकॉर्ड,,Pending,,New shared catalog copy; native-speaker review required.
Next run {next}. Last run {last},Next run {next}. Last run {last},अगला रन {next}। पिछला रन {last},,Pending,,New shared catalog copy; native-speaker review required.
Next run {when},Next run {when},अगला रन {when},,Pending,,New shared catalog copy; native-speaker review required.
No,No,नहीं,,Pending,,New shared catalog copy; native-speaker review required.
No active schedules,No active schedules,कोई सक्रिय शेड्यूल नहीं,,Pending,,New shared catalog copy; native-speaker review required.
No activity recorded for this record yet.,No activity recorded for this record yet.,इस रिकॉर्ड के लिए अभी तक कोई गतिविधि दर्ज नहीं है।,,Pending,,New shared catalog copy; native-speaker review required.
No background reports,No background reports,कोई पृष्ठभूमि रिपोर्ट नहीं,,Pending,,New shared catalog copy; native-speaker review required.
No background reports yet,No background reports yet,अभी तक कोई पृष्ठभूमि रिपोर्ट नहीं,,Pending,,New shared catalog copy; native-speaker review required.
No bank questions for this subject yet.,No bank questions for this subject yet.,इस विषय के लिए अभी तक कोई बैंक प्रश्न नहीं है।,,Pending,,New shared catalog copy; native-speaker review required.
No books match,No books match,कोई पुस्तक मेल नहीं खाती,,Pending,,New shared catalog copy; native-speaker review required.
No books on loan,No books on loan,कोई पुस्तक उधार पर नहीं है,,Pending,,New shared catalog copy; native-speaker review required.
No chart,No chart,कोई चार्ट नहीं,,Pending,,New shared catalog copy; native-speaker review required.
No class teacher,No class teacher,कोई कक्षा शिक्षक नहीं,,Pending,,New shared catalog copy; native-speaker review required.
No completed assessments yet.,No completed assessments yet.,अभी तक कोई पूर्ण मूल्यांकन नहीं है।,,Pending,,New shared catalog copy; native-speaker review required.
No conversations,No conversations,कोई बातचीत नहीं,,Pending,,New shared catalog copy; native-speaker review required.
No custom reports yet,No custom reports yet,अभी तक कोई कस्टम रिपोर्ट नहीं,,Pending,,New shared catalog copy; native-speaker review required.
No dashboards shared with you yet,No dashboards shared with you yet,अभी तक आपके साथ कोई डैशबोर्ड साझा नहीं किया गया है,,Pending,,New shared catalog copy; native-speaker review required.
No data to chart for this period.,No data to chart for this period.,इस अवधि के लिए चार्ट बनाने हेतु कोई डेटा नहीं है।,,Pending,,New shared catalog copy; native-speaker review required.
No default sort,No default sort,कोई डिफ़ॉल्ट क्रम नहीं,,Pending,,New shared catalog copy; native-speaker review required.
No documents are stored for this record.,No documents are stored for this record.,इस रिकॉर्ड के लिए कोई दस्तावेज़ संग्रहीत नहीं हैं।,,Pending,,New shared catalog copy; native-speaker review required.
No email requests yet,No email requests yet,अभी तक कोई ईमेल अनुरोध नहीं,,Pending,,New shared catalog copy; native-speaker review required.
No emails yet,No emails yet,अभी तक कोई ईमेल नहीं,,Pending,,New shared catalog copy; native-speaker review required.
No entries in this period,No entries in this period,इस अवधि में कोई प्रविष्टि नहीं,,Pending,,New shared catalog copy; native-speaker review required.
No entries match.,No entries match.,कोई प्रविष्टि मेल नहीं खाती।,,Pending,,New shared catalog copy; native-speaker review required.
No favorites yet,No favorites yet,अभी तक कोई पसंदीदा नहीं,,Pending,,New shared catalog copy; native-speaker review required.
No grouping,No grouping,कोई समूहीकरण नहीं,,Pending,,New shared catalog copy; native-speaker review required.
No keys yet,No keys yet,अभी तक कोई कुंजी नहीं,,Pending,,New shared catalog copy; native-speaker review required.
No lines yet.,No lines yet.,अभी तक कोई पंक्ति नहीं।,,Pending,,New shared catalog copy; native-speaker review required.
No mandatory fields. Fill what you know.,No mandatory fields. Fill what you know.,कोई अनिवार्य फ़ील्ड नहीं है। जो जानते हैं उसे भरें।,,Pending,,New shared catalog copy; native-speaker review required.
No matching records,No matching records,कोई मिलान रिकॉर्ड नहीं,,Pending,,New shared catalog copy; native-speaker review required.
No notices,No notices,कोई सूचना नहीं,,Pending,,New shared catalog copy; native-speaker review required.
No overtime,No overtime,कोई ओवरटाइम नहीं,,Pending,,New shared catalog copy; native-speaker review required.
No periods scheduled,No periods scheduled,कोई अवधि निर्धारित नहीं,,Pending,,New shared catalog copy; native-speaker review required.
No poll yet. Your teacher will launch one during the class.,No poll yet. Your teacher will launch one during the class.,अभी तक कोई पोल नहीं है। आपके शिक्षक कक्षा के दौरान एक पोल शुरू करेंगे।,,Pending,,New shared catalog copy; native-speaker review required.
No quizzes match,No quizzes match,कोई क्विज़ मेल नहीं खाती,,Pending,,New shared catalog copy; native-speaker review required.
No recording,No recording,कोई रिकॉर्डिंग नहीं,,Pending,,New shared catalog copy; native-speaker review required.
No reports match,No reports match,कोई रिपोर्ट मेल नहीं खाती,,Pending,,New shared catalog copy; native-speaker review required.
No schedules yet,No schedules yet,अभी तक कोई शेड्यूल नहीं,,Pending,,New shared catalog copy; native-speaker review required.
No school on weekends. Pick a weekday.,No school on weekends. Pick a weekday.,सप्ताहांत में स्कूल नहीं। कार्यदिवस चुनें।,,Pending,,New shared catalog copy; native-speaker review required.
No show,No show,नो-शो,,Pending,,New shared catalog copy; native-speaker review required.
No teacher (self study),No teacher (self study),कोई शिक्षक नहीं (स्व-अध्ययन),,Pending,,New shared catalog copy; native-speaker review required.
No work received,No work received,कोई कार्य प्राप्त नहीं हुआ,,Pending,,New shared catalog copy; native-speaker review required.
No-show rate,No-show rate,नो-शो दर,,Pending,,New shared catalog copy; native-speaker review required.
No-show trend,No-show trend,नो-शो रुझान,,Pending,,New shared catalog copy; native-speaker review required.
No-shows,No-shows,अनुपस्थित रोगी,,Pending,,New shared catalog copy; native-speaker review required.
Not a class teacher,Not a class teacher,कक्षा शिक्षक नहीं,,Pending,,New shared catalog copy; native-speaker review required.
Not answered,Not answered,उत्तर नहीं दिया गया,,Pending,,New shared catalog copy; native-speaker review required.
Not published,Not published,प्रकाशित नहीं,,Pending,,New shared catalog copy; native-speaker review required.
Not started,Not started,शुरू नहीं हुआ,,Pending,,New shared catalog copy; native-speaker review required.
Not submitted,Not submitted,जमा नहीं किया गया,,Pending,,New shared catalog copy; native-speaker review required.
Not submitted yet,Not submitted yet,अभी तक जमा नहीं किया गया,,Pending,,New shared catalog copy; native-speaker review required.
Note to requester,Note to requester,अनुरोधकर्ता के लिए नोट,,Pending,,New shared catalog copy; native-speaker review required.
Note to the requester (optional),Note to the requester (optional),अनुरोधकर्ता के लिए नोट (वैकल्पिक),,Pending,,New shared catalog copy; native-speaker review required.
Nothing changed yet.,Nothing changed yet.,अभी तक कुछ भी नहीं बदला है।,,Pending,,New shared catalog copy; native-speaker review required.
Nothing else booked. Click any free slot to add one.,Nothing else booked. Click any free slot to add one.,कुछ और बुक नहीं है। कोई भी खाली स्लॉट जोड़ने के लिए उस पर क्लिक करें।,,Pending,,New shared catalog copy; native-speaker review required.
Nothing else booked. Every slot is free.,Nothing else booked. Every slot is free.,कुछ और बुक नहीं है। हर स्लॉट खाली है।,,Pending,,New shared catalog copy; native-speaker review required.
Nothing else pending from,Nothing else pending from,से कुछ और लंबित नहीं है,,Pending,,New shared catalog copy; native-speaker review required.
Nothing has run in this session yet.,Nothing has run in this session yet.,इस सत्र में अभी तक कुछ भी नहीं चला है।,,Pending,,New shared catalog copy; native-speaker review required.
Nothing in the tree matches “,Nothing in the tree matches “,ट्री में कुछ भी मेल नहीं खाता “,,Pending,,New shared catalog copy; native-speaker review required.
Nothing matches “,Nothing matches “,कुछ भी मेल नहीं खाता “,,Pending,,New shared catalog copy; native-speaker review required.
Nothing matches “{q}”. Reports you cannot access are not listed.,Nothing matches “{q}”. Reports you cannot access are not listed.,"“{q}” से कुछ भी मेल नहीं खाता। जिन रिपोर्ट तक आपकी पहुंच नहीं है, वे सूचीबद्ध नहीं हैं।",,Pending,,New shared catalog copy; native-speaker review required.
Nothing run yet,Nothing run yet,अभी तक कुछ नहीं चला,,Pending,,New shared catalog copy; native-speaker review required.
Nothing scheduled,Nothing scheduled,कुछ भी निर्धारित नहीं है,,Pending,,New shared catalog copy; native-speaker review required.
Nothing scheduled.,Nothing scheduled.,कुछ भी निर्धारित नहीं है।,,Pending,,New shared catalog copy; native-speaker review required.
Nothing sits under this item yet.,Nothing sits under this item yet.,इस आइटम के अंतर्गत अभी तक कुछ भी नहीं है।,,Pending,,New shared catalog copy; native-speaker review required.
Notice board,Notice board,सूचना पट्ट,,Pending,,New shared catalog copy; native-speaker review required.
Notice posted to {value0},Notice posted to {value0},सूचना {value0} पर पोस्ट की गई,,Pending,,New shared catalog copy; native-speaker review required.
Notice:,Notice:,सूचना:,,Pending,,New shared catalog copy; native-speaker review required.
Notices,Notices,सूचनाएं,,Pending,,New shared catalog copy; native-speaker review required.
Notification settings,Notification settings,सूचना सेटिंग्स,,Pending,,New shared catalog copy; native-speaker review required.
Now,Now,अभी,,Pending,,New shared catalog copy; native-speaker review required.
Number and currency display on screen follows each person's preferences. Currency here labels exported files.,Number and currency display on screen follows each person's preferences. Currency here labels exported files.,स्क्रीन पर संख्या और मुद्रा प्रदर्शन प्रत्येक व्यक्ति की प्राथमिकताओं के अनुसार होता है। यहां की मुद्रा निर्यात की गई फ़ाइलों को लेबल करती है।,,Pending,,New shared catalog copy; native-speaker review required.
Number assigned on save,Number assigned on save,सहेजने पर नंबर निर्धारित किया जाएगा,,Pending,,New shared catalog copy; native-speaker review required.
Number format locale,Number format locale,संख्या प्रारूप लोकेल,,Pending,,New shared catalog copy; native-speaker review required.
Number is assigned when you save,Number is assigned when you save,सहेजने पर नंबर निर्धारित किया जाता है,,Pending,,New shared catalog copy; native-speaker review required.
Number series,Number series,नंबर सीरीज़,,Pending,,New shared catalog copy; native-speaker review required.
Number to show,Number to show,दिखाने के लिए संख्या,,Pending,,New shared catalog copy; native-speaker review required.
OP visits,OP visits,OP विज़िट,,Pending,,New shared catalog copy; native-speaker review required.
"OP visits, ED visits, admissions and discharges.","OP visits, ED visits, admissions and discharges.","OP विज़िट, ED विज़िट, प्रवेश और छुट्टी।",,Pending,,New shared catalog copy; native-speaker review required.
OPD days,OPD days,OPD दिन,,Pending,,New shared catalog copy; native-speaker review required.
Observe,Observe,निरीक्षण करें,,Pending,,New shared catalog copy; native-speaker review required.
Observed,Observed,निरीक्षित,,Pending,,New shared catalog copy; native-speaker review required.
Occupancy,Occupancy,अधिभोग दर,,Pending,,New shared catalog copy; native-speaker review required.
Occupancy by month,Occupancy by month,माह के अनुसार अधिभोग,,Pending,,New shared catalog copy; native-speaker review required.
Occupation,Occupation,व्यवसाय,,Pending,,New shared catalog copy; native-speaker review required.
Occupied bed-days,Occupied bed-days,अधिकृत बेड-दिवस,,Pending,,New shared catalog copy; native-speaker review required.
Odometer (km),Odometer (km),ओडोमीटर (किमी),,Pending,,New shared catalog copy; native-speaker review required.
On leave,On leave,अवकाश पर,,Pending,,New shared catalog copy; native-speaker review required.
On loan,On loan,उधार पर,,Pending,,New shared catalog copy; native-speaker review required.
"On registration an admission number is issued, the guardian receives a parent-portal invite and a Term 2 fee invoice is generated.","On registration an admission number is issued, the guardian receives a parent-portal invite and a Term 2 fee invoice is generated.","पंजीकरण पर एक प्रवेश संख्या जारी की जाती है, अभिभावक को पेरेंट-पोर्टल आमंत्रण मिलता है और टर्म 2 शुल्क इनवॉइस तैयार किया जाता है।",,Pending,,New shared catalog copy; native-speaker review required.
On the shelf,On the shelf,शेल्फ पर,,Pending,,New shared catalog copy; native-speaker review required.
On-screen limit {days} days,On-screen limit {days} days,ऑन-स्क्रीन सीमा {days} दिन,,Pending,,New shared catalog copy; native-speaker review required.
On-screen limits,On-screen limits,ऑन-स्क्रीन सीमाएं,,Pending,,New shared catalog copy; native-speaker review required.
On-screen limits for custom reports follow the global rules in Settings and rules.,On-screen limits for custom reports follow the global rules in Settings and rules.,कस्टम रिपोर्ट के लिए ऑन-स्क्रीन सीमाएं सेटिंग्स और नियम में वैश्विक नियमों का पालन करती हैं।,,Pending,,New shared catalog copy; native-speaker review required.
"One per person at a time, for fairness.","One per person at a time, for fairness.","निष्पक्षता के लिए, एक बार में प्रति व्यक्ति एक।",,Pending,,New shared catalog copy; native-speaker review required.
Online lessons use the same bell schedule. Join from the live classes page when your teacher starts the session.,Online lessons use the same bell schedule. Join from the live classes page when your teacher starts the session.,ऑनलाइन पाठ उसी बेल शेड्यूल का उपयोग करते हैं। जब आपके शिक्षक सत्र शुरू करें तो लाइव क्लासेज़ पेज से जुड़ें।,,Pending,,New shared catalog copy; native-speaker review required.
Only approved datasets are available. Sensitive fields stay masked for roles that cannot see them.,Only approved datasets are available. Sensitive fields stay masked for roles that cannot see them.,केवल स्वीकृत डेटासेट उपलब्ध हैं। संवेदनशील फ़ील्ड उन भूमिकाओं के लिए छिपे रहते हैं जो उन्हें नहीं देख सकतीं।,,Pending,,New shared catalog copy; native-speaker review required.
Only me,Only me,केवल मैं,,Pending,,New shared catalog copy; native-speaker review required.
Only reports your role may schedule are listed.,Only reports your role may schedule are listed.,केवल वे रिपोर्ट सूचीबद्ध हैं जिन्हें आपकी भूमिका शेड्यूल कर सकती है।,,Pending,,New shared catalog copy; native-speaker review required.
Only transparent pencil cases and approved calculators.,Only transparent pencil cases and approved calculators.,केवल पारदर्शी पेंसिल केस और स्वीकृत कैलकुलेटर।,,Pending,,New shared catalog copy; native-speaker review required.
Open My reports,Open My reports,मेरी रिपोर्ट खोलें,,Pending,,New shared catalog copy; native-speaker review required.
"Open a report and choose Schedule to have it emailed daily, weekly or monthly.","Open a report and choose Schedule to have it emailed daily, weekly or monthly.","एक रिपोर्ट खोलें और इसे दैनिक, साप्ताहिक या मासिक रूप से ईमेल कराने के लिए शेड्यूल चुनें।",,Pending,,New shared catalog copy; native-speaker review required.
Open fees,Open fees,खुली फीस,,Pending,,New shared catalog copy; native-speaker review required.
Open inbox,Open inbox,इनबॉक्स खोलें,,Pending,,New shared catalog copy; native-speaker review required.
Open report,Open report,रिपोर्ट खोलें,,Pending,,New shared catalog copy; native-speaker review required.
Open report library,Open report library,रिपोर्ट लाइब्रेरी खोलें,,Pending,,New shared catalog copy; native-speaker review required.
Open schedule,Open schedule,शेड्यूल खोलें,,Pending,,New shared catalog copy; native-speaker review required.
Open tickets,Open tickets,खुले टिकट,,Pending,,New shared catalog copy; native-speaker review required.
Open {value0},Open {value0},{value0} खोलें,,Pending,,New shared catalog copy; native-speaker review required.
Open-ended,Open-ended,खुला-प्रश्न,,Pending,,New shared catalog copy; native-speaker review required.
Opened,Opened,खोला गया,,Pending,,New shared catalog copy; native-speaker review required.
Opening,Opening,प्रारंभिक,,Pending,,New shared catalog copy; native-speaker review required.
Opening balance,Opening balance,प्रारंभिक शेष,,Pending,,New shared catalog copy; native-speaker review required.
Opening your portal,Opening your portal,आपका पोर्टल खुल रहा है,,Pending,,New shared catalog copy; native-speaker review required.
"Opening, movement and closing stock by item","Opening, movement and closing stock by item","आइटम के अनुसार प्रारंभिक, संचलन और समापन स्टॉक",,Pending,,New shared catalog copy; native-speaker review required.
Opens {value0},Opens {value0},{value0} खुलता है,,Pending,,New shared catalog copy; native-speaker review required.
Option {value0},Option {value0},विकल्प {value0},,Pending,,New shared catalog copy; native-speaker review required.
"Optional, for multi-day events","Optional, for multi-day events","वैकल्पिक, बहु-दिवसीय कार्यक्रमों के लिए",,Pending,,New shared catalog copy; native-speaker review required.
Optional. Sent with your decision.,Optional. Sent with your decision.,वैकल्पिक। आपके निर्णय के साथ भेजा जाता है।,,Pending,,New shared catalog copy; native-speaker review required.
Options · click the letter to mark the correct answer,Options · click the letter to mark the correct answer,विकल्प · सही उत्तर चिह्नित करने के लिए अक्षर पर क्लिक करें,,Pending,,New shared catalog copy; native-speaker review required.
Order ref.,Order ref.,ऑर्डर संदर्भ,,Pending,,New shared catalog copy; native-speaker review required.
Orders placed with suppliers,Orders placed with suppliers,आपूर्तिकर्ताओं को दिए गए ऑर्डर,,Pending,,New shared catalog copy; native-speaker review required.
"Orders, completion and average turnaround time by test group.","Orders, completion and average turnaround time by test group.","टेस्ट समूह के अनुसार ऑर्डर, पूर्णता और औसत टर्नअराउंड समय।",,Pending,,New shared catalog copy; native-speaker review required.
Organisation,Organisation,संगठन,,Pending,,New shared catalog copy; native-speaker review required.
"Organisation defaults, on-screen limits, background processing, delivery and email request rules.","Organisation defaults, on-screen limits, background processing, delivery and email request rules.","संगठन डिफ़ॉल्ट, ऑन-स्क्रीन सीमाएं, बैकग्राउंड प्रोसेसिंग, डिलीवरी और ईमेल अनुरोध नियम।",,Pending,,New shared catalog copy; native-speaker review required.
Organisation name,Organisation name,संगठन का नाम,,Pending,,New shared catalog copy; native-speaker review required.
Organisation structure,Organisation structure,संगठन संरचना,,Pending,,New shared catalog copy; native-speaker review required.
Original,Original,मूल,,Pending,,New shared catalog copy; native-speaker review required.
Out of 100,Out of 100,100 में से,,Pending,,New shared catalog copy; native-speaker review required.
Out on loan,Out on loan,उधार पर बाहर,,Pending,,New shared catalog copy; native-speaker review required.
Output qty,Output qty,आउटपुट मात्रा,,Pending,,New shared catalog copy; native-speaker review required.
Outstanding approved claim value by aging bucket.,Outstanding approved claim value by aging bucket.,एजिंग बकेट के अनुसार बकाया स्वीकृत दावा मूल्य।,,Pending,,New shared catalog copy; native-speaker review required.
Outstanding invoices by age bucket,Outstanding invoices by age bucket,आयु बकेट के अनुसार बकाया इनवॉइस,,Pending,,New shared catalog copy; native-speaker review required.
Outstanding!,Outstanding!,उत्कृष्ट!,,Pending,,New shared catalog copy; native-speaker review required.
Outward,Outward,बाह्य,,Pending,,New shared catalog copy; native-speaker review required.
Overdue,Overdue,विलंबित,,Pending,,New shared catalog copy; native-speaker review required.
Overdue & fines,Overdue & fines,विलंब और जुर्माना,,Pending,,New shared catalog copy; native-speaker review required.
Overdue accounts,Overdue accounts,विलंबित खाते,,Pending,,New shared catalog copy; native-speaker review required.
Overdue invoices,Overdue invoices,विलंबित इनवॉइस,,Pending,,New shared catalog copy; native-speaker review required.
Overdue loans,Overdue loans,विलंबित उधार,,Pending,,New shared catalog copy; native-speaker review required.
Owner: {name},Owner: {name},मालिक: {name},,Pending,,New shared catalog copy; native-speaker review required.
"Owns revenue, revenue cycle, accounting and planning reports.","Owns revenue, revenue cycle, accounting and planning reports.","राजस्व, राजस्व चक्र, लेखांकन और योजना रिपोर्ट का स्वामी है।",,Pending,,New shared catalog copy; native-speaker review required.
P,P,P,,Pending,,New shared catalog copy; native-speaker review required.
"PDF, images or spreadsheets up to 10 MB","PDF, images or spreadsheets up to 10 MB","PDF, छवियाँ या स्प्रेडशीट 10 MB तक",,Pending,,New shared catalog copy; native-speaker review required.
PO date,PO date,PO तिथि,,Pending,,New shared catalog copy; native-speaker review required.
PO ref.,PO ref.,PO संदर्भ,,Pending,,New shared catalog copy; native-speaker review required.
PSY,PSY,PSY,,Pending,,New shared catalog copy; native-speaker review required.
Page not found,Page not found,पृष्ठ नहीं मिला,,Pending,,New shared catalog copy; native-speaker review required.
Paid from,Paid from,से भुगतान किया गया,,Pending,,New shared catalog copy; native-speaker review required.
Paid this year,Paid this year,इस वर्ष भुगतान किया गया,,Pending,,New shared catalog copy; native-speaker review required.
Papers this term,Papers this term,इस टर्म के पेपर,,Pending,,New shared catalog copy; native-speaker review required.
Parameter,Parameter,पैरामीटर,,Pending,,New shared catalog copy; native-speaker review required.
Parameters,Parameters,पैरामीटर्स,,Pending,,New shared catalog copy; native-speaker review required.
Parent,Parent,अभिभावक,,Pending,,New shared catalog copy; native-speaker review required.
Parent / guardian,Parent / guardian,माता-पिता / अभिभावक,,Pending,,New shared catalog copy; native-speaker review required.
Parent portal invite goes here,Parent portal invite goes here,अभिभावक पोर्टल आमंत्रण यहाँ जाता है,,Pending,,New shared catalog copy; native-speaker review required.
Parent:,Parent:,अभिभावक:,,Pending,,New shared catalog copy; native-speaker review required.
Participants get a calendar invite and a reminder 10 minutes before,Participants get a calendar invite and a reminder 10 minutes before,प्रतिभागियों को कैलेंडर आमंत्रण और 10 मिनट पहले एक रिमाइंडर मिलता है,,Pending,,New shared catalog copy; native-speaker review required.
Passed all subjects,Passed all subjects,सभी विषयों में उत्तीर्ण,,Pending,,New shared catalog copy; native-speaker review required.
Past & recordings,Past & recordings,पिछली कक्षाएँ और रिकॉर्डिंग,,Pending,,New shared catalog copy; native-speaker review required.
"Past due, still open","Past due, still open","अतिदेय, अभी भी खुला",,Pending,,New shared catalog copy; native-speaker review required.
"Patient demographics, insurance and clinical flags","Patient demographics, insurance and clinical flags","रोगी जनसांख्यिकी, बीमा और नैदानिक फ्लैग",,Pending,,New shared catalog copy; native-speaker review required.
Patient master,Patient master,रोगी मास्टर,,Pending,,New shared catalog copy; native-speaker review required.
Patient-level admissions. Patient identifiers are masked unless your role may see them.,Patient-level admissions. Patient identifiers are masked unless your role may see them.,रोगी-स्तर के प्रवेश। रोगी पहचानकर्ता छिपाए जाते हैं जब तक कि आपकी भूमिका उन्हें देख न सके।,,Pending,,New shared catalog copy; native-speaker review required.
Patients,Patients,रोगी,,Pending,,New shared catalog copy; native-speaker review required.
Pay,Pay,भुगतान करें,,Pending,,New shared catalog copy; native-speaker review required.
Pay date,Pay date,भुगतान तिथि,,Pending,,New shared catalog copy; native-speaker review required.
Pay period,Pay period,भुगतान अवधि,,Pending,,New shared catalog copy; native-speaker review required.
Pay to,Pay to,के लिए भुगतान करें,,Pending,,New shared catalog copy; native-speaker review required.
Pay {value0},Pay {value0},{value0} का भुगतान करें,,Pending,,New shared catalog copy; native-speaker review required.
Payable,Payable,देय,,Pending,,New shared catalog copy; native-speaker review required.
Payee,Payee,प्राप्तकर्ता,,Pending,,New shared catalog copy; native-speaker review required.
Payer mix,Payer mix,भुगतानकर्ता मिश्रण,,Pending,,New shared catalog copy; native-speaker review required.
Payment method,Payment method,भुगतान विधि,,Pending,,New shared catalog copy; native-speaker review required.
Payment methods,Payment methods,भुगतान विधियाँ,,Pending,,New shared catalog copy; native-speaker review required.
Payment received alert,Payment received alert,भुगतान प्राप्त अलर्ट,,Pending,,New shared catalog copy; native-speaker review required.
Payment vouchers,Payment vouchers,भुगतान वाउचर,,Pending,,New shared catalog copy; native-speaker review required.
Payments are processed securely. This is a demo — no real charge is made.,Payments are processed securely. This is a demo — no real charge is made.,भुगतान सुरक्षित रूप से संसाधित किए जाते हैं। यह एक डेमो है — कोई वास्तविक शुल्क नहीं लिया जाता।,,Pending,,New shared catalog copy; native-speaker review required.
Payments to suppliers and parties,Payments to suppliers and parties,आपूर्तिकर्ताओं और पक्षों को भुगतान,,Pending,,New shared catalog copy; native-speaker review required.
Pen,Pen,पेन,,Pending,,New shared catalog copy; native-speaker review required.
"Per term, in {value0}. Transport is billed only to students using a school route.","Per term, in {value0}. Transport is billed only to students using a school route.","प्रति सत्र, {value0} में। परिवहन शुल्क केवल स्कूल मार्ग का उपयोग करने वाले छात्रों से लिया जाता है।",,Pending,,New shared catalog copy; native-speaker review required.
Percent of billed amount received,Percent of billed amount received,प्राप्त बिल राशि का प्रतिशत,,Pending,,New shared catalog copy; native-speaker review required.
"Percent, all examined subjects","Percent, all examined subjects","प्रतिशत, सभी परीक्षित विषय",,Pending,,New shared catalog copy; native-speaker review required.
Period,Period,अवधि,,Pending,,New shared catalog copy; native-speaker review required.
Period for all widgets,Period for all widgets,सभी विजेट्स के लिए अवधि,,Pending,,New shared catalog copy; native-speaker review required.
Period in each run,Period in each run,प्रत्येक रन में अवधि,,Pending,,New shared catalog copy; native-speaker review required.
Period {from} to {to} ({days} days). Ran in {ms} ms{cached}.,Period {from} to {to} ({days} days). Ran in {ms} ms{cached}.,अवधि {from} से {to} तक ({days} दिन)। {ms} ms में चला{cached}।,,Pending,,New shared catalog copy; native-speaker review required.
Periods / week,Periods / week,पीरियड्स / सप्ताह,,Pending,,New shared catalog copy; native-speaker review required.
Periods longer than the on-screen limit are refused. Use a schedule for bulk extracts.,Periods longer than the on-screen limit are refused. Use a schedule for bulk extracts.,ऑन-स्क्रीन सीमा से अधिक लंबी अवधि अस्वीकार कर दी जाती है। बल्क एक्सट्रैक्ट के लिए शेड्यूल का उपयोग करें।,,Pending,,New shared catalog copy; native-speaker review required.
Periods {value0},Periods {value0},पीरियड {value0},,Pending,,New shared catalog copy; native-speaker review required.
Periods/wk,Periods/wk,पीरियड्स/सप्ताह,,Pending,,New shared catalog copy; native-speaker review required.
Permissions control features. Report access below controls which reports and actions the role may use.,Permissions control features. Report access below controls which reports and actions the role may use.,अनुमतियाँ सुविधाओं को नियंत्रित करती हैं। नीचे रिपोर्ट एक्सेस यह नियंत्रित करता है कि भूमिका कौन-सी रिपोर्ट और क्रियाएँ उपयोग कर सकती है।,,Pending,,New shared catalog copy; native-speaker review required.
Permit expiry,Permit expiry,परमिट समाप्ति,,Pending,,New shared catalog copy; native-speaker review required.
Personal,Personal,व्यक्तिगत,,Pending,,New shared catalog copy; native-speaker review required.
Petty cash vouchers,Petty cash vouchers,पेटी कैश वाउचर,,Pending,,New shared catalog copy; native-speaker review required.
Phones are handed to the invigilator before the paper.,Phones are handed to the invigilator before the paper.,पेपर से पहले फोन निरीक्षक को सौंप दिए जाते हैं।,,Pending,,New shared catalog copy; native-speaker review required.
Pick a document to preview,Pick a document to preview,पूर्वावलोकन के लिए एक दस्तावेज़ चुनें,,Pending,,New shared catalog copy; native-speaker review required.
Pick a record,Pick a record,एक रिकॉर्ड चुनें,,Pending,,New shared catalog copy; native-speaker review required.
Pick a structure,Pick a structure,एक संरचना चुनें,,Pending,,New shared catalog copy; native-speaker review required.
Pick an inspection,Pick an inspection,एक निरीक्षण चुनें,,Pending,,New shared catalog copy; native-speaker review required.
Pick both dates to see the number of days,Pick both dates to see the number of days,दिनों की संख्या देखने के लिए दोनों तिथियां चुनें,,Pending,,New shared catalog copy; native-speaker review required.
Pick both dates to see the number of days.,Pick both dates to see the number of days.,दिनों की संख्या देखने के लिए दोनों तिथियां चुनें।,,Pending,,New shared catalog copy; native-speaker review required.
"Pick up where you left off, or find a report in the library.","Pick up where you left off, or find a report in the library.","जहाँ आपने छोड़ा था वहाँ से शुरू करें, या लाइब्रेरी में एक रिपोर्ट खोजें।",,Pending,,New shared catalog copy; native-speaker review required.
Pin,Pin,पिन करें,,Pending,,New shared catalog copy; native-speaker review required.
Pin to top,Pin to top,शीर्ष पर पिन करें,,Pending,,New shared catalog copy; native-speaker review required.
Pinned,Pinned,पिन किया गया,,Pending,,New shared catalog copy; native-speaker review required.
Plan a lesson or sketch an explanation. The same board opens inside every live class for everyone in the room.,Plan a lesson or sketch an explanation. The same board opens inside every live class for everyone in the room.,एक पाठ की योजना बनाएं या एक स्पष्टीकरण स्केच करें। यही बोर्ड हर लाइव क्लास में कमरे में मौजूद सभी लोगों के लिए खुलता है।,,Pending,,New shared catalog copy; native-speaker review required.
Points,Points,अंक,,Pending,,New shared catalog copy; native-speaker review required.
Policy no.,Policy no.,पॉलिसी संख्या,,Pending,,New shared catalog copy; native-speaker review required.
Polls,Polls,पोल,,Pending,,New shared catalog copy; native-speaker review required.
Position in hierarchy,Position in hierarchy,पदानुक्रम में स्थिति,,Pending,,New shared catalog copy; native-speaker review required.
Post,Post,पोस्ट करें,,Pending,,New shared catalog copy; native-speaker review required.
Post a notice,Post a notice,एक सूचना पोस्ट करें,,Pending,,New shared catalog copy; native-speaker review required.
Post journal automatically,Post journal automatically,जर्नल स्वचालित रूप से पोस्ट करें,,Pending,,New shared catalog copy; native-speaker review required.
Post notice,Post notice,सूचना पोस्ट करें,,Pending,,New shared catalog copy; native-speaker review required.
Post update,Post update,अपडेट पोस्ट करें,,Pending,,New shared catalog copy; native-speaker review required.
Postcode,Postcode,पिन कोड,,Pending,,New shared catalog copy; native-speaker review required.
Posted by,Posted by,द्वारा पोस्ट किया गया,,Pending,,New shared catalog copy; native-speaker review required.
Posted journal lines. Long periods run in the background.,Posted journal lines. Long periods run in the background.,पोस्ट की गई जर्नल पंक्तियाँ। लंबी अवधि बैकग्राउंड में चलती है।,,Pending,,New shared catalog copy; native-speaker review required.
Posted journals and financial periods for trial balance and statements.,Posted journals and financial periods for trial balance and statements.,ट्रायल बैलेंस और स्टेटमेंट के लिए पोस्ट की गई जर्नल और वित्तीय अवधियाँ।,,Pending,,New shared catalog copy; native-speaker review required.
"Power BI and Excel: Get data, From Web, Advanced. Paste the URL and add an HTTP header named Authorization with the value Bearer and your key.","Power BI and Excel: Get data, From Web, Advanced. Paste the URL and add an HTTP header named Authorization with the value Bearer and your key.","Power BI और Excel: डेटा प्राप्त करें, वेब से, उन्नत। URL पेस्ट करें और Authorization नाम का एक HTTP हेडर जोड़ें जिसका मान Bearer और आपकी कुंजी हो।",,Pending,,New shared catalog copy; native-speaker review required.
"Practitioners, specialities and consultation fees","Practitioners, specialities and consultation fees","चिकित्सक, विशेषताएँ और परामर्श शुल्क",,Pending,,New shared catalog copy; native-speaker review required.
Prefix,Prefix,प्रीफ़िक्स,,Pending,,New shared catalog copy; native-speaker review required.
Prefixes and counters for document numbers,Prefixes and counters for document numbers,दस्तावेज़ संख्याओं के लिए प्रीफ़िक्स और काउंटर,,Pending,,New shared catalog copy; native-speaker review required.
Prepared by,Prepared by,द्वारा तैयार किया गया,,Pending,,New shared catalog copy; native-speaker review required.
Present,Present,उपस्थित,,Pending,,New shared catalog copy; native-speaker review required.
Present on,Present on,उपस्थित तिथि,,Pending,,New shared catalog copy; native-speaker review required.
Press Enter to save. Esc closes without saving.,Press Enter to save. Esc closes without saving.,सहेजने के लिए Enter दबाएँ। बिना सहेजे बंद करने के लिए Esc दबाएँ।,,Pending,,New shared catalog copy; native-speaker review required.
Preview mode — answers are not recorded.,Preview mode — answers are not recorded.,पूर्वावलोकन मोड — उत्तर रिकॉर्ड नहीं किए जाते।,,Pending,,New shared catalog copy; native-speaker review required.
Preview — not recorded,Preview — not recorded,पूर्वावलोकन — रिकॉर्ड नहीं किया गया,,Pending,,New shared catalog copy; native-speaker review required.
Previous day,Previous day,पिछला दिन,,Pending,,New shared catalog copy; native-speaker review required.
Previous employer,Previous employer,पिछला नियोक्ता,,Pending,,New shared catalog copy; native-speaker review required.
Previous record,Previous record,पिछला रिकॉर्ड,,Pending,,New shared catalog copy; native-speaker review required.
Previous school,Previous school,पिछला स्कूल,,Pending,,New shared catalog copy; native-speaker review required.
Price list,Price list,मूल्य सूची,,Pending,,New shared catalog copy; native-speaker review required.
Price lists,Price lists,मूल्य सूचियाँ,,Pending,,New shared catalog copy; native-speaker review required.
Primary doctor,Primary doctor,प्राथमिक डॉक्टर,,Pending,,New shared catalog copy; native-speaker review required.
Print admit card,Print admit card,प्रवेश पत्र प्रिंट करें,,Pending,,New shared catalog copy; native-speaker review required.
Print or save PDF,Print or save PDF,प्रिंट करें या PDF सहेजें,,Pending,,New shared catalog copy; native-speaker review required.
Print preview,Print preview,प्रिंट पूर्वावलोकन,,Pending,,New shared catalog copy; native-speaker review required.
Print-ready invoice preview,Print-ready invoice preview,प्रिंट-तैयार चालान पूर्वावलोकन,,Pending,,New shared catalog copy; native-speaker review required.
Process due schedules now,Process due schedules now,अभी देय शेड्यूल संसाधित करें,,Pending,,New shared catalog copy; native-speaker review required.
Processed in last run,Processed in last run,पिछले रन में संसाधित,,Pending,,New shared catalog copy; native-speaker review required.
Product,Product,उत्पाद,,Pending,,New shared catalog copy; native-speaker review required.
Product categories,Product categories,उत्पाद श्रेणियाँ,,Pending,,New shared catalog copy; native-speaker review required.
"Products, pricing, stock levels and tracking","Products, pricing, stock levels and tracking","उत्पाद, मूल्य निर्धारण, स्टॉक स्तर और ट्रैकिंग",,Pending,,New shared catalog copy; native-speaker review required.
Program,Program,कार्यक्रम,,Pending,,New shared catalog copy; native-speaker review required.
Progress shows in My reports.,Progress shows in My reports.,प्रगति मेरी रिपोर्ट में दिखाई देती है।,,Pending,,New shared catalog copy; native-speaker review required.
Project,Project,परियोजना,,Pending,,New shared catalog copy; native-speaker review required.
Properties,Properties,गुण,,Pending,,New shared catalog copy; native-speaker review required.
"Public, optional and company holidays","Public, optional and company holidays","सार्वजनिक, वैकल्पिक और कंपनी की छुट्टियाँ",,Pending,,New shared catalog copy; native-speaker review required.
Publish,Publish,प्रकाशित करें,,Pending,,New shared catalog copy; native-speaker review required.
Publisher,Publisher,प्रकाशक,,Pending,,New shared catalog copy; native-speaker review required.
Pull data as CSV or JSON,Pull data as CSV or JSON,CSV या JSON के रूप में डेटा प्राप्त करें,,Pending,,New shared catalog copy; native-speaker review required.
Purchase orders,Purchase orders,क्रय आदेश,,Pending,,New shared catalog copy; native-speaker review required.
Purchase orders by supplier and status,Purchase orders by supplier and status,आपूर्तिकर्ता और स्थिति के अनुसार क्रय आदेश,,Pending,,New shared catalog copy; native-speaker review required.
Purchase price,Purchase price,क्रय मूल्य,,Pending,,New shared catalog copy; native-speaker review required.
Purchase register,Purchase register,क्रय रजिस्टर,,Pending,,New shared catalog copy; native-speaker review required.
Purchases,Purchases,क्रय,,Pending,,New shared catalog copy; native-speaker review required.
Qs ·,Qs ·,प्रश्न ·,,Pending,,New shared catalog copy; native-speaker review required.
Qualification,Qualification,योग्यता,,Pending,,New shared catalog copy; native-speaker review required.
Quality inspections,Quality inspections,गुणवत्ता निरीक्षण,,Pending,,New shared catalog copy; native-speaker review required.
Quarterly average,Quarterly average,त्रैमासिक औसत,,Pending,,New shared catalog copy; native-speaker review required.
Quarterly average by class,Quarterly average by class,कक्षा के अनुसार त्रैमासिक औसत,,Pending,,New shared catalog copy; native-speaker review required.
Quarterly exam,Quarterly exam,त्रैमासिक परीक्षा,,Pending,,New shared catalog copy; native-speaker review required.
Quarterly results by subject,Quarterly results by subject,विषय के अनुसार त्रैमासिक परिणाम,,Pending,,New shared catalog copy; native-speaker review required.
Question,Question,प्रश्न,,Pending,,New shared catalog copy; native-speaker review required.
Question bank,Question bank,प्रश्न बैंक,,Pending,,New shared catalog copy; native-speaker review required.
Question palette,Question palette,प्रश्न पैलेट,,Pending,,New shared catalog copy; native-speaker review required.
Question {value0}{value1}{value2},Question {value0}{value1}{value2},प्रश्न {value0}{value1}{value2},,Pending,,New shared catalog copy; native-speaker review required.
Questions,Questions,प्रश्न,,Pending,,New shared catalog copy; native-speaker review required.
Queued as,Queued as,इस रूप में कतारबद्ध,,Pending,,New shared catalog copy; native-speaker review required.
Quiz,Quiz,क्विज़,,Pending,,New shared catalog copy; native-speaker review required.
Quiz builder,Quiz builder,क्विज़ बिल्डर,,Pending,,New shared catalog copy; native-speaker review required.
Quiz published to {value0},Quiz published to {value0},क्विज़ {value0} पर प्रकाशित की गई,,Pending,,New shared catalog copy; native-speaker review required.
Quiz settings,Quiz settings,क्विज़ सेटिंग्स,,Pending,,New shared catalog copy; native-speaker review required.
Quizzes,Quizzes,क्विज़ें,,Pending,,New shared catalog copy; native-speaker review required.
Quizzes available,Quizzes available,उपलब्ध क्विज़ें,,Pending,,New shared catalog copy; native-speaker review required.
Quizzes can also be launched as live polls inside a live class.,Quizzes can also be launched as live polls inside a live class.,क्विज़ को लाइव क्लास के अंदर लाइव पोल के रूप में भी शुरू किया जा सकता है।,,Pending,,New shared catalog copy; native-speaker review required.
R,R,R,,Pending,,New shared catalog copy; native-speaker review required.
REC,REC,REC,,Pending,,New shared catalog copy; native-speaker review required.
Raise hand,Raise hand,हाथ उठाएँ,,Pending,,New shared catalog copy; native-speaker review required.
Rank,Rank,रैंक,,Pending,,New shared catalog copy; native-speaker review required.
Rank is computed on the total across all examined subjects. Marks below 40% are shown in red.,Rank is computed on the total across all examined subjects. Marks below 40% are shown in red.,रैंक सभी परीक्षित विषयों के कुल योग पर गणना की जाती है। 40% से कम अंक लाल रंग में दिखाए जाते हैं।,,Pending,,New shared catalog copy; native-speaker review required.
Rate to USD,Rate to USD,USD में दर,,Pending,,New shared catalog copy; native-speaker review required.
Rating,Rating,रेटिंग,,Pending,,New shared catalog copy; native-speaker review required.
Rating (1–5),Rating (1–5),रेटिंग (1–5),,Pending,,New shared catalog copy; native-speaker review required.
Reactions,Reactions,प्रतिक्रियाएँ,,Pending,,New shared catalog copy; native-speaker review required.
Reactivate,Reactivate,पुनः सक्रिय करें,,Pending,,New shared catalog copy; native-speaker review required.
Read-only replica of the hospital management system. Reports must never query the live primary.,Read-only replica of the hospital management system. Reports must never query the live primary.,अस्पताल प्रबंधन प्रणाली की केवल-पढ़ने योग्य प्रतिकृति। रिपोर्ट्स को कभी भी लाइव प्राथमिक से क्वेरी नहीं करना चाहिए।,,Pending,,New shared catalog copy; native-speaker review required.
Reading,Reading,पठन,,Pending,,New shared catalog copy; native-speaker review required.
Readmission count and rate by department.,Readmission count and rate by department.,विभाग के अनुसार पुनः प्रवेश गणना और दर।,,Pending,,New shared catalog copy; native-speaker review required.
Readmission rate,Readmission rate,पुनः प्रवेश दर,,Pending,,New shared catalog copy; native-speaker review required.
Readmissions,Readmissions,पुनः भर्ती के मामले,,Pending,,New shared catalog copy; native-speaker review required.
Readmitted,Readmitted,पुनः भर्ती,,Pending,,New shared catalog copy; native-speaker review required.
Reason,Reason,कारण,,Pending,,New shared catalog copy; native-speaker review required.
Receipt {value0}{value1}. ,Receipt {value0}{value1}. ,रसीद {value0}{value1}। ,,Pending,,New shared catalog copy; native-speaker review required.
Receipts,Receipts,प्राप्तियां,,Pending,,New shared catalog copy; native-speaker review required.
"Receipts, issues and closing value by store and category. Use a single day for closing figures.","Receipts, issues and closing value by store and category. Use a single day for closing figures.","स्टोर और श्रेणी के अनुसार रसीदें, निर्गम और समापन मूल्य। समापन आँकड़ों के लिए एकल दिन का उपयोग करें।",,Pending,,New shared catalog copy; native-speaker review required.
Receivables aging,Receivables aging,प्राप्य आयु विश्लेषण,,Pending,,New shared catalog copy; native-speaker review required.
Received,Received,प्राप्त,,Pending,,New shared catalog copy; native-speaker review required.
Received by,Received by,द्वारा प्राप्त,,Pending,,New shared catalog copy; native-speaker review required.
Received on,Received on,प्राप्ति तिथि,,Pending,,New shared catalog copy; native-speaker review required.
Recent activity,Recent activity,हाल की गतिविधि,,Pending,,New shared catalog copy; native-speaker review required.
Recent sales orders,Recent sales orders,हाल के बिक्री आदेश,,Pending,,New shared catalog copy; native-speaker review required.
Recently run,Recently run,हाल ही में चलाया गया,,Pending,,New shared catalog copy; native-speaker review required.
Recipients get an in-app notification and an email digest,Recipients get an in-app notification and an email digest,प्राप्तकर्ताओं को इन-ऐप सूचना और एक ईमेल डाइजेस्ट मिलता है,,Pending,,New shared catalog copy; native-speaker review required.
Record,Record,रिकॉर्ड,,Pending,,New shared catalog copy; native-speaker review required.
Recordings,Recordings,रिकॉर्डिंग्स,,Pending,,New shared catalog copy; native-speaker review required.
Recordings stream from your media storage in production.,Recordings stream from your media storage in production.,उत्पादन में रिकॉर्डिंग्स आपके मीडिया स्टोरेज से स्ट्रीम होती हैं।,,Pending,,New shared catalog copy; native-speaker review required.
Records in view,Records in view,दृश्य में रिकॉर्ड,,Pending,,New shared catalog copy; native-speaker review required.
Rectangle,Rectangle,आयत,,Pending,,New shared catalog copy; native-speaker review required.
Redo,Redo,फिर से करें,,Pending,,New shared catalog copy; native-speaker review required.
Reduce motion and animations,Reduce motion and animations,गति और एनिमेशन कम करें,,Pending,,New shared catalog copy; native-speaker review required.
Refresh preview,Refresh preview,पूर्वावलोकन रीफ़्रेश करें,,Pending,,New shared catalog copy; native-speaker review required.
Region,Region,क्षेत्र,,Pending,,New shared catalog copy; native-speaker review required.
Regional defaults,Regional defaults,क्षेत्रीय डिफ़ॉल्ट,,Pending,,New shared catalog copy; native-speaker review required.
Register,Register,रजिस्टर,,Pending,,New shared catalog copy; native-speaker review required.
Register saved,Register saved,रजिस्टर सहेजा गया,,Pending,,New shared catalog copy; native-speaker review required.
Register student,Register student,छात्र पंजीकृत करें,,Pending,,New shared catalog copy; native-speaker review required.
Register teacher,Register teacher,शिक्षक पंजीकृत करें,,Pending,,New shared catalog copy; native-speaker review required.
Registered office address.,Registered office address.,पंजीकृत कार्यालय का पता।,,Pending,,New shared catalog copy; native-speaker review required.
Registered users can always receive reports. Other addresses must be in these domains.,Registered users can always receive reports. Other addresses must be in these domains.,पंजीकृत उपयोगकर्ता हमेशा रिपोर्ट प्राप्त कर सकते हैं। अन्य पते इन डोमेन में होने चाहिए।,,Pending,,New shared catalog copy; native-speaker review required.
"Registered users can email the reports mailbox and receive the result by return email, even for very long periods.","Registered users can email the reports mailbox and receive the result by return email, even for very long periods.",पंजीकृत उपयोगकर्ता रिपोर्ट मेलबॉक्स को ईमेल कर सकते हैं और यहाँ तक कि बहुत लंबी अवधि के लिए भी वापसी ईमेल द्वारा परिणाम प्राप्त कर सकते हैं।,,Pending,,New shared catalog copy; native-speaker review required.
Registered users can request reports by emailing the reports mailbox.,Registered users can request reports by emailing the reports mailbox.,पंजीकृत उपयोगकर्ता रिपोर्ट मेलबॉक्स को ईमेल करके रिपोर्ट का अनुरोध कर सकते हैं।,,Pending,,New shared catalog copy; native-speaker review required.
Registration,Registration,पंजीकरण,,Pending,,New shared catalog copy; native-speaker review required.
Registration summary,Registration summary,पंजीकरण सारांश,,Pending,,New shared catalog copy; native-speaker review required.
Reimbursement requests with approvals,Reimbursement requests with approvals,अनुमोदन के साथ प्रतिपूर्ति अनुरोध,,Pending,,New shared catalog copy; native-speaker review required.
Reject all,Reject all,सभी अस्वीकार करें,,Pending,,New shared catalog copy; native-speaker review required.
"Reject email unless DMARC, or both SPF and DKIM, pass. Keep this on in production.","Reject email unless DMARC, or both SPF and DKIM, pass. Keep this on in production.","जब तक DMARC, या SPF और DKIM दोनों पास न हों, ईमेल अस्वीकार करें। इसे उत्पादन में चालू रखें।",,Pending,,New shared catalog copy; native-speaker review required.
Rejoin as host,Rejoin as host,होस्ट के रूप में फिर से जुड़ें,,Pending,,New shared catalog copy; native-speaker review required.
Rejoin live class,Rejoin live class,लाइव क्लास में फिर से शामिल हों,,Pending,,New shared catalog copy; native-speaker review required.
Relationship,Relationship,संबंध,,Pending,,New shared catalog copy; native-speaker review required.
Remarks,Remarks,टिप्पणियाँ,,Pending,,New shared catalog copy; native-speaker review required.
Remind all,Remind all,सभी को याद दिलाएँ,,Pending,,New shared catalog copy; native-speaker review required.
Reminder after (hours),Reminder after (hours),बाद में रिमाइंडर (घंटे),,Pending,,New shared catalog copy; native-speaker review required.
Reminders sent to {value0} families by email and SMS,Reminders sent to {value0} families by email and SMS,{value0} परिवारों को ईमेल और SMS द्वारा रिमाइंडर भेजे गए,,Pending,,New shared catalog copy; native-speaker review required.
Remove line {value0},Remove line {value0},पंक्ति {value0} हटाएं,,Pending,,New shared catalog copy; native-speaker review required.
Remove option,Remove option,विकल्प हटाएँ,,Pending,,New shared catalog copy; native-speaker review required.
Remove widget,Remove widget,विजेट हटाएँ,,Pending,,New shared catalog copy; native-speaker review required.
Remove {label},Remove {label},{label} हटाएँ,,Pending,,New shared catalog copy; native-speaker review required.
Remove {name},Remove {name},{name} हटाएं,,Pending,,New shared catalog copy; native-speaker review required.
Remove {value0},Remove {value0},{value0} हटाएं,,Pending,,New shared catalog copy; native-speaker review required.
Remove {value0} filter,Remove {value0} filter,{value0} फ़िल्टर हटाएं,,Pending,,New shared catalog copy; native-speaker review required.
Renew,Renew,नवीनीकृत करें,,Pending,,New shared catalog copy; native-speaker review required.
Renewed until {value0},Renewed until {value0},{value0} तक नवीनीकृत,,Pending,,New shared catalog copy; native-speaker review required.
Reopen,Reopen,फिर से खोलें,,Pending,,New shared catalog copy; native-speaker review required.
Reorder level alert,Reorder level alert,पुनः क्रम स्तर अलर्ट,,Pending,,New shared catalog copy; native-speaker review required.
Report,Report,रिपोर्ट,,Pending,,New shared catalog copy; native-speaker review required.
Report absence / request leave,Report absence / request leave,अनुपस्थिति की सूचना दें / छुट्टी का अनुरोध करें,,Pending,,New shared catalog copy; native-speaker review required.
Report access for {name},Report access for {name},{name} के लिए रिपोर्ट एक्सेस,,Pending,,New shared catalog copy; native-speaker review required.
Report builder,Report builder,रिपोर्ट बिल्डर,,Pending,,New shared catalog copy; native-speaker review required.
Report card,Report card,रिपोर्ट कार्ड,,Pending,,New shared catalog copy; native-speaker review required.
Report categories,Report categories,रिपोर्ट श्रेणियाँ,,Pending,,New shared catalog copy; native-speaker review required.
Report default,Report default,रिपोर्ट डिफ़ॉल्ट,,Pending,,New shared catalog copy; native-speaker review required.
Report defaults,Report defaults,रिपोर्ट डिफ़ॉल्ट्स,,Pending,,New shared catalog copy; native-speaker review required.
Report library,Report library,रिपोर्ट लाइब्रेरी,,Pending,,New shared catalog copy; native-speaker review required.
Report result,Report result,रिपोर्ट परिणाम,,Pending,,New shared catalog copy; native-speaker review required.
Report type,Report type,रिपोर्ट प्रकार,,Pending,,New shared catalog copy; native-speaker review required.
Report-specific limits,Report-specific limits,रिपोर्ट-विशिष्ट सीमाएँ,,Pending,,New shared catalog copy; native-speaker review required.
Reported,Reported,रिपोर्ट किया गया,,Pending,,New shared catalog copy; native-speaker review required.
Reporting time zone,Reporting time zone,रिपोर्टिंग समय क्षेत्र,,Pending,,New shared catalog copy; native-speaker review required.
Reports & analytics,Reports & analytics,रिपोर्ट्स और एनालिटिक्स,,Pending,,New shared catalog copy; native-speaker review required.
Reports access is turned off,Reports access is turned off,रिपोर्ट्स एक्सेस बंद है,,Pending,,New shared catalog copy; native-speaker review required.
Reports available,Reports available,उपलब्ध रिपोर्ट्स,,Pending,,New shared catalog copy; native-speaker review required.
Reports delivered by email on a timetable. Each run covers a moving period and never sends the same run twice.,Reports delivered by email on a timetable. Each run covers a moving period and never sends the same run twice.,समय-सारणी के अनुसार ईमेल द्वारा वितरित रिपोर्ट्स। प्रत्येक रन एक चलती अवधि को कवर करता है और कभी भी एक ही रन दो बार नहीं भेजता।,,Pending,,New shared catalog copy; native-speaker review required.
Reports in progress per person,Reports in progress per person,प्रति व्यक्ति प्रगति में रिपोर्ट्स,,Pending,,New shared catalog copy; native-speaker review required.
Reports mailbox,Reports mailbox,रिपोर्ट्स मेलबॉक्स,,Pending,,New shared catalog copy; native-speaker review required.
Reports processed at once (server),Reports processed at once (server),एक बार में संसाधित रिपोर्ट्स (सर्वर),,Pending,,New shared catalog copy; native-speaker review required.
Reports running in the background,Reports running in the background,पृष्ठभूमि में चल रही रिपोर्ट्स,,Pending,,New shared catalog copy; native-speaker review required.
Reports to,Reports to,रिपोर्ट करता है,,Pending,,New shared catalog copy; native-speaker review required.
Reports you can pull:,Reports you can pull:,जिन रिपोर्ट्स को आप प्राप्त कर सकते हैं:,,Pending,,New shared catalog copy; native-speaker review required.
Reports you open appear here so you can return to them in one click.,Reports you open appear here so you can return to them in one click.,जो रिपोर्ट्स आप खोलते हैं वे यहाँ दिखाई देती हैं ताकि आप एक क्लिक में उन पर वापस लौट सकें।,,Pending,,New shared catalog copy; native-speaker review required.
Request,Request,अनुरोध,,Pending,,New shared catalog copy; native-speaker review required.
Request details,Request details,अनुरोध विवरण,,Pending,,New shared catalog copy; native-speaker review required.
Request leave,Request leave,छुट्टी का अनुरोध करें,,Pending,,New shared catalog copy; native-speaker review required.
Requested,Requested,अनुरोधित,,Pending,,New shared catalog copy; native-speaker review required.
Requested by,Requested by,द्वारा अनुरोधित,,Pending,,New shared catalog copy; native-speaker review required.
Requests above these limits are not loaded in the browser. People are offered a background run that is emailed or saved to My reports. Individual reports can set tighter limits.,Requests above these limits are not loaded in the browser. People are offered a background run that is emailed or saved to My reports. Individual reports can set tighter limits.,इन सीमाओं से ऊपर के अनुरोध ब्राउज़र में लोड नहीं किए जाते। लोगों को एक बैकग्राउंड रन दिया जाता है जो ईमेल किया जाता है या मेरी रिपोर्ट में सहेजा जाता है। व्यक्तिगत रिपोर्ट सख्त सीमाएँ निर्धारित कर सकती हैं।,,Pending,,New shared catalog copy; native-speaker review required.
"Requests from unknown or unverified senders are dropped without a reply. Results are only ever sent back to the sender, with your role, branches and masking applied.","Requests from unknown or unverified senders are dropped without a reply. Results are only ever sent back to the sender, with your role, branches and masking applied.","अज्ञात या असत्यापित प्रेषकों से अनुरोध बिना उत्तर के छोड़ दिए जाते हैं। परिणाम हमेशा केवल प्रेषक को भेजे जाते हैं, आपकी भूमिका, शाखाओं और मास्किंग को लागू करते हुए।",,Pending,,New shared catalog copy; native-speaker review required.
Requests per person per hour,Requests per person per hour,प्रति व्यक्ति प्रति घंटा अनुरोध,,Pending,,New shared catalog copy; native-speaker review required.
Require approval above,Require approval above,इससे ऊपर अनुमोदन आवश्यक,,Pending,,New shared catalog copy; native-speaker review required.
Require sender authentication,Require sender authentication,प्रेषक प्रमाणीकरण आवश्यक,,Pending,,New shared catalog copy; native-speaker review required.
Reschedule,Reschedule,पुनर्निर्धारण करें,,Pending,,New shared catalog copy; native-speaker review required.
Reserve,Reserve,आरक्षित करें,,Pending,,New shared catalog copy; native-speaker review required.
Reset to report default,Reset to report default,रिपोर्ट डिफ़ॉल्ट पर रीसेट करें,,Pending,,New shared catalog copy; native-speaker review required.
Resets,Resets,रीसेट,,Pending,,New shared catalog copy; native-speaker review required.
Resolve,Resolve,हल करें,,Pending,,New shared catalog copy; native-speaker review required.
Result,Result,परिणाम,,Pending,,New shared catalog copy; native-speaker review required.
Result type,Result type,परिणाम प्रकार,,Pending,,New shared catalog copy; native-speaker review required.
Results & report card,Results & report card,परिणाम और रिपोर्ट कार्ड,,Pending,,New shared catalog copy; native-speaker review required.
Results appear here when the report has finished. Current status: {status}.,Results appear here when the report has finished. Current status: {status}.,रिपोर्ट समाप्त होने पर परिणाम यहाँ दिखाई देते हैं। वर्तमान स्थिति: {status}।,,Pending,,New shared catalog copy; native-speaker review required.
Results saved,Results saved,परिणाम सहेजे गए,,Pending,,New shared catalog copy; native-speaker review required.
Retry grade,Retry grade,ग्रेड पुनः प्रयास करें,,Pending,,New shared catalog copy; native-speaker review required.
Retry upload,Retry upload,अपलोड पुनः प्रयास करें,,Pending,,New shared catalog copy; native-speaker review required.
Return,Return,वापसी,,Pending,,New shared catalog copy; native-speaker review required.
Returned,Returned,वापस किया गया,,Pending,,New shared catalog copy; native-speaker review required.
Reveal answer,Reveal answer,उत्तर दिखाएँ,,Pending,,New shared catalog copy; native-speaker review required.
Revenue and collections by month,Revenue and collections by month,महीने के अनुसार राजस्व और संग्रह,,Pending,,New shared catalog copy; native-speaker review required.
Revenue by service line,Revenue by service line,सेवा लाइन के अनुसार राजस्व,,Pending,,New shared catalog copy; native-speaker review required.
Revenue transaction detail,Revenue transaction detail,राजस्व लेनदेन विवरण,,Pending,,New shared catalog copy; native-speaker review required.
Revoke,Revoke,निरस्त करें,,Pending,,New shared catalog copy; native-speaker review required.
"Revoke ""{name}""? Tools using it stop working immediately.","Revoke ""{name}""? Tools using it stop working immediately.","""{name}"" निरस्त करें? इसका उपयोग करने वाले टूल तुरंत काम करना बंद कर देंगे।",,Pending,,New shared catalog copy; native-speaker review required.
Revoke key,Revoke key,कुंजी निरस्त करें,,Pending,,New shared catalog copy; native-speaker review required.
Role,Role,भूमिका,,Pending,,New shared catalog copy; native-speaker review required.
Role details and permissions,Role details and permissions,भूमिका विवरण और अनुमतियाँ,,Pending,,New shared catalog copy; native-speaker review required.
Role name,Role name,भूमिका का नाम,,Pending,,New shared catalog copy; native-speaker review required.
Role {name} created. Give it report access below.,Role {name} created. Give it report access below.,भूमिका {name} बनाई गई। नीचे इसे रिपोर्ट एक्सेस दें।,,Pending,,New shared catalog copy; native-speaker review required.
Role: {role},Role: {role},भूमिका: {role},,Pending,,New shared catalog copy; native-speaker review required.
Roles,Roles,भूमिकाएँ,,Pending,,New shared catalog copy; native-speaker review required.
Roles and access,Roles and access,भूमिकाएँ और एक्सेस,,Pending,,New shared catalog copy; native-speaker review required.
Roles decide which reports and actions are available. Branches limit which rows the user sees in every report.,Roles decide which reports and actions are available. Branches limit which rows the user sees in every report.,भूमिकाएँ तय करती हैं कि कौन-सी रिपोर्ट और कार्रवाइयाँ उपलब्ध हैं। शाखाएँ यह सीमित करती हैं कि उपयोगकर्ता हर रिपोर्ट में कौन-सी पंक्तियाँ देखता है।,,Pending,,New shared catalog copy; native-speaker review required.
Roll,Roll,रोल नंबर,,Pending,,New shared catalog copy; native-speaker review required.
Room,Room,कमरा,,Pending,,New shared catalog copy; native-speaker review required.
Roster,Roster,रोस्टर,,Pending,,New shared catalog copy; native-speaker review required.
Round off totals,Round off totals,कुल राशि को पूर्णांकित करें,,Pending,,New shared catalog copy; native-speaker review required.
Row detail,Row detail,पंक्ति विवरण,,Pending,,New shared catalog copy; native-speaker review required.
Row-level billed revenue. Long periods run in the background and are delivered as a file.,Row-level billed revenue. Long periods run in the background and are delivered as a file.,पंक्ति-स्तरीय बिल किया गया राजस्व। लंबी अवधियाँ बैकग्राउंड में चलती हैं और फ़ाइल के रूप में दी जाती हैं।,,Pending,,New shared catalog copy; native-speaker review required.
Rows,Rows,पंक्तियाँ,,Pending,,New shared catalog copy; native-speaker review required.
Rows loaded,Rows loaded,लोड की गई पंक्तियाँ,,Pending,,New shared catalog copy; native-speaker review required.
Run,Run,चलाएँ,,Pending,,New shared catalog copy; native-speaker review required.
"Run a report in the background with email delivery, or try an email request.","Run a report in the background with email delivery, or try an email request.","रिपोर्ट को ईमेल डिलीवरी के साथ बैकग्राउंड में चलाएँ, या ईमेल अनुरोध आज़माएँ।",,Pending,,New shared catalog copy; native-speaker review required.
Run by,Run by,द्वारा चलाया गया,,Pending,,New shared catalog copy; native-speaker review required.
Run details,Run details,रन विवरण,,Pending,,New shared catalog copy; native-speaker review required.
"Run finance, clinical and operations reports on screen. Long periods run in the background and arrive by email. Schedules, email requests and exports follow the same access rules.","Run finance, clinical and operations reports on screen. Long periods run in the background and arrive by email. Schedules, email requests and exports follow the same access rules.","वित्त, क्लिनिकल और संचालन रिपोर्ट को स्क्रीन पर चलाएँ। लंबी अवधियाँ बैकग्राउंड में चलती हैं और ईमेल द्वारा पहुँचती हैं। शेड्यूल, ईमेल अनुरोध और एक्सपोर्ट समान एक्सेस नियमों का पालन करते हैं।",,Pending,,New shared catalog copy; native-speaker review required.
Run in background,Run in background,बैकग्राउंड में चलाएँ,,Pending,,New shared catalog copy; native-speaker review required.
Run in background…,Run in background…,बैकग्राउंड में चलाएँ...,,Pending,,New shared catalog copy; native-speaker review required.
"Run it in the background: it is processed month by month, saved to My reports, and emailed if you choose.","Run it in the background: it is processed month by month, saved to My reports, and emailed if you choose.","इसे बैकग्राउंड में चलाएँ: यह माह दर माह प्रोसेस होता है, ""मेरी रिपोर्ट्स"" में सहेजा जाता है, और यदि आप चुनें तो ईमेल किया जाता है।",,Pending,,New shared catalog copy; native-speaker review required.
Run log,Run log,रन लॉग,,Pending,,New shared catalog copy; native-speaker review required.
Run now,Run now,अभी चलाएँ,,Pending,,New shared catalog copy; native-speaker review required.
Run on,Run on,चलाया गया,,Pending,,New shared catalog copy; native-speaker review required.
Run parameters,Run parameters,रन पैरामीटर,,Pending,,New shared catalog copy; native-speaker review required.
"Run the whole school: people, academics, finance and reporting.","Run the whole school: people, academics, finance and reporting.","पूरे स्कूल को चलाएँ: लोग, शैक्षणिक कार्य, वित्त और रिपोर्टिंग।",,Pending,,New shared catalog copy; native-speaker review required.
Running,Running,चल रहा है,,Pending,,New shared catalog copy; native-speaker review required.
Running balance statement for a customer,Running balance statement for a customer,ग्राहक के लिए चालू शेष विवरण,,Pending,,New shared catalog copy; native-speaker review required.
Running…,Running…,चल रहा है...,,Pending,,New shared catalog copy; native-speaker review required.
Runs on record,Runs on record,दर्ज रन,,Pending,,New shared catalog copy; native-speaker review required.
Salary bank,Salary bank,वेतन बैंक,,Pending,,New shared catalog copy; native-speaker review required.
Salary structures,Salary structures,वेतन संरचनाएँ,,Pending,,New shared catalog copy; native-speaker review required.
Sale price,Sale price,बिक्री मूल्य,,Pending,,New shared catalog copy; native-speaker review required.
"Sales and purchases, last 12 months","Sales and purchases, last 12 months","बिक्री और खरीद, पिछले 12 महीने",,Pending,,New shared catalog copy; native-speaker review required.
Sales invoices,Sales invoices,बिक्री चालान,,Pending,,New shared catalog copy; native-speaker review required.
Sales orders,Sales orders,बिक्री आदेश,,Pending,,New shared catalog copy; native-speaker review required.
Sales register,Sales register,बिक्री रजिस्टर,,Pending,,New shared catalog copy; native-speaker review required.
"Sales, cash and approvals at a glance","Sales, cash and approvals at a glance","बिक्री, नकद और स्वीकृतियाँ एक नज़र में",,Pending,,New shared catalog copy; native-speaker review required.
Salesperson,Salesperson,विक्रेता,,Pending,,New shared catalog copy; native-speaker review required.
Sample,Sample,नमूना,,Pending,,New shared catalog copy; native-speaker review required.
Save access,Save access,एक्सेस सहेजें,,Pending,,New shared catalog copy; native-speaker review required.
Save and add another,Save and add another,सहेजें और दूसरा जोड़ें,,Pending,,New shared catalog copy; native-speaker review required.
Save and resubmit,Save and resubmit,सहेजें और फिर से जमा करें,,Pending,,New shared catalog copy; native-speaker review required.
Save current view…,Save current view…,वर्तमान दृश्य सहेजें...,,Pending,,New shared catalog copy; native-speaker review required.
Save dashboard,Save dashboard,डैशबोर्ड सहेजें,,Pending,,New shared catalog copy; native-speaker review required.
Save marks,Save marks,अंक सहेजें,,Pending,,New shared catalog copy; native-speaker review required.
Save period,Save period,अवधि सहेजें,,Pending,,New shared catalog copy; native-speaker review required.
Save register,Save register,रजिस्टर सहेजें,,Pending,,New shared catalog copy; native-speaker review required.
Save settings,Save settings,सेटिंग्स सहेजें,,Pending,,New shared catalog copy; native-speaker review required.
Save the current search and filters,Save the current search and filters,वर्तमान खोज और फ़िल्टर सहेजें,,Pending,,New shared catalog copy; native-speaker review required.
"Saved access for {name}. It applies on the next request, including schedules and the API.","Saved access for {name}. It applies on the next request, including schedules and the API.","{name} के लिए एक्सेस सहेजा गया। यह अगले अनुरोध पर लागू होगा, जिसमें शेड्यूल और API शामिल हैं।",,Pending,,New shared catalog copy; native-speaker review required.
Saved to your account by the host application,Saved to your account by the host application,होस्ट एप्लिकेशन द्वारा आपके खाते में सहेजा गया,,Pending,,New shared catalog copy; native-speaker review required.
Scenario,Scenario,परिदृश्य,,Pending,,New shared catalog copy; native-speaker review required.
Scenario target,Scenario target,परिदृश्य लक्ष्य,,Pending,,New shared catalog copy; native-speaker review required.
Schedule a live session,Schedule a live session,लाइव सत्र शेड्यूल करें,,Pending,,New shared catalog copy; native-speaker review required.
Schedule exam paper,Schedule exam paper,परीक्षा पत्र शेड्यूल करें,,Pending,,New shared catalog copy; native-speaker review required.
Schedule paper,Schedule paper,पत्र शेड्यूल करें,,Pending,,New shared catalog copy; native-speaker review required.
Schedule this report,Schedule this report,इस रिपोर्ट को शेड्यूल करें,,Pending,,New shared catalog copy; native-speaker review required.
"Schedule, {value0}","Schedule, {value0}","अनुसूची, {value0}",,Pending,,New shared catalog copy; native-speaker review required.
Scheduled,Scheduled,निर्धारित,,Pending,,New shared catalog copy; native-speaker review required.
Scheduled runs are not counted.,Scheduled runs are not counted.,शेड्यूल किए गए रन गिने नहीं जाते।,,Pending,,New shared catalog copy; native-speaker review required.
Schedules,Schedules,शेड्यूल,,Pending,,New shared catalog copy; native-speaker review required.
School,School,स्कूल,,Pending,,New shared catalog copy; native-speaker review required.
School Accountant,School Accountant,स्कूल लेखाकार,,Pending,,New shared catalog copy; native-speaker review required.
School Admin,School Admin,स्कूल एडमिन,,Pending,,New shared catalog copy; native-speaker review required.
School Librarian,School Librarian,स्कूल लाइब्रेरियन,,Pending,,New shared catalog copy; native-speaker review required.
School Parent,School Parent,स्कूल अभिभावक,,Pending,,New shared catalog copy; native-speaker review required.
School Student,School Student,स्कूल छात्र,,Pending,,New shared catalog copy; native-speaker review required.
School Teacher,School Teacher,स्कूल शिक्षक,,Pending,,New shared catalog copy; native-speaker review required.
School calendar,School calendar,स्कूल कैलेंडर,,Pending,,New shared catalog copy; native-speaker review required.
School-wide attendance,School-wide attendance,पूरे स्कूल की उपस्थिति,,Pending,,New shared catalog copy; native-speaker review required.
Scored {value0}/{value1} · class avg {value2},Scored {value0}/{value1} · class avg {value2},स्कोर {value0}/{value1} · कक्षा औसत {value2},,Pending,,New shared catalog copy; native-speaker review required.
"Search applicant, parent, app no.","Search applicant, parent, app no.","आवेदक, अभिभावक, आवेदन नंबर खोजें",,Pending,,New shared catalog copy; native-speaker review required.
"Search by name, topic or tag, for example: denial, occupancy, ledger","Search by name, topic or tag, for example: denial, occupancy, ledger","नाम, विषय या टैग से खोजें, उदाहरण के लिए: डिनायल, ऑक्यूपेंसी, लेजर",,Pending,,New shared catalog copy; native-speaker review required.
"Search by person, reference or department","Search by person, reference or department","व्यक्ति, संदर्भ या विभाग से खोजें",,Pending,,New shared catalog copy; native-speaker review required.
Search conversations,Search conversations,बातचीत खोजें,,Pending,,New shared catalog copy; native-speaker review required.
Search notices,Search notices,सूचनाएँ खोजें,,Pending,,New shared catalog copy; native-speaker review required.
Search reports,Search reports,रिपोर्ट खोजें,,Pending,,New shared catalog copy; native-speaker review required.
Search requests,Search requests,अनुरोध खोजें,,Pending,,New shared catalog copy; native-speaker review required.
Search table,Search table,तालिका खोजें,,Pending,,New shared catalog copy; native-speaker review required.
Search the tree,Search the tree,ट्री खोजें,,Pending,,New shared catalog copy; native-speaker review required.
Search {field},Search {field},{field} खोजें,,Pending,,New shared catalog copy; native-speaker review required.
Search {value0},Search {value0},{value0} खोजें,,Pending,,New shared catalog copy; native-speaker review required.
Second language,Second language,दूसरी भाषा,,Pending,,New shared catalog copy; native-speaker review required.
Security,Security,सुरक्षा,,Pending,,New shared catalog copy; native-speaker review required.
See sensitive columns unmasked,See sensitive columns unmasked,संवेदनशील कॉलम बिना मास्क किए देखें,,Pending,,New shared catalog copy; native-speaker review required.
Select a conversation,Select a conversation,बातचीत चुनें,,Pending,,New shared catalog copy; native-speaker review required.
Select a notice,Select a notice,सूचना चुनें,,Pending,,New shared catalog copy; native-speaker review required.
Select an item in the tree,Select an item in the tree,ट्री में एक आइटम चुनें,,Pending,,New shared catalog copy; native-speaker review required.
Select grade,Select grade,ग्रेड चुनें,,Pending,,New shared catalog copy; native-speaker review required.
Select section,Select section,सेक्शन चुनें,,Pending,,New shared catalog copy; native-speaker review required.
Selected files,Selected files,चयनित फ़ाइलें,,Pending,,New shared catalog copy; native-speaker review required.
Selected on this screen only — not uploaded or saved.,Selected on this screen only — not uploaded or saved.,केवल इस स्क्रीन पर चयनित — अपलोड या सहेजा नहीं गया।,,Pending,,New shared catalog copy; native-speaker review required.
Selected roles,Selected roles,चयनित भूमिकाएँ,,Pending,,New shared catalog copy; native-speaker review required.
Self study,Self study,स्व-अध्ययन,,Pending,,New shared catalog copy; native-speaker review required.
Send an email to,Send an email to,ईमेल भेजें,,Pending,,New shared catalog copy; native-speaker review required.
Send test email,Send test email,परीक्षण ईमेल भेजें,,Pending,,New shared catalog copy; native-speaker review required.
"Sender passes SPF, DKIM and DMARC","Sender passes SPF, DKIM and DMARC","प्रेषक SPF, DKIM और DMARC पास करता है",,Pending,,New shared catalog copy; native-speaker review required.
Sensitive columns,Sensitive columns,संवेदनशील कॉलम,,Pending,,New shared catalog copy; native-speaker review required.
Sensitive columns are masked for your role: {columns}.,Sensitive columns are masked for your role: {columns}.,आपकी भूमिका के लिए संवेदनशील कॉलम छिपाए गए हैं: {columns}।,,Pending,,New shared catalog copy; native-speaker review required.
Sent,Sent,भेजा गया,,Pending,,New shared catalog copy; native-speaker review required.
Sent to the class teacher for approval,Sent to the class teacher for approval,स्वीकृति के लिए कक्षा शिक्षक को भेजा गया,,Pending,,New shared catalog copy; native-speaker review required.
Separate addresses with commas. Only registered users and approved domains are allowed. Large or sensitive files are sent as a secure link.,Separate addresses with commas. Only registered users and approved domains are allowed. Large or sensitive files are sent as a secure link.,पतों को अल्पविराम से अलग करें। केवल पंजीकृत उपयोगकर्ताओं और स्वीकृत डोमेन की अनुमति है। बड़ी या संवेदनशील फ़ाइलें एक सुरक्षित लिंक के रूप में भेजी जाती हैं।,,Pending,,New shared catalog copy; native-speaker review required.
Service line,Service line,सेवा श्रेणी,,Pending,,New shared catalog copy; native-speaker review required.
Service line growth,Service line growth,सेवा लाइन वृद्धि,,Pending,,New shared catalog copy; native-speaker review required.
"Set a search or filter, then save it here","Set a search or filter, then save it here","एक खोज या फ़िल्टर सेट करें, फिर उसे यहां सहेजें",,Pending,,New shared catalog copy; native-speaker review required.
Set by the school calendar,Set by the school calendar,स्कूल कैलेंडर द्वारा निर्धारित,,Pending,,New shared catalog copy; native-speaker review required.
Settings and rules,Settings and rules,सेटिंग्स और नियम,,Pending,,New shared catalog copy; native-speaker review required.
Settings sections,Settings sections,सेटिंग्स सेक्शन,,Pending,,New shared catalog copy; native-speaker review required.
Setup,Setup,सेटअप,,Pending,,New shared catalog copy; native-speaker review required.
"Several reports on one page, sharing one period. Each widget respects the viewer's own report access.","Several reports on one page, sharing one period. Each widget respects the viewer's own report access.","एक पेज पर कई रिपोर्ट, एक ही अवधि साझा करते हुए। प्रत्येक विजेट देखने वाले की अपनी रिपोर्ट एक्सेस का सम्मान करता है।",,Pending,,New shared catalog copy; native-speaker review required.
Share,Share,साझा करें,,Pending,,New shared catalog copy; native-speaker review required.
Share custom reports with roles,Share custom reports with roles,कस्टम रिपोर्ट भूमिकाओं के साथ साझा करें,,Pending,,New shared catalog copy; native-speaker review required.
Share of net revenue by payer type.,Share of net revenue by payer type.,भुगतानकर्ता प्रकार के अनुसार शुद्ध राजस्व की हिस्सेदारी।,,Pending,,New shared catalog copy; native-speaker review required.
Share of students present,Share of students present,उपस्थित छात्रों का हिस्सा,,Pending,,New shared catalog copy; native-speaker review required.
Share screen,Share screen,स्क्रीन साझा करें,,Pending,,New shared catalog copy; native-speaker review required.
Shared with,Shared with,के साथ साझा किया गया,,Pending,,New shared catalog copy; native-speaker review required.
Shelf,Shelf,शेल्फ,,Pending,,New shared catalog copy; native-speaker review required.
Shift,Shift,शिफ्ट,,Pending,,New shared catalog copy; native-speaker review required.
Shift master,Shift master,शिफ्ट मास्टर,,Pending,,New shared catalog copy; native-speaker review required.
Ship to,Ship to,शिप टू,,Pending,,New shared catalog copy; native-speaker review required.
Short bio,Short bio,संक्षिप्त परिचय,,Pending,,New shared catalog copy; native-speaker review required.
Shorter months run on their last day.,Shorter months run on their last day.,छोटे महीने अपने अंतिम दिन चलते हैं।,,Pending,,New shared catalog copy; native-speaker review required.
Show all dates,Show all dates,सभी तिथियाँ दिखाएँ,,Pending,,New shared catalog copy; native-speaker review required.
Show answers after submit,Show answers after submit,सबमिट के बाद उत्तर दिखाएँ,,Pending,,New shared catalog copy; native-speaker review required.
Show as,Show as,इस रूप में दिखाएँ,,Pending,,New shared catalog copy; native-speaker review required.
Show columns,Show columns,कॉलम दिखाएँ,,Pending,,New shared catalog copy; native-speaker review required.
Show everyone's reports,Show everyone's reports,सभी की रिपोर्ट दिखाएँ,,Pending,,New shared catalog copy; native-speaker review required.
Show terms,Show terms,टर्म दिखाएँ,,Pending,,New shared catalog copy; native-speaker review required.
Shown,Shown,दिखाया गया,,Pending,,New shared catalog copy; native-speaker review required.
"Shown on invoices, letters and the login page.","Shown on invoices, letters and the login page.","चालान, पत्रों और लॉगिन पेज पर दिखाया जाता है।",,Pending,,New shared catalog copy; native-speaker review required.
Shown on the teacher profile visible to parents,Shown on the teacher profile visible to parents,अभिभावकों को दिखाई देने वाली शिक्षक प्रोफ़ाइल पर दिखाया गया,,Pending,,New shared catalog copy; native-speaker review required.
"Shown, in order","Shown, in order",क्रम में दिखाया गया,,Pending,,New shared catalog copy; native-speaker review required.
Shuffle question order,Shuffle question order,प्रश्नों का क्रम शफ़ल करें,,Pending,,New shared catalog copy; native-speaker review required.
Sibling discount of,Sibling discount of,भाई-बहन छूट,,Pending,,New shared catalog copy; native-speaker review required.
Sign-in is handled by this application. Reports uses the account you are already signed in with.,Sign-in is handled by this application. Reports uses the account you are already signed in with.,साइन-इन इस एप्लिकेशन द्वारा संभाला जाता है। रिपोर्ट्स उस खाते का उपयोग करती हैं जिससे आप पहले से साइन इन हैं।,,Pending,,New shared catalog copy; native-speaker review required.
Simulates an incoming email and runs the real processing. Replies appear in the email outbox.,Simulates an incoming email and runs the real processing. Replies appear in the email outbox.,एक आने वाले ईमेल का अनुकरण करता है और वास्तविक प्रोसेसिंग चलाता है। उत्तर ईमेल आउटबॉक्स में दिखाई देते हैं।,,Pending,,New shared catalog copy; native-speaker review required.
Size,Size,आकार,,Pending,,New shared catalog copy; native-speaker review required.
Small,Small,छोटा,,Pending,,New shared catalog copy; native-speaker review required.
Small office expenses paid in cash,Small office expenses paid in cash,नकद में भुगतान किए गए छोटे कार्यालय व्यय,,Pending,,New shared catalog copy; native-speaker review required.
Smallest first,Smallest first,सबसे छोटा पहले,,Pending,,New shared catalog copy; native-speaker review required.
Some marks are out of range,Some marks are out of range,कुछ अंक सीमा से बाहर हैं,,Pending,,New shared catalog copy; native-speaker review required.
Sort by,Sort by,क्रमबद्ध करें,,Pending,,New shared catalog copy; native-speaker review required.
Specialisation,Specialisation,विशेषज्ञता,,Pending,,New shared catalog copy; native-speaker review required.
Speciality,Speciality,विशेषता,,Pending,,New shared catalog copy; native-speaker review required.
Staff record preview,Staff record preview,स्टाफ रिकॉर्ड पूर्वावलोकन,,Pending,,New shared catalog copy; native-speaker review required.
Stage,Stage,चरण,,Pending,,New shared catalog copy; native-speaker review required.
Standard reports,Standard reports,मानक रिपोर्ट,,Pending,,New shared catalog copy; native-speaker review required.
Star a report in the library to pin it here.,Star a report in the library to pin it here.,इसे यहाँ पिन करने के लिए लाइब्रेरी में किसी रिपोर्ट को स्टार करें।,,Pending,,New shared catalog copy; native-speaker review required.
Start,Start,शुरू करें,,Pending,,New shared catalog copy; native-speaker review required.
Start a live class,Start a live class,लाइव क्लास शुरू करें,,Pending,,New shared catalog copy; native-speaker review required.
"Start from a dataset such as revenue, claims or admissions. You can preview results before saving.","Start from a dataset such as revenue, claims or admissions. You can preview results before saving.","राजस्व, दावों या प्रवेश जैसे डेटासेट से शुरू करें। सहेजने से पहले आप परिणामों का पूर्वावलोकन कर सकते हैं।",,Pending,,New shared catalog copy; native-speaker review required.
Start instant class,Start instant class,तत्काल क्लास शुरू करें,,Pending,,New shared catalog copy; native-speaker review required.
Start new run,Start new run,नया रन शुरू करें,,Pending,,New shared catalog copy; native-speaker review required.
Start now,Start now,अभी शुरू करें,,Pending,,New shared catalog copy; native-speaker review required.
Start preview,Start preview,पूर्वावलोकन शुरू करें,,Pending,,New shared catalog copy; native-speaker review required.
Start quiz,Start quiz,क्विज़ शुरू करें,,Pending,,New shared catalog copy; native-speaker review required.
Start reviewing,Start reviewing,समीक्षा शुरू करें,,Pending,,New shared catalog copy; native-speaker review required.
Start run,Start run,रन शुरू करें,,Pending,,New shared catalog copy; native-speaker review required.
Start session,Start session,सत्र शुरू करें,,Pending,,New shared catalog copy; native-speaker review required.
Start time,Start time,प्रारंभ समय,,Pending,,New shared catalog copy; native-speaker review required.
Starts,Starts,शुरू होता है,,Pending,,New shared catalog copy; native-speaker review required.
State / province,State / province,राज्य / प्रांत,,Pending,,New shared catalog copy; native-speaker review required.
State master,State master,राज्य मास्टर,,Pending,,New shared catalog copy; native-speaker review required.
"States and provinces, grouped by country","States and provinces, grouped by country","राज्य और प्रांत, देश के अनुसार समूहीकृत",,Pending,,New shared catalog copy; native-speaker review required.
Status changed to {value0},Status changed to {value0},स्थिति बदलकर {value0} की गई,,Pending,,New shared catalog copy; native-speaker review required.
Steps,Steps,चरण,,Pending,,New shared catalog copy; native-speaker review required.
Stock by category,Stock by category,श्रेणी के अनुसार स्टॉक,,Pending,,New shared catalog copy; native-speaker review required.
Stock health alerts.,Stock health alerts.,स्टॉक स्वास्थ्य अलर्ट।,,Pending,,New shared catalog copy; native-speaker review required.
Stock position,Stock position,स्टॉक स्थिति,,Pending,,New shared catalog copy; native-speaker review required.
Stock summary,Stock summary,स्टॉक सारांश,,Pending,,New shared catalog copy; native-speaker review required.
Stock value,Stock value,स्टॉक मूल्य,,Pending,,New shared catalog copy; native-speaker review required.
Stop rec,Stop rec,रिकॉर्डिंग बंद करें,,Pending,,New shared catalog copy; native-speaker review required.
Stop sharing,Stop sharing,साझा करना बंद करें,,Pending,,New shared catalog copy; native-speaker review required.
Store,Store,स्टोर,,Pending,,New shared catalog copy; native-speaker review required.
Stream,Stream,स्ट्रीम,,Pending,,New shared catalog copy; native-speaker review required.
Street,Street,सड़क,,Pending,,New shared catalog copy; native-speaker review required.
Street address,Street address,सड़क का पता,,Pending,,New shared catalog copy; native-speaker review required.
Stroke {value0},Stroke {value0},स्ट्रोक {value0},,Pending,,New shared catalog copy; native-speaker review required.
Structure,Structure,संरचना,,Pending,,New shared catalog copy; native-speaker review required.
Student,Student,छात्र,,Pending,,New shared catalog copy; native-speaker review required.
Student email,Student email,छात्र ईमेल,,Pending,,New shared catalog copy; native-speaker review required.
Student master,Student master,छात्र मास्टर,,Pending,,New shared catalog copy; native-speaker review required.
Student phone,Student phone,छात्र फ़ोन,,Pending,,New shared catalog copy; native-speaker review required.
Student register,Student register,छात्र रजिस्टर,,Pending,,New shared catalog copy; native-speaker review required.
Student registration,Student registration,छात्र पंजीकरण,,Pending,,New shared catalog copy; native-speaker review required.
Students,Students,छात्र,,Pending,,New shared catalog copy; native-speaker review required.
Students and parents see it on their date sheet immediately,Students and parents see it on their date sheet immediately,छात्र और अभिभावक इसे अपनी डेट शीट पर तुरंत देखते हैं,,Pending,,New shared catalog copy; native-speaker review required.
Students are notified when it is published,Students are notified when it is published,प्रकाशित होने पर छात्रों को सूचित किया जाता है,,Pending,,New shared catalog copy; native-speaker review required.
Students per grade,Students per grade,प्रति ग्रेड छात्र,,Pending,,New shared catalog copy; native-speaker review required.
"Students, guardians, fees and attendance","Students, guardians, fees and attendance","छात्र, अभिभावक, शुल्क और उपस्थिति",,Pending,,New shared catalog copy; native-speaker review required.
Subject,Subject,विषय,,Pending,,New shared catalog copy; native-speaker review required.
Subject name,Subject name,विषय का नाम,,Pending,,New shared catalog copy; native-speaker review required.
Subjects,Subjects,विषय,,Pending,,New shared catalog copy; native-speaker review required.
Subjects & teachers,Subjects & teachers,विषय और शिक्षक,,Pending,,New shared catalog copy; native-speaker review required.
Subjects offered,Subjects offered,प्रस्तावित विषय,,Pending,,New shared catalog copy; native-speaker review required.
Subjects qualified to teach,Subjects qualified to teach,पढ़ाने के लिए योग्य विषय,,Pending,,New shared catalog copy; native-speaker review required.
Submission rate,Submission rate,सबमिशन दर,,Pending,,New shared catalog copy; native-speaker review required.
Submit,Submit,सबमिट करें,,Pending,,New shared catalog copy; native-speaker review required.
Submit now,Submit now,अभी सबमिट करें,,Pending,,New shared catalog copy; native-speaker review required.
Submit quiz?,Submit quiz?,क्विज़ सबमिट करें?,,Pending,,New shared catalog copy; native-speaker review required.
Submit request,Submit request,अनुरोध सबमिट करें,,Pending,,New shared catalog copy; native-speaker review required.
Submit: {value0},Submit: {value0},जमा करें: {value0},,Pending,,New shared catalog copy; native-speaker review required.
Submitted,Submitted,सबमिट किया गया,,Pending,,New shared catalog copy; native-speaker review required.
Submitted {value0},Submitted {value0},जमा किया गया {value0},,Pending,,New shared catalog copy; native-speaker review required.
"Submitted, approved and denied claims with denial rate and value.","Submitted, approved and denied claims with denial rate and value.","सबमिट, स्वीकृत और अस्वीकृत दावे, अस्वीकृति दर और मूल्य के साथ।",,Pending,,New shared catalog copy; native-speaker review required.
Submitting your answers…,Submitting your answers…,आपके उत्तर सबमिट हो रहे हैं…,,Pending,,New shared catalog copy; native-speaker review required.
Summary: grouped totals,Summary: grouped totals,सारांश: समूहीकृत कुल योग,,Pending,,New shared catalog copy; native-speaker review required.
Superset and Metabase: load the JSON endpoint into your warehouse on a schedule and model it there.,Superset and Metabase: load the JSON endpoint into your warehouse on a schedule and model it there.,Superset और Metabase: JSON एंडपॉइंट को शेड्यूल पर अपने वेयरहाउस में लोड करें और वहाँ मॉडल करें।,,Pending,,New shared catalog copy; native-speaker review required.
Supplier master,Supplier master,आपूर्तिकर्ता मास्टर,,Pending,,New shared catalog copy; native-speaker review required.
Support tickets,Support tickets,सहायता टिकट,,Pending,,New shared catalog copy; native-speaker review required.
Symbol,Symbol,प्रतीक,,Pending,,New shared catalog copy; native-speaker review required.
"Synthetic, deterministic data for ten years across four branches. Not real business data.","Synthetic, deterministic data for ten years across four branches. Not real business data.","चार शाखाओं में दस वर्षों के लिए कृत्रिम, निर्धारक डेटा। वास्तविक व्यावसायिक डेटा नहीं।",,Pending,,New shared catalog copy; native-speaker review required.
"Tableau, Power BI, Superset, Qlik and Excel can read report data over HTTPS.","Tableau, Power BI, Superset, Qlik and Excel can read report data over HTTPS.","Tableau, Power BI, Superset, Qlik और Excel HTTPS पर रिपोर्ट डेटा पढ़ सकते हैं।",,Pending,,New shared catalog copy; native-speaker review required.
Tableau: use the Web Data Connector or a scheduled extract script that saves the CSV URL.,Tableau: use the Web Data Connector or a scheduled extract script that saves the CSV URL.,Tableau: वेब डेटा कनेक्टर का उपयोग करें या एक शेड्यूल्ड एक्सट्रैक्ट स्क्रिप्ट जो CSV URL सहेजती है।,,Pending,,New shared catalog copy; native-speaker review required.
Take attendance,Take attendance,उपस्थिति लें,,Pending,,New shared catalog copy; native-speaker review required.
Target,Target,लक्ष्य,,Pending,,New shared catalog copy; native-speaker review required.
Target and actual net revenue by service line with variance.,Target and actual net revenue by service line with variance.,"सेवा लाइन के अनुसार लक्ष्य और वास्तविक शुद्ध राजस्व, विचलन सहित।",,Pending,,New shared catalog copy; native-speaker review required.
Target margin,Target margin,लक्ष्य मार्जिन,,Pending,,New shared catalog copy; native-speaker review required.
Tax ID,Tax ID,कर आईडी,,Pending,,New shared catalog copy; native-speaker review required.
Tax codes with effective dates,Tax codes with effective dates,प्रभावी तिथियों के साथ कर कोड,,Pending,,New shared catalog copy; native-speaker review required.
Tax invoice,Tax invoice,कर चालान,,Pending,,New shared catalog copy; native-speaker review required.
Tax rates,Tax rates,कर दरें,,Pending,,New shared catalog copy; native-speaker review required.
Tax reg.,Tax reg.,कर पंजीकरण,,Pending,,New shared catalog copy; native-speaker review required.
Tax region code,Tax region code,कर क्षेत्र कोड,,Pending,,New shared catalog copy; native-speaker review required.
Tax registration no.,Tax registration no.,कर पंजीकरण संख्या,,Pending,,New shared catalog copy; native-speaker review required.
"Teach live, set work, take attendance and enter marks.","Teach live, set work, take attendance and enter marks.","लाइव पढ़ाएँ, काम सेट करें, उपस्थिति लें और अंक दर्ज करें।",,Pending,,New shared catalog copy; native-speaker review required.
Teacher,Teacher,शिक्षक,,Pending,,New shared catalog copy; native-speaker review required.
Teacher registration,Teacher registration,शिक्षक पंजीकरण,,Pending,,New shared catalog copy; native-speaker review required.
Teacher workload,Teacher workload,शिक्षक कार्यभार,,Pending,,New shared catalog copy; native-speaker review required.
Teachers,Teachers,शिक्षक,,Pending,,New shared catalog copy; native-speaker review required.
Teaching,Teaching,शिक्षण,,Pending,,New shared catalog copy; native-speaker review required.
Teaching staff,Teaching staff,शिक्षण स्टाफ,,Pending,,New shared catalog copy; native-speaker review required.
Technician,Technician,तकनीशियन,,Pending,,New shared catalog copy; native-speaker review required.
Tell approvers when something needs them.,Tell approvers when something needs them.,जब किसी चीज़ को उनकी आवश्यकता हो तो अनुमोदकों को बताएँ।,,Pending,,New shared catalog copy; native-speaker review required.
Term,Term,टर्म,,Pending,,New shared catalog copy; native-speaker review required.
Term 1,Term 1,टर्म 1,,Pending,,New shared catalog copy; native-speaker review required.
Term 2,Term 2,टर्म 2,,Pending,,New shared catalog copy; native-speaker review required.
Term scores by subject,Term scores by subject,विषय के अनुसार टर्म स्कोर,,Pending,,New shared catalog copy; native-speaker review required.
Terms,Terms,टर्म,,Pending,,New shared catalog copy; native-speaker review required.
Test,Test,परीक्षण,,Pending,,New shared catalog copy; native-speaker review required.
Test group,Test group,जांच समूह,,Pending,,New shared catalog copy; native-speaker review required.
"Tests, samples, turnaround and pricing","Tests, samples, turnaround and pricing","परीक्षण, नमूने, टर्नअराउंड और मूल्य निर्धारण",,Pending,,New shared catalog copy; native-speaker review required.
Text,Text,टेक्स्ट,,Pending,,New shared catalog copy; native-speaker review required.
Text to place on the board,Text to place on the board,बोर्ड पर रखने के लिए टेक्स्ट,,Pending,,New shared catalog copy; native-speaker review required.
Thank you!,Thank you!,धन्यवाद!,,Pending,,New shared catalog copy; native-speaker review required.
That page needs a permission your role does not have.,That page needs a permission your role does not have.,उस पेज के लिए एक अनुमति चाहिए जो आपकी भूमिका के पास नहीं है।,,Pending,,New shared catalog copy; native-speaker review required.
The end date is before the start date,The end date is before the start date,समाप्ति तिथि प्रारंभ तिथि से पहले है,,Pending,,New shared catalog copy; native-speaker review required.
The file is emailed when it is ready.,The file is emailed when it is ready.,तैयार होने पर फ़ाइल ईमेल की जाती है।,,Pending,,New shared catalog copy; native-speaker review required.
"The link may be old, or the item may have been deleted or not shared with your role.","The link may be old, or the item may have been deleted or not shared with your role.","लिंक पुराना हो सकता है, या आइटम हटाया गया हो सकता है या आपकी भूमिका के साथ साझा नहीं किया गया हो।",,Pending,,New shared catalog copy; native-speaker review required.
The report total for the period.,The report total for the period.,अवधि के लिए रिपोर्ट का कुल योग।,,Pending,,New shared catalog copy; native-speaker review required.
The run log appears here once you start.,The run log appears here once you start.,शुरू करने पर रन लॉग यहाँ दिखाई देता है।,,Pending,,New shared catalog copy; native-speaker review required.
"The same rules apply on screen, in exports, schedules, email requests and the API.","The same rules apply on screen, in exports, schedules, email requests and the API.","स्क्रीन पर, एक्सपोर्ट, शेड्यूल, ईमेल अनुरोध और API में समान नियम लागू होते हैं।",,Pending,,New shared catalog copy; native-speaker review required.
The timer starts when you press Start and the quiz submits automatically when it reaches zero.,The timer starts when you press Start and the quiz submits automatically when it reaches zero.,जब आप स्टार्ट दबाते हैं तो टाइमर शुरू होता है और शून्य पर पहुँचने पर क्विज़ स्वतः सबमिट हो जाता है।,,Pending,,New shared catalog copy; native-speaker review required.
The {value0} portal doesn't include this page. Go back to your dashboard.,The {value0} portal doesn't include this page. Go back to your dashboard.,{value0} पोर्टल में यह पृष्ठ शामिल नहीं है। अपने डैशबोर्ड पर वापस जाएं।,,Pending,,New shared catalog copy; native-speaker review required.
"These reports set their own on-screen limits, usually because they return one row per record.","These reports set their own on-screen limits, usually because they return one row per record.","ये रिपोर्ट अपनी स्वयं की ऑन-स्क्रीन सीमाएँ निर्धारित करती हैं, आमतौर पर क्योंकि वे प्रति रिकॉर्ड एक पंक्ति लौटाती हैं।",,Pending,,New shared catalog copy; native-speaker review required.
This area isn't part of your portal,This area isn't part of your portal,यह क्षेत्र आपके पोर्टल का हिस्सा नहीं है,,Pending,,New shared catalog copy; native-speaker review required.
This device · {value0},This device · {value0},यह डिवाइस · {value0},,Pending,,New shared catalog copy; native-speaker review required.
This is a computer-generated invoice.,This is a computer-generated invoice.,यह एक कंप्यूटर-जनित चालान है।,,Pending,,New shared catalog copy; native-speaker review required.
This page could not load,This page could not load,यह पेज लोड नहीं हो सका,,Pending,,New shared catalog copy; native-speaker review required.
This page does not exist,This page does not exist,यह पेज मौजूद नहीं है,,Pending,,New shared catalog copy; native-speaker review required.
This page does not exist or you cannot open it,This page does not exist or you cannot open it,यह पेज मौजूद नहीं है या आप इसे नहीं खोल सकते,,Pending,,New shared catalog copy; native-speaker review required.
This quiz has no questions,This quiz has no questions,इस क्विज़ में कोई प्रश्न नहीं है,,Pending,,New shared catalog copy; native-speaker review required.
This record page does not exist,This record page does not exist,यह रिकॉर्ड पेज मौजूद नहीं है,,Pending,,New shared catalog copy; native-speaker review required.
This removes the selected records from the list. Linked documents keep their copy of the data.,This removes the selected records from the list. Linked documents keep their copy of the data.,यह चयनित रिकॉर्ड को सूची से हटा देता है। लिंक किए गए दस्तावेज़ अपनी डेटा की प्रति बनाए रखते हैं।,,Pending,,New shared catalog copy; native-speaker review required.
This report has no chart. Show it as a table instead.,This report has no chart. Show it as a table instead.,इस रिपोर्ट में कोई चार्ट नहीं है। इसके बजाय इसे तालिका के रूप में दिखाएं।,,Pending,,New shared catalog copy; native-speaker review required.
This request is too large to show on screen,This request is too large to show on screen,यह अनुरोध स्क्रीन पर दिखाने के लिए बहुत बड़ा है,,Pending,,New shared catalog copy; native-speaker review required.
This school page does not exist.,This school page does not exist.,यह स्कूल पेज मौजूद नहीं है।,,Pending,,New shared catalog copy; native-speaker review required.
This session has ended.,This session has ended.,यह सत्र समाप्त हो गया है।,,Pending,,New shared catalog copy; native-speaker review required.
Thousands,Thousands,हज़ारों,,Pending,,New shared catalog copy; native-speaker review required.
Tick the actions this role may take on each report. Removing View removes everything else. Branch limits are set per user.,Tick the actions this role may take on each report. Removing View removes everything else. Branch limits are set per user.,"इस भूमिका को हर रिपोर्ट पर जो कार्रवाइयां करने की अनुमति है, उन्हें चुनें। ""देखें"" हटाने से बाकी सब कुछ हट जाता है। शाखा सीमाएं प्रत्येक उपयोगकर्ता के अनुसार सेट की जाती हैं।",,Pending,,New shared catalog copy; native-speaker review required.
Time limit,Time limit,समय सीमा,,Pending,,New shared catalog copy; native-speaker review required.
Time taken,Time taken,लिया गया समय,,Pending,,New shared catalog copy; native-speaker review required.
Times shown in {zone},Times shown in {zone},समय {zone} में दिखाया गया,,Pending,,New shared catalog copy; native-speaker review required.
Timesheets,Timesheets,टाइमशीट,,Pending,,New shared catalog copy; native-speaker review required.
Timetable,Timetable,समय सारणी,,Pending,,New shared catalog copy; native-speaker review required.
Tip: press Ctrl + S to save.,Tip: press Ctrl + S to save.,सुझाव: सहेजने के लिए Ctrl + S दबाएं।,,Pending,,New shared catalog copy; native-speaker review required.
Title,Title,शीर्षक,,Pending,,New shared catalog copy; native-speaker review required.
Title (optional),Title (optional),शीर्षक (वैकल्पिक),,Pending,,New shared catalog copy; native-speaker review required.
"Title, author or ISBN","Title, author or ISBN","शीर्षक, लेखक या ISBN",,Pending,,New shared catalog copy; native-speaker review required.
Titles,Titles,शीर्षक,,Pending,,New shared catalog copy; native-speaker review required.
To,To,तक,,Pending,,New shared catalog copy; native-speaker review required.
To do,To do,करने के लिए,,Pending,,New shared catalog copy; native-speaker review required.
To grade,To grade,ग्रेड करना है,,Pending,,New shared catalog copy; native-speaker review required.
To {to},To {to},{to} तक,,Pending,,New shared catalog copy; native-speaker review required.
Today,Today,आज,,Pending,,New shared catalog copy; native-speaker review required.
Today is not in this period,Today is not in this period,आज इस अवधि में नहीं है,,Pending,,New shared catalog copy; native-speaker review required.
Toggle camera,Toggle camera,कैमरा टॉगल करें,,Pending,,New shared catalog copy; native-speaker review required.
Toggle grid,Toggle grid,ग्रिड टॉगल करें,,Pending,,New shared catalog copy; native-speaker review required.
Toggle microphone,Toggle microphone,माइक्रोफ़ोन टॉगल करें,,Pending,,New shared catalog copy; native-speaker review required.
Top,Top,शीर्ष,,Pending,,New shared catalog copy; native-speaker review required.
Top performing classes,Top performing classes,सर्वश्रेष्ठ प्रदर्शन करने वाली कक्षाएं,,Pending,,New shared catalog copy; native-speaker review required.
Total credit,Total credit,कुल क्रेडिट,,Pending,,New shared catalog copy; native-speaker review required.
Total debit,Total debit,कुल डेबिट,,Pending,,New shared catalog copy; native-speaker review required.
Total due,Total due,कुल देय,,Pending,,New shared catalog copy; native-speaker review required.
Total fee,Total fee,कुल शुल्क,,Pending,,New shared catalog copy; native-speaker review required.
Total {field},Total {field},कुल {field},,Pending,,New shared catalog copy; native-speaker review required.
Total · % · Rank,Total · % · Rank,कुल · % · रैंक,,Pending,,New shared catalog copy; native-speaker review required.
Transaction or cheque number,Transaction or cheque number,लेनदेन या चेक नंबर,,Pending,,New shared catalog copy; native-speaker review required.
Transfer to,Transfer to,स्थानांतरण करें,,Pending,,New shared catalog copy; native-speaker review required.
Transport,Transport,परिवहन,,Pending,,New shared catalog copy; native-speaker review required.
Trial balance,Trial balance,ट्रायल बैलेंस,,Pending,,New shared catalog copy; native-speaker review required.
"Try a different word, or choose All reports. Reports your role cannot open are not listed.","Try a different word, or choose All reports. Reports your role cannot open are not listed.","कोई अलग शब्द आज़माएं, या सभी रिपोर्ट चुनें। जिन रिपोर्ट को आपकी भूमिका नहीं खोल सकती, वे सूचीबद्ध नहीं हैं।",,Pending,,New shared catalog copy; native-speaker review required.
Try it here,Try it here,इसे यहां आज़माएं,,Pending,,New shared catalog copy; native-speaker review required.
Turn in,Turn in,जमा करें,,Pending,,New shared catalog copy; native-speaker review required.
Turn off to see how a spoofed email is rejected.,Turn off to see how a spoofed email is rejected.,यह देखने के लिए बंद करें कि नकली ईमेल कैसे अस्वीकार किया जाता है।,,Pending,,New shared catalog copy; native-speaker review required.
Turnaround (hrs),Turnaround (hrs),टर्नअराउंड (घंटे),,Pending,,New shared catalog copy; native-speaker review required.
Two-step verification,Two-step verification,दो-चरणीय सत्यापन,,Pending,,New shared catalog copy; native-speaker review required.
Type a name or ID (2+ characters),Type a name or ID (2+ characters),नाम या ID टाइप करें (2+ अक्षर),,Pending,,New shared catalog copy; native-speaker review required.
"Type a report name, category or page","Type a report name, category or page","रिपोर्ट का नाम, श्रेणी या पेज टाइप करें",,Pending,,New shared catalog copy; native-speaker review required.
Type or pick {value0},Type or pick {value0},{value0} टाइप करें या चुनें,,Pending,,New shared catalog copy; native-speaker review required.
Type the question…,Type the question…,प्रश्न टाइप करें…,,Pending,,New shared catalog copy; native-speaker review required.
"Type, Enter to place","Type, Enter to place","टाइप करें, रखने के लिए Enter दबाएं",,Pending,,New shared catalog copy; native-speaker review required.
Under {value0},Under {value0},{value0} के अंतर्गत,,Pending,,New shared catalog copy; native-speaker review required.
Undo,Undo,पूर्ववत करें,,Pending,,New shared catalog copy; native-speaker review required.
Unit,Unit,इकाई,,Pending,,New shared catalog copy; native-speaker review required.
Unit of measure,Unit of measure,मापन इकाई,,Pending,,New shared catalog copy; native-speaker review required.
"Units used on items, orders and stock","Units used on items, orders and stock","वस्तुओं, ऑर्डर और स्टॉक पर उपयोग की जाने वाली इकाइयां",,Pending,,New shared catalog copy; native-speaker review required.
Unknown,Unknown,अज्ञात,,Pending,,New shared catalog copy; native-speaker review required.
Unsaved,Unsaved,सहेजा नहीं गया,,Pending,,New shared catalog copy; native-speaker review required.
Unsaved results,Unsaved results,बिना सहेजे गए परिणाम,,Pending,,New shared catalog copy; native-speaker review required.
Untick “Shown” to make a column optional: people can add it from the Columns button when they need it.,Untick “Shown” to make a column optional: people can add it from the Columns button when they need it.,"कॉलम को वैकल्पिक बनाने के लिए ""दिखाया गया"" को अनचेक करें: लोग जरूरत पड़ने पर इसे कॉलम बटन से जोड़ सकते हैं।",,Pending,,New shared catalog copy; native-speaker review required.
Untitled question,Untitled question,बिना शीर्षक वाला प्रश्न,,Pending,,New shared catalog copy; native-speaker review required.
Up next today,Up next today,आज आगे,,Pending,,New shared catalog copy; native-speaker review required.
Upcoming,Upcoming,आगामी,,Pending,,New shared catalog copy; native-speaker review required.
Upcoming exams,Upcoming exams,आगामी परीक्षाएं,,Pending,,New shared catalog copy; native-speaker review required.
Upcoming schedules,Upcoming schedules,आगामी शेड्यूल,,Pending,,New shared catalog copy; native-speaker review required.
Update password,Update password,पासवर्ड अपडेट करें,,Pending,,New shared catalog copy; native-speaker review required.
Updates as you type,Updates as you type,टाइप करते समय अपडेट होता है,,Pending,,New shared catalog copy; native-speaker review required.
Upload,Upload,अपलोड करें,,Pending,,New shared catalog copy; native-speaker review required.
Uploaded,Uploaded,अपलोड किया गया,,Pending,,New shared catalog copy; native-speaker review required.
Uploading…,Uploading…,अपलोड हो रहा है…,,Pending,,New shared catalog copy; native-speaker review required.
Use in a live class,Use in a live class,लाइव कक्षा में उपयोग करें,,Pending,,New shared catalog copy; native-speaker review required.
Use your work account.,Use your work account.,अपने कार्य खाते का उपयोग करें।,,Pending,,New shared catalog copy; native-speaker review required.
Use “Add line” to start.,Use “Add line” to start.,"शुरू करने के लिए ""पंक्ति जोड़ें"" का उपयोग करें।",,Pending,,New shared catalog copy; native-speaker review required.
Used by API pulls and as the service default. Screens follow each person's page-size preference.,Used by API pulls and as the service default. Screens follow each person's page-size preference.,API पुल और सेवा डिफ़ॉल्ट के रूप में उपयोग किया जाता है। स्क्रीन हर व्यक्ति की पेज-साइज़ प्राथमिकता का पालन करती हैं।,,Pending,,New shared catalog copy; native-speaker review required.
Used to resolve periods such as yesterday.,Used to resolve periods such as yesterday.,"""कल"" जैसी अवधियों को हल करने के लिए उपयोग किया जाता है।",,Pending,,New shared catalog copy; native-speaker review required.
Used when a document does not specify its own.,Used when a document does not specify its own.,तब उपयोग किया जाता है जब कोई दस्तावेज़ अपना स्वयं का निर्दिष्ट नहीं करता।,,Pending,,New shared catalog copy; native-speaker review required.
Users,Users,उपयोगकर्ता,,Pending,,New shared catalog copy; native-speaker review required.
Uses the current columns and filters. The period moves with each run.,Uses the current columns and filters. The period moves with each run.,वर्तमान कॉलम और फ़िल्टर का उपयोग करता है। हर रन के साथ अवधि आगे बढ़ती है।,,Pending,,New shared catalog copy; native-speaker review required.
Valid on,Valid on,मान्य है,,Pending,,New shared catalog copy; native-speaker review required.
Validity,Validity,वैधता,,Pending,,New shared catalog copy; native-speaker review required.
Value,Value,मान,,Pending,,New shared catalog copy; native-speaker review required.
"Value of stock expiring within 30 days, by branch and category.","Value of stock expiring within 30 days, by branch and category.","शाखा और श्रेणी के अनुसार, 30 दिनों के भीतर समाप्त होने वाले स्टॉक का मूल्य।",,Pending,,New shared catalog copy; native-speaker review required.
Values,Values,मान,,Pending,,New shared catalog copy; native-speaker review required.
Variance %,Variance %,विचलन %,,Pending,,New shared catalog copy; native-speaker review required.
Vehicle,Vehicle,वाहन,,Pending,,New shared catalog copy; native-speaker review required.
Vehicle master,Vehicle master,वाहन मास्टर,,Pending,,New shared catalog copy; native-speaker review required.
"Vendors, ratings, lead times and bank details","Vendors, ratings, lead times and bank details","विक्रेता, रेटिंग, लीड टाइम और बैंक विवरण",,Pending,,New shared catalog copy; native-speaker review required.
Verified,Verified,सत्यापित,,Pending,,New shared catalog copy; native-speaker review required.
View and manage data sources,View and manage data sources,डेटा स्रोत देखें और प्रबंधित करें,,Pending,,New shared catalog copy; native-speaker review required.
View audit log and outbox,View audit log and outbox,ऑडिट लॉग और आउटबॉक्स देखें,,Pending,,New shared catalog copy; native-speaker review required.
View results,View results,परिणाम देखें,,Pending,,New shared catalog copy; native-speaker review required.
View saved,View saved,सहेजे गए देखें,,Pending,,New shared catalog copy; native-speaker review required.
View saved for the {role} role.,View saved for the {role} role.,{role} भूमिका के लिए दृश्य सहेजा गया।,,Pending,,New shared catalog copy; native-speaker review required.
Viewers only see widgets for reports their own role can open.,Viewers only see widgets for reports their own role can open.,दर्शकों को केवल उन रिपोर्ट के विजेट दिखते हैं जिन्हें उनकी अपनी भूमिका खोल सकती है।,,Pending,,New shared catalog copy; native-speaker review required.
Views,Views,दृश्य,,Pending,,New shared catalog copy; native-speaker review required.
Visibility,Visibility,दृश्यता,,Pending,,New shared catalog copy; native-speaker review required.
Visible to,Visible to,दृश्य है,,Pending,,New shared catalog copy; native-speaker review required.
"Visible to colleagues and, for teachers, to parents of your students","Visible to colleagues and, for teachers, to parents of your students","सहकर्मियों को दिखाई देता है, और शिक्षकों के लिए, आपके छात्रों के अभिभावकों को",,Pending,,New shared catalog copy; native-speaker review required.
Visible to finance only,Visible to finance only,केवल वित्त को दिखाई देता है,,Pending,,New shared catalog copy; native-speaker review required.
Visit type,Visit type,विज़िट प्रकार,,Pending,,New shared catalog copy; native-speaker review required.
Waiting,Waiting,प्रतीक्षारत,,Pending,,New shared catalog copy; native-speaker review required.
Waiting for grading,Waiting for grading,ग्रेडिंग की प्रतीक्षा में,,Pending,,New shared catalog copy; native-speaker review required.
Waiting now,Waiting now,अभी प्रतीक्षा में,,Pending,,New shared catalog copy; native-speaker review required.
Waiting on me,Waiting on me,मेरी प्रतीक्षा में,,Pending,,New shared catalog copy; native-speaker review required.
Waiting on you{value0},Waiting on you{value0},आपकी प्रतीक्षा में{value0},,Pending,,New shared catalog copy; native-speaker review required.
Waiting time by department,Waiting time by department,विभाग के अनुसार प्रतीक्षा समय,,Pending,,New shared catalog copy; native-speaker review required.
Waiting to be graded,Waiting to be graded,ग्रेड किए जाने की प्रतीक्षा में,,Pending,,New shared catalog copy; native-speaker review required.
Website,Website,वेबसाइट,,Pending,,New shared catalog copy; native-speaker review required.
Week starts on,Week starts on,सप्ताह शुरू होता है,,Pending,,New shared catalog copy; native-speaker review required.
Weekly load,Weekly load,साप्ताहिक भार,,Pending,,New shared catalog copy; native-speaker review required.
Weekly stock digest,Weekly stock digest,साप्ताहिक स्टॉक सारांश,,Pending,,New shared catalog copy; native-speaker review required.
Weekly timetable,Weekly timetable,साप्ताहिक समय सारणी,,Pending,,New shared catalog copy; native-speaker review required.
"Welcome back, {value0}","Welcome back, {value0}","वापसी पर स्वागत है, {value0}",,Pending,,New shared catalog copy; native-speaker review required.
"What should students do? Mention the textbook pages, format and how it will be marked.","What should students do? Mention the textbook pages, format and how it will be marked.","छात्रों को क्या करना चाहिए? पाठ्यपुस्तक के पृष्ठों, प्रारूप और इसे कैसे ग्रेड किया जाएगा, का उल्लेख करें।",,Pending,,New shared catalog copy; native-speaker review required.
"What the report answers, in one sentence.","What the report answers, in one sentence.","रिपोर्ट किस बात का उत्तर देती है, एक वाक्य में।",,Pending,,New shared catalog copy; native-speaker review required.
When,When,कब,,Pending,,New shared catalog copy; native-speaker review required.
"When a period is too long for the screen, choose Run in background on the report. Scheduled and emailed reports also appear here.","When a period is too long for the screen, choose Run in background on the report. Scheduled and emailed reports also appear here.","जब कोई अवधि स्क्रीन के लिए बहुत लंबी हो, तो रिपोर्ट पर ""बैकग्राउंड में चलाएं"" चुनें। शेड्यूल और ईमेल की गई रिपोर्ट भी यहां दिखाई देती हैं।",,Pending,,New shared catalog copy; native-speaker review required.
When it is ready,When it is ready,जब यह तैयार हो,,Pending,,New shared catalog copy; native-speaker review required.
"Where reports read from. Reports only run read-only queries against approved datasets, never against a live transactional database.","Where reports read from. Reports only run read-only queries against approved datasets, never against a live transactional database.","रिपोर्ट कहां से पढ़ती हैं। रिपोर्ट केवल स्वीकृत डेटासेट के विरुद्ध रीड-ओनली क्वेरी चलाती हैं, कभी भी लाइव ट्रांजैक्शनल डेटाबेस के विरुद्ध नहीं।",,Pending,,New shared catalog copy; native-speaker review required.
Whiteboard,Whiteboard,व्हाइटबोर्ड,,Pending,,New shared catalog copy; native-speaker review required.
Whiteboard tools,Whiteboard tools,व्हाइटबोर्ड उपकरण,,Pending,,New shared catalog copy; native-speaker review required.
Who,Who,कौन,,Pending,,New shared catalog copy; native-speaker review required.
Who can sign in and what they can do,Who can sign in and what they can do,कौन साइन इन कर सकता है और वे क्या कर सकते हैं,,Pending,,New shared catalog copy; native-speaker review required.
Who can use it,Who can use it,कौन इसका उपयोग कर सकता है,,Pending,,New shared catalog copy; native-speaker review required.
Who is this view for?,Who is this view for?,यह दृश्य किसके लिए है?,,Pending,,New shared catalog copy; native-speaker review required.
"Who ran, exported, emailed, scheduled or changed what. The newest 500 matching entries are shown.","Who ran, exported, emailed, scheduled or changed what. The newest 500 matching entries are shown.","किसने क्या चलाया, निर्यात किया, ईमेल किया, शेड्यूल किया या बदला। सबसे नई 500 मिलान प्रविष्टियां दिखाई गई हैं।",,Pending,,New shared catalog copy; native-speaker review required.
Why is this the right answer?,Why is this the right answer?,यह सही उत्तर क्यों है?,,Pending,,New shared catalog copy; native-speaker review required.
Why this entry is being made,Why this entry is being made,यह प्रविष्टि क्यों की जा रही है,,Pending,,New shared catalog copy; native-speaker review required.
Widget size,Widget size,विजेट का आकार,,Pending,,New shared catalog copy; native-speaker review required.
Widget title,Widget title,विजेट शीर्षक,,Pending,,New shared catalog copy; native-speaker review required.
Widgets use the dashboard period and each viewer's own access.,Widgets use the dashboard period and each viewer's own access.,विजेट डैशबोर्ड अवधि और प्रत्येक दर्शक की अपनी पहुंच का उपयोग करते हैं।,,Pending,,New shared catalog copy; native-speaker review required.
Withdraw,Withdraw,निकासी,,Pending,,New shared catalog copy; native-speaker review required.
Withdrawn,Withdrawn,वापस लिया गया,,Pending,,New shared catalog copy; native-speaker review required.
Work email,Work email,कार्य ईमेल,,Pending,,New shared catalog copy; native-speaker review required.
Working shifts and grace periods,Working shifts and grace periods,कार्य शिफ्ट और छूट अवधि,,Pending,,New shared catalog copy; native-speaker review required.
"Write a message — Enter to send, Shift+Enter for a new line","Write a message — Enter to send, Shift+Enter for a new line","संदेश लिखें — भेजने के लिए Enter, नई लाइन के लिए Shift+Enter",,Pending,,New shared catalog copy; native-speaker review required.
Write an update or reply to the customer,Write an update or reply to the customer,ग्राहक के लिए अपडेट या जवाब लिखें,,Pending,,New shared catalog copy; native-speaker review required.
Year,Year,वर्ष,,Pending,,New shared catalog copy; native-speaker review required.
Yearly net revenue across ten years.,Yearly net revenue across ten years.,दस वर्षों में वार्षिक शुद्ध राजस्व।,,Pending,,New shared catalog copy; native-speaker review required.
Years exp.,Years exp.,वर्षों का अनुभव,,Pending,,New shared catalog copy; native-speaker review required.
Years of experience,Years of experience,अनुभव के वर्ष,,Pending,,New shared catalog copy; native-speaker review required.
Yes,Yes,हां,,Pending,,New shared catalog copy; native-speaker review required.
You,You,आप,,Pending,,New shared catalog copy; native-speaker review required.
You are presenting,You are presenting,आप प्रस्तुत कर रहे हैं,,Pending,,New shared catalog copy; native-speaker review required.
You can edit,You can edit,आप संपादित कर सकते हैं,,Pending,,New shared catalog copy; native-speaker review required.
You can move between questions and flag any you want to revisit.,You can move between questions and flag any you want to revisit.,आप प्रश्नों के बीच आगे-पीछे जा सकते हैं और जिन्हें आप फिर से देखना चाहते हैं उन्हें फ़्लैग कर सकते हैं।,,Pending,,New shared catalog copy; native-speaker review required.
You can't take attendance for a future date.,You can't take attendance for a future date.,आप भविष्य की तिथि के लिए उपस्थिति दर्ज नहीं कर सकते।,,Pending,,New shared catalog copy; native-speaker review required.
You do not have access to that report. Ask an administrator if you need it.,You do not have access to that report. Ask an administrator if you need it.,आपके पास उस रिपोर्ट तक पहुंच नहीं है। यदि आपको इसकी आवश्यकता है तो व्यवस्थापक से पूछें।,,Pending,,New shared catalog copy; native-speaker review required.
You get one attempt. Answers and explanations are shown after you submit.,You get one attempt. Answers and explanations are shown after you submit.,आपको एक प्रयास मिलता है। सबमिट करने के बाद उत्तर और स्पष्टीकरण दिखाए जाते हैं।,,Pending,,New shared catalog copy; native-speaker review required.
You have answered,You have answered,आपने उत्तर दिया है,,Pending,,New shared catalog copy; native-speaker review required.
You haven't borrowed any books yet,You haven't borrowed any books yet,आपने अभी तक कोई किताब उधार नहीं ली है,,Pending,,New shared catalog copy; native-speaker review required.
You're on the waitlist for “{value0}”. We'll notify you when a copy is returned.,You're on the waitlist for “{value0}”. We'll notify you when a copy is returned.,"आप ""{value0}"" के लिए प्रतीक्षा सूची में हैं। जब कोई प्रति वापस की जाएगी तो हम आपको सूचित करेंगे।",,Pending,,New shared catalog copy; native-speaker review required.
You: ,You: ,आप: ,,Pending,,New shared catalog copy; native-speaker review required.
Your API keys,Your API keys,आपकी API कुंजियां,,Pending,,New shared catalog copy; native-speaker review required.
Your access,Your access,आपकी पहुंच,,Pending,,New shared catalog copy; native-speaker review required.
Your access is limited to {branches}. Other branches are never included.,Your access is limited to {branches}. Other branches are never included.,आपकी पहुंच {branches} तक सीमित है। अन्य शाखाएं कभी शामिल नहीं की जातीं।,,Pending,,New shared catalog copy; native-speaker review required.
Your account has no school portal role in this workspace. Ask an administrator to grant one.,Your account has no school portal role in this workspace. Ask an administrator to grant one.,इस वर्कस्पेस में आपके खाते की कोई स्कूल पोर्टल भूमिका नहीं है। किसी व्यवस्थापक से एक प्रदान करने के लिए कहें।,,Pending,,New shared catalog copy; native-speaker review required.
Your answer or notes for the teacher,Your answer or notes for the teacher,शिक्षक के लिए आपका उत्तर या नोट्स,,Pending,,New shared catalog copy; native-speaker review required.
Your answers are not graded yet,Your answers are not graded yet,आपके उत्तर अभी तक जांचे नहीं गए हैं,,Pending,,New shared catalog copy; native-speaker review required.
Your average,Your average,आपका औसत,,Pending,,New shared catalog copy; native-speaker review required.
Your balances,Your balances,आपके शेष,,Pending,,New shared catalog copy; native-speaker review required.
Your branches ({count}),Your branches ({count}),आपकी शाखाएं ({count}),,Pending,,New shared catalog copy; native-speaker review required.
Your classes,Your classes,आपकी कक्षाएं,,Pending,,New shared catalog copy; native-speaker review required.
Your decision,Your decision,आपका निर्णय,,Pending,,New shared catalog copy; native-speaker review required.
Your manager is notified as soon as you submit.,Your manager is notified as soon as you submit.,सबमिट करते ही आपके मैनेजर को सूचित कर दिया जाता है।,,Pending,,New shared catalog copy; native-speaker review required.
Your personal scratch board for working out problems. Pages stay until you leave the page; download a PNG to keep them.,Your personal scratch board for working out problems. Pages stay until you leave the page; download a PNG to keep them.,समस्याएं हल करने के लिए आपका व्यक्तिगत स्क्रैच बोर्ड। पृष्ठ छोड़ने तक पृष्ठ बने रहते हैं; उन्हें सुरक्षित रखने के लिए PNG डाउनलोड करें।,,Pending,,New shared catalog copy; native-speaker review required.
Your result appears when the school has graded them.,Your result appears when the school has graded them.,स्कूल द्वारा जांचे जाने के बाद आपका परिणाम दिखाई देगा।,,Pending,,New shared catalog copy; native-speaker review required.
Your role can view this report on screen but cannot export or email it. Ask an administrator for export access.,Your role can view this report on screen but cannot export or email it. Ask an administrator for export access.,आपकी भूमिका इस रिपोर्ट को स्क्रीन पर देख सकती है लेकिन इसे निर्यात या ईमेल नहीं कर सकती। निर्यात पहुंच के लिए व्यवस्थापक से पूछें।,,Pending,,New shared catalog copy; native-speaker review required.
Your role cannot see this report.,Your role cannot see this report.,आपकी भूमिका यह रिपोर्ट नहीं देख सकती।,,Pending,,New shared catalog copy; native-speaker review required.
Zoom in,Zoom in,ज़ूम इन,,Pending,,New shared catalog copy; native-speaker review required.
Zoom out,Zoom out,ज़ूम आउट,,Pending,,New shared catalog copy; native-speaker review required.
accepted,accepted,स्वीकृत,,Pending,,New shared catalog copy; native-speaker review required.
accounts,accounts,खाते,,Pending,,New shared catalog copy; native-speaker review required.
across all work,across all work,सभी कार्यों में,,Pending,,New shared catalog copy; native-speaker review required.
across {value0} classes,across {value0} classes,{value0} कक्षाओं में,,Pending,,New shared catalog copy; native-speaker review required.
active,active,सक्रिय,,Pending,,New shared catalog copy; native-speaker review required.
added so far,added so far,अब तक जोड़ा गया,,Pending,,New shared catalog copy; native-speaker review required.
afternoon,afternoon,दोपहर,,Pending,,New shared catalog copy; native-speaker review required.
all quizzes,all quizzes,सभी क्विज़,,Pending,,New shared catalog copy; native-speaker review required.
already has a,already has a,पहले से ही है,,Pending,,New shared catalog copy; native-speaker review required.
answer · ← → move · F flag,answer · ← → move · F flag,उत्तर · ← → चलें · F फ्लैग,,Pending,,New shared catalog copy; native-speaker review required.
answers are kept on this screen and nothing was recorded.,answers are kept on this screen and nothing was recorded.,उत्तर इस स्क्रीन पर ही रहते हैं और कुछ भी दर्ज नहीं किया गया।,,Pending,,New shared catalog copy; native-speaker review required.
api.reference.0105edb165d1,This link was sent to someone else.,यह लिंक किसी और को भेजा गया था।,,Pending,,New shared catalog copy; native-speaker review required.
api.reference.04221d714915,Some fields are invalid.,कुछ फ़ील्ड अमान्य हैं।,,Pending,,New shared catalog copy; native-speaker review required.
api.reference.09913558784a,View not found.,व्यू नहीं मिला।,,Pending,,New shared catalog copy; native-speaker review required.
api.reference.110ac91f2097,Application and branch scope are required.,एप्लिकेशन और शाखा स्कोप आवश्यक हैं।,,Pending,,New shared catalog copy; native-speaker review required.
api.reference.11e6070535e1,Your access to reports has been deactivated by an administrator.,रिपोर्ट तक आपकी पहुंच एक प्रशासक द्वारा निष्क्रिय कर दी गई है।,,Pending,,New shared catalog copy; native-speaker review required.
api.reference.120ef9defe2d,No report role is authorized for this account.,इस खाते के लिए कोई रिपोर्ट भूमिका अधिकृत नहीं है।,,Pending,,New shared catalog copy; native-speaker review required.
api.reference.18b3a4fc1227,You cannot delete this view.,आप इस व्यू को हटा नहीं सकते।,,Pending,,New shared catalog copy; native-speaker review required.
api.reference.2fd80b46b037,Unknown role.,अज्ञात भूमिका।,,Pending,,New shared catalog copy; native-speaker review required.
api.reference.328b324cb8fc,Role not found.,भूमिका नहीं मिली।,,Pending,,New shared catalog copy; native-speaker review required.
api.reference.37ac9c2e7879,Administrators always have every action.,प्रशासकों के पास हमेशा हर कार्रवाई होती है।,,Pending,,New shared catalog copy; native-speaker review required.
api.reference.37e691dc514d,Send a valid API key: Authorization: Bearer lmn_…,एक मान्य API कुंजी भेजें: Authorization: Bearer lmn_…,,Pending,,New shared catalog copy; native-speaker review required.
api.reference.3aed24954371,A role with this name already exists.,इस नाम की भूमिका पहले से मौजूद है।,,Pending,,New shared catalog copy; native-speaker review required.
api.reference.3d8a577325bb,This page does not exist or you cannot open it.,यह पेज मौजूद नहीं है या आप इसे खोल नहीं सकते।,,Pending,,New shared catalog copy; native-speaker review required.
api.reference.484d8393d86e,Choose a role.,एक भूमिका चुनें।,,Pending,,New shared catalog copy; native-speaker review required.
api.reference.4c7bbe94277b,Results are available once the job has completed.,परिणाम जॉब पूर्ण होने के बाद उपलब्ध होते हैं।,,Pending,,New shared catalog copy; native-speaker review required.
api.reference.4fbd7c356d7b,A valid cron secret or an administrator session is required.,एक मान्य क्रॉन सीक्रेट या प्रशासक सत्र आवश्यक है।,,Pending,,New shared catalog copy; native-speaker review required.
api.reference.50f5099b95f8,Request body must be JSON.,अनुरोध बॉडी JSON में होनी चाहिए।,,Pending,,New shared catalog copy; native-speaker review required.
api.reference.51023c3264bb,The end date is before the first run.,समाप्ति तिथि पहले रन से पहले की है।,,Pending,,New shared catalog copy; native-speaker review required.
api.reference.51264d9dc9f1,Module is unavailable.,मॉड्यूल उपलब्ध नहीं है।,,Pending,,New shared catalog copy; native-speaker review required.
api.reference.5129ee3ad366,You cannot deactivate yourself or remove your own administrator role.,आप स्वयं को निष्क्रिय नहीं कर सकते या अपनी स्वयं की प्रशासक भूमिका नहीं हटा सकते।,,Pending,,New shared catalog copy; native-speaker review required.
api.reference.54baa9e742f4,Invalid inbound secret.,अमान्य इनबाउंड सीक्रेट।,,Pending,,New shared catalog copy; native-speaker review required.
api.reference.578500fd3584,Only the owner can change this report.,केवल मालिक ही इस रिपोर्ट को बदल सकता है।,,Pending,,New shared catalog copy; native-speaker review required.
api.reference.62433f280eb4,Only administrators can grant the administrator role.,केवल प्रशासक ही प्रशासक भूमिका प्रदान कर सकते हैं।,,Pending,,New shared catalog copy; native-speaker review required.
api.reference.654a56e95f9e,Branch is unavailable.,शाखा उपलब्ध नहीं है।,,Pending,,New shared catalog copy; native-speaker review required.
api.reference.66c75351655e,These results have expired.,इन परिणामों की अवधि समाप्त हो गई है।,,Pending,,New shared catalog copy; native-speaker review required.
api.reference.6a643a39675f,Dashboard not found.,डैशबोर्ड नहीं मिला।,,Pending,,New shared catalog copy; native-speaker review required.
api.reference.6c74a095b31f,Custom report not found.,कस्टम रिपोर्ट नहीं मिली।,,Pending,,New shared catalog copy; native-speaker review required.
api.reference.70c53a1f69ef,Your role cannot share dashboards. Keep it private.,आपकी भूमिका डैशबोर्ड साझा नहीं कर सकती। इसे निजी रखें।,,Pending,,New shared catalog copy; native-speaker review required.
api.reference.73ab7af6e5a6,Sign-in is handled by the host application.,साइन-इन होस्ट एप्लिकेशन द्वारा संभाला जाता है।,,Pending,,New shared catalog copy; native-speaker review required.
api.reference.73c27c81d398,Sign in to continue.,जारी रखने के लिए साइन इन करें।,,Pending,,New shared catalog copy; native-speaker review required.
api.reference.795ebb904a6c,Choose the chart label column.,चार्ट लेबल कॉलम चुनें।,,Pending,,New shared catalog copy; native-speaker review required.
api.reference.818a91268d14,Choose a category.,एक श्रेणी चुनें।,,Pending,,New shared catalog copy; native-speaker review required.
api.reference.82b6f7690551,Choose a dataset.,एक डेटासेट चुनें।,,Pending,,New shared catalog copy; native-speaker review required.
api.reference.86e1d33d28ef,This report does not exist or was deleted.,यह रिपोर्ट मौजूद नहीं है या हटा दी गई है।,,Pending,,New shared catalog copy; native-speaker review required.
api.reference.8a6a599d993c,Key not found.,कुंजी नहीं मिली।,,Pending,,New shared catalog copy; native-speaker review required.
api.reference.8d8cd490f1c7,Remove this role from all users first.,पहले इस भूमिका को सभी उपयोगकर्ताओं से हटाएं।,,Pending,,New shared catalog copy; native-speaker review required.
api.reference.8ef9cb704aa7,Sign-out is handled by the host application.,साइन-आउट होस्ट एप्लिकेशन द्वारा संभाला जाता है।,,Pending,,New shared catalog copy; native-speaker review required.
api.reference.9229c0e59d5c,You do not have access to that report. Ask an administrator if you need it.,उस रिपोर्ट तक आपकी पहुंच नहीं है। यदि आपको इसकी आवश्यकता है तो किसी प्रशासक से पूछें।,,Pending,,New shared catalog copy; native-speaker review required.
api.reference.96e11dc9c31a,Schedule not found.,शेड्यूल नहीं मिला।,,Pending,,New shared catalog copy; native-speaker review required.
api.reference.989171a35c54,Use at most 20 recipients.,अधिकतम 20 प्राप्तकर्ताओं का उपयोग करें।,,Pending,,New shared catalog copy; native-speaker review required.
api.reference.9a699b546915,This download link has expired or is invalid.,इस डाउनलोड लिंक की अवधि समाप्त हो गई है या यह अमान्य है।,,Pending,,New shared catalog copy; native-speaker review required.
api.reference.9bcc2f382ac6,That page needs a permission your role does not have.,उस पेज के लिए एक अनुमति चाहिए जो आपकी भूमिका के पास नहीं है।,,Pending,,New shared catalog copy; native-speaker review required.
api.reference.9e6f9cdff1f7,Your role cannot email this report.,आपकी भूमिका इस रिपोर्ट को ईमेल नहीं कर सकती।,,Pending,,New shared catalog copy; native-speaker review required.
api.reference.9e939349e174,Something went wrong on the server. Check the server log for details.,सर्वर पर कुछ गड़बड़ हो गई। विवरण के लिए सर्वर लॉग जांचें।,,Pending,,New shared catalog copy; native-speaker review required.
api.reference.a9c3e627d425,Job not found.,जॉब नहीं मिली।,,Pending,,New shared catalog copy; native-speaker review required.
api.reference.aa8ca5297863,This file has expired or is not ready yet.,इस फ़ाइल की अवधि समाप्त हो गई है या यह अभी तैयार नहीं है।,,Pending,,New shared catalog copy; native-speaker review required.
api.reference.adf2a52574d8,Your role can build reports but not share them. Save it as private.,आपकी भूमिका रिपोर्ट बना सकती है लेकिन साझा नहीं कर सकती। इसे निजी के रूप में सहेजें।,,Pending,,New shared catalog copy; native-speaker review required.
api.reference.b1eeaec717a9,Report not found.,रिपोर्ट नहीं मिली।,,Pending,,New shared catalog copy; native-speaker review required.
api.reference.bcf21f0899b0,Only administrators can change on-screen limits.,केवल प्रशासक ही स्क्रीन पर सीमाएं बदल सकते हैं।,,Pending,,New shared catalog copy; native-speaker review required.
api.reference.bd2823c463c6,System roles cannot be deleted.,सिस्टम भूमिकाओं को हटाया नहीं जा सकता।,,Pending,,New shared catalog copy; native-speaker review required.
api.reference.c8e95969b429,You do not have access to this report.,इस रिपोर्ट तक आपकी पहुंच नहीं है।,,Pending,,New shared catalog copy; native-speaker review required.
api.reference.cfe4be6a9de8,Unknown branch.,अज्ञात शाखा।,,Pending,,New shared catalog copy; native-speaker review required.
api.reference.d1d559825811,The Administrator role always has every permission.,प्रशासक भूमिका के पास हमेशा हर अनुमति होती है।,,Pending,,New shared catalog copy; native-speaker review required.
api.reference.d59f2215f934,Only the owner can edit this dashboard.,केवल मालिक ही इस डैशबोर्ड को संपादित कर सकता है।,,Pending,,New shared catalog copy; native-speaker review required.
api.reference.dd5f6d225174,Only people who manage access can save views for a whole role.,केवल एक्सेस प्रबंधित करने वाले लोग ही पूरी भूमिका के लिए व्यू सहेज सकते हैं।,,Pending,,New shared catalog copy; native-speaker review required.
api.reference.e197d52fc59e,Only the owner can delete this dashboard.,केवल मालिक ही इस डैशबोर्ड को हटा सकता है।,,Pending,,New shared catalog copy; native-speaker review required.
api.reference.e3ae34604501,Your role does not allow this action.,आपकी भूमिका इस कार्रवाई की अनुमति नहीं देती।,,Pending,,New shared catalog copy; native-speaker review required.
api.reference.e9484b5a38b4,from and to must both be dates like 2025-01-31.,from और to दोनों 2025-01-31 जैसी तारीखें होनी चाहिए।,,Pending,,New shared catalog copy; native-speaker review required.
api.reference.f412be43147c,User not found.,उपयोगकर्ता नहीं मिला।,,Pending,,New shared catalog copy; native-speaker review required.
api.reference.f5226eb5bd0f,Choose at least one chart value column.,चार्ट के लिए कम से कम एक मान कॉलम चुनें।,,Pending,,New shared catalog copy; native-speaker review required.
api.reference.f5e95acd2646,Only queued or running jobs can be cancelled.,केवल कतारबद्ध या चल रही जॉब्स को ही रद्द किया जा सकता है।,,Pending,,New shared catalog copy; native-speaker review required.
api.reference.f734bb67137c,A user with this email already exists.,इस ईमेल वाला उपयोगकर्ता पहले से मौजूद है।,,Pending,,New shared catalog copy; native-speaker review required.
applications,applications,आवेदन,,Pending,,New shared catalog copy; native-speaker review required.
"approve,","approve,","स्वीकृत करें,",,Pending,,New shared catalog copy; native-speaker review required.
approved leave,approved leave,स्वीकृत छुट्टी,,Pending,,New shared catalog copy; native-speaker review required.
arrivals,arrivals,आगमन,,Pending,,New shared catalog copy; native-speaker review required.
at the lowest level,at the lowest level,सबसे निचले स्तर पर,,Pending,,New shared catalog copy; native-speaker review required.
at this time. Pick another slot or,at this time. Pick another slot or,इस समय। कोई दूसरा स्लॉट चुनें या,,Pending,,New shared catalog copy; native-speaker review required.
attempts,attempts,प्रयास,,Pending,,New shared catalog copy; native-speaker review required.
available to replay,available to replay,फिर से चलाने के लिए उपलब्ध,,Pending,,New shared catalog copy; native-speaker review required.
avg,avg,औसत,,Pending,,New shared catalog copy; native-speaker review required.
bank. Students answer on their devices and a leaderboard builds as you go.,bank. Students answer on their devices and a leaderboard builds as you go.,बैंक। छात्र अपने डिवाइस पर उत्तर देते हैं और आगे बढ़ने पर एक लीडरबोर्ड बनता है।,,Pending,,New shared catalog copy; native-speaker review required.
booked,booked,बुक किया गया,,Pending,,New shared catalog copy; native-speaker review required.
by,by,द्वारा,,Pending,,New shared catalog copy; native-speaker review required.
"checked,","checked,","जांचा गया,",,Pending,,New shared catalog copy; native-speaker review required.
close or extend,close or extend,बंद करें या बढ़ाएं,,Pending,,New shared catalog copy; native-speaker review required.
collected,collected,एकत्रित,,Pending,,New shared catalog copy; native-speaker review required.
completed,completed,पूर्ण,,Pending,,New shared catalog copy; native-speaker review required.
computed,computed,गणना की गई,,Pending,,New shared catalog copy; native-speaker review required.
conversion,conversion,रूपांतरण,,Pending,,New shared catalog copy; native-speaker review required.
copies on shelf,copies on shelf,शेल्फ पर प्रतियां,,Pending,,New shared catalog copy; native-speaker review required.
copy,copy,प्रतिलिपि,,Pending,,New shared catalog copy; native-speaker review required.
correct,correct,सही,,Pending,,New shared catalog copy; native-speaker review required.
cover arranged,cover arranged,कवर व्यवस्थित किया गया,,Pending,,New shared catalog copy; native-speaker review required.
"created {created}, last used {used}","created {created}, last used {used}","{created} को बनाया गया, अंतिम बार {used} को उपयोग किया गया",,Pending,,New shared catalog copy; native-speaker review required.
"curl -H ""Authorization: Bearer lmn_…"" \
  {value0}/api/v1/reports","curl -H ""Authorization: Bearer lmn_…"" \
  {value0}/api/v1/reports","curl -H ""Authorization: Bearer lmn_…"" \
  {value0}/api/v1/reports",,Pending,,New shared catalog copy; native-speaker review required.
currency,currency,मुद्रा,,Pending,,New shared catalog copy; native-speaker review required.
d,d,दिन,,Pending,,New shared catalog copy; native-speaker review required.
days to go,days to go,दिन शेष,,Pending,,New shared catalog copy; native-speaker review required.
days.,days.,दिन।,,Pending,,New shared catalog copy; native-speaker review required.
default,default,डिफ़ॉल्ट,,Pending,,New shared catalog copy; native-speaker review required.
"direct,","direct,","प्रत्यक्ष,",,Pending,,New shared catalog copy; native-speaker review required.
draft,draft,मसौदा,,Pending,,New shared catalog copy; native-speaker review required.
due,due,देय,,Pending,,New shared catalog copy; native-speaker review required.
due {value0},due {value0},देय {value0},,Pending,,New shared catalog copy; native-speaker review required.
e.g. Applied mathematics,e.g. Applied mathematics,उदा. अनुप्रयुक्त गणित,,Pending,,New shared catalog copy; native-speaker review required.
e.g. Chapter 4 checkpoint,e.g. Chapter 4 checkpoint,उदा. अध्याय 4 चेकपॉइंट,,Pending,,New shared catalog copy; native-speaker review required.
e.g. Medical appointment,e.g. Medical appointment,उदा. मेडिकल अपॉइंटमेंट,,Pending,,New shared catalog copy; native-speaker review required.
"e.g. Peanuts, penicillin","e.g. Peanuts, penicillin","उदा. मूंगफली, पेनिसिलिन",,Pending,,New shared catalog copy; native-speaker review required.
e.g. Probability – revision before UT2,e.g. Probability – revision before UT2,उदा. प्रायिकता – UT2 से पहले पुनरीक्षण,,Pending,,New shared catalog copy; native-speaker review required.
e.g. Quadratic equations – practice set 3,e.g. Quadratic equations – practice set 3,उदा. द्विघात समीकरण – अभ्यास सेट 3,,Pending,,New shared catalog copy; native-speaker review required.
e.g. Spanish,e.g. Spanish,उदा. स्पेनिश,,Pending,,New shared catalog copy; native-speaker review required.
e.g. {value0},e.g. {value0},उदा. {value0},,Pending,,New shared catalog copy; native-speaker review required.
ended,ended,समाप्त,,Pending,,New shared catalog copy; native-speaker review required.
entries),entries),प्रविष्टियां),,Pending,,New shared catalog copy; native-speaker review required.
erp.branchMismatch,You do not have access to this branch.,इस शाखा तक आपकी पहुंच नहीं है।,,Pending,,New shared catalog copy; native-speaker review required.
erp.invalidApplication,The application scope is invalid or missing.,एप्लिकेशन स्कोप अमान्य है या मौजूद नहीं है।,,Pending,,New shared catalog copy; native-speaker review required.
erp.invalidBranch,The branch scope is invalid or missing.,शाखा स्कोप अमान्य है या मौजूद नहीं है।,,Pending,,New shared catalog copy; native-speaker review required.
erp.invalidFields,Some fields are invalid.,कुछ फ़ील्ड अमान्य हैं।,,Pending,,New shared catalog copy; native-speaker review required.
erp.invalidLine,One or more line items are invalid.,एक या अधिक लाइन आइटम अमान्य हैं।,,Pending,,New shared catalog copy; native-speaker review required.
erp.invalidTenant,The tenant for this account is invalid or missing.,इस खाते के लिए टेनेंट अमान्य है या मौजूद नहीं है।,,Pending,,New shared catalog copy; native-speaker review required.
erp.invalidUser,The signed-in user's identity is invalid or missing.,साइन-इन उपयोगकर्ता की पहचान अमान्य है या मौजूद नहीं है।,,Pending,,New shared catalog copy; native-speaker review required.
erp.invalidUserBranch,The user's assigned branch is invalid or missing.,उपयोगकर्ता की निर्धारित शाखा अमान्य है या मौजूद नहीं है।,,Pending,,New shared catalog copy; native-speaker review required.
erp.invalidViewStateKey,That view setting is not recognized.,वह व्यू सेटिंग पहचानी नहीं गई है।,,Pending,,New shared catalog copy; native-speaker review required.
erp.invalidViewStateValue,That value is not valid for this view setting.,यह मान इस व्यू सेटिंग के लिए मान्य नहीं है।,,Pending,,New shared catalog copy; native-speaker review required.
erp.malformedBody,Request body must be an object.,अनुरोध बॉडी एक ऑब्जेक्ट होनी चाहिए।,,Pending,,New shared catalog copy; native-speaker review required.
erp.malformedValue,That value could not be saved.,वह मान सहेजा नहीं जा सका।,,Pending,,New shared catalog copy; native-speaker review required.
erp.methodNotAllowed,This method is not allowed for this endpoint.,इस एंडपॉइंट के लिए यह विधि स्वीकार्य नहीं है।,,Pending,,New shared catalog copy; native-speaker review required.
erp.missingParams,Both an entity and a page are required.,एक इकाई और एक पेज दोनों आवश्यक हैं।,,Pending,,New shared catalog copy; native-speaker review required.
erp.missingValue,A value is required.,एक मान आवश्यक है।,,Pending,,New shared catalog copy; native-speaker review required.
erp.notFound,Record not found.,रिकॉर्ड नहीं मिला।,,Pending,,New shared catalog copy; native-speaker review required.
erp.operationConflict,This request was already submitted with different data.,यह अनुरोध पहले से ही अलग डेटा के साथ सबमिट किया जा चुका है।,,Pending,,New shared catalog copy; native-speaker review required.
erp.pageEntityMismatch,This entity does not belong to that page.,यह इकाई उस पेज से संबंधित नहीं है।,,Pending,,New shared catalog copy; native-speaker review required.
erp.roleDenied,Your role does not have access to this application.,आपकी भूमिका को इस एप्लिकेशन तक पहुंच नहीं है।,,Pending,,New shared catalog copy; native-speaker review required.
erp.unbalanced,Total debit and total credit must be equal.,कुल डेबिट और कुल क्रेडिट बराबर होने चाहिए।,,Pending,,New shared catalog copy; native-speaker review required.
erp.unknownEntity,That entity does not exist.,वह इकाई मौजूद नहीं है।,,Pending,,New shared catalog copy; native-speaker review required.
erp.unknownPage,That page does not exist.,वह पेज मौजूद नहीं है।,,Pending,,New shared catalog copy; native-speaker review required.
erp.unknownProcess,That process does not exist.,वह प्रक्रिया मौजूद नहीं है।,,Pending,,New shared catalog copy; native-speaker review required.
erp.unknownRoute,That address does not exist.,वह पता मौजूद नहीं है।,,Pending,,New shared catalog copy; native-speaker review required.
erp.valueTooLarge,That value is too large to save.,वह मान सहेजने के लिए बहुत बड़ा है।,,Pending,,New shared catalog copy; native-speaker review required.
erp.versionConflict,This record has changed since you last loaded it. Refresh and try again.,आपके इसे अंतिम बार लोड करने के बाद से इस रिकॉर्ड में बदलाव हुआ है। रीफ्रेश करें और पुनः प्रयास करें।,,Pending,,New shared catalog copy; native-speaker review required.
erp.writeDenied,Your role cannot make changes to this record.,आपकी भूमिका इस रिकॉर्ड में परिवर्तन नहीं कर सकती।,,Pending,,New shared catalog copy; native-speaker review required.
examined every term,examined every term,हर टर्म में जांचा गया,,Pending,,New shared catalog copy; native-speaker review required.
excused,excused,क्षमा प्राप्त,,Pending,,New shared catalog copy; native-speaker review required.
fail,fail,अनुत्तीर्ण,,Pending,,New shared catalog copy; native-speaker review required.
fee after,fee after,इसके बाद शुल्क,,Pending,,New shared catalog copy; native-speaker review required.
flagged for follow-up,flagged for follow-up,फॉलो-अप के लिए फ़्लैग किया गया,,Pending,,New shared catalog copy; native-speaker review required.
for {amount},for {amount},{amount} के लिए,,Pending,,New shared catalog copy; native-speaker review required.
from,from,से,,Pending,,New shared catalog copy; native-speaker review required.
from your registered address. Put the command in the subject.,from your registered address. Put the command in the subject.,आपके पंजीकृत पते से। कमांड को विषय में रखें।,,Pending,,New shared catalog copy; native-speaker review required.
graded,graded,जांचा गया,,Pending,,New shared catalog copy; native-speaker review required.
grades 6–12,grades 6–12,कक्षा 6–12,,Pending,,New shared catalog copy; native-speaker review required.
h,h,घंटा,,Pending,,New shared catalog copy; native-speaker review required.
house. Class teacher,house. Class teacher,हाउस। कक्षा शिक्षक,,Pending,,New shared catalog copy; native-speaker review required.
in room,in room,कमरे में,,Pending,,New shared catalog copy; native-speaker review required.
in this period.,in this period.,इस अवधि में।,,Pending,,New shared catalog copy; native-speaker review required.
in total,in total,कुल मिलाकर,,Pending,,New shared catalog copy; native-speaker review required.
integer,integer,पूर्णांक,,Pending,,New shared catalog copy; native-speaker review required.
is required,is required,आवश्यक है,,Pending,,New shared catalog copy; native-speaker review required.
"items,","items,","आइटम,",,Pending,,New shared catalog copy; native-speaker review required.
joined,joined,शामिल हुए,,Pending,,New shared catalog copy; native-speaker review required.
last 60 school days,last 60 school days,पिछले 60 स्कूली दिन,,Pending,,New shared catalog copy; native-speaker review required.
late ·,late ·,देरी से ·,,Pending,,New shared catalog copy; native-speaker review required.
latest school day,latest school day,नवीनतम स्कूली दिन,,Pending,,New shared catalog copy; native-speaker review required.
leaf nodes,leaf nodes,लीफ नोड्स,,Pending,,New shared catalog copy; native-speaker review required.
left,left,शेष,,Pending,,New shared catalog copy; native-speaker review required.
left of,left of,शेष,,Pending,,New shared catalog copy; native-speaker review required.
limit 3,limit 3,सीमा 3,,Pending,,New shared catalog copy; native-speaker review required.
line,line,पंक्ति,,Pending,,New shared catalog copy; native-speaker review required.
live,live,लाइव,,Pending,,New shared catalog copy; native-speaker review required.
live now,live now,अभी लाइव,,Pending,,New shared catalog copy; native-speaker review required.
m,m,मिनट,,Pending,,New shared catalog copy; native-speaker review required.
marks,marks,अंक,,Pending,,New shared catalog copy; native-speaker review required.
marks in the mark list,marks in the mark list,मार्क लिस्ट में अंक,,Pending,,New shared catalog copy; native-speaker review required.
masked,masked,छिपाया गया,,Pending,,New shared catalog copy; native-speaker review required.
masked for your role,masked for your role,आपकी भूमिका के लिए छिपाया गया,,Pending,,New shared catalog copy; native-speaker review required.
min,min,मिनट,,Pending,,New shared catalog copy; native-speaker review required.
"minutes,","minutes,","मिनट,",,Pending,,New shared catalog copy; native-speaker review required.
more,more,अधिक,,Pending,,New shared catalog copy; native-speaker review required.
morning,morning,सुबह,,Pending,,New shared catalog copy; native-speaker review required.
"move,","move,","चालें,",,Pending,,New shared catalog copy; native-speaker review required.
name@school.edu,name@school.edu,name@school.edu,,Pending,,New shared catalog copy; native-speaker review required.
need follow-up,need follow-up,फॉलो-अप की आवश्यकता है,,Pending,,New shared catalog copy; native-speaker review required.
next {value0},next {value0},अगला {value0},,Pending,,New shared catalog copy; native-speaker review required.
none yet. Ask an administrator for the API / BI action.,none yet. Ask an administrator for the API / BI action.,अभी तक कोई नहीं। API / BI एक्शन के लिए व्यवस्थापक से पूछें।,,Pending,,New shared catalog copy; native-speaker review required.
not sent,not sent,नहीं भेजा गया,,Pending,,New shared catalog copy; native-speaker review required.
not yet published,not yet published,अभी तक प्रकाशित नहीं,,Pending,,New shared catalog copy; native-speaker review required.
number,number,संख्या,,Pending,,New shared catalog copy; native-speaker review required.
of 100,of 100,100 में से,,Pending,,New shared catalog copy; native-speaker review required.
on,on,पर,,Pending,,New shared catalog copy; native-speaker review required.
only,only,केवल,,Pending,,New shared catalog copy; native-speaker review required.
open and not submitted,open and not submitted,खुला और सबमिट नहीं किया गया,,Pending,,New shared catalog copy; native-speaker review required.
"open,","open,","खुला,",,Pending,,New shared catalog copy; native-speaker review required.
over,over,से अधिक,,Pending,,New shared catalog copy; native-speaker review required.
"overdue, {value0}","overdue, {value0}","अतिदेय, {value0}",,Pending,,New shared catalog copy; native-speaker review required.
page.reference-erp1-masters-bill-of-materials.title,Bill of materials,बिल ऑफ मटेरियल्स,,Pending,,New shared catalog copy; native-speaker review required.
page.reference-erp1-masters-chart-of-accounts.title,Chart of accounts,खातों का चार्ट,,Pending,,New shared catalog copy; native-speaker review required.
page.reference-erp1-masters-consultation-fees.title,Consultation fees,परामर्श शुल्क,,Pending,,New shared catalog copy; native-speaker review required.
page.reference-erp1-masters-countries.title,Country master,देश मास्टर,,Pending,,New shared catalog copy; native-speaker review required.
page.reference-erp1-masters-currencies.title,Currency master,मुद्रा मास्टर,,Pending,,New shared catalog copy; native-speaker review required.
page.reference-erp1-masters-customers.title,Customer master,ग्राहक मास्टर,,Pending,,New shared catalog copy; native-speaker review required.
page.reference-erp1-masters-departments.title,Department master,विभाग मास्टर,,Pending,,New shared catalog copy; native-speaker review required.
page.reference-erp1-masters-doctors.title,Doctor master,डॉक्टर मास्टर,,Pending,,New shared catalog copy; native-speaker review required.
page.reference-erp1-masters-employees.title,Employee master,कर्मचारी मास्टर,,Pending,,New shared catalog copy; native-speaker review required.
page.reference-erp1-masters-fee-structures.title,Fee structures,शुल्क संरचनाएँ,,Pending,,New shared catalog copy; native-speaker review required.
page.reference-erp1-masters-holidays.title,Holiday calendar,अवकाश कैलेंडर,,Pending,,New shared catalog copy; native-speaker review required.
page.reference-erp1-masters-items.title,Item master,आइटम मास्टर,,Pending,,New shared catalog copy; native-speaker review required.
page.reference-erp1-masters-lab-tests.title,Lab test master,लैब टेस्ट मास्टर,,Pending,,New shared catalog copy; native-speaker review required.
page.reference-erp1-masters-leave-types.title,Leave types,अवकाश प्रकार,,Pending,,New shared catalog copy; native-speaker review required.
page.reference-erp1-masters-org-structure.title,Organisation structure,संगठन संरचना,,Pending,,New shared catalog copy; native-speaker review required.
page.reference-erp1-masters-patients.title,Patient master,मरीज़ मास्टर,,Pending,,New shared catalog copy; native-speaker review required.
page.reference-erp1-masters-price-lists.title,Price lists,मूल्य सूचियाँ,,Pending,,New shared catalog copy; native-speaker review required.
page.reference-erp1-masters-product-categories.title,Product categories,उत्पाद श्रेणियाँ,,Pending,,New shared catalog copy; native-speaker review required.
page.reference-erp1-masters-salary-structures.title,Salary structures,वेतन संरचनाएँ,,Pending,,New shared catalog copy; native-speaker review required.
page.reference-erp1-masters-shifts.title,Shift master,शिफ्ट मास्टर,,Pending,,New shared catalog copy; native-speaker review required.
page.reference-erp1-masters-states.title,State master,राज्य मास्टर,,Pending,,New shared catalog copy; native-speaker review required.
page.reference-erp1-masters-students.title,Student master,छात्र मास्टर,,Pending,,New shared catalog copy; native-speaker review required.
page.reference-erp1-masters-suppliers.title,Supplier master,आपूर्तिकर्ता मास्टर,,Pending,,New shared catalog copy; native-speaker review required.
page.reference-erp1-masters-tax-rates.title,Tax rates,कर दरें,,Pending,,New shared catalog copy; native-speaker review required.
page.reference-erp1-masters-units.title,Unit of measure,माप की इकाई,,Pending,,New shared catalog copy; native-speaker review required.
page.reference-erp1-masters-vehicles.title,Vehicle master,वाहन मास्टर,,Pending,,New shared catalog copy; native-speaker review required.
page.reference-erp1-reports-customer-ledger.title,Customer ledger,ग्राहक खाता बही,,Pending,,New shared catalog copy; native-speaker review required.
page.reference-erp1-reports-invoice-print.title,Invoice print,चालान प्रिंट,,Pending,,New shared catalog copy; native-speaker review required.
page.reference-erp1-reports-purchase-register.title,Purchase register,क्रय रजिस्टर,,Pending,,New shared catalog copy; native-speaker review required.
page.reference-erp1-reports-receivables-aging.title,Receivables aging,प्राप्य आयु विश्लेषण,,Pending,,New shared catalog copy; native-speaker review required.
page.reference-erp1-reports-sales-register.title,Sales register,बिक्री रजिस्टर,,Pending,,New shared catalog copy; native-speaker review required.
page.reference-erp1-reports-stock-summary.title,Stock summary,स्टॉक सारांश,,Pending,,New shared catalog copy; native-speaker review required.
page.reference-erp1-setup-company-settings.title,Company settings,कंपनी सेटिंग्स,,Pending,,New shared catalog copy; native-speaker review required.
page.reference-erp1-setup-notifications.title,Notification settings,सूचना सेटिंग्स,,Pending,,New shared catalog copy; native-speaker review required.
page.reference-erp1-setup-number-series.title,Number series,नंबर श्रृंखला,,Pending,,New shared catalog copy; native-speaker review required.
page.reference-erp1-setup-users.title,Users,उपयोगकर्ता,,Pending,,New shared catalog copy; native-speaker review required.
page.reference-erp1-transactions-appointments.title,Appointments,अपॉइंटमेंट,,Pending,,New shared catalog copy; native-speaker review required.
page.reference-erp1-transactions-attendance.title,Attendance register,उपस्थिति रजिस्टर,,Pending,,New shared catalog copy; native-speaker review required.
page.reference-erp1-transactions-depreciation-run.title,Depreciation run,मूल्यह्रास रन,,Pending,,New shared catalog copy; native-speaker review required.
page.reference-erp1-transactions-expense-claims.title,Expense claims,व्यय दावे,,Pending,,New shared catalog copy; native-speaker review required.
page.reference-erp1-transactions-goods-receipts.title,Goods receipts,माल प्राप्ति रसीदें,,Pending,,New shared catalog copy; native-speaker review required.
page.reference-erp1-transactions-journal-vouchers.title,Journal vouchers,जर्नल वाउचर,,Pending,,New shared catalog copy; native-speaker review required.
page.reference-erp1-transactions-leave-requests.title,Leave requests,अवकाश अनुरोध,,Pending,,New shared catalog copy; native-speaker review required.
page.reference-erp1-transactions-maintenance-requests.title,Maintenance requests,रखरखाव अनुरोध,,Pending,,New shared catalog copy; native-speaker review required.
page.reference-erp1-transactions-marks-entry.title,Marks entry,अंक प्रविष्टि,,Pending,,New shared catalog copy; native-speaker review required.
page.reference-erp1-transactions-payment-vouchers.title,Payment vouchers,भुगतान वाउचर,,Pending,,New shared catalog copy; native-speaker review required.
page.reference-erp1-transactions-payroll-run.title,Payroll run,पेरोल रन,,Pending,,New shared catalog copy; native-speaker review required.
page.reference-erp1-transactions-petty-cash.title,Petty cash vouchers,पेटी कैश वाउचर,,Pending,,New shared catalog copy; native-speaker review required.
page.reference-erp1-transactions-purchase-orders.title,Purchase orders,क्रय आदेश,,Pending,,New shared catalog copy; native-speaker review required.
page.reference-erp1-transactions-quality-inspections.title,Quality inspections,गुणवत्ता निरीक्षण,,Pending,,New shared catalog copy; native-speaker review required.
page.reference-erp1-transactions-room-bookings.title,Meeting rooms,मीटिंग रूम,,Pending,,New shared catalog copy; native-speaker review required.
page.reference-erp1-transactions-sales-invoices.title,Sales invoices,बिक्री चालान,,Pending,,New shared catalog copy; native-speaker review required.
page.reference-erp1-transactions-sales-orders.title,Sales orders,बिक्री आदेश,,Pending,,New shared catalog copy; native-speaker review required.
page.reference-erp1-transactions-support-tickets.title,Support tickets,सपोर्ट टिकट,,Pending,,New shared catalog copy; native-speaker review required.
page.reference-erp1-transactions-timesheets.title,Timesheets,टाइमशीट,,Pending,,New shared catalog copy; native-speaker review required.
page.reference-erp1-workspace-approvals.title,Approvals inbox,अनुमोदन इनबॉक्स,,Pending,,New shared catalog copy; native-speaker review required.
page.reference-erp1-workspace-dashboard.title,Dashboard,डैशबोर्ड,,Pending,,New shared catalog copy; native-speaker review required.
page.reference-erp2-masters-bill-of-materials.title,Bill of materials,बिल ऑफ मटेरियल्स,,Pending,,New shared catalog copy; native-speaker review required.
page.reference-erp2-masters-chart-of-accounts.title,Chart of accounts,खातों का चार्ट,,Pending,,New shared catalog copy; native-speaker review required.
page.reference-erp2-masters-consultation-fees.title,Consultation fees,परामर्श शुल्क,,Pending,,New shared catalog copy; native-speaker review required.
page.reference-erp2-masters-countries.title,Country master,देश मास्टर,,Pending,,New shared catalog copy; native-speaker review required.
page.reference-erp2-masters-currencies.title,Currency master,मुद्रा मास्टर,,Pending,,New shared catalog copy; native-speaker review required.
page.reference-erp2-masters-customers.title,Customer master,ग्राहक मास्टर,,Pending,,New shared catalog copy; native-speaker review required.
page.reference-erp2-masters-departments.title,Department master,विभाग मास्टर,,Pending,,New shared catalog copy; native-speaker review required.
page.reference-erp2-masters-doctors.title,Doctor master,डॉक्टर मास्टर,,Pending,,New shared catalog copy; native-speaker review required.
page.reference-erp2-masters-employees.title,Employee master,कर्मचारी मास्टर,,Pending,,New shared catalog copy; native-speaker review required.
page.reference-erp2-masters-fee-structures.title,Fee structures,शुल्क संरचनाएँ,,Pending,,New shared catalog copy; native-speaker review required.
page.reference-erp2-masters-holidays.title,Holiday calendar,अवकाश कैलेंडर,,Pending,,New shared catalog copy; native-speaker review required.
page.reference-erp2-masters-items.title,Item master,आइटम मास्टर,,Pending,,New shared catalog copy; native-speaker review required.
page.reference-erp2-masters-lab-tests.title,Lab test master,लैब टेस्ट मास्टर,,Pending,,New shared catalog copy; native-speaker review required.
page.reference-erp2-masters-leave-types.title,Leave types,अवकाश प्रकार,,Pending,,New shared catalog copy; native-speaker review required.
page.reference-erp2-masters-org-structure.title,Organisation structure,संगठन संरचना,,Pending,,New shared catalog copy; native-speaker review required.
page.reference-erp2-masters-patients.title,Patient master,मरीज़ मास्टर,,Pending,,New shared catalog copy; native-speaker review required.
page.reference-erp2-masters-price-lists.title,Price lists,मूल्य सूचियाँ,,Pending,,New shared catalog copy; native-speaker review required.
page.reference-erp2-masters-product-categories.title,Product categories,उत्पाद श्रेणियाँ,,Pending,,New shared catalog copy; native-speaker review required.
page.reference-erp2-masters-salary-structures.title,Salary structures,वेतन संरचनाएँ,,Pending,,New shared catalog copy; native-speaker review required.
page.reference-erp2-masters-shifts.title,Shift master,शिफ्ट मास्टर,,Pending,,New shared catalog copy; native-speaker review required.
page.reference-erp2-masters-states.title,State master,राज्य मास्टर,,Pending,,New shared catalog copy; native-speaker review required.
page.reference-erp2-masters-students.title,Student master,छात्र मास्टर,,Pending,,New shared catalog copy; native-speaker review required.
page.reference-erp2-masters-suppliers.title,Supplier master,आपूर्तिकर्ता मास्टर,,Pending,,New shared catalog copy; native-speaker review required.
page.reference-erp2-masters-tax-rates.title,Tax rates,कर दरें,,Pending,,New shared catalog copy; native-speaker review required.
page.reference-erp2-masters-units.title,Unit of measure,माप की इकाई,,Pending,,New shared catalog copy; native-speaker review required.
page.reference-erp2-masters-vehicles.title,Vehicle master,वाहन मास्टर,,Pending,,New shared catalog copy; native-speaker review required.
page.reference-erp2-reports-customer-ledger.title,Customer ledger,ग्राहक खाता बही,,Pending,,New shared catalog copy; native-speaker review required.
page.reference-erp2-reports-invoice-print.title,Invoice print,चालान प्रिंट,,Pending,,New shared catalog copy; native-speaker review required.
page.reference-erp2-reports-purchase-register.title,Purchase register,क्रय रजिस्टर,,Pending,,New shared catalog copy; native-speaker review required.
page.reference-erp2-reports-receivables-aging.title,Receivables aging,प्राप्य आयु विश्लेषण,,Pending,,New shared catalog copy; native-speaker review required.
page.reference-erp2-reports-sales-register.title,Sales register,बिक्री रजिस्टर,,Pending,,New shared catalog copy; native-speaker review required.
page.reference-erp2-reports-stock-summary.title,Stock summary,स्टॉक सारांश,,Pending,,New shared catalog copy; native-speaker review required.
page.reference-erp2-setup-company-settings.title,Company settings,कंपनी सेटिंग्स,,Pending,,New shared catalog copy; native-speaker review required.
page.reference-erp2-setup-notifications.title,Notification settings,सूचना सेटिंग्स,,Pending,,New shared catalog copy; native-speaker review required.
page.reference-erp2-setup-number-series.title,Number series,नंबर श्रृंखला,,Pending,,New shared catalog copy; native-speaker review required.
page.reference-erp2-setup-users.title,Users,उपयोगकर्ता,,Pending,,New shared catalog copy; native-speaker review required.
page.reference-erp2-transactions-appointments.title,Appointments,अपॉइंटमेंट,,Pending,,New shared catalog copy; native-speaker review required.
page.reference-erp2-transactions-attendance.title,Attendance register,उपस्थिति रजिस्टर,,Pending,,New shared catalog copy; native-speaker review required.
page.reference-erp2-transactions-depreciation-run.title,Depreciation run,मूल्यह्रास रन,,Pending,,New shared catalog copy; native-speaker review required.
page.reference-erp2-transactions-expense-claims.title,Expense claims,व्यय दावे,,Pending,,New shared catalog copy; native-speaker review required.
page.reference-erp2-transactions-goods-receipts.title,Goods receipts,माल प्राप्ति रसीदें,,Pending,,New shared catalog copy; native-speaker review required.
page.reference-erp2-transactions-journal-vouchers.title,Journal vouchers,जर्नल वाउचर,,Pending,,New shared catalog copy; native-speaker review required.
page.reference-erp2-transactions-leave-requests.title,Leave requests,अवकाश अनुरोध,,Pending,,New shared catalog copy; native-speaker review required.
page.reference-erp2-transactions-maintenance-requests.title,Maintenance requests,रखरखाव अनुरोध,,Pending,,New shared catalog copy; native-speaker review required.
page.reference-erp2-transactions-marks-entry.title,Marks entry,अंक प्रविष्टि,,Pending,,New shared catalog copy; native-speaker review required.
page.reference-erp2-transactions-payment-vouchers.title,Payment vouchers,भुगतान वाउचर,,Pending,,New shared catalog copy; native-speaker review required.
page.reference-erp2-transactions-payroll-run.title,Payroll run,पेरोल रन,,Pending,,New shared catalog copy; native-speaker review required.
page.reference-erp2-transactions-petty-cash.title,Petty cash vouchers,पेटी कैश वाउचर,,Pending,,New shared catalog copy; native-speaker review required.
page.reference-erp2-transactions-purchase-orders.title,Purchase orders,क्रय आदेश,,Pending,,New shared catalog copy; native-speaker review required.
page.reference-erp2-transactions-quality-inspections.title,Quality inspections,गुणवत्ता निरीक्षण,,Pending,,New shared catalog copy; native-speaker review required.
page.reference-erp2-transactions-room-bookings.title,Meeting rooms,मीटिंग रूम,,Pending,,New shared catalog copy; native-speaker review required.
page.reference-erp2-transactions-sales-invoices.title,Sales invoices,बिक्री चालान,,Pending,,New shared catalog copy; native-speaker review required.
page.reference-erp2-transactions-sales-orders.title,Sales orders,बिक्री आदेश,,Pending,,New shared catalog copy; native-speaker review required.
page.reference-erp2-transactions-support-tickets.title,Support tickets,सपोर्ट टिकट,,Pending,,New shared catalog copy; native-speaker review required.
page.reference-erp2-transactions-timesheets.title,Timesheets,टाइमशीट,,Pending,,New shared catalog copy; native-speaker review required.
page.reference-erp2-workspace-approvals.title,Approvals inbox,अनुमोदन इनबॉक्स,,Pending,,New shared catalog copy; native-speaker review required.
page.reference-erp2-workspace-dashboard.title,Dashboard,डैशबोर्ड,,Pending,,New shared catalog copy; native-speaker review required.
page.reference-reports-admin-access.title,Admin · Access,एडमिन · एक्सेस,,Pending,,New shared catalog copy; native-speaker review required.
page.reference-reports-admin-audit.title,Admin · Audit,एडमिन · ऑडिट,,Pending,,New shared catalog copy; native-speaker review required.
page.reference-reports-admin-outbox.title,Admin · Outbox,एडमिन · आउटबॉक्स,,Pending,,New shared catalog copy; native-speaker review required.
page.reference-reports-admin-settings.title,Admin · Settings,एडमिन · सेटिंग्स,,Pending,,New shared catalog copy; native-speaker review required.
page.reference-reports-admin-sources.title,Admin · Sources,एडमिन · स्रोत,,Pending,,New shared catalog copy; native-speaker review required.
page.reference-reports-admin-users.title,Admin · Users,एडमिन · उपयोगकर्ता,,Pending,,New shared catalog copy; native-speaker review required.
page.reference-reports-api-keys.title,API keys,API कुंजियाँ,,Pending,,New shared catalog copy; native-speaker review required.
page.reference-reports-builder.title,Report builder,रिपोर्ट बिल्डर,,Pending,,New shared catalog copy; native-speaker review required.
page.reference-reports-dashboards.title,Dashboards,डैशबोर्ड्स,,Pending,,New shared catalog copy; native-speaker review required.
page.reference-reports-email-in.title,Email-in requests,ईमेल-इन अनुरोध,,Pending,,New shared catalog copy; native-speaker review required.
page.reference-reports-jobs.title,Background jobs,बैकग्राउंड जॉब्स,,Pending,,New shared catalog copy; native-speaker review required.
page.reference-reports-overview.title,Overview,अवलोकन,,Pending,,New shared catalog copy; native-speaker review required.
page.reference-reports-reports.title,Report library,रिपोर्ट लाइब्रेरी,,Pending,,New shared catalog copy; native-speaker review required.
page.reference-reports-schedules.title,Schedules,शेड्यूल,,Pending,,New shared catalog copy; native-speaker review required.
page.reference-school-admissions.title,Admissions,प्रवेश,,Pending,,New shared catalog copy; native-speaker review required.
page.reference-school-assignments.title,Assignments,असाइनमेंट,,Pending,,New shared catalog copy; native-speaker review required.
page.reference-school-attendance.title,Attendance,उपस्थिति,,Pending,,New shared catalog copy; native-speaker review required.
page.reference-school-calendar.title,Calendar,कैलेंडर,,Pending,,New shared catalog copy; native-speaker review required.
page.reference-school-classes.title,Classes,कक्षाएँ,,Pending,,New shared catalog copy; native-speaker review required.
page.reference-school-dashboard.title,Dashboard,डैशबोर्ड,,Pending,,New shared catalog copy; native-speaker review required.
page.reference-school-exams.title,Exams,परीक्षाएँ,,Pending,,New shared catalog copy; native-speaker review required.
page.reference-school-fees.title,Fees,शुल्क,,Pending,,New shared catalog copy; native-speaker review required.
page.reference-school-library.title,Library,लाइब्रेरी,,Pending,,New shared catalog copy; native-speaker review required.
page.reference-school-live.title,Live,लाइव,,Pending,,New shared catalog copy; native-speaker review required.
page.reference-school-marks.title,Marks,अंक,,Pending,,New shared catalog copy; native-speaker review required.
page.reference-school-messages.title,Messages,संदेश,,Pending,,New shared catalog copy; native-speaker review required.
page.reference-school-notices.title,Notices,सूचनाएँ,,Pending,,New shared catalog copy; native-speaker review required.
page.reference-school-quizzes-new.title,Quizzes · New,क्विज़ · नया,,Pending,,New shared catalog copy; native-speaker review required.
page.reference-school-quizzes.title,Quizzes,क्विज़,,Pending,,New shared catalog copy; native-speaker review required.
page.reference-school-reports.title,Reports,रिपोर्ट्स,,Pending,,New shared catalog copy; native-speaker review required.
page.reference-school-settings.title,Settings,सेटिंग्स,,Pending,,New shared catalog copy; native-speaker review required.
page.reference-school-students-new.title,Students · New,छात्र · नया,,Pending,,New shared catalog copy; native-speaker review required.
page.reference-school-students.title,Students,छात्र,,Pending,,New shared catalog copy; native-speaker review required.
page.reference-school-subjects.title,Subjects,विषय,,Pending,,New shared catalog copy; native-speaker review required.
page.reference-school-teachers-new.title,Teachers · New,शिक्षक · नया,,Pending,,New shared catalog copy; native-speaker review required.
page.reference-school-teachers.title,Teachers,शिक्षक,,Pending,,New shared catalog copy; native-speaker review required.
page.reference-school-timetable.title,Timetable,समय सारणी,,Pending,,New shared catalog copy; native-speaker review required.
page.reference-school-whiteboard.title,Whiteboard,व्हाइटबोर्ड,,Pending,,New shared catalog copy; native-speaker review required.
paid,paid,भुगतान किया गया,,Pending,,New shared catalog copy; native-speaker review required.
"pass,","pass,","पास,",,Pending,,New shared catalog copy; native-speaker review required.
past due date,past due date,नियत तारीख बीत गई,,Pending,,New shared catalog copy; native-speaker review required.
past sessions,past sessions,पिछले सत्र,,Pending,,New shared catalog copy; native-speaker review required.
patient identifiers,patient identifiers,रोगी पहचानकर्ता,,Pending,,New shared catalog copy; native-speaker review required.
per subject),per subject),प्रति विषय),,Pending,,New shared catalog copy; native-speaker review required.
per week,per week,प्रति सप्ताह,,Pending,,New shared catalog copy; native-speaker review required.
percent,percent,प्रतिशत,,Pending,,New shared catalog copy; native-speaker review required.
periods,periods,पीरियड,,Pending,,New shared catalog copy; native-speaker review required.
periods / week,periods / week,पीरियड / सप्ताह,,Pending,,New shared catalog copy; native-speaker review required.
periods/wk,periods/wk,पीरियड/सप्ताह,,Pending,,New shared catalog copy; native-speaker review required.
point,point,अंक,,Pending,,New shared catalog copy; native-speaker review required.
points ·,points ·,अंक ·,,Pending,,New shared catalog copy; native-speaker review required.
portal,portal,पोर्टल,,Pending,,New shared catalog copy; native-speaker review required.
practical assessment,practical assessment,व्यावहारिक मूल्यांकन,,Pending,,New shared catalog copy; native-speaker review required.
published by teachers,published by teachers,शिक्षकों द्वारा प्रकाशित,,Pending,,New shared catalog copy; native-speaker review required.
questions,questions,प्रश्न,,Pending,,New shared catalog copy; native-speaker review required.
questions are still flagged for review.,questions are still flagged for review.,प्रश्न अभी भी समीक्षा के लिए फ़्लैग किए गए हैं।,,Pending,,New shared catalog copy; native-speaker review required.
questions ·,questions ·,प्रश्न ·,,Pending,,New shared catalog copy; native-speaker review required.
questions.,questions.,प्रश्न।,,Pending,,New shared catalog copy; native-speaker review required.
queued,queued,कतार में,,Pending,,New shared catalog copy; native-speaker review required.
quizzes,quizzes,क्विज़,,Pending,,New shared catalog copy; native-speaker review required.
reference-erp1.section.masters,Masters,मास्टर्स,,Pending,,New shared catalog copy; native-speaker review required.
reference-erp1.section.reports,Reports,रिपोर्ट्स,,Pending,,New shared catalog copy; native-speaker review required.
reference-erp1.section.setup,Setup,सेटअप,,Pending,,New shared catalog copy; native-speaker review required.
reference-erp1.section.transactions,Transactions,लेन-देन,,Pending,,New shared catalog copy; native-speaker review required.
reference-erp1.section.workspace,Workspace,कार्यक्षेत्र,,Pending,,New shared catalog copy; native-speaker review required.
reference-erp1.shortLabel,ERP 1,ERP 1,,Pending,,New shared catalog copy; native-speaker review required.
reference-erp1.title,Keystone ERP 1,Keystone ERP 1,,Pending,,New shared catalog copy; native-speaker review required.
reference-erp2.section.masters,Masters,मास्टर्स,,Pending,,New shared catalog copy; native-speaker review required.
reference-erp2.section.reports,Reports,रिपोर्ट्स,,Pending,,New shared catalog copy; native-speaker review required.
reference-erp2.section.setup,Setup,सेटअप,,Pending,,New shared catalog copy; native-speaker review required.
reference-erp2.section.transactions,Transactions,लेन-देन,,Pending,,New shared catalog copy; native-speaker review required.
reference-erp2.section.workspace,Workspace,कार्यक्षेत्र,,Pending,,New shared catalog copy; native-speaker review required.
reference-erp2.shortLabel,ERP 2,ERP 2,,Pending,,New shared catalog copy; native-speaker review required.
reference-erp2.title,Keystone ERP 2,Keystone ERP 2,,Pending,,New shared catalog copy; native-speaker review required.
reference-reports.section.admin,Admin,एडमिन,,Pending,,New shared catalog copy; native-speaker review required.
reference-reports.section.workspace,Workspace,कार्यक्षेत्र,,Pending,,New shared catalog copy; native-speaker review required.
reference-reports.shortLabel,Reports,रिपोर्ट्स,,Pending,,New shared catalog copy; native-speaker review required.
reference-reports.title,Lumen Reports,Lumen रिपोर्ट्स,,Pending,,New shared catalog copy; native-speaker review required.
reference-school.section.workspace,Workspace,कार्यक्षेत्र,,Pending,,New shared catalog copy; native-speaker review required.
reference-school.shortLabel,School,स्कूल,,Pending,,New shared catalog copy; native-speaker review required.
reference-school.title,Scholaris School,Scholaris स्कूल,,Pending,,New shared catalog copy; native-speaker review required.
reference.modules.demoNotice,Fictional demo data.,काल्पनिक डेमो डेटा।,,Pending,,New shared catalog copy; native-speaker review required.
reference.modules.loading,Loading module…,मॉड्यूल लोड हो रहा है…,,Pending,,New shared catalog copy; native-speaker review required.
reference.modules.requestFailed,The request could not be completed.,अनुरोध पूरा नहीं किया जा सका।,,Pending,,New shared catalog copy; native-speaker review required.
reference.modules.signIn,Sign in through the application host to continue.,जारी रखने के लिए एप्लिकेशन होस्ट के माध्यम से साइन इन करें।,,Pending,,New shared catalog copy; native-speaker review required.
request,request,अनुरोध,,Pending,,New shared catalog copy; native-speaker review required.
responded,responded,प्रतिक्रिया दी,,Pending,,New shared catalog copy; native-speaker review required.
row,row,पंक्ति,,Pending,,New shared catalog copy; native-speaker review required.
running,running,चल रहा है,,Pending,,New shared catalog copy; native-speaker review required.
s,s,सेकंड,,Pending,,New shared catalog copy; native-speaker review required.
school-wide,school-wide,पूरे स्कूल में,,Pending,,New shared catalog copy; native-speaker review required.
school.alreadyAttempted,You have already attempted this quiz.,आपने पहले ही इस क्विज़ का प्रयास कर लिया है।,,Pending,,New shared catalog copy; native-speaker review required.
school.attachmentTooLarge,This file is too large to upload.,यह फ़ाइल अपलोड करने के लिए बहुत बड़ी है।,,Pending,,New shared catalog copy; native-speaker review required.
school.authorsOnly,Only teachers and administrators can view the question bank.,केवल शिक्षक और प्रशासक ही प्रश्न बैंक देख सकते हैं।,,Pending,,New shared catalog copy; native-speaker review required.
school.bookNotFound,That book does not exist.,यह पुस्तक मौजूद नहीं है।,,Pending,,New shared catalog copy; native-speaker review required.
school.branchMismatch,You do not have access to this branch.,इस शाखा तक आपकी पहुंच नहीं है।,,Pending,,New shared catalog copy; native-speaker review required.
school.copiesBelowIssued,Copies cannot be fewer than the number currently issued.,प्रतियों की संख्या वर्तमान में जारी की गई संख्या से कम नहीं हो सकती।,,Pending,,New shared catalog copy; native-speaker review required.
school.expectedAction,Provide an action.,कृपया एक कार्रवाई बताएं।,,Pending,,New shared catalog copy; native-speaker review required.
school.expectedAssignmentStudent,Provide an assignment and a student.,कृपया एक असाइनमेंट और विद्यार्थी बताएं।,,Pending,,New shared catalog copy; native-speaker review required.
school.expectedDateRows,Provide a date and a list of attendance rows.,कृपया एक तारीख और उपस्थिति पंक्तियों की सूची दें।,,Pending,,New shared catalog copy; native-speaker review required.
school.expectedEmoji,Choose a reaction.,कृपया एक प्रतिक्रिया चुनें।,,Pending,,New shared catalog copy; native-speaker review required.
school.expectedInvoiceIds,Provide a list of invoice IDs.,कृपया इनवॉइस आईडी की सूची दें।,,Pending,,New shared catalog copy; native-speaker review required.
school.expectedLeaveRequest,"Provide a student, dates and a reason for the leave request.","अवकाश अनुरोध के लिए कृपया विद्यार्थी, तारीखें और कारण बताएं।",,Pending,,New shared catalog copy; native-speaker review required.
school.expectedReservation,Provide a book and a member.,कृपया एक पुस्तक और सदस्य बताएं।,,Pending,,New shared catalog copy; native-speaker review required.
school.expectedTermEntries,Provide a term and a list of mark entries.,एक सत्र और अंक प्रविष्टियों की सूची प्रदान करें।,,Pending,,New shared catalog copy; native-speaker review required.
school.expectedText,Enter a message.,कृपया एक संदेश दर्ज करें।,,Pending,,New shared catalog copy; native-speaker review required.
school.hostOnly,Only the host can do this.,केवल होस्ट ही यह कर सकता है।,,Pending,,New shared catalog copy; native-speaker review required.
school.invalidAmount,Enter a valid payment amount.,कृपया एक वैध भुगतान राशि दर्ज करें।,,Pending,,New shared catalog copy; native-speaker review required.
school.invalidAnswers,Provide a valid answer for every question.,कृपया हर प्रश्न के लिए एक वैध उत्तर दें।,,Pending,,New shared catalog copy; native-speaker review required.
school.invalidApplication,The application scope is invalid or missing.,एप्लिकेशन स्कोप अमान्य है या मौजूद नहीं है।,,Pending,,New shared catalog copy; native-speaker review required.
school.invalidAttachment,The attachment content is invalid or empty.,अनुलग्नक की सामग्री अमान्य या खाली है।,,Pending,,New shared catalog copy; native-speaker review required.
school.invalidAttachmentName,Provide a valid file name.,कृपया एक वैध फ़ाइल नाम दें।,,Pending,,New shared catalog copy; native-speaker review required.
school.invalidAttachmentType,That file type is not supported.,यह फ़ाइल प्रकार समर्थित नहीं है।,,Pending,,New shared catalog copy; native-speaker review required.
school.invalidAttachments,One or more attachments are invalid.,एक या अधिक अनुलग्नक अमान्य हैं।,,Pending,,New shared catalog copy; native-speaker review required.
school.invalidBranch,The branch scope is invalid or missing.,शाखा स्कोप अमान्य है या मौजूद नहीं है।,,Pending,,New shared catalog copy; native-speaker review required.
school.invalidCopies,Number of copies must be a whole number of zero or more.,प्रतियों की संख्या शून्य या उससे अधिक की पूर्ण संख्या होनी चाहिए।,,Pending,,New shared catalog copy; native-speaker review required.
school.invalidMessage,The message is invalid.,संदेश अमान्य है।,,Pending,,New shared catalog copy; native-speaker review required.
school.invalidPassword,New password must be at least 8 characters and match the confirmation.,नया पासवर्ड कम से कम 8 अक्षरों का होना चाहिए और पुष्टिकरण से मेल खाना चाहिए।,,Pending,,New shared catalog copy; native-speaker review required.
school.invalidPurpose,Provide a valid attachment purpose.,कृपया अनुलग्नक का वैध उद्देश्य बताएं।,,Pending,,New shared catalog copy; native-speaker review required.
school.invalidQuestionIndex,That question could not be found.,यह प्रश्न नहीं मिल सका।,,Pending,,New shared catalog copy; native-speaker review required.
school.invalidStatus,"Attendance status must be Present, Absent, Late or Excused.","उपस्थिति स्थिति उपस्थित, अनुपस्थित, देर से या क्षमा प्राप्त होनी चाहिए।",,Pending,,New shared catalog copy; native-speaker review required.
school.invalidTenant,The tenant for this account is invalid or missing.,इस खाते के लिए टेनेंट अमान्य है या मौजूद नहीं है।,,Pending,,New shared catalog copy; native-speaker review required.
school.invalidUser,The signed-in user's identity is invalid or missing.,साइन-इन उपयोगकर्ता की पहचान अमान्य है या मौजूद नहीं है।,,Pending,,New shared catalog copy; native-speaker review required.
school.invalidUserBranch,The user's assigned branch is invalid or missing.,उपयोगकर्ता की निर्धारित शाखा अमान्य है या मौजूद नहीं है।,,Pending,,New shared catalog copy; native-speaker review required.
school.invalidVote,Choose a valid option.,कृपया एक वैध विकल्प चुनें।,,Pending,,New shared catalog copy; native-speaker review required.
school.malformedBody,Request body must be an object.,अनुरोध का मुख्य भाग एक ऑब्जेक्ट होना चाहिए।,,Pending,,New shared catalog copy; native-speaker review required.
school.marksRange,Marks must be between 0 and the maximum for this term.,अंक इस टर्म के लिए 0 और अधिकतम अंक के बीच होने चाहिए।,,Pending,,New shared catalog copy; native-speaker review required.
school.messageHistoryDropped,Existing messages cannot be removed.,मौजूदा संदेशों को हटाया नहीं जा सकता।,,Pending,,New shared catalog copy; native-speaker review required.
school.messageImmutable,Existing messages cannot be changed.,मौजूदा संदेशों को बदला नहीं जा सकता।,,Pending,,New shared catalog copy; native-speaker review required.
school.messageImpersonation,You can only send messages as yourself.,आप केवल अपने नाम से ही संदेश भेज सकते हैं।,,Pending,,New shared catalog copy; native-speaker review required.
school.methodNotAllowed,This method is not allowed for this endpoint.,इस एंडपॉइंट के लिए यह विधि स्वीकार्य नहीं है।,,Pending,,New shared catalog copy; native-speaker review required.
school.noCopiesAvailable,No copies of this book are currently available.,इस पुस्तक की कोई प्रति फिलहाल उपलब्ध नहीं है।,,Pending,,New shared catalog copy; native-speaker review required.
school.noOpenPoll,There is no poll open right now.,अभी कोई पोल खुला नहीं है।,,Pending,,New shared catalog copy; native-speaker review required.
school.notAssigned,You are not assigned to this class or subject.,आपको इस कक्षा या विषय के लिए नियुक्त नहीं किया गया है।,,Pending,,New shared catalog copy; native-speaker review required.
school.notFound,Not found.,नहीं मिला।,,Pending,,New shared catalog copy; native-speaker review required.
school.notOwn,You can only access your own records or those of your children.,आप केवल अपने स्वयं के या अपने बच्चों के रिकॉर्ड तक पहुंच सकते हैं।,,Pending,,New shared catalog copy; native-speaker review required.
school.notPermitted,Your role does not have permission for this.,आपकी भूमिका के पास इसके लिए अनुमति नहीं है।,,Pending,,New shared catalog copy; native-speaker review required.
school.overpayment,The payment exceeds the remaining invoice balance.,भुगतान चालान की शेष राशि से अधिक है।,,Pending,,New shared catalog copy; native-speaker review required.
school.pollMismatch,This poll has already closed or changed.,यह पोल पहले ही बंद हो चुका है या बदल गया है।,,Pending,,New shared catalog copy; native-speaker review required.
school.previewOnly,"Staff can only preview grading, not submit it.","स्टाफ केवल ग्रेडिंग का पूर्वावलोकन कर सकता है, उसे सबमिट नहीं कर सकता।",,Pending,,New shared catalog copy; native-speaker review required.
school.provideAssignmentOrStudent,Provide an assignment or a student.,कृपया एक असाइनमेंट या विद्यार्थी बताएं।,,Pending,,New shared catalog copy; native-speaker review required.
school.provideClassOrStudent,Provide a class or a student.,कृपया एक कक्षा या विद्यार्थी बताएं।,,Pending,,New shared catalog copy; native-speaker review required.
school.provideStudent,Provide a student.,कृपया एक विद्यार्थी बताएं।,,Pending,,New shared catalog copy; native-speaker review required.
school.quizNotAvailable,This quiz is not currently published.,यह क्विज़ अभी प्रकाशित नहीं है।,,Pending,,New shared catalog copy; native-speaker review required.
school.roleDenied,Your account role is not recognized by this application.,आपके खाते की भूमिका इस एप्लिकेशन द्वारा पहचानी नहीं गई है।,,Pending,,New shared catalog copy; native-speaker review required.
school.roleMismatch,You cannot view data for a different role.,आप किसी अन्य भूमिका का डेटा नहीं देख सकते।,,Pending,,New shared catalog copy; native-speaker review required.
school.studentsOnly,Only students can submit quiz attempts.,केवल विद्यार्थी ही क्विज़ प्रयास सबमिट कर सकते हैं।,,Pending,,New shared catalog copy; native-speaker review required.
school.unknownAction,That action is not recognized.,यह कार्रवाई पहचानी नहीं जा सकी।,,Pending,,New shared catalog copy; native-speaker review required.
school.unknownClass,That class does not exist.,यह कक्षा मौजूद नहीं है।,,Pending,,New shared catalog copy; native-speaker review required.
school.unknownClassOrTerm,That class or term does not exist.,वह कक्षा या सत्र मौजूद नहीं है।,,Pending,,New shared catalog copy; native-speaker review required.
school.unknownRole,That role is not recognized.,यह भूमिका पहचानी नहीं जा सकी।,,Pending,,New shared catalog copy; native-speaker review required.
school.unknownRoute,That address does not exist.,यह पता मौजूद नहीं है।,,Pending,,New shared catalog copy; native-speaker review required.
school.unknownTeacher,The selected teacher does not exist.,चयनित शिक्षक मौजूद नहीं है।,,Pending,,New shared catalog copy; native-speaker review required.
school.unknownTerm,That term does not exist.,यह टर्म मौजूद नहीं है।,,Pending,,New shared catalog copy; native-speaker review required.
school.writeDenied,Your role cannot make this change.,आपकी भूमिका यह परिवर्तन नहीं कर सकती।,,Pending,,New shared catalog copy; native-speaker review required.
school.wrongPassword,Your current password is incorrect.,आपका वर्तमान पासवर्ड गलत है।,,Pending,,New shared catalog copy; native-speaker review required.
seats,seats,सीटें,,Pending,,New shared catalog copy; native-speaker review required.
seats ·,seats ·,सीटें ·,,Pending,,New shared catalog copy; native-speaker review required.
sensitive,sensitive,संवेदनशील,,Pending,,New shared catalog copy; native-speaker review required.
sent,sent,भेजा गया,,Pending,,New shared catalog copy; native-speaker review required.
started {value0},started {value0},{value0} शुरू हुआ,,Pending,,New shared catalog copy; native-speaker review required.
starts {value0},starts {value0},{value0} शुरू होगा,,Pending,,New shared catalog copy; native-speaker review required.
stream · the new student will be roll number,stream · the new student will be roll number,स्ट्रीम · नए छात्र का रोल नंबर होगा,,Pending,,New shared catalog copy; native-speaker review required.
student & peer feedback,student & peer feedback,छात्र और सहपाठी प्रतिक्रिया,,Pending,,New shared catalog copy; native-speaker review required.
students,students,छात्र,,Pending,,New shared catalog copy; native-speaker review required.
students in,students in,छात्र में,,Pending,,New shared catalog copy; native-speaker review required.
students · class teacher,students · class teacher,छात्र · कक्षा शिक्षक,,Pending,,New shared catalog copy; native-speaker review required.
subject,subject,विषय,,Pending,,New shared catalog copy; native-speaker review required.
submissions,submissions,प्रस्तुतियाँ,,Pending,,New shared catalog copy; native-speaker review required.
submissions to grade,submissions to grade,ग्रेड करने के लिए सबमिशन,,Pending,,New shared catalog copy; native-speaker review required.
system,system,सिस्टम,,Pending,,New shared catalog copy; native-speaker review required.
then,then,फिर,,Pending,,New shared catalog copy; native-speaker review required.
to {to},to {to},{to} तक,,Pending,,New shared catalog copy; native-speaker review required.
total,total,कुल,,Pending,,New shared catalog copy; native-speaker review required.
unanswered questions will score zero.,unanswered questions will score zero.,अनुत्तरित प्रश्नों को शून्य अंक मिलेंगे।,,Pending,,New shared catalog copy; native-speaker review required.
unsaved,unsaved,सहेजा नहीं गया,,Pending,,New shared catalog copy; native-speaker review required.
unsaved change,unsaved change,बिना सहेजा गया परिवर्तन,,Pending,,New shared catalog copy; native-speaker review required.
until {date},until {date},{date} तक,,Pending,,New shared catalog copy; native-speaker review required.
used,used,उपयोग किया गया,,Pending,,New shared catalog copy; native-speaker review required.
user {id},user {id},उपयोगकर्ता {id},,Pending,,New shared catalog copy; native-speaker review required.
will get a confirmation message once you confirm.,will get a confirmation message once you confirm.,पुष्टि करने पर एक पुष्टिकरण संदेश मिलेगा।,,Pending,,New shared catalog copy; native-speaker review required.
you,you,आप,,Pending,,New shared catalog copy; native-speaker review required.
your subject,your subject,आपका विषय,,Pending,,New shared catalog copy; native-speaker review required.
your subjects,your subjects,आपके विषय,,Pending,,New shared catalog copy; native-speaker review required.
{action} for all {category} reports,{action} for all {category} reports,सभी {category} रिपोर्ट के लिए {action},,Pending,,New shared catalog copy; native-speaker review required.
"{category} / {subcategory}, version {version}","{category} / {subcategory}, version {version}","{category} / {subcategory}, संस्करण {version}",,Pending,,New shared catalog copy; native-speaker review required.
{count} in progress,{count} in progress,{count} प्रगति में,,Pending,,New shared catalog copy; native-speaker review required.
{count} reports available to your role. Star the ones you use most to find them first.,{count} reports available to your role. Star the ones you use most to find them first.,आपकी भूमिका के लिए {count} रिपोर्ट उपलब्ध हैं। जिनका आप सबसे अधिक उपयोग करते हैं उन्हें पहले खोजने के लिए स्टार करें।,,Pending,,New shared catalog copy; native-speaker review required.
{count} users,{count} users,{count} उपयोगकर्ता,,Pending,,New shared catalog copy; native-speaker review required.
"{count} widgets, owned by {owner}","{count} widgets, owned by {owner}","{count} विजेट्स, {owner} के स्वामित्व में",,Pending,,New shared catalog copy; native-speaker review required.
{days} days,{days} days,{days} दिन,,Pending,,New shared catalog copy; native-speaker review required.
{done} of {total} months,{done} of {total} months,{done} में से {total} महीने,,Pending,,New shared catalog copy; native-speaker review required.
{from} to {to},{from} to {to},{from} से {to},,Pending,,New shared catalog copy; native-speaker review required.
{from} to {to}:,{from} to {to}:,{from} से {to}:,,Pending,,New shared catalog copy; native-speaker review required.
{kind} of {report},{kind} of {report},{report} का {kind},,Pending,,New shared catalog copy; native-speaker review required.
{org} reporting workspace,{org} reporting workspace,{org} रिपोर्टिंग वर्कस्पेस,,Pending,,New shared catalog copy; native-speaker review required.
{record} marked {status},{record} marked {status},{record} को {status} चिह्नित किया गया,,Pending,,New shared catalog copy; native-speaker review required.
{resourceType} availability,{resourceType} availability,{resourceType} उपलब्धता,,Pending,,New shared catalog copy; native-speaker review required.
{resource} is already booked at this time. Pick another slot or {resourceType}.,{resource} is already booked at this time. Pick another slot or {resourceType}.,{resource} इस समय पहले से ही बुक है। कोई दूसरा स्लॉट या {resourceType} चुनें।,,Pending,,New shared catalog copy; native-speaker review required.
"{timing}, covering {period}, as {format}.","{timing}, covering {period}, as {format}.","{timing}, {period} को कवर करते हुए, {format} के रूप में.",,Pending,,New shared catalog copy; native-speaker review required.
{value0},{value0},{value0},,Pending,,New shared catalog copy; native-speaker review required.
{value0} (you),{value0} (you),{value0} (आप),,Pending,,New shared catalog copy; native-speaker review required.
{value0} Quarterly average,{value0} Quarterly average,{value0} त्रैमासिक औसत,,Pending,,New shared catalog copy; native-speaker review required.
{value0} active students,{value0} active students,{value0} सक्रिय छात्र,,Pending,,New shared catalog copy; native-speaker review required.
{value0} added,{value0} added,{value0} जोड़ा गया,,Pending,,New shared catalog copy; native-speaker review required.
{value0} added to the curriculum,{value0} added to the curriculum,{value0} पाठ्यक्रम में जोड़ा गया,,Pending,,New shared catalog copy; native-speaker review required.
{value0} already has a paper on this date.,{value0} already has a paper on this date.,{value0} की इस तिथि पर पहले से ही एक पेपर है।,,Pending,,New shared catalog copy; native-speaker review required.
{value0} answered · {value1} flagged,{value0} answered · {value1} flagged,{value0} उत्तरित · {value1} फ़्लैग किए गए,,Pending,,New shared catalog copy; native-speaker review required.
{value0} assignments open,{value0} assignments open,{value0} असाइनमेंट खुले हैं,,Pending,,New shared catalog copy; native-speaker review required.
{value0} attendance,{value0} attendance,{value0} उपस्थिति,,Pending,,New shared catalog copy; native-speaker review required.
{value0} booked for {value1},{value0} booked for {value1},{value0} {value1} के लिए बुक किया गया,,Pending,,New shared catalog copy; native-speaker review required.
{value0} classes,{value0} classes,{value0} कक्षाएँ,,Pending,,New shared catalog copy; native-speaker review required.
{value0} collected of {value1} billed,{value0} collected of {value1} billed,{value1} बिल में से {value0} एकत्रित,,Pending,,New shared catalog copy; native-speaker review required.
{value0} completed,{value0} completed,{value0} पूर्ण,,Pending,,New shared catalog copy; native-speaker review required.
{value0} copies,{value0} copies,{value0} प्रतियाँ,,Pending,,New shared catalog copy; native-speaker review required.
{value0} created,{value0} created,{value0} बनाया गया,,Pending,,New shared catalog copy; native-speaker review required.
{value0} days,{value0} days,{value0} दिन,,Pending,,New shared catalog copy; native-speaker review required.
{value0} days overdue · fine {value1},{value0} days overdue · fine {value1},{value0} दिन अतिदेय · जुर्माना {value1},,Pending,,New shared catalog copy; native-speaker review required.
{value0} deleted,{value0} deleted,{value0} हटाया गया,,Pending,,New shared catalog copy; native-speaker review required.
{value0} departments,{value0} departments,{value0} विभाग,,Pending,,New shared catalog copy; native-speaker review required.
{value0} event{value1},{value0} event{value1},{value0} कार्यक्रम{value1},,Pending,,New shared catalog copy; native-speaker review required.
{value0} fees,{value0} fees,{value0} शुल्क,,Pending,,New shared catalog copy; native-speaker review required.
{value0} from,{value0} from,{value0} से,,Pending,,New shared catalog copy; native-speaker review required.
{value0} invoices,{value0} invoices,{value0} चालान,,Pending,,New shared catalog copy; native-speaker review required.
{value0} is already booked at {value1},{value0} is already booked at {value1},{value0} पहले से ही {value1} पर बुक है,,Pending,,New shared catalog copy; native-speaker review required.
{value0} is now class teacher of {value1},{value0} is now class teacher of {value1},{value0} अब {value1} के कक्षा शिक्षक हैं,,Pending,,New shared catalog copy; native-speaker review required.
{value0} is required,{value0} is required,{value0} आवश्यक है,,Pending,,New shared catalog copy; native-speaker review required.
{value0} live now,{value0} live now,{value0} अभी लाइव,,Pending,,New shared catalog copy; native-speaker review required.
{value0} marked {value1},{value0} marked {value1},{value0} को {value1} चिह्नित किया गया,,Pending,,New shared catalog copy; native-speaker review required.
{value0} moved to {value1},{value0} moved to {value1},{value0} को {value1} में स्थानांतरित किया गया,,Pending,,New shared catalog copy; native-speaker review required.
{value0} of {value1} available,{value0} of {value1} available,{value1} में से {value0} उपलब्ध,,Pending,,New shared catalog copy; native-speaker review required.
{value0} of {value1} copies available · shelf {value2},{value0} of {value1} copies available · shelf {value2},{value1} में से {value0} प्रतियाँ उपलब्ध · शेल्फ {value2},,Pending,,New shared catalog copy; native-speaker review required.
{value0} of {value1} steps,{value0} of {value1} steps,{value1} में से {value0} चरण,,Pending,,New shared catalog copy; native-speaker review required.
{value0} on leave,{value0} on leave,{value0} छुट्टी पर,,Pending,,New shared catalog copy; native-speaker review required.
{value0} on {value1},{value0} on {value1},"{value0}, {value1} को",,Pending,,New shared catalog copy; native-speaker review required.
{value0} open,{value0} open,{value0} खुला,,Pending,,New shared catalog copy; native-speaker review required.
{value0} outstanding,{value0} outstanding,{value0} बकाया,,Pending,,New shared catalog copy; native-speaker review required.
{value0} overdue,{value0} overdue,{value0} अतिदेय,,Pending,,New shared catalog copy; native-speaker review required.
{value0} overdue · {value1}/day,{value0} overdue · {value1}/day,{value0} अतिदेय · {value1}/दिन,,Pending,,New shared catalog copy; native-speaker review required.
{value0} paper scheduled for {value1},{value0} paper scheduled for {value1},{value0} पेपर {value1} के लिए निर्धारित,,Pending,,New shared catalog copy; native-speaker review required.
{value0} part-paid,{value0} part-paid,{value0} आंशिक रूप से भुगतान,,Pending,,New shared catalog copy; native-speaker review required.
{value0} partly paid,{value0} partly paid,{value0} आंशिक रूप से भुगतान,,Pending,,New shared catalog copy; native-speaker review required.
{value0} per week,{value0} per week,{value0} प्रति सप्ताह,,Pending,,New shared catalog copy; native-speaker review required.
{value0} periods,{value0} periods,{value0} पीरियड,,Pending,,New shared catalog copy; native-speaker review required.
{value0} qualified,{value0} qualified,{value0} योग्य,,Pending,,New shared catalog copy; native-speaker review required.
{value0} questions added from the bank,{value0} questions added from the bank,बैंक से {value0} प्रश्न जोड़े गए,,Pending,,New shared catalog copy; native-speaker review required.
{value0} questions · {value1} points,{value0} questions · {value1} points,{value0} प्रश्न · {value1} अंक,,Pending,,New shared catalog copy; native-speaker review required.
{value0} receipts and notes,{value0} receipts and notes,{value0} रसीदें और नोट्स,,Pending,,New shared catalog copy; native-speaker review required.
{value0} received from {value1},{value0} received from {value1},{value1} से {value0} प्राप्त हुआ,,Pending,,New shared catalog copy; native-speaker review required.
{value0} record added,{value0} record added,{value0} रिकॉर्ड जोड़ा गया,,Pending,,New shared catalog copy; native-speaker review required.
{value0} registered · admission no. {value1},{value0} registered · admission no. {value1},{value0} पंजीकृत · प्रवेश संख्या {value1},,Pending,,New shared catalog copy; native-speaker review required.
{value0} registered · {value1},{value0} registered · {value1},{value0} पंजीकृत · {value1},,Pending,,New shared catalog copy; native-speaker review required.
{value0} seats,{value0} seats,{value0} सीटें,,Pending,,New shared catalog copy; native-speaker review required.
{value0} sections,{value0} sections,{value0} सेक्शन,,Pending,,New shared catalog copy; native-speaker review required.
{value0} submitted for approval,{value0} submitted for approval,{value0} अनुमोदन के लिए प्रस्तुत किया गया,,Pending,,New shared catalog copy; native-speaker review required.
{value0} that day,{value0} that day,उस दिन {value0},,Pending,,New shared catalog copy; native-speaker review required.
{value0} to,{value0} to,{value0} से,,Pending,,New shared catalog copy; native-speaker review required.
{value0} to {value1},{value0} to {value1},{value0} से {value1},,Pending,,New shared catalog copy; native-speaker review required.
{value0} unsaved mark{value1} will be lost if you switch term.,{value0} unsaved mark{value1} will be lost if you switch term.,यदि आप टर्म बदलते हैं तो {value0} असहेजित अंक{value1} खो जाएंगे।,,Pending,,New shared catalog copy; native-speaker review required.
{value0} updates,{value0} updates,{value0} अपडेट,,Pending,,New shared catalog copy; native-speaker review required.
{value0} {value1},{value0} {value1},{value0} {value1},,Pending,,New shared catalog copy; native-speaker review required.
{value0} · Roll {value1} · {value2},{value0} · Roll {value1} · {value2},{value0} · रोल {value1} · {value2},,Pending,,New shared catalog copy; native-speaker review required.
{value0} · Room {value1} · {value2}/{value3} students · class average {value4}%,{value0} · Room {value1} · {value2}/{value3} students · class average {value4}%,{value0} · कक्ष {value1} · {value2}/{value3} छात्र · कक्षा औसत {value4}%,,Pending,,New shared catalog copy; native-speaker review required.
{value0} · applying for Grade {value1},{value0} · applying for Grade {value1},{value0} · ग्रेड {value1} के लिए आवेदन कर रहे हैं,,Pending,,New shared catalog copy; native-speaker review required.
{value0} · due {value1},{value0} · due {value1},{value0} · देय {value1},,Pending,,New shared catalog copy; native-speaker review required.
{value0} · due {value1} · {value2} marks,{value0} · due {value1} · {value2} marks,{value0} · देय {value1} · {value2} अंक,,Pending,,New shared catalog copy; native-speaker review required.
{value0} · {value1} min · {value2} attended,{value0} · {value1} min · {value2} attended,{value0} · {value1} मिनट · {value2} उपस्थित,,Pending,,New shared catalog copy; native-speaker review required.
{value0} · {value1} reviewed questions,{value0} · {value1} reviewed questions,{value0} · {value1} समीक्षित प्रश्न,,Pending,,New shared catalog copy; native-speaker review required.
{value0} · {value1} · balance {value2},{value0} · {value1} · balance {value2},{value0} · {value1} · शेष {value2},,Pending,,New shared catalog copy; native-speaker review required.
{value0} · {value1} · due {value2} · {value3} marks,{value0} · {value1} · due {value2} · {value3} marks,{value0} · {value1} · देय {value2} · {value3} अंक,,Pending,,New shared catalog copy; native-speaker review required.
{value0} · {value1} · {value2},{value0} · {value1} · {value2},{value0} · {value1} · {value2},,Pending,,New shared catalog copy; native-speaker review required.
{value0} · {value1}: {value2},{value0} · {value1}: {value2},{value0} · {value1}: {value2},,Pending,,New shared catalog copy; native-speaker review required.
{value0}%,{value0}%,{value0}%,,Pending,,New shared catalog copy; native-speaker review required.
{value0}% collection rate,{value0}% collection rate,{value0}% संग्रह दर,,Pending,,New shared catalog copy; native-speaker review required.
{value0}% of stock,{value0}% of stock,स्टॉक का {value0}%,,Pending,,New shared catalog copy; native-speaker review required.
{value0}% of {value1},{value0}% of {value1},{value1} का {value0}%,,Pending,,New shared catalog copy; native-speaker review required.
{value0}'s week at a glance,{value0}'s week at a glance,{value0} का सप्ताह एक नज़र में,,Pending,,New shared catalog copy; native-speaker review required.
"{value0}, {value1} event{value2}","{value0}, {value1} event{value2}","{value0}, {value1} कार्यक्रम{value2}",,Pending,,New shared catalog copy; native-speaker review required.
{value0}.csv downloaded · {value1} rows,{value0}.csv downloaded · {value1} rows,{value0}.csv डाउनलोड हुआ · {value1} पंक्तियाँ,,Pending,,New shared catalog copy; native-speaker review required.
"{value0}/api/v1/reports/{value1}?period=last_month&format=csv
{value2}/api/v1/reports/{value3}?from=2025-01-01&to=2025-03-31&branch=Chennai,Kochi&page=1","{value0}/api/v1/reports/{value1}?period=last_month&format=csv
{value2}/api/v1/reports/{value3}?from=2025-01-01&to=2025-03-31&branch=Chennai,Kochi&page=1","{value0}/api/v1/reports/{value1}?period=last_month&format=csv
{value2}/api/v1/reports/{value3}?from=2025-01-01&to=2025-03-31&branch=Chennai,Kochi&page=1",,Pending,,New shared catalog copy; native-speaker review required.
{value0}: you vs class average,{value0}: you vs class average,{value0}: आप बनाम कक्षा औसत,,Pending,,New shared catalog copy; native-speaker review required.
{value0}: {value1},{value0}: {value1},{value0}: {value1},,Pending,,New shared catalog copy; native-speaker review required.
· AY,· AY,· शैक्षणिक वर्ष,,Pending,,New shared catalog copy; native-speaker review required.
· Roll,· Roll,· रोल नंबर,,Pending,,New shared catalog copy; native-speaker review required.
· Room,· Room,· कमरा,,Pending,,New shared catalog copy; native-speaker review required.
· class average,· class average,· कक्षा औसत,,Pending,,New shared catalog copy; native-speaker review required.
· due,· due,· नियत तारीख,,Pending,,New shared catalog copy; native-speaker review required.
· from,· from,· से,,Pending,,New shared catalog copy; native-speaker review required.
· host,· host,· होस्ट,,Pending,,New shared catalog copy; native-speaker review required.
· invigilator,· invigilator,· निरीक्षक,,Pending,,New shared catalog copy; native-speaker review required.
· issued,· issued,· जारी किया गया,,Pending,,New shared catalog copy; native-speaker review required.
· live data,· live data,· लाइव डेटा,,Pending,,New shared catalog copy; native-speaker review required.
· questions go to the school office.,· questions go to the school office.,· प्रश्न स्कूल कार्यालय को भेजें.,,Pending,,New shared catalog copy; native-speaker review required.
· set by,· set by,· द्वारा निर्धारित,,Pending,,New shared catalog copy; native-speaker review required.
— you can still join with audio off.,— you can still join with audio off.,— आप अभी भी ऑडियो बंद करके जुड़ सकते हैं.,,Pending,,New shared catalog copy; native-speaker review required.
“{value0}” added to the calendar,“{value0}” added to the calendar,"""{value0}"" कैलेंडर में जोड़ा गया",,Pending,,New shared catalog copy; native-speaker review required.
“{value0}” added to the catalogue,“{value0}” added to the catalogue,"""{value0}"" सूची में जोड़ा गया",,Pending,,New shared catalog copy; native-speaker review required.
“{value0}” closed,“{value0}” closed,"""{value0}"" बंद कर दिया गया",,Pending,,New shared catalog copy; native-speaker review required.
“{value0}” is live for {value1},“{value0}” is live for {value1},"""{value0}"" {value1} के लिए लाइव है",,Pending,,New shared catalog copy; native-speaker review required.
“{value0}” issued to {value1} until {value2},“{value0}” issued to {value1} until {value2},"""{value0}"" {value1} को {value2} तक जारी किया गया",,Pending,,New shared catalog copy; native-speaker review required.
“{value0}” reserved — collect from shelf {value1} within 48 hours,“{value0}” reserved — collect from shelf {value1} within 48 hours,"""{value0}"" आरक्षित — 48 घंटे के भीतर शेल्फ {value1} से लें",,Pending,,New shared catalog copy; native-speaker review required.
“{value0}” returned on time,“{value0}” returned on time,"""{value0}"" समय पर वापस किया गया",,Pending,,New shared catalog copy; native-speaker review required.
“{value0}” returned · fine {value1} added to {value2}'s account,“{value0}” returned · fine {value1} added to {value2}'s account,"""{value0}"" वापस किया गया · जुर्माना {value1} {value2} के खाते में जोड़ा गया",,Pending,,New shared catalog copy; native-speaker review required.
“{value0}” scheduled · invitations sent,“{value0}” scheduled · invitations sent,"""{value0}"" निर्धारित · आमंत्रण भेजे गए",,Pending,,New shared catalog copy; native-speaker review required.
● Live,● Live,● लाइव,,Pending,,New shared catalog copy; native-speaker review required.
