message_key,english,current_translation,reviewer,status,proposed_translation,notes
  :clear          clear the transcript,  :clear          clear the transcript,  :clear          ട്രാൻസ്ക്രിപ്റ്റ് മായ്ക്കുക,,Pending,,
"  :fields <cmd>   show what would be captured, without sending","  :fields <cmd>   show what would be captured, without sending",  :fields <cmd>   അയയ്ക്കാതെ പകർത്തുന്നവ കാണിക്കുക,,Pending,,
 ({count} set), ({count} set), (സജ്ജമാക്കിയത്: {count}),,Pending,,
ui.it.is.not.a.target.a.level.is.supported.by.the.work.that.40a707bf," It is not a target. A level is supported by the work that was clinically necessary and actually done — raising an element to reach a code is the thing this panel is meant to make visible, not easier. Office and outpatient levels are selected by medical decision making "," ഇത് ലക്ഷ്യമല്ല. ചികിത്സയ്ക്ക് ആവശ്യമായതും യഥാർത്ഥത്തിൽ ചെയ്തതുമായ പ്രവർത്തനമാണ് നിലയെ പിന്തുണയ്ക്കുന്നത്. കോഡ് ലഭിക്കാൻ ഘടകങ്ങൾ ഉയർത്തുന്നത് ഈ പാനൽ വെളിപ്പെടുത്തുന്നു, എളുപ്പമാക്കുന്നില്ല. ഓഫീസ്, ഔട്ട്പേഷ്യന്റ് നിലകൾ ചികിത്സാ തീരുമാനം അടിസ്ഥാനമാക്കിയാണ് തിരഞ്ഞെടുക്കുന്നത് ",,Pending,,
ui.recording.232c8b77, Recording, റെക്കോർഡ് ചെയ്യുന്നു,,Pending,,
ui.scope.of.this.screen.f2f37b23, Scope of this screen, ഈ സ്ക്രീനിന്റെ പരിധി,,Pending,,
ui.signed.in.as.c2f48eaa, Signed in as , പ്രവേശിച്ചിരിക്കുന്നത് ,,Pending,,
ui.ago.eb04b447, ago, മുമ്പ്,,Pending,,
ui.captured.1d7aa182, captured, പകർത്തിയത്,,Pending,,
ui.combinations.762b3ed3, combinations, കോമ്പിനേഷനുകൾ,,Pending,,
ui.configured.a3ed874e, configured, ക്രമീകരിച്ചത്,,Pending,,
ui.days.b1c50316, days, ദിവസങ്ങൾ,,Pending,,
ui.families.5b30f82d, families, കുടുംബങ്ങൾ,,Pending,,
ui.field.03adf842, field, ഫീൽഡ്,,Pending,,
ui.final.segment.49458c3b, final segment, അവസാന ഭാഗം,,Pending,,
ui.for.the.commands.available.on.this.page.ea20dc95, for the commands available on this page., ഈ പേജിൽ ലഭ്യമായ കമാൻഡുകൾക്കായി.,,Pending,,
ui.gate.you.will.see.exactly.what.is.captured.before.anythi.26f5481b, gate. You will see exactly what is captured before anything is sent., . അയയ്ക്കുന്നതിനുമുമ്പ് എന്താണ് പകർത്തുന്നതെന്ന് കൃത്യമായി കാണാം.,,Pending,,
ui.is.resolved.server.side.at.dispatch.and.is.never.sent.to.0bc8d5de," is resolved server-side at dispatch and is never sent to a browser, so it cannot be read, replayed or edited from here — changing one is a server deployment."," അയയ്ക്കുമ്പോൾ സെർവറിൽ നിർണയിക്കുന്നു, ബ്രൗസറിലേക്ക് അയയ്ക്കില്ല; ഇവിടെ നിന്ന് വായിക്കാനോ വീണ്ടും പ്രവർത്തിപ്പിക്കാനോ തിരുത്താനോ കഴിയില്ല. മാറ്റത്തിന് സെർവർ വിന്യാസം ആവശ്യമാണ്.",,Pending,,
ui.is.worth.showing.20.because.someone.chose.20.and.20.beca.91d7efba, is worth showing: 20 because someone chose 20 and 20 because nothing is configured look identical in the number alone., കാണിക്കുന്നത് ഉപകാരപ്രദമാണ്: ഒരാൾ തിരഞ്ഞെടുത്ത 20-ഉം ഒന്നും ക്രമീകരിക്കാത്തതിനാൽ വന്ന 20-ഉം സംഖ്യയായി ഒരുപോലെ കാണാം.,,Pending,,
ui.line.items.a742dc2d, line items • , ലൈൻ ഇനങ്ങൾ • ,,Pending,,
ui.min.46e2a1c0, min · , മിനിറ്റ് · ,,Pending,,
ui.of.a4282e4b, of , ഇൽ ,,Pending,,
ui.open.dee82cf5, open, തുറന്നത്,,Pending,,
ui.patient.03989434, patient, രോഗി,,Pending,,
ui.redacted.4a081a65, redacted, മറച്ചത്,,Pending,,
ui.registered.1804af94, registered, രജിസ്റ്റർ ചെയ്തത്,,Pending,,
ui.required.1307c284, required, നിർബന്ധം,,Pending,,
ui.required.sections.this.measures.whether.the.note.is.fill.d0f288bc," required sections. This measures whether the note is filled in, not whether it is clinically sufficient — and it is not a billing indicator."," നിർബന്ധമായ വിഭാഗങ്ങൾ. കുറിപ്പ് പൂരിപ്പിച്ചോ എന്നാണ് അളക്കുന്നത്, ചികിത്സാപരമായി മതിയോ എന്നല്ല; ബില്ലിംഗ് സൂചകവുമല്ല.",,Pending,,
ui.rows.dc601c4a, rows, വരികൾ,,Pending,,
ui.sections.ordered.core.type.specialty.complaint.context.e.0417b2b5," sections, ordered core → type → specialty → complaint → context. Each names its layer.", വിഭാഗങ്ങൾ: അടിസ്ഥാനം → തരം → സ്പെഷ്യാലിറ്റി → പരാതി → സാഹചര്യം. ഓരോന്നും അതിന്റെ തലം കാണിക്കുന്നു.,,Pending,,
ui.to.87721689, to , വരെ ,,Pending,,
ui.to.find.out.whether.it.still.works.2a65988c, to find out whether it still works., ഇപ്പോഴും പ്രവർത്തിക്കുന്നുണ്ടോ എന്ന് അറിയാൻ.,,Pending,,
ui.unavailable.so.a3f71a82," unavailable, so "," ലഭ്യമല്ല, അതിനാൽ ",,Pending,,
ui.unread.6048438c, unread, വായിക്കാത്തത്,,Pending,,
ui.will.look.empty.other.fields.are.unaffected.04f888e7, will look empty. Other fields are unaffected., ശൂന്യമായി കാണും. മറ്റു ഫീൽഡുകളെ ബാധിക്കില്ല.,,Pending,,
ui.default.2a7e0b7b, · Default, · ഡിഫോൾട്ട്,,Pending,,
ui.audio.is.streamed.never.stored.the.transcript.is.not.sav.346210fe," · audio is streamed, never stored · the transcript is not saved until you use it"," · ഓഡിയോ സ്ട്രീം ചെയ്യുന്നു, സൂക്ഷിക്കില്ല · ഉപയോഗിക്കുന്നതുവരെ ട്രാൻസ്ക്രിപ്റ്റ് സംരക്ഷിക്കില്ല",,Pending,,
ui.mock.transport.d72848f2, · mock transport, · മാതൃകാ കൈമാറ്റം,,Pending,,
ui.unverified.5987f7cb, · unverified, · പരിശോധിച്ചിട്ടില്ല,,Pending,,
ui.failing.at.call.time.would.turn.a.configuration.mistake.c05babfa, — failing at call time would turn a configuration mistake into an outage in the middle of a consultation., — കോൾ സമയത്തെ പരാജയം ക്രമീകരണ പിശകിനെ പരിശോധനയ്ക്കിടയിലെ തടസ്സമാക്കും.,,Pending,,
" — mock transport, nothing left this browser"," — mock transport, nothing left this browser"," — മാതൃകാ കൈമാറ്റം, ബ്രൗസറിൽ നിന്ന് ഒന്നും പുറത്തുപോയില്ല",,Pending,,
ui.not.registered.in.this.build.fe9af712, — not registered in this build, — ഈ ബിൽഡിൽ രജിസ്റ്റർ ചെയ്തിട്ടില്ല,,Pending,,
ui.complete.fe9543cf,% complete,% പൂർത്തിയായി,,Pending,,
ui.interim.03c51dde,(interim),‏(താൽക്കാലികം),,Pending,,
(required),(required),‏(നിർബന്ധം),,Pending,,
ui.12.4.yoy.c7395af6,+12.4% YoY,+12.4% വാർഷികം,,Pending,,
+8.7% vs prior,+8.7% vs prior,മുൻപത്തേതിനേക്കാൾ +8.7%,,Pending,,
ui.change.it.in.my.preferences.the.record.schema.and.data.r.0074fc14,. Change it in My Preferences; the record schema and data remain unchanged.,. എന്റെ മുൻഗണനകളിൽ മാറ്റാം; രേഖയുടെ സ്കീമയും ഡാറ്റയും അതേപടി തുടരും.,,Pending,,
. Choose,. Choose,. തിരഞ്ഞെടുക്കുക,,Pending,,
ui.choose.62778c1f,. Choose ,. തിരഞ്ഞെടുക്കുക ,,Pending,,
ui.nothing.of.that.kind.leaves.as.a.document.487773f4,. Nothing of that kind leaves as a document.,. ഇത്തരത്തിലുള്ള ഒന്നും രേഖയായി പുറത്തേക്ക് അയയ്ക്കില്ല.,,Pending,,
ui.the.assistant.summarises.it.does.not.diagnose.4388468f,. The assistant summarises; it does not diagnose.,. അസിസ്റ്റന്റ് സംഗ്രഹിക്കുന്നു; രോഗനിർണയം നടത്തുന്നില്ല.,,Pending,,
ui.the.controls.below.are.greyed.as.a.courtesy.the.refusal.fffc8d0a,". The controls below are greyed as a courtesy — the refusal happens on the server, not here.",. താഴെയുള്ള നിയന്ത്രണങ്ങൾ സൂചനയായി ഓഫ് ആണ്; നിരസിക്കൽ സെർവറിലാണ് നടപ്പാക്കുന്നത്.,,Pending,,
ui.try.another.module.0a6adf30,. Try another module.,. മറ്റൊരു മൊഡ്യൂൾ പരീക്ഷിക്കുക.,,Pending,,
ui.0.squares.every.corner.in.the.app.169b6538,0 squares every corner in the app.,0 നൽകിയാൽ എല്ലാ കോണുകളും ചതുരമാകും.,,Pending,,
03 Sep 2026,03 Sep 2026,03 സെപ്റ്റംബർ 2026,,Pending,,
03/09/2026 — day first,03/09/2026 — day first,03/09/2026 — ദിവസം ആദ്യം,,Pending,,
09/03/2026 — month first,09/03/2026 — month first,09/03/2026 — മാസം ആദ്യം,,Pending,,
1 — newest only,1 — newest only,1 — ഏറ്റവും പുതിയത് മാത്രം,,Pending,,
10 / page,10 / page,10 / പേജ്,,Pending,,
100 / page,100 / page,100 / പേജ്,,Pending,,
100% token-aware,100% token-aware,100% ഡിസൈൻ ടോക്കൺ പിന്തുണ,,Pending,,
104% of MTD plan,104% of MTD plan,ഈ മാസം ഇതുവരെയുള്ള പദ്ധതിയുടെ 104%,,Pending,,
12 blocking,12 blocking,12 തടസ്സങ്ങൾ,,Pending,,
12 blocking exceptions,12 blocking exceptions,12 തടസ്സപ്പെടുത്തുന്ന അപവാദങ്ങൾ,,Pending,,
"12,34,567.89 — lakh/crore","12,34,567.89 — lakh/crore","12,34,567.89 — ലക്ഷം/കോടി",,Pending,,
12-hour — 2:30 PM,12-hour — 2:30 PM,12 മണിക്കൂർ — ഉച്ചയ്ക്ക് 2:30,,Pending,,
12-month rolling,12-month rolling,കഴിഞ്ഞ 12 മാസം,,Pending,,
ui.13px.is.the.design.as.drawn.each.size.scales.its.area.in.21713684,"13px is the design as drawn. Each size scales its area independently, so dense tables and readable forms are not a trade-off.",അടിസ്ഥാന രൂപകൽപ്പന 13px ആണ്. ഓരോ ഭാഗത്തിന്റെയും വലുപ്പം സ്വതന്ത്രമാണ്; ഇടതൂർന്ന പട്ടികകളും വായിക്കാവുന്ന ഫോമുകളും ഒരുമിച്ച് സാധ്യമാകും.,,Pending,,
field.user.sessionTimeout.option.15,15 minutes,15 മിനിറ്റ്,,Pending,,
158 joined YTD,158 joined YTD,ഈ വർഷം 158 പേർ ചേർന്നു,,Pending,,
182 in appeal,182 in appeal,182 അപ്പീലിൽ,,Pending,,
2 seconds,2 seconds,2 സെക്കൻഡ്,,Pending,,
"2,486 transactions imported.","2,486 transactions imported.","2,486 ഇടപാടുകൾ ഇംപോർട്ട് ചെയ്തു.",,Pending,,
2.8% of base pay,2.8% of base pay,അടിസ്ഥാന ശമ്പളത്തിന്റെ 2.8%,,Pending,,
20 / page,20 / page,20 / പേജ്,,Pending,,
2026-09-03 — ISO,2026-09-03 — ISO,2026-09-03 — ISO ഫോർമാറ്റ്,,Pending,,
218 awaiting dispense,218 awaiting dispense,218 വിതരണം കാത്തിരിക്കുന്നു,,Pending,,
23 breach SLA today,23 breach SLA today,ഇന്ന് 23 സേവനപരിധി ലംഘനങ്ങൾ,,Pending,,
24-hour — 14:30,24-hour — 14:30,24 മണിക്കൂർ — 14:30,,Pending,,
26 licenses nearing expiry,26 licenses nearing expiry,26 ലൈസൻസുകൾ കാലാവധിയോട് അടുക്കുന്നു,,Pending,,
26 renewals due,26 renewals due,26 പുതുക്കലുകൾ ബാക്കി,,Pending,,
3.5 seconds,3.5 seconds,3.5 സെക്കൻഡ്,,Pending,,
field.user.sessionTimeout.option.30,30 minutes,30 മിനിറ്റ്,,Pending,,
ui.4.branches.18.426.source.records.8e3cdcc1,"4 branches • 18,426 source records","4 ശാഖകൾ • 18,426 ഉറവിട രേഖകൾ",,Pending,,
42 batches,42 batches,42 ബാച്ചുകൾ,,Pending,,
42 critical roles,42 critical roles,42 നിർണായക റോളുകൾ,,Pending,,
5 seconds,5 seconds,5 സെക്കൻഡ്,,Pending,,
50 / page,50 / page,50 / പേജ്,,Pending,,
6 on critical formulary,6 on critical formulary,6 നിർണായക മരുന്നുപട്ടികയിൽ,,Pending,,
field.user.sessionTimeout.option.60,60 minutes,60 മിനിറ്റ്,,Pending,,
68 admitted in 24h,68 admitted in 24h,24 മണിക്കൂറിൽ 68 പ്രവേശനങ്ങൾ,,Pending,,
68 off-formulary,68 off-formulary,68 പട്ടികയ്ക്ക് പുറത്ത്,,Pending,,
68 pending,68 pending,68 ബാക്കി,,Pending,,
8 customer critical,8 customer critical,8 ഉപഭോക്തൃ നിർണായക ഇനങ്ങൾ,,Pending,,
field.user.sessionTimeout.option.480,8 hours,8 മണിക്കൂർ,,Pending,,
8 seconds,8 seconds,8 സെക്കൻഡ്,,Pending,,
81 exceptions,81 exceptions,81 അപവാദങ്ങൾ,,Pending,,
89% of plan,89% of plan,പദ്ധതിയുടെ 89%,,Pending,,
99.2% of source records passed validation checks.,99.2% of source records passed validation checks.,99.2% ഉറവിട രേഖകൾ സാധൂകരണ പരിശോധനയിൽ വിജയിച്ചു.,,Pending,,
; administrative writes need,; administrative writes need,; ഭരണപരമായ മാറ്റങ്ങൾക്ക് ആവശ്യമാണ്,,Pending,,
ui.administrative.writes.need.4fd2e058,; administrative writes need ,; ഭരണപരമായ മാറ്റങ്ങൾക്ക് ആവശ്യമാണ് ,,Pending,,
ui.a.comment.is.required.for.submission.and.every.decision.322dedac,A comment is required for submission and every decision.,സമർപ്പിക്കാനും ഓരോ തീരുമാനത്തിനും അഭിപ്രായം ആവശ്യമാണ്.,,Pending,,
api.message.1a98a4333b55,A credential cannot be set through /ai/config.,/ai/config വഴി ക്രെഡൻഷ്യൽ ക്രമീകരിക്കാനാകില്ല.,,Pending,,
api.message.dfffcc85eaec,A credential is required.,ക്രെഡൻഷ്യൽ ആവശ്യമാണ്.,,Pending,,
ui.a.documentation.template.not.clinical.decision.support.p.c2723289,"A documentation template, not clinical decision support. Prompts describe what a note of this shape usually records; they are not advice, and instruments are offered with the conditions under which they apply rather than as fields to complete.","ഇത് രേഖപ്പെടുത്താനുള്ള മാതൃകയാണ്, ചികിത്സാ തീരുമാന സഹായമല്ല. പ്രോംപ്റ്റുകൾ സാധാരണ രേഖപ്പെടുത്തുന്ന കാര്യങ്ങൾ വിവരിക്കുന്നു; ഉപദേശമല്ല. ഉപകരണങ്ങൾ പൂരിപ്പിക്കേണ്ട ഫീൽഡുകളായല്ല, ബാധകമായ സാഹചര്യങ്ങളോടെയാണ് നൽകുന്നത്.",,Pending,,
"A missing, zero or malformed limit resolves to the server's default rather than to no limit at all — which is why","A missing, zero or malformed limit resolves to the server's default rather than to no limit at all — which is why",നൽകാത്തതോ പൂജ്യമോ തെറ്റായതോ ആയ പരിധിക്ക് സെർവറിന്റെ ഡിഫോൾട്ട് ബാധകമാകും; പരിധിയില്ലാതാകില്ല — അതിനാൽ,,Pending,,
ui.a.missing.zero.or.malformed.limit.resolves.to.the.server.fafc05f4,"A missing, zero or malformed limit resolves to the server's default rather than to no limit at all — which is why ",നൽകാത്തതോ പൂജ്യമോ തെറ്റായതോ ആയ പരിധിക്ക് സെർവറിന്റെ ഡിഫോൾട്ട് ബാധകമാകും; പരിധിയില്ലാതാകില്ല — അതിനാൽ ,,Pending,,
A percentage cannot be above 100.,A percentage cannot be above 100.,ശതമാനം 100-ൽ കൂടുതലാകരുത്.,,Pending,,
api.message.a9180a9049d3,A product and page are required.,ഉൽപ്പന്നവും പേജും ആവശ്യമാണ്.,,Pending,,
api.message.0b3462597a97,"A product, page and saved record are required.",ഉൽപ്പന്നവും പേജും സംരക്ഷിച്ച റെക്കോർഡും ആവശ്യമാണ്.,,Pending,,
A quote must start at the beginning of a CSV cell.,A quote must start at the beginning of a CSV cell.,ഉദ്ധരണി ചിഹ്നം CSV സെല്ലിന്റെ തുടക്കത്തിലായിരിക്കണം.,,Pending,,
api.message.662591b216a1,A record cannot link to itself.,ഒരു റെക്കോർഡിനെ അതുമായി തന്നെ ബന്ധിപ്പിക്കാനാകില്ല.,,Pending,,
A record with this value already exists,A record with this value already exists,ഈ മൂല്യമുള്ള രേഖ ഇതിനകം ഉണ്ട്,,Pending,,
ui.a.recovery.draft.is.available.from.567e101f,A recovery draft is available from,"വീണ്ടെടുക്കൽ ഡ്രാഫ്റ്റ് ലഭ്യമാണ്, ഉറവിടം",,Pending,,
ui.a.reference.list.could.not.be.loaded.a1e0d208,A reference list could not be loaded.,റഫറൻസ് പട്ടിക ലോഡ് ചെയ്യാനായില്ല.,,Pending,,
api.message.2269aa17a223,A saved view needs a pageId and filters.,സംരക്ഷിച്ച കാഴ്ചയ്ക്ക് pageId-യും ഫിൽട്ടറുകളും ആവശ്യമാണ്.,,Pending,,
api.message.fca081b77fa4,A search needs a pageId.,തിരയാൻ pageId ആവശ്യമാണ്.,,Pending,,
ui.a.shared.schema.driven.component.platform.for.erp.master.35e8912f,"A shared, schema-driven component platform for ERP masters, transactions, worklists, reports and utilities. Pages compose reusable controls instead of duplicating markup or visual rules.","ERP മാസ്റ്ററുകൾ, ഇടപാടുകൾ, പട്ടികകൾ, റിപ്പോർട്ടുകൾ, ഉപകരണങ്ങൾ എന്നിവയ്ക്കുള്ള പങ്കിട്ട സ്കീമ അധിഷ്ഠിത ഘടക പ്ലാറ്റ്ഫോം. പേജുകൾ വീണ്ടും ഉപയോഗിക്കാവുന്ന നിയന്ത്രണങ്ങളിൽ നിന്നാണ് നിർമ്മിക്കുന്നത്.",,Pending,,
ui.a.standard.accessible.toggle.contract.a5e4bf2f,A standard accessible toggle contract.,പ്രവേശനക്ഷമതയുള്ള സാധാരണ ടോഗിൾ സംവിധാനം.,,Pending,,
ui.a.supported.level.not.a.submitted.code.final.selection.r.32ace8f6,"A supported level, not a submitted code. Final selection rests with the clinician or coder against current guidance, medical necessity and payer rules.","ഇത് പിന്തുണയ്ക്കുന്ന നിലയാണ്, സമർപ്പിച്ച കോഡല്ല. നിലവിലെ മാർഗനിർദേശം, ചികിത്സാ ആവശ്യകത, പണം നൽകുന്ന കക്ഷിയുടെ നിയമങ്ങൾ എന്നിവ അനുസരിച്ച് ചികിത്സകനോ കോഡറോ അന്തിമമായി തിരഞ്ഞെടുക്കണം.",,Pending,,
ui.a.tenant.setting.this.tenant.is.configured.for.the.uae.w.9f64c95a,"A tenant setting. This tenant is configured for the UAE, where E/M levels do not apply, so the default is none.",ഇത് ടെനന്റ് ക്രമീകരണമാണ്. ഈ ടെനന്റ് യുഎഇയ്ക്കാണ്; E/M നിലകൾ ബാധകമല്ലാത്തതിനാൽ ഡിഫോൾട്ട് ഒന്നുമില്ല.,,Pending,,
api.message.23461961caf0,A valid import identifier is required.,സാധുവായ ഇറക്കുമതി ഐഡി ആവശ്യമാണ്.,,Pending,,
api.message.fd524d32ebf1,A version and operation id are required.,പതിപ്പും പ്രവർത്തന ഐഡിയും ആവശ്യമാണ്.,,Pending,,
AED 2.1M due this week,AED 2.1M due this week,ഈ ആഴ്ച AED 2.1M അടയ്ക്കണം,,Pending,,
AED 218K unfavorable variance despite 4.1% period growth.,AED 218K unfavorable variance despite 4.1% period growth.,4.1% കാലയളവ് വളർച്ചയുണ്ടെങ്കിലും AED 218K പ്രതികൂല വ്യത്യാസം.,,Pending,,
AED 3.1M overdue,AED 3.1M overdue,AED 3.1M കുടിശ്ശിക,,Pending,,
AED 4.6M value,AED 4.6M value,മൂല്യം AED 4.6M,,Pending,,
AED — UAE dirham,AED — UAE dirham,AED — യുഎഇ ദിർഹം,,Pending,,
AED • UAE Dirham,AED • UAE Dirham,AED • യുഎഇ ദിർഹം,,Pending,,
menu.library.ai-administration.label,AI Administration,എഐ ഭരണനിർവഹണം,,Pending,,
menu.library.ai-assistant.label,AI Assistant,എഐ സഹായി,,Pending,,
ui.ai.assistant.ab6eb4ac,AI assistant,എഐ അസിസ്റ്റന്റ്,,Pending,,
AI assistant — {count} available here,AI assistant — {count} available here,AI സഹായി — ഇവിടെ {count} ലഭ്യമാണ്,,Pending,,
menu.finance.ar-aging.label,AR Aging,ലഭിക്കാനുള്ള തുകയുടെ കാലപ്പഴക്കം,,Pending,,
Abdomen and neurology,Abdomen and neurology,ഉദരവും നാഡീവ്യവസ്ഥയും,,Pending,,
Abdominal tenderness,Abdominal tenderness,വയറിൽ തൊടുമ്പോഴുള്ള വേദന,,Pending,,
"Abnormal ECG, echo or troponin","Abnormal ECG, echo or troponin","അസാധാരണ ECG, എക്കോ, ട്രോപോണിൻ",,Pending,,
Abnormal Result,Abnormal Result,അസാധാരണ ഫലം,,Pending,,
Abnormal paediatric result,Abnormal paediatric result,അസാധാരണ ശിശു പരിശോധനാഫലം,,Pending,,
Abnormal radiograph or MRI,Abnormal radiograph or MRI,അസാധാരണ എക്സ്റേ അല്ലെങ്കിൽ MRI,,Pending,,
Abnormal screening result,Abnormal screening result,അസാധാരണ സ്ക്രീനിംഗ് ഫലം,,Pending,,
Abnormal ultrasound or screening result,Abnormal ultrasound or screening result,അസാധാരണ അൾട്രാസൗണ്ട് അല്ലെങ്കിൽ സ്ക്രീനിംഗ് ഫലം,,Pending,,
Above 85% threshold,Above 85% threshold,85% പരിധിക്ക് മുകളിൽ,,Pending,,
Abu Dhabi contributes 44.8%,Abu Dhabi contributes 44.8%,അബുദാബിയുടെ വിഹിതം 44.8%,,Pending,,
section.user.access.title,Access & roles,പ്രവേശനവും റോളുകളും,,Pending,,
Access not permitted,Access not permitted,പ്രവേശനം അനുവദനീയമല്ല,,Pending,,
field.user.validFrom.label,Access valid from,പ്രവേശനം ആരംഭിക്കുന്നത്,,Pending,,
field.user.validTo.label,Access valid until,പ്രവേശനം അവസാനിക്കുന്നത്,,Pending,,
menu.library.accessibility.label,Accessibility,പ്രവേശനക്ഷമത,,Pending,,
Accessibility fixes,Accessibility fixes,പ്രവേശനക്ഷമതാ പരിഹാരങ്ങൾ,,Pending,,
Accessibility score,Accessibility score,പ്രവേശനക്ഷമതാ സ്കോർ,,Pending,,
field.user.branches.label,Accessible branches,പ്രവേശിക്കാവുന്ന ശാഖകൾ,,Pending,,
ui.account.manager.85c0ca88,Account manager,അക്കൗണ്ട് മാനേജർ,,Pending,,
field.user.status.label,Account status,അക്കൗണ്ട് നില,,Pending,,
Accounting,Accounting,അക്കൗണ്ടിംഗ്,,Pending,,
page.ar-aging-report.title,Accounts Receivable Aging,ലഭിക്കാനുള്ള അക്കൗണ്ടുകളുടെ കാലപ്പഴക്കം,,Pending,,
Across 12 accounts,Across 12 accounts,12 അക്കൗണ്ടുകളിലായി,,Pending,,
Across 5 ERP modules,Across 5 ERP modules,5 ERP മൊഡ്യൂളുകളിലായി,,Pending,,
Across 9 warehouses,Across 9 warehouses,9 വെയർഹൗസുകളിലായി,,Pending,,
Action plan active,Action plan active,നടപടി പദ്ധതി സജീവം,,Pending,,
ui.action.queue.7ee1e24e,Action queue,നടപടി ക്യൂ,,Pending,,
Action required,Action required,നടപടി ആവശ്യമാണ്,,Pending,,
ui.action.unavailable.for.your.role.57f0713e,Action unavailable for your role,നിങ്ങളുടെ റോളിന് ഈ നടപടി ലഭ്യമല്ല,,Pending,,
Actionable and traceable to each problem,Actionable and traceable to each problem,ഓരോ പ്രശ്നവുമായി ബന്ധമുള്ളതും നടപ്പാക്കാവുന്നതും,,Pending,,
ui.actions.ff8059dc,Actions,നടപടികൾ,,Pending,,
Active,Active,സജീവം,,Pending,,
Active range,Active range,സ്വയം ചലിപ്പിക്കാവുന്ന പരിധി,,Pending,,
Active workforce,Active workforce,സജീവ ജീവനക്കാർ,,Pending,,
Activity,Activity,പ്രവർത്തനം,,Pending,,
Activity level,Activity level,പ്രവർത്തന നില,,Pending,,
ui.actual.versus.trajectory.refreshed.four.minutes.ago.9151a52f,Actual versus trajectory • refreshed four minutes ago,യഥാർത്ഥവും പ്രതീക്ഷിതവും • നാല് മിനിറ്റ് മുമ്പ് പുതുക്കി,,Pending,,
column.patient-master.acuity.label,Acuity,അവസ്ഥയുടെ തീവ്രത,,Pending,,
Acute Symptom,Acute Symptom,തീവ്ര ലക്ഷണം,,Pending,,
"Acute mood, anxiety or behavioural concern","Acute mood, anxiety or behavioural concern","തീവ്ര മാനസികാവസ്ഥാ, ഉത്കണ്ഠാ, പെരുമാറ്റ പ്രശ്നം",,Pending,,
api.message.a05cf5bf7750,Add a submission comment (up to 4000 characters).,സമർപ്പണ കുറിപ്പ് ചേർക്കുക (പരമാവധി 4000 അക്ഷരങ്ങൾ).,,Pending,,
ui.add.attachment.maximum.2.mb.88f8a023,Add attachment (maximum 2 MB),അറ്റാച്ച്മെന്റ് ചേർക്കുക (പരമാവധി 2 MB),,Pending,,
ui.add.line.a922dc85,Add line,ലൈൻ ചേർക്കുക,,Pending,,
ui.add.payment.cf9d06f9,Add payment,പണമടയ്ക്കൽ ചേർക്കുക,,Pending,,
ui.add.stage.76fa771d,Add stage,ഘട്ടം ചേർക്കുക,,Pending,,
api.message.0d151c729633,Added a comment,കുറിപ്പ് ചേർത്തു,,Pending,,
api.message.8ed8d26e582f,Added an attachment,അറ്റാച്ച്മെന്റ് ചേർത്തു,,Pending,,
Added by the patient-context layer,Added by the patient-context layer,രോഗിയുടെ സാഹചര്യ തലത്തിൽ നിന്ന് ചേർത്തത്,,Pending,,
section.hr-dashboard.details.description,Additional business information.,അധിക ബിസിനസ് വിവരങ്ങൾ.,,Pending,,
Address,Address,വിലാസം,,Pending,,
Address line 1,Address line 1,വിലാസ വരി 1,,Pending,,
Address line 2,Address line 2,വിലാസ വരി 2,,Pending,,
Adherence,Adherence,പാലിക്കൽ,,Pending,,
Adjustments,Adjustments,ക്രമീകരണങ്ങൾ,,Pending,,
field.user.notes.label,Administrative notes,ഭരണപരമായ കുറിപ്പുകൾ,,Pending,,
section.user.audit.description,Administrative reason and record ownership.,ഭരണപരമായ കാരണവും രേഖയുടെ ഉടമസ്ഥതയും.,,Pending,,
menu.healthcare.admission-worklist.label,Admissions,ആശുപത്രി പ്രവേശനങ്ങൾ,,Pending,,
menu.healthcare.hc-access.label,Admissions & Visits,പ്രവേശനങ്ങളും സന്ദർശനങ്ങളും,,Pending,,
column.patient-master.admitted.label,Admitted,പ്രവേശിപ്പിച്ചു,,Pending,,
Adult,Adult,മുതിർന്നയാൾ,,Pending,,
Adult context: age and sex rules apply only where clinically relevant.,Adult context: age and sex rules apply only where clinically relevant.,മുതിർന്നവരുടെ സാഹചര്യം: ചികിത്സാപരമായി പ്രസക്തമായിടത്ത് മാത്രം പ്രായ ലിംഗ നിയമങ്ങൾ ബാധകം.,,Pending,,
ui.advanced.filters.db332598,Advanced filters,വിപുലമായ ഫിൽട്ടറുകൾ,,Pending,,
api.approval.advanced,Advanced to {stage},{stage} ഘട്ടത്തിലേക്ക് മുന്നേറി,,Pending,,
Affect,Affect,വൈകാരിക പ്രകടനം,,Pending,,
"Age-adjusted observation, growth, development and hydration","Age-adjusted observation, growth, development and hydration","പ്രായാനുസൃത നിരീക്ഷണം, വളർച്ച, വികാസം, ജലാംശം",,Pending,,
Age-appropriate milestones,Age-appropriate milestones,പ്രായാനുസൃത വികാസ ഘട്ടങ്ങൾ,,Pending,,
Aggregation,Aggregation,ഏകീകരണം,,Pending,,
Air entry,Air entry,വായു പ്രവേശനം,,Pending,,
Alignment,Alignment,വിന്യാസം,,Pending,,
ui.all.a52ace42,All,എല്ലാം,,Pending,,
All available,All available,ലഭ്യമായവയെല്ലാം,,Pending,,
ui.all.defaults.10313df3,All defaults,എല്ലാ ഡിഫോൾട്ടുകളും,,Pending,,
All messages marked as read,All messages marked as read,എല്ലാ സന്ദേശങ്ങളും വായിച്ചതായി അടയാളപ്പെടുത്തി,,Pending,,
All notifications marked as read,All notifications marked as read,എല്ലാ അറിയിപ്പുകളും വായിച്ചതായി അടയാളപ്പെടുത്തി,,Pending,,
ui.all.rows.8e4d5816,All rows,എല്ലാ വരികളും,,Pending,,
All stages,All stages,എല്ലാ ഘട്ടങ്ങളും,,Pending,,
All statuses,All statuses,എല്ലാ നിലകളും,,Pending,,
ui.all.systems.operational.39bd8d49,All systems operational,എല്ലാ സിസ്റ്റങ്ങളും പ്രവർത്തിക്കുന്നു,,Pending,,
All widgets are synchronized with mock data.,All widgets are synchronized with mock data.,എല്ലാ വിഡ്ജറ്റുകളും മാതൃകാ ഡാറ്റയുമായി സമന്വയിപ്പിച്ചു.,,Pending,,
field.consultation.allergies.label,Allergies,അലർജികൾ,,Pending,,
ui.allocation.summary.a758856b,Allocation summary,വിഹിത സംഗ്രഹം,,Pending,,
Allowances,Allowances,അലവൻസുകൾ,,Pending,,
ui.alternate.rows.are.tinted.2acedabc,Alternate rows are tinted.,ഒന്നിടവിട്ട വരികൾക്ക് നിറം നൽകുന്നു.,,Pending,,
Ambient recording,Ambient recording,ആംബിയന്റ് റെക്കോർഡിംഗ്,,Pending,,
Amount,Amount,തുക,,Pending,,
An age and development-appropriate instrument.,An age and development-appropriate instrument.,പ്രായത്തിനും വികാസത്തിനും അനുയോജ്യമായ ഉപകരണം.,,Pending,,
api.message.c9346fe7104f,An edit needs a column.,തിരുത്താൻ കോളം ആവശ്യമാണ്.,,Pending,,
api.message.34f015c02805,An edit needs a page and a record.,തിരുത്താൻ പേജും റെക്കോർഡും ആവശ്യമാണ്.,,Pending,,
api.message.a71b0fc75b0e,An export record needs a pageId.,കയറ്റുമതി റെക്കോർഡിന് pageId ആവശ്യമാണ്.,,Pending,,
api.message.3fc3fc0d5316,An operation identifier is required.,പ്രവർത്തന ഐഡി ആവശ്യമാണ്.,,Pending,,
Analgesic or anti-inflammatory review,Analgesic or anti-inflammatory review,വേദനസംഹാരി അല്ലെങ്കിൽ വീക്കം കുറയ്ക്കുന്ന മരുന്ന് പരിശോധന,,Pending,,
menu.pharmacy.rx-reports.label,Analysis,വിശകലനം,,Pending,,
menu.hr.hr-analytics.label,Analytics,വിശകലനങ്ങൾ,,Pending,,
ui.animations.7f7c3306,Animations,ആനിമേഷനുകൾ,,Pending,,
Antenatal or gynaecological follow-up,Antenatal or gynaecological follow-up,ഗർഭകാല അല്ലെങ്കിൽ സ്ത്രീരോഗ തുടർപരിശോധന,,Pending,,
Anticoagulant or cardiac medication review,Anticoagulant or cardiac medication review,ആന്റികോഗുലന്റ് അല്ലെങ്കിൽ ഹൃദയ മരുന്ന് പരിശോധന,,Pending,,
Anxiety,Anxiety,ഉത്കണ്ഠ,,Pending,,
Anxiety instrument,Anxiety instrument,ഉത്കണ്ഠ വിലയിരുത്തൽ ഉപകരണം,,Pending,,
Appearance,Appearance,രൂപഭാവം,,Pending,,
Appearance and behaviour,Appearance and behaviour,രൂപവും പെരുമാറ്റവും,,Pending,,
Appetite,Appetite,വിശപ്പ്,,Pending,,
Application shell,Application shell,ആപ്ലിക്കേഷൻ ഷെൽ,,Pending,,
Applied,Applied,പ്രയോഗിച്ചു,,Pending,,
ui.applied.wherever.a.value.is.rendered.worklists.cards.pre.38999a3f,"Applied wherever a value is rendered: worklists, cards, previews, reports and billing.","പ്രവർത്തന പട്ടികകൾ, കാർഡുകൾ, പ്രിവ്യൂകൾ, റിപ്പോർട്ടുകൾ, ബില്ലിംഗ് എന്നിവയിൽ മൂല്യങ്ങൾ പ്രദർശിപ്പിക്കുന്നിടത്തെല്ലാം ബാധകം.",,Pending,,
ui.applies.to.menus.actions.and.messages.3d1258c8,"Applies to menus, actions and messages.",മെനുകൾക്കും നടപടികൾക്കും സന്ദേശങ്ങൾക്കും ബാധകം.,,Pending,,
ui.apply.31e392d1,Apply,പ്രയോഗിക്കുക,,Pending,,
menu.healthcare.appointment-worklist.label,Appointments,അപ്പോയിന്റ്മെന്റുകൾ,,Pending,,
menu.finance.fin-approvals.label,Approval Matrix,അംഗീകാര പട്ടിക,,Pending,,
menu.sales.sales-approval.label,Approval Rules,അംഗീകാര നിയമങ്ങൾ,,Pending,,
menu.hr.hr-workflow.label,Approval Workflow,അംഗീകാര പ്രവർത്തനക്രമം,,Pending,,
menu.hr.approval-worklist.label,Approval Worklist,അംഗീകാര പ്രവൃത്തിപ്പട്ടിക,,Pending,,
api.message.cee9d59bb0c9,Approval changed. Refresh before submitting.,അംഗീകാരം മാറിയിരിക്കുന്നു. സമർപ്പിക്കുന്നതിന് മുമ്പ് പുതുക്കുക.,,Pending,,
Approval comment,Approval comment,അംഗീകാര അഭിപ്രായം,,Pending,,
api.message.7bfd165bb87e,Approval could not be confirmed. Retry the same action to recover its result.,അംഗീകാരം സ്ഥിരീകരിക്കാനായില്ല. ഫലം ലഭിക്കാൻ അതേ പ്രവർത്തനം വീണ്ടും ശ്രമിക്കുക.,,Pending,,
ui.approval.history.for.9208c99b,Approval history for,അംഗീകാര ചരിത്രം,,Pending,,
ui.approval.inbox.a670f0ac,Approval inbox,അംഗീകാര ഇൻബോക്സ്,,Pending,,
ui.approval.ownership.61a992d1,Approval ownership,അംഗീകാര ഉടമസ്ഥത,,Pending,,
api.message.3a5a633e9ec3,Approval request is too large or invalid.,അംഗീകാര അഭ്യർത്ഥന വളരെ വലുതാണ് അല്ലെങ്കിൽ അസാധുവാണ്.,,Pending,,
field.hr-dashboard.approvalRequired.label,Approval required,അംഗീകാരം ആവശ്യമാണ്,,Pending,,
ui.approval.stage.19f10a3e,Approval stage,അംഗീകാര ഘട്ടം,,Pending,,
ui.approval.stages.1faaedac,Approval stages,അംഗീകാര ഘട്ടങ്ങൾ,,Pending,,
ui.approval.status.5a66175a,Approval status,അംഗീകാര നില,,Pending,,
ui.approve.6007acbe,Approve,അംഗീകരിക്കുക,,Pending,,
ui.approve.selected.86372811,Approve selected,തിരഞ്ഞെടുത്തവ അംഗീകരിക്കുക,,Pending,,
api.approval.approved,Approved,അംഗീകരിച്ചു,,Pending,,
Approved plan,Approved plan,അംഗീകരിച്ച പദ്ധതി,,Pending,,
Apr,Apr,ഏപ്രിൽ,,Pending,,
field.user.language.option.ar,Arabic,അറബിക്,,Pending,,
ui.arabic.switches.the.whole.layout.to.right.to.left.e8b2231e,Arabic switches the whole layout to right-to-left,അറബിക് വിന്യാസം വലത്തുനിന്ന് ഇടത്തേക്ക് മാറ്റുന്നു,,Pending,,
ui.archive.66f4804e,Archive,ആർക്കൈവ് ചെയ്യുക,,Pending,,
ui.archive.results.f0345b60,Archive results,ഫലങ്ങൾ ആർക്കൈവ് ചെയ്യുക,,Pending,,
Archive {count} records?,Archive {count} records?,{count} റെക്കോർഡുകൾ ആർക്കൈവ് ചെയ്യണോ?,,Pending,,
Archived,Archived,ആർക്കൈവ് ചെയ്തു,,Pending,,
ui.arrange.open.records.as.movable.windows.with.a.taskbar.i.dd2f78aa,"Arrange open records as movable windows with a taskbar, instead of tabs.",തുറന്ന രേഖകൾ ടാബുകൾക്ക് പകരം ടാസ്ക്ബാറോടുകൂടിയ നീക്കാവുന്ന വിൻഡോകളിൽ ക്രമീകരിക്കുക.,,Pending,,
ui.ask.before.archiving.selected.records.36e82503,Ask before archiving selected records.,തിരഞ്ഞെടുത്ത രേഖകൾ ആർക്കൈവ് ചെയ്യുന്നതിനു മുമ്പ് ചോദിക്കുക.,,Pending,,
ui.ask.something.else.6b2e237d,Ask something else,മറ്റെന്തെങ്കിലും ചോദിക്കുക,,Pending,,
ui.ask.whoever.sent.it.to.share.it.again.dfea0fdc,Ask whoever sent it to share it again.,അയച്ച വ്യക്തിയോട് വീണ്ടും പങ്കിടാൻ ആവശ്യപ്പെടുക.,,Pending,,
ui.assembly.is.truncated.to.this.5d3886f2,Assembly is truncated to this.,സംയോജനം ഈ പരിധിയിൽ ചുരുക്കുന്നു.,,Pending,,
section.consultation.assessment.title,Assessment and plan,വിലയിരുത്തലും പദ്ധതിയും,,Pending,,
Assessment and problems,Assessment and problems,വിലയിരുത്തലും പ്രശ്നങ്ങളും,,Pending,,
field.user.roles.label,Assigned roles,നൽകിയ റോളുകൾ,,Pending,,
section.hr-dashboard.assignment.title,Assignment,ചുമതല നൽകൽ,,Pending,,
ui.assistant.command.b33c0ecb,Assistant command,അസിസ്റ്റന്റ് കമാൻഡ്,,Pending,,
ui.assistant.not.enabled.here.select.manually.258baf78,Assistant not enabled here — select manually,ഇവിടെ അസിസ്റ്റന്റ് സജീവമല്ല — സ്വയം തിരഞ്ഞെടുക്കുക,,Pending,,
"Asthma, growth or chronic condition review","Asthma, growth or chronic condition review","ആസ്ത്മ, വളർച്ച, ദീർഘകാല അവസ്ഥ എന്നിവയുടെ പരിശോധന",,Pending,,
At-risk renewals,At-risk renewals,അപകടസാധ്യതയുള്ള പുതുക്കലുകൾ,,Pending,,
Atrial fibrillation and anticoagulation decisions only.,Atrial fibrillation and anticoagulation decisions only.,ഏട്രിയൽ ഫൈബ്രിലേഷനും ആന്റികോഗുലേഷൻ തീരുമാനങ്ങൾക്കും മാത്രം.,,Pending,,
api.message.4a8d45c019e6,Attachment is no longer available.,അറ്റാച്ച്മെന്റ് ഇനി ലഭ്യമല്ല.,,Pending,,
Attachments,Attachments,അറ്റാച്ച്മെന്റുകൾ,,Pending,,
menu.hr.attendance-adjustment.label,Attendance Adjustment,ഹാജർ ക്രമീകരണം,,Pending,,
menu.hr.attendance-anomalies.label,Attendance Anomalies,ഹാജർ വ്യതിയാനങ്ങൾ,,Pending,,
menu.hr.attendance-report.label,Attendance Report,ഹാജർ റിപ്പോർട്ട്,,Pending,,
Attendance today,Attendance today,ഇന്നത്തെ ഹാജർ,,Pending,,
Attention,Attention,ശ്രദ്ധ,,Pending,,
Attrition,Attrition,ജീവനക്കാരുടെ കൊഴിഞ്ഞുപോക്ക്,,Pending,,
section.hr-dashboard.audit.title,Audit,ഓഡിറ്റ്,,Pending,,
section.user.audit.title,Audit & notes,ഓഡിറ്റും കുറിപ്പുകളും,,Pending,,
ui.audit.workflow.c377a4b4,Audit & workflow,ഓഡിറ്റും പ്രവർത്തനക്രമവും,,Pending,,
ui.audit.protected.bdca2f73,Audit protected,ഓഡിറ്റ് സംരക്ഷിതം,,Pending,,
field.hr-dashboard.tags.option.audited,Audited,ഓഡിറ്റ് ചെയ്തു,,Pending,,
Aug,Aug,ഓഗസ്റ്റ്,,Pending,,
section.user.security.description,"Authentication, session and risk controls.","പ്രാമാണീകരണം, സെഷൻ, അപകടസാധ്യത എന്നിവയുടെ നിയന്ത്രണങ്ങൾ.",,Pending,,
ui.authorization.reference.80c41154,Authorization reference,അനുമതി റഫറൻസ്,,Pending,,
field.hr-dashboard.code.placeholder,Auto or manual code,സ്വയമേവയുള്ള അല്ലെങ്കിൽ മാനുവൽ കോഡ്,,Pending,,
ui.automated.observations.from.the.result.d9d51cbd,Automated observations from the result,ഫലത്തിൽ നിന്നുള്ള സ്വയമേവയുള്ള നിരീക്ഷണങ്ങൾ,,Pending,,
ui.automations.approvals.and.exceptions.c369ab08,"Automations, approvals and exceptions","സ്വയമേവയുള്ള പ്രവർത്തനങ്ങൾ, അംഗീകാരങ്ങൾ, ഒഴിവുകൾ",,Pending,,
column.product-master.stock.label,Available,ലഭ്യമാണ്,,Pending,,
Average deal,Average deal,ശരാശരി ഇടപാട്,,Pending,,
Average dispense time,Average dispense time,ശരാശരി വിതരണ സമയം,,Pending,,
Average length of stay,Average length of stay,ശരാശരി താമസദൈർഘ്യം,,Pending,,
Awaiting dispense,Awaiting dispense,വിതരണം കാത്തിരിക്കുന്നു,,Pending,,
Awaiting my decision,Awaiting my decision,എന്റെ തീരുമാനത്തിനായി കാത്തിരിക്കുന്നു,,Pending,,
Awaiting notes,Awaiting notes,കുറിപ്പുകൾ കാത്തിരിക്കുന്നു,,Pending,,
Awaiting pre-authorisation,Awaiting pre-authorisation,മുൻകൂർ അനുമതി കാത്തിരിക്കുന്നു,,Pending,,
ui.back.76900f1b,Back,തിരികെ,,Pending,,
column.billing-entry.balance.label,Balance,ബാക്കി,,Pending,,
menu.finance.balance-sheet.label,Balance Sheet,ബാലൻസ് ഷീറ്റ്,,Pending,,
ui.balance.after.payments.765e3dbc,Balance after payments,പണമടയ്ക്കലിനു ശേഷമുള്ള ബാക്കി,,Pending,,
Balance due,Balance due,അടയ്ക്കാനുള്ള ബാക്കി,,Pending,,
menu.finance.bank-master.label,Bank & Cash,ബാങ്കും പണവും,,Pending,,
menu.payroll.bank-format.label,Bank File Format,ബാങ്ക് ഫയൽ രൂപം,,Pending,,
menu.finance.bank-reconciliation.label,Bank Reconciliation,ബാങ്ക് അനുരഞ്ജനം,,Pending,,
Bank cutoff approaching,Bank cutoff approaching,ബാങ്ക് അവസാന സമയം അടുക്കുന്നു,,Pending,,
Bank feed,Bank feed,ബാങ്ക് ഫീഡ്,,Pending,,
Bank feed completed,Bank feed completed,ബാങ്ക് ഫീഡ് പൂർത്തിയായി,,Pending,,
Bank files,Bank files,ബാങ്ക് ഫയലുകൾ,,Pending,,
ui.bar.theme.26db6f6f,Bar theme,ബാർ തീം,,Pending,,
ui.bar.tone.c247daba,Bar tone,ബാർ വർണ്ണശൈലി,,Pending,,
ui.base.font.size.fa598af2,Base font size,അടിസ്ഥാന ഫോണ്ട് വലുപ്പം,,Pending,,
Base salary,Base salary,അടിസ്ഥാന ശമ്പളം,,Pending,,
Baseline history,Baseline history,അടിസ്ഥാന ചരിത്രം,,Pending,,
menu.pharmacy.batch-expiry.label,Batch & Expiry,ബാച്ചും കാലാവധിയും,,Pending,,
Batch quarantined,Batch quarantined,ബാച്ച് ഒറ്റപ്പെടുത്തി,,Pending,,
menu.healthcare.bed-management.label,Bed Management,കിടക്ക പരിപാലനം,,Pending,,
menu.healthcare.occupancy-report.label,Bed Occupancy,കിടക്ക ഉപയോഗം,,Pending,,
Bed capacity warning,Bed capacity warning,കിടക്ക ശേഷി മുന്നറിയിപ്പ്,,Pending,,
Bed occupancy,Bed occupancy,കിടക്ക ഉപയോഗം,,Pending,,
Behaviour,Behaviour,പ്രവർത്തനം,,Pending,,
ui.below.the.lowest.time.band.no.level.is.supported.on.time.6475301f,Below the lowest time band — no level is supported on time alone.,ഏറ്റവും കുറഞ്ഞ സമയപരിധിയിലും താഴെ — സമയം മാത്രം അടിസ്ഥാനമാക്കി നില പിന്തുണയ്ക്കുന്നില്ല.,,Pending,,
menu.payroll.benefit-plan.label,Benefit Plan,ആനുകൂല്യ പദ്ധതി,,Pending,,
Benefits,Benefits,ആനുകൂല്യങ്ങൾ,,Pending,,
ui.bill.to.9ec78118,Bill to,ബിൽ ലഭിക്കുന്നത്,,Pending,,
ui.bill.to.party.contact.delivery.and.credit.profile.35609547,"Bill-to party, contact, delivery and credit profile.","ബിൽ ലഭിക്കുന്ന കക്ഷി, ബന്ധപ്പെടാനുള്ള വിവരങ്ങൾ, വിതരണം, ക്രെഡിറ്റ് വിവരങ്ങൾ.",,Pending,,
ui.billing.3ac8bbca,Billing,ബില്ലിംഗ്,,Pending,,
Billing & Receipts,Billing & Receipts,ബില്ലിംഗും രസീതുകളും,,Pending,,
Billing Entry,Billing Entry,ബില്ലിംഗ് എൻട്രി,,Pending,,
menu.finance.billing-worklist.label,Billing Worklist,ബില്ലിംഗ് പ്രവൃത്തിപ്പട്ടിക,,Pending,,
menu.library.billing-patterns.label,Billing Workspace,ബില്ലിംഗ് പ്രവർത്തനമേഖല,,Pending,,
ui.billing.address.1f516acc,Billing address,ബില്ലിംഗ് വിലാസം,,Pending,,
section.customer.address.description,Billing and registered location.,ബില്ലിംഗ് വിലാസവും രജിസ്റ്റർ ചെയ്ത വിലാസവും.,,Pending,,
ui.billing.details.7c928c71,Billing details,ബില്ലിംഗ് വിവരങ്ങൾ,,Pending,,
ui.billing.layout.13fe7207,Billing layout,ബില്ലിംഗ് വിന്യാസം,,Pending,,
ui.billing.workspace.layout.54522c95,Billing workspace layout,ബില്ലിംഗ് വർക്ക്‌സ്‌പേസ് വിന്യാസം,,Pending,,
page.finance-dashboard.subtitle,"Billing, ledger, receivables, payables, taxation and financial control","ബില്ലിംഗ്, ലെഡ്ജർ, കിട്ടാനുള്ളതും നൽകാനുള്ളതുമായ തുകകൾ, നികുതി, ധനകാര്യ നിയന്ത്രണം",,Pending,,
Bimanual if indicated,Bimanual if indicated,ആവശ്യമെങ്കിൽ ഇരുകൈ പരിശോധന,,Pending,,
Birth and development,Birth and development,ജനനവും വികാസവും,,Pending,,
Bleeding,Bleeding,രക്തസ്രാവം,,Pending,,
Bleeding severity,Bleeding severity,രക്തസ്രാവ തീവ്രത,,Pending,,
field.consultation.bloodPressure.label,Blood pressure,രക്തസമ്മർദ്ദം,,Pending,,
Bone health and mobility review,Bone health and mobility review,അസ്ഥി ആരോഗ്യവും ചലനശേഷിയും പരിശോധിക്കൽ,,Pending,,
Booked revenue,Booked revenue,രേഖപ്പെടുത്തിയ വരുമാനം,,Pending,,
Both,Both,രണ്ടും,,Pending,,
Bottom center,Bottom center,താഴെ മധ്യത്തിൽ,,Pending,,
Bottom left,Bottom left,താഴെ ഇടത്,,Pending,,
Bottom right,Bottom right,താഴെ വലത്,,Pending,,
ui.branch.52656e81,Branch,ശാഖ,,Pending,,
Branch Managers,Branch Managers,ശാഖാ മാനേജർമാർ,,Pending,,
ui.branch.performance.8d460147,Branch performance,ശാഖാ പ്രകടനം,,Pending,,
Bright enterprise workspace,Bright enterprise workspace,പ്രകാശമുള്ള സ്ഥാപന വർക്ക്‌സ്‌പേസ്,,Pending,,
Browse,Browse,ബ്രൗസ് ചെയ്യുക,,Pending,,
ui.budget.1c6225ec,Budget,ബജറ്റ്,,Pending,,
Budget / target,Budget / target,ബജറ്റ് / ലക്ഷ്യം,,Pending,,
menu.library.bulk-operations.label,Bulk Operations,കൂട്ട നടപടികൾ,,Pending,,
Bulk decision comment,Bulk decision comment,കൂട്ട തീരുമാനത്തിന്റെ അഭിപ്രായം,,Pending,,
field.user.email.label,Business email,ബിസിനസ് ഇമെയിൽ,,Pending,,
Button,Button,ബട്ടൺ,,Pending,,
ui.by.decision.making.665d31a2,By decision making,തീരുമാനത്തിന്റെ അടിസ്ഥാനത്തിൽ,,Pending,,
ui.by.total.time.20ea7bc0,By total time,മൊത്തം സമയത്തിന്റെ അടിസ്ഥാനത്തിൽ,,Pending,,
ui.csv.preview.first.5.data.rows.ecc688e2,CSV preview · first 5 data rows,CSV പ്രിവ്യൂ · ആദ്യ 5 വരികൾ,,Pending,,
ui.csv.row.preview.e4755004,CSV row preview,CSV വരികളുടെ പ്രിവ്യൂ,,Pending,,
CSV — opens anywhere,CSV — opens anywhere,CSV — എവിടെയും തുറക്കാം,,Pending,,
CUS-1042 updated successfully.,CUS-1042 updated successfully.,CUS-1042 വിജയകരമായി പുതുക്കി.,,Pending,,
Calm finance-focused palette,Calm finance-focused palette,ധനകാര്യത്തിന് അനുയോജ്യമായ ശാന്ത നിറങ്ങൾ,,Pending,,
ui.cancel.19766ed6,Cancel,റദ്ദാക്കുക,,Pending,,
ui.cancel.rename.3fe54236,Cancel rename,പേര് മാറ്റൽ റദ്ദാക്കുക,,Pending,,
Cancelled,Cancelled,റദ്ദാക്കി,,Pending,,
Capillary refill,Capillary refill,കാപ്പിലറി റീഫിൽ,,Pending,,
Card grid,Card grid,കാർഡ് ഗ്രിഡ്,,Pending,,
Card grid view,Card grid view,കാർഡ് ഗ്രിഡ് കാഴ്ച,,Pending,,
"Cardiac and perfusion findings, linked to the presenting symptom","Cardiac and perfusion findings, linked to the presenting symptom",നിലവിലെ ലക്ഷണവുമായി ബന്ധപ്പെട്ട ഹൃദയ രക്തപ്രവാഹ കണ്ടെത്തലുകൾ,,Pending,,
Cardiac risk factors,Cardiac risk factors,ഹൃദ്രോഗ അപകടഘടകങ്ങൾ,,Pending,,
"Cardiac symptoms, risk factors, cardiovascular examination.","Cardiac symptoms, risk factors, cardiovascular examination.","ഹൃദയ ലക്ഷണങ്ങൾ, അപകടഘടകങ്ങൾ, ഹൃദയ രക്തക്കുഴൽ പരിശോധന.",,Pending,,
field.consultation.specialty.option.Cardiology,Cardiology,ഹൃദ്രോഗ വിഭാഗം,,Pending,,
Cardiovascular,Cardiovascular,ഹൃദയവും രക്തക്കുഴലുകളും,,Pending,,
Cardiovascular examination,Cardiovascular examination,ഹൃദയ രക്തക്കുഴൽ പരിശോധന,,Pending,,
Cardiovascular risk assessment,Cardiovascular risk assessment,ഹൃദയ രക്തക്കുഴൽ അപകടസാധ്യതാ വിലയിരുത്തൽ,,Pending,,
Caregiver concerns,Caregiver concerns,പരിചാരകന്റെ ആശങ്കകൾ,,Pending,,
menu.supply.carrier-master.label,Carrier Master,ഗതാഗത സ്ഥാപന പട്ടിക,,Pending,,
Cash position,Cash position,പണനില,,Pending,,
menu.sales.sales-catalog.label,Catalog,കാറ്റലോഗ്,,Pending,,
field.hr-dashboard.category.label,Category,വിഭാഗം,,Pending,,
Center modal,Center modal,മധ്യത്തിലെ ഡയലോഗ്,,Pending,,
Centered record card,Centered record card,മധ്യത്തിലുള്ള റെക്കോർഡ് കാർഡ്,,Pending,,
ui.change.a.primitive.once.all.consuming.pages.inherit.the.7c4d537a,Change a primitive once; all consuming pages inherit the contract.,അടിസ്ഥാന ഘടകം ഒരിക്കൽ മാറ്റിയാൽ അത് ഉപയോഗിക്കുന്ന എല്ലാ പേജുകളിലും മാറ്റം ബാധകമാകും.,,Pending,,
section.hr-dashboard.audit.description,Change context and approval controls.,മാറ്റത്തിന്റെ പശ്ചാത്തലവും അംഗീകാര നിയന്ത്രണങ്ങളും.,,Pending,,
ui.change.mapping.6872ef3c,Change mapping,മാപ്പിംഗ് മാറ്റുക,,Pending,,
field.hr-dashboard.changeReason.label,Change reason,മാറ്റത്തിന്റെ കാരണം,,Pending,,
Change since last visit,Change since last visit,അവസാന സന്ദർശനത്തിനു ശേഷമുള്ള മാറ്റം,,Pending,,
Changed by someone else,Changed by someone else,മറ്റൊരാൾ മാറ്റി,,Pending,,
ui.changes.apply.to.new.submissions.and.resubmissions.pendi.2d7a336e,Changes apply to new submissions and resubmissions. Pending approvals retain their submitted stages.,മാറ്റങ്ങൾ പുതിയതും വീണ്ടും സമർപ്പിക്കുന്നതുമായ അപേക്ഷകൾക്ക് ബാധകമാണ്. കാത്തിരിക്കുന്ന അംഗീകാരങ്ങളുടെ ഘട്ടങ്ങൾ മാറില്ല.,,Pending,,
ui.changes.here.save.separately.from.the.record.f35c36d1,Changes here save separately from the record.,ഇവിടെയുള്ള മാറ്റങ്ങൾ രേഖയിൽ നിന്ന് വേറിട്ട് സംരക്ഷിക്കുന്നു.,,Pending,,
ui.changes.need.attention.fbaeabd5,Changes need attention,മാറ്റങ്ങൾ ശ്രദ്ധിക്കണം,,Pending,,
api.approval.changes_requested,Changes requested,മാറ്റങ്ങൾ ആവശ്യപ്പെട്ടു,,Pending,,
Changes saved,Changes saved,മാറ്റങ്ങൾ സംരക്ഷിച്ചു,,Pending,,
Channel,Channel,ചാനൽ,,Pending,,
menu.finance.chart-account.label,Chart of Accounts,അക്കൗണ്ടുകളുടെ പട്ടിക,,Pending,,
ui.chart.options.160d6be8,Chart options,ചാർട്ട് ഓപ്ഷനുകൾ,,Pending,,
Check line items,Check line items,ലൈൻ ഇനങ്ങൾ പരിശോധിക്കുക,,Pending,,
Checked on save,Checked on save,സംരക്ഷിക്കുമ്പോൾ പരിശോധിക്കുന്നു,,Pending,,
ui.checking.that.you.can.see.it.3619bc93,Checking that you can see it.,നിങ്ങൾക്ക് കാണാനുള്ള അനുമതി പരിശോധിക്കുന്നു.,,Pending,,
"Chest pain, palpitations or dyspnoea","Chest pain, palpitations or dyspnoea","നെഞ്ചുവേദന, ഹൃദയമിടിപ്പ് അനുഭവപ്പെടൽ, ശ്വാസംമുട്ടൽ",,Pending,,
Chest-pain risk instrument,Chest-pain risk instrument,നെഞ്ചുവേദനാ അപകടസാധ്യതാ ഉപകരണം,,Pending,,
api.message.aee0ef72de4e,Choose 1–100 distinct records and add a decision comment.,1–100 വ്യത്യസ്ത റെക്കോർഡുകൾ തിരഞ്ഞെടുത്ത് തീരുമാന കുറിപ്പ് ചേർക്കുക.,,Pending,,
Choose a CSV file up to 2 MB.,Choose a CSV file up to 2 MB.,2 MB വരെയുള്ള CSV ഫയൽ തിരഞ്ഞെടുക്കുക.,,Pending,,
Choose a UTF-8 .csv file up to 2 MB.,Choose a UTF-8 .csv file up to 2 MB.,2 MB വരെയുള്ള UTF-8 .csv ഫയൽ തിരഞ്ഞെടുക്കുക.,,Pending,,
api.message.6f38216914c3,Choose a file between 1 byte and 2 MB.,1 ബൈറ്റ് മുതൽ 2 MB വരെയുള്ള ഫയൽ തിരഞ്ഞെടുക്കുക.,,Pending,,
api.message.249a46505f32,"Choose a page, record ID and label.",പേജും റെക്കോർഡ് ഐഡിയും പേരും തിരഞ്ഞെടുക്കുക.,,Pending,,
api.message.4702e2ea89c6,Choose a product and page.,ഉൽപ്പന്നവും പേജും തിരഞ്ഞെടുക്കുക.,,Pending,,
Choose a supported option value,Choose a supported option value,പിന്തുണയ്ക്കുന്ന ഓപ്ഷൻ മൂല്യം തിരഞ്ഞെടുക്കുക,,Pending,,
api.message.1ebd2d43e7a1,Choose a supported product and page.,പിന്തുണയ്ക്കുന്ന ഉൽപ്പന്നവും പേജും തിരഞ്ഞെടുക്കുക.,,Pending,,
Choose a value for the selected parent field,Choose a value for the selected parent field,തിരഞ്ഞെടുത്ത മുഖ്യ ഫീൽഡിന് മൂല്യം തിരഞ്ഞെടുക്കുക,,Pending,,
Choose a view,Choose a view,കാഴ്ച തിരഞ്ഞെടുക്കുക,,Pending,,
ui.choose.another.file.26eac8f8,Choose another file,മറ്റൊരു ഫയൽ തിരഞ്ഞെടുക്കുക,,Pending,,
ui.choose.columns.61b55093,Choose columns,നിരകൾ തിരഞ്ഞെടുക്കുക,,Pending,,
api.message.49cb9760a23d,Choose up to 100 notifications.,പരമാവധി 100 അറിയിപ്പുകൾ തിരഞ്ഞെടുക്കുക.,,Pending,,
ui.choose.visible.columns.and.save.their.order.for.this.pag.9658cf67,Choose visible columns and save their order for this page.,ഈ പേജിൽ കാണേണ്ട നിരകൾ തിരഞ്ഞെടുത്ത് അവയുടെ ക്രമം സംരക്ഷിക്കുക.,,Pending,,
Chronic Review,Chronic Review,ദീർഘകാല രോഗ പരിശോധന,,Pending,,
City,City,നഗരം,,Pending,,
ui.claim.external.reference.2d9f3e63,Claim / external reference,ക്ലെയിം / ബാഹ്യ റഫറൻസ്,,Pending,,
menu.healthcare.claim-worklist.label,Claim Worklist,ക്ലെയിം പ്രവൃത്തിപ്പട്ടിക,,Pending,,
Claim batch submitted,Claim batch submitted,ക്ലെയിം ബാച്ച് സമർപ്പിച്ചു,,Pending,,
Claim denial rate,Claim denial rate,ക്ലെയിം നിരസിക്കൽ നിരക്ക്,,Pending,,
Claims in denial,Claims in denial,നിരസിച്ച ക്ലെയിമുകൾ,,Pending,,
column.supplier-fin-master.category.label,Class,വർഗം,,Pending,,
ui.clear.83b12c22,Clear,മായ്ക്കുക,,Pending,,
ui.clear.filters.7179ea00,Clear filters,ഫിൽട്ടറുകൾ മായ്ക്കുക,,Pending,,
ui.clear.search.3b7ea517,Clear search,തിരച്ചിൽ മായ്ക്കുക,,Pending,,
Cleared,Cleared,തീർപ്പാക്കി,,Pending,,
Click,Click,ക്ലിക്ക്,,Pending,,
ui.click.opens.it.from.the.logo.instead.ffb97db4,Click opens it from the logo instead,ക്ലിക്ക് ചെയ്താൽ ലോഗോയിൽ നിന്ന് തുറക്കുന്നു,,Pending,,
section.healthcare.hc-clinical.label,Clinical,ക്ലിനിക്കൽ,,Pending,,
menu.healthcare.hc-reports.label,Clinical & Operational,"ക്ലിനിക്കൽ, പ്രവർത്തന വിവരങ്ങൾ",,Pending,,
menu.healthcare.clinical-notes.label,Clinical Notes,ക്ലിനിക്കൽ കുറിപ്പുകൾ,,Pending,,
menu.healthcare.hc-config.label,Clinical Setup,ക്ലിനിക്കൽ ക്രമീകരണം,,Pending,,
Clinical instruments,Clinical instruments,ക്ലിനിക്കൽ ഉപകരണങ്ങൾ,,Pending,,
Clinical overview,Clinical overview,ക്ലിനിക്കൽ അവലോകനം,,Pending,,
ui.clinical.reasoning.dc513d72,Clinical reasoning,ക്ലിനിക്കൽ ന്യായീകരണം,,Pending,,
Clinical reasoning and the problems addressed,Clinical reasoning and the problems addressed,ക്ലിനിക്കൽ ന്യായീകരണവും കൈകാര്യം ചെയ്ത പ്രശ്നങ്ങളും,,Pending,,
column.consultation-worklist.clinician.label,Clinician,ചികിത്സകൻ,,Pending,,
menu.healthcare.clinician-master.label,Clinician Master,ചികിത്സകരുടെ പട്ടിക,,Pending,,
ui.clinician.narrative.bcee8ae9,Clinician narrative,ചികിത്സകന്റെ വിവരണം,,Pending,,
ui.clock.93ff9273,Clock,ക്ലോക്ക്,,Pending,,
ui.close.7d9eb7ac,Close,അടയ്ക്കുക,,Pending,,
ui.close.help.88f2b692,Close help,സഹായം അടയ്ക്കുക,,Pending,,
ui.close.other.tabs.0ddc2c56,Close other tabs,മറ്റു ടാബുകൾ അടയ്ക്കുക,,Pending,,
Close {item},Close {item},{item} അടയ്ക്കുക,,Pending,,
ui.closing.pauses.after.the.current.batch.completed.rows.re.dd7e09b9,Closing pauses after the current batch. Completed rows remain imported.,അടച്ചാൽ നിലവിലെ ബാച്ചിന് ശേഷം നിർത്തും. പൂർത്തിയായ വരികൾ ഇറക്കുമതി ചെയ്തതായി തുടരും.,,Pending,,
Code,Code,കോഡ്,,Pending,,
Code generated on save,Code generated on save,സംരക്ഷിക്കുമ്പോൾ കോഡ് സൃഷ്ടിക്കും,,Pending,,
"Code — AED 1,200","Code — AED 1,200","കോഡ് — AED 1,200",,Pending,,
ui.coding.scheme.b7ff20ad,Coding scheme,കോഡിംഗ് സംവിധാനം,,Pending,,
Coding scheme · E/M,Coding scheme · E/M,കോഡിംഗ് സംവിധാനം · E/M,,Pending,,
Cognition and safety,Cognition and safety,ബോധശേഷിയും സുരക്ഷയും,,Pending,,
Collapse the split to one document,Collapse the split to one document,വിഭജനം ഒറ്റ രേഖയാക്കുക,,Pending,,
Collection notes,Collection notes,പിരിവ് കുറിപ്പുകൾ,,Pending,,
Collections,Collections,പിരിവുകൾ,,Pending,,
Colour and perfusion,Colour and perfusion,നിറവും രക്തപ്രവാഹവും,,Pending,,
ui.column.choices.are.stored.per.page.the.same.saved.layout.96049e42,Column choices are stored per page. The same saved layout is used when you return to this worklist.,ഓരോ പേജിനും നിരകളുടെ തിരഞ്ഞെടുപ്പ് സംരക്ഷിക്കുന്നു. ഈ പട്ടികയിലേക്ക് മടങ്ങുമ്പോൾ അതേ വിന്യാസം ഉപയോഗിക്കും.,,Pending,,
ui.column.layout.is.saved.9e9984dd,Column layout is saved,നിരകളുടെ വിന്യാസം സംരക്ഷിച്ചു,,Pending,,
ui.column.names.stay.visible.while.you.scroll.4b34c24d,Column names stay visible while you scroll.,സ്ക്രോൾ ചെയ്യുമ്പോഴും നിരകളുടെ പേരുകൾ കാണാം.,,Pending,,
Columns,Columns,നിരകൾ,,Pending,,
ui.columns.layout.cfbf6147,Columns & layout,നിരകളും വിന്യാസവും,,Pending,,
Comfortable,Comfortable,സൗകര്യപ്രദം,,Pending,,
Commands start with a colon. Try :help.,Commands start with a colon. Try :help.,കമാൻഡുകൾ കോളനിൽ തുടങ്ങുന്നു. :help പരീക്ഷിക്കുക.,,Pending,,
Comments,Comments,അഭിപ്രായങ്ങൾ,,Pending,,
section.customer.contact.description,Communication and account ownership.,ആശയവിനിമയവും അക്കൗണ്ടിന്റെ ഉടമസ്ഥതയും.,,Pending,,
Compact,Compact,ഒതുക്കമുള്ളത്,,Pending,,
Comparable basis,Comparable basis,താരതമ്യയോഗ്യമായ അടിസ്ഥാനം,,Pending,,
Comparison,Comparison,താരതമ്യം,,Pending,,
"Competing risks, reconciliation, care-team coordination.","Competing risks, reconciliation, care-team coordination.","വിരുദ്ധ അപകടസാധ്യതകൾ, പൊരുത്തപ്പെടുത്തൽ, പരിചരണ സംഘ ഏകോപനം.",,Pending,,
Complaint,Complaint,പരാതി,,Pending,,
Complete required fields,Complete required fields,നിർബന്ധമായ ഫീൽഡുകൾ പൂരിപ്പിക്കുക,,Pending,,
api.message.120b90451b53,Complete the highlighted fields.,അടയാളപ്പെടുത്തിയ ഫീൽഡുകൾ പൂർത്തിയാക്കുക.,,Pending,,
Completed,Completed,പൂർത്തിയായി,,Pending,,
Complex Multimorbidity,Complex Multimorbidity,സങ്കീർണ്ണ ബഹുരോഗാവസ്ഥ,,Pending,,
Complex multimorbidity in Paediatrics usually implies a shared-care or long-term-conditions pathway rather than a single specialty plan.,Complex multimorbidity in Paediatrics usually implies a shared-care or long-term-conditions pathway rather than a single specialty plan.,പീഡിയാട്രിക്സിലെ സങ്കീർണ്ണ ബഹുരോഗാവസ്ഥ സാധാരണ ഒറ്റ സ്പെഷ്യാലിറ്റി പദ്ധതിക്കുപകരം പങ്കിട്ട അല്ലെങ്കിൽ ദീർഘകാല പരിചരണ മാർഗമാണ്.,,Pending,,
"Complex multimorbidity: problem reconciliation, competing risks, medication burden and care-plan ownership are prioritised.","Complex multimorbidity: problem reconciliation, competing risks, medication burden and care-plan ownership are prioritised.","സങ്കീർണ്ണ ബഹുരോഗാവസ്ഥ: പ്രശ്ന പൊരുത്തപ്പെടുത്തൽ, വിരുദ്ധ അപകടസാധ്യതകൾ, മരുന്ന് ഭാരം, പരിചരണ പദ്ധതി ഉത്തരവാദിത്തം എന്നിവയ്ക്ക് മുൻഗണന.",,Pending,,
Compliance,Compliance,അനുസരണം,,Pending,,
menu.hr.compliance-report.label,Compliance Register,അനുസരണ രജിസ്റ്റർ,,Pending,,
Compliance review,Compliance review,അനുസരണ പരിശോധന,,Pending,,
ui.component.ce54f0e2,Component,ഘടകം,,Pending,,
menu.library.component-contracts.label,Component Contracts,ഘടക കരാറുകൾ,,Pending,,
menu.library.component-library.label,Component Gallery,ഘടക ശേഖരം,,Pending,,
Component event,Component event,ഘടക ഇവന്റ്,,Pending,,
Component reviews,Component reviews,ഘടക പരിശോധനകൾ,,Pending,,
ui.component.bound.value.ef5529c4,Component-bound value,ഘടകവുമായി ബന്ധിപ്പിച്ച മൂല്യം,,Pending,,
section.library.lib-components.label,Components,ഘടകങ്ങൾ,,Pending,,
"Components consume tokens such as surface, border, primary and text.","Components consume tokens such as surface, border, primary and text.","ഘടകങ്ങൾ സർഫേസ്, ബോർഡർ, പ്രൈമറി, ടെക്സ്റ്റ് തുടങ്ങിയ ടോക്കണുകൾ ഉപയോഗിക്കുന്നു.",,Pending,,
page.library-dashboard.subtitle,"Components, patterns, schemas, tokens, contracts and implementation guidance","ഘടകങ്ങൾ, മാതൃകകൾ, സ്കീമകൾ, ടോക്കണുകൾ, കരാറുകൾ, നടപ്പാക്കൽ മാർഗനിർദേശം",,Pending,,
ui.compose.consultation.4403af43,Compose consultation →,പരിശോധന തയ്യാറാക്കുക →,,Pending,,
page.consultation-entry.subtitle,"Composed from consultation type, specialty, complaint and patient context.","പരിശോധനാ തരം, സ്പെഷ്യാലിറ്റി, പരാതി, രോഗിയുടെ സാഹചര്യം എന്നിവ ചേർത്ത് തയ്യാറാക്കിയത്.",,Pending,,
menu.library.composition.label,Compositions,ഘടനകൾ,,Pending,,
"Condition-specific, where a validated tool is configured.","Condition-specific, where a validated tool is configured.",അവസ്ഥയ്ക്കനുസരിച്ച് സാധൂകരിച്ച ഉപകരണം ക്രമീകരിച്ചിരിക്കുമ്പോൾ.,,Pending,,
Configuration,Configuration,ക്രമീകരണം,,Pending,,
api.message.5df0e770bfb0,Configuration changed. Refresh before saving.,ക്രമീകരണം മാറിയിരിക്കുന്നു. സംരക്ഷിക്കുന്നതിന് മുമ്പ് പുതുക്കുക.,,Pending,,
ui.configure.stages.b1a58fa2,Configure stages,ഘട്ടങ്ങൾ ക്രമീകരിക്കുക,,Pending,,
Confirm,Confirm,സ്ഥിരീകരിക്കുക,,Pending,,
ui.confirm.approval.action.aeacaf3d,Confirm approval action,അംഗീകാര നടപടി സ്ഥിരീകരിക്കുക,,Pending,,
ui.confirm.approval.action.005e321a,Confirm approval action?,അംഗീകാര നടപടി സ്ഥിരീകരിക്കണോ?,,Pending,,
ui.confirm.bulk.actions.5c64ae13,Confirm bulk actions,കൂട്ടനടപടികൾ സ്ഥിരീകരിക്കുക,,Pending,,
ui.confirm.import.4ca48b42,Confirm import,ഇറക്കുമതി സ്ഥിരീകരിക്കുക,,Pending,,
ui.confirm.import.8f8e1565,Confirm import?,ഇറക്കുമതി സ്ഥിരീകരിക്കണോ?,,Pending,,
Congruence,Congruence,പൊരുത്തം,,Pending,,
ui.connect.a.posting.workflow.to.enable.this.action.91fc6f60,Connect a posting workflow to enable this action,ഈ നടപടി സജീവമാക്കാൻ പോസ്റ്റിംഗ് പ്രവർത്തനക്രമം ബന്ധിപ്പിക്കുക,,Pending,,
Consent and chaperone,Consent and chaperone,സമ്മതവും സാന്നിധ്യ സഹായിയും,,Pending,,
Consent and readiness,Consent and readiness,സമ്മതവും സന്നദ്ധതയും,,Pending,,
Consent and risk discussion,Consent and risk discussion,സമ്മതവും അപകടസാധ്യതാ ചർച്ചയും,,Pending,,
ui.consolidated.4.branches.aed.5a7f6cfc,Consolidated • 4 branches • AED,ഏകീകരിച്ചത് • 4 ശാഖകൾ • AED,,Pending,,
column.consultation-worklist.id.label,Consultation,പരിശോധന,,Pending,,
field.consultation.consultationCode.label,Consultation no.,പരിശോധന നമ്പർ,,Pending,,
Consultation saved,Consultation saved,പരിശോധന സംരക്ഷിച്ചു,,Pending,,
Consultation type,Consultation type,പരിശോധനാ തരം,,Pending,,
menu.healthcare.consultation-worklist.label,Consultations,കൺസൾട്ടേഷനുകൾ,,Pending,,
field.consultation.clinician.label,Consulting clinician,പരിശോധിക്കുന്ന ചികിത്സകൻ,,Pending,,
Consumables,Consumables,ഉപഭോഗ വസ്തുക്കൾ,,Pending,,
menu.pharmacy.consumption-report.label,Consumption,ഉപഭോഗം,,Pending,,
column.supplier-fin-master.contact.label,Contact,ബന്ധപ്പെടാനുള്ള വ്യക്തി,,Pending,,
ui.contact.support.814f4ed2,Contact support,സഹായ വിഭാഗവുമായി ബന്ധപ്പെടുക,,Pending,,
Contacts,Contacts,ബന്ധപ്പെടാനുള്ള വിവരങ്ങൾ,,Pending,,
ui.contains.2eaecb3d,Contains,ഉൾപ്പെടുന്നു,,Pending,,
"Contains — the phrase, in any cell","Contains — the phrase, in any cell",ഉൾപ്പെടുന്നു — ഏതെങ്കിലും സെല്ലിൽ ആ വാചകം,,Pending,,
Content,Content,ഉള്ളടക്കം,,Pending,,
ui.context.window.7696d085,Context window,കോൺടെക്സ്റ്റ് പരിധി,,Pending,,
Context · Paediatric,Context · Paediatric,സാഹചര്യം · ശിശു,,Pending,,
Context · Pregnancy,Context · Pregnancy,സാഹചര്യം · ഗർഭാവസ്ഥ,,Pending,,
ui.contextual.limited.data.preview.ab741383,Contextual limited-data preview,പരിമിതമായ ഡാറ്റയുടെ സന്ദർഭ പ്രിവ്യൂ,,Pending,,
Continue,Continue,തുടരുക,,Pending,,
ui.continue.496267cc,Continue →,തുടരുക →,,Pending,,
Contraception,Contraception,ഗർഭനിരോധനം,,Pending,,
ui.contract.a6f5b0e5,Contract,കരാർ,,Pending,,
ui.contract.reference.a2cfd678,Contract reference,കരാർ റഫറൻസ്,,Pending,,
ui.contract.insurance.tax.c477918c,"Contract, insurance & tax","കരാർ, ഇൻഷുറൻസ്, നികുതി",,Pending,,
Contract:,Contract:,കരാർ:,,Pending,,
ui.contract.9a9c244e,Contract: ,കരാർ: ,,Pending,,
menu.hr.contractor-master.label,Contractor Master,കരാറുകാരുടെ പട്ടിക,,Pending,,
Contribution,Contribution,വിഹിതം,,Pending,,
"Contribution is small, but performance is 12.0% above budget.","Contribution is small, but performance is 12.0% above budget.",വിഹിതം കുറവാണെങ്കിലും പ്രകടനം ബജറ്റിനേക്കാൾ 12.0% മുകളിലാണ്.,,Pending,,
"Control, interval events, treatment response, complications.","Control, interval events, treatment response, complications.","നിയന്ത്രണം, ഇടക്കാല സംഭവങ്ങൾ, ചികിത്സാ പ്രതികരണം, സങ്കീർണ്ണതകൾ.",,Pending,,
column.drug-master.controlled.label,Controlled,നിയന്ത്രിതം,,Pending,,
menu.pharmacy.controlled-register.label,Controlled Register,നിയന്ത്രിത വസ്തു രജിസ്റ്റർ,,Pending,,
menu.pharmacy.rx-controlled.label,Controlled Substances,നിയന്ത്രിത വസ്തുക്കൾ,,Pending,,
Controlled register signed,Controlled register signed,നിയന്ത്രിത രജിസ്റ്ററിൽ ഒപ്പിട്ടു,,Pending,,
Controlled variance,Controlled variance,നിയന്ത്രിത വസ്തുക്കളുടെ വ്യത്യാസം,,Pending,,
page.messages.subtitle,Conversations from colleagues and shared service desks.,സഹപ്രവർത്തകരുടെയും പങ്കിട്ട സേവന കേന്ദ്രങ്ങളുടെയും സംഭാഷണങ്ങൾ.,,Pending,,
"Cool teal, long-session friendly","Cool teal, long-session friendly",നീണ്ട സെഷനുകൾക്ക് അനുയോജ്യമായ ശീതള ടീൽ,,Pending,,
ui.copy.link.dbf362d4,Copy link,ലിങ്ക് പകർത്തുക,,Pending,,
Core,Core,അടിസ്ഥാനം,,Pending,,
section.user.identity.description,Core identity and sign-in details.,അടിസ്ഥാന തിരിച്ചറിയൽ വിവരങ്ങളും പ്രവേശന വിവരങ്ങളും.,,Pending,,
ui.corner.radius.76a6d9f3,Corner radius,കോണുകളുടെ വൃത്താകൃതി,,Pending,,
Corporate,Corporate,കോർപ്പറേറ്റ്,,Pending,,
column.product-master.cost.label,Cost,ചെലവ്,,Pending,,
menu.finance.cost-center.label,Cost Center,ചെലവ് കേന്ദ്രം,,Pending,,
Cost model recalculated,Cost model recalculated,ചെലവ് മാതൃക വീണ്ടും കണക്കാക്കി,,Pending,,
api.message.f3f89605ed5f,Could not archive records.,റെക്കോർഡുകൾ ആർക്കൈവ് ചെയ്യാനായില്ല.,,Pending,,
api.message.dda8c9cfafca,Could not persist preferences.,മുൻഗണനകൾ സംരക്ഷിക്കാനായില്ല.,,Pending,,
api.message.ebcd90928d9f,Could not persist record.,റെക്കോർഡ് സംരക്ഷിക്കാനായില്ല.,,Pending,,
api.message.6d27061190d7,Could not persist the layout.,ലേഔട്ട് സംരക്ഷിക്കാനായില്ല.,,Pending,,
api.message.75db038d9cc2,Could not save personal views.,വ്യക്തിഗത കാഴ്ചകൾ സംരക്ഷിക്കാനായില്ല.,,Pending,,
Country,Country,രാജ്യം,,Pending,,
Crackles,Crackles,ക്രാക്കിളുകൾ,,Pending,,
Create a record,Create a record,രേഖ സൃഷ്ടിക്കുക,,Pending,,
ui.create.a.shared.filter.link.ce50297a,Create a shared filter link,പങ്കിടാവുന്ന ഫിൽട്ടർ ലിങ്ക് സൃഷ്ടിക്കുക,,Pending,,
ui.create.credit.note.3a4fa54e,Create credit note,ക്രെഡിറ്റ് നോട്ട് സൃഷ്ടിക്കുക,,Pending,,
ui.create.new.records.from.utf.8.csv.existing.records.are.n.e8ccc310,"Create new records from UTF-8 CSV. Existing records are never overwritten. Limit: 500 rows, 2 MB.","UTF-8 CSV ഉപയോഗിച്ച് പുതിയ റെക്കോർഡുകൾ സൃഷ്ടിക്കുക. നിലവിലെ റെക്കോർഡുകൾ മാറ്റില്ല. പരിധി: 500 വരികൾ, 2 MB.",,Pending,,
Create records: {count}. Excluded invalid rows: {invalid}. Existing records will not be overwritten.,Create records: {count}. Excluded invalid rows: {invalid}. Existing records will not be overwritten.,സൃഷ്ടിക്കുന്ന റെക്കോർഡുകൾ: {count}. ഒഴിവാക്കുന്ന അസാധു വരികൾ: {invalid}. നിലവിലെ റെക്കോർഡുകൾ മാറ്റില്ല.,,Pending,,
ui.create.saved.view.488ed7c5,Create saved view,സംരക്ഷിച്ച കാഴ്ച സൃഷ്ടിക്കുക,,Pending,,
ui.create.schedule.5b08f3c7,Create schedule,ഷെഡ്യൂൾ സൃഷ്ടിക്കുക,,Pending,,
Created from contract CTR-ENT-00412,Created from contract CTR-ENT-00412,CTR-ENT-00412 കരാറിൽ നിന്ന് സൃഷ്ടിച്ചു,,Pending,,
Credit Note,Credit Note,ക്രെഡിറ്റ് നോട്ട്,,Pending,,
Credit Profile,Credit Profile,ക്രെഡിറ്റ് പ്രൊഫൈൽ,,Pending,,
Credit control,Credit control,ക്രെഡിറ്റ് നിയന്ത്രണം,,Pending,,
Credit controls,Credit controls,ക്രെഡിറ്റ് നിയന്ത്രണങ്ങൾ,,Pending,,
Credit hold,Credit hold,ക്രെഡിറ്റ് തടയൽ,,Pending,,
ui.credit.limit.914a45ea,Credit limit,ക്രെഡിറ്റ് പരിധി,,Pending,,
Credit limit reached,Credit limit reached,ക്രെഡിറ്റ് പരിധിയിലെത്തി,,Pending,,
Credit note,Credit note,ക്രെഡിറ്റ് നോട്ട്,,Pending,,
Credit notes,Credit notes,ക്രെഡിറ്റ് നോട്ടുകൾ,,Pending,,
ui.credit.review.00e24d04,Credit review,ക്രെഡിറ്റ് പരിശോധന,,Pending,,
Credit review warning,Credit review warning,ക്രെഡിറ്റ് പരിശോധന മുന്നറിയിപ്പ്,,Pending,,
Crepitus,Crepitus,ഉരസൽ ശബ്ദം,,Pending,,
field.hr-dashboard.priority.option.Critical,Critical,അതീവ ഗുരുതരം,,Pending,,
Critical attendance anomaly,Critical attendance anomaly,ഗുരുതര ഹാജർ വ്യതിയാനം,,Pending,,
Critical stockout risk,Critical stockout risk,ഗുരുതര സ്റ്റോക്ക് തീരൽ സാധ്യത,,Pending,,
menu.finance.currency-config.label,Currencies & Rates,കറൻസികളും നിരക്കുകളും,,Pending,,
ui.currency.3ac1a9ec,Currency,കറൻസി,,Pending,,
ui.currency.shown.as.ab804fb4,Currency shown as,കറൻസി കാണിക്കുന്നത്,,Pending,,
Currency:,Currency:,കറൻസി:,,Pending,,
ui.currency.9fc8cc2a,Currency: ,കറൻസി: ,,Pending,,
ui.current.e0d1b682,Current,നിലവിലുള്ളത്,,Pending,,
ui.current.exposure.d13632a4,Current exposure,നിലവിലെ സാമ്പത്തിക ബാധ്യത,,Pending,,
field.consultation.currentMedication.label,Current medication,നിലവിലെ മരുന്നുകൾ,,Pending,,
Current period,Current period,നിലവിലെ കാലയളവ്,,Pending,,
ui.current.period.operating.summary.7a20f4ae,Current period operating summary,നിലവിലെ കാലയളവിലെ പ്രവർത്തന സംഗ്രഹം,,Pending,,
ui.current.previous.and.budget.comparison.bdd585c7,"Current, previous and budget comparison",നിലവിലുള്ളതും മുൻപുള്ളതും ബജറ്റും തമ്മിലുള്ള താരതമ്യം,,Pending,,
Custom,Custom,ഇഷ്ടാനുസൃതം,,Pending,,
ui.customer.bf376338,Customer,ഉപഭോക്താവ്,,Pending,,
Customer ID,Customer ID,ഉപഭോക്തൃ ഐഡി,,Pending,,
Customer Master,Customer Master,ഉപഭോക്തൃ മാസ്റ്റർ,,Pending,,
menu.sales.customer-worklist.label,Customer Worklist,ഉപഭോക്തൃ പ്രവൃത്തിപ്പട്ടിക,,Pending,,
ui.customer.approvals.1954476c,Customer approvals,ഉപഭോക്തൃ അംഗീകാരങ്ങൾ,,Pending,,
Customer code,Customer code,ഉപഭോക്തൃ കോഡ്,,Pending,,
Customer credit exceeded,Customer credit exceeded,ഉപഭോക്തൃ ക്രെഡിറ്റ് പരിധി കടന്നു,,Pending,,
ui.customer.details.f07acc44,Customer details,ഉപഭോക്തൃ വിവരങ്ങൾ,,Pending,,
Customer exposure exceeds soft threshold,Customer exposure exceeds soft threshold,ഉപഭോക്തൃ ബാധ്യത മുന്നറിയിപ്പ് പരിധി കടന്നു,,Pending,,
Customer profile,Customer profile,ഉപഭോക്തൃ പ്രൊഫൈൽ,,Pending,,
Customer saved,Customer saved,ഉപഭോക്താവിനെ സംരക്ഷിച്ചു,,Pending,,
Customer type,Customer type,ഉപഭോക്തൃ തരം,,Pending,,
Customers,Customers,ഉപഭോക്താക്കൾ,,Pending,,
Cutoff 04 Sep,Cutoff 04 Sep,അവസാന തീയതി 04 സെപ്റ്റംബർ,,Pending,,
ui.developer.library.331d19aa,DEVELOPER LIBRARY,ഡെവലപ്പർ ലൈബ്രറി,,Pending,,
DSO 41 days,DSO 41 days,ശരാശരി പിരിവ് 41 ദിവസം,,Pending,,
Daily,Daily,ദിവസേന,,Pending,,
Daily bank feed reconciled,Daily bank feed reconciled,പ്രതിദിന ബാങ്ക് ഫീഡ് പൊരുത്തപ്പെടുത്തി,,Pending,,
api.message.fd47ff938593,Daily token budget spent.,പ്രതിദിന ടോക്കൺ പരിധി കഴിഞ്ഞു.,,Pending,,
ui.danger.8412c070,Danger,അപകടം,,Pending,,
Dark violet with magenta accent,Dark violet with magenta accent,മജന്റയോടുകൂടിയ കടും വയലറ്റ്,,Pending,,
Dashboard exported,Dashboard exported,ഡാഷ്ബോർഡ് എക്സ്പോർട്ട് ചെയ്തു,,Pending,,
Dashboard refreshed,Dashboard refreshed,ഡാഷ്ബോർഡ് പുതുക്കി,,Pending,,
Data,Data,ഡാറ്റ,,Pending,,
menu.library.data-patterns.label,Data Worklists,ഡാറ്റ പ്രവൃത്തിപ്പട്ടികകൾ,,Pending,,
Data completeness,Data completeness,ഡാറ്റയുടെ പൂർണ്ണത,,Pending,,
Data display,Data display,ഡാറ്റ പ്രദർശനം,,Pending,,
Data reviewed and analysed,Data reviewed and analysed,പരിശോധിച്ചതും വിശകലനം ചെയ്തതുമായ ഡാറ്റ,,Pending,,
ui.data.row.c8519601,Data row,ഡാറ്റാ വരി,,Pending,,
Data row {row} has {actual} cells; expected {expected}.,Data row {row} has {actual} cells; expected {expected}.,ഡാറ്റ വരി {row}-ൽ {actual} സെല്ലുകൾ ഉണ്ട്; പ്രതീക്ഷിച്ചത് {expected}.,,Pending,,
DataGrid v2 contract published,DataGrid v2 contract published,DataGrid v2 കരാർ പ്രസിദ്ധീകരിച്ചു,,Pending,,
Date,Date,തീയതി,,Pending,,
ui.date.format.43123f5c,Date format,തീയതി ഫോർമാറ്റ്,,Pending,,
column.patient-master.dob.label,Date of birth,ജനനത്തീയതി,,Pending,,
Date preset,Date preset,മുൻകൂട്ടി നിശ്ചയിച്ച തീയതി,,Pending,,
Dates required,Dates required,തീയതികൾ ആവശ്യമാണ്,,Pending,,
Day case,Day case,ഡേ കേസ്,,Pending,,
Dec,Dec,ഡിസംബർ,,Pending,,
ui.decimal.places.004a3408,Decimal places,ദശാംശ സ്ഥാനങ്ങൾ,,Pending,,
menu.payroll.deduction-master.label,Deduction Master,കിഴിവുകളുടെ പട്ടിക,,Pending,,
Deductions,Deductions,കിഴിവുകൾ,,Pending,,
Deep,Deep,കടുംനിറം,,Pending,,
Deep violet product workspace,Deep violet product workspace,കടും വയലറ്റ് ഉൽപ്പന്ന വർക്ക്‌സ്‌പേസ്,,Pending,,
Default,Default,സ്ഥിരസ്ഥിതി,,Pending,,
column.user-master.branch.label,Default branch,ഡിഫോൾട്ട് ശാഖ,,Pending,,
field.user.language.label,Default language,ഡിഫോൾട്ട് ഭാഷ,,Pending,,
ui.default.rows.per.page.c972be79,Default rows per page,ഓരോ പേജിലെയും ഡിഫോൾട്ട് വരികൾ,,Pending,,
Defaults restored,Defaults restored,ഡിഫോൾട്ടുകൾ പുനഃസ്ഥാപിച്ചു,,Pending,,
Deformity,Deformity,വൈകല്യം,,Pending,,
Dehydration severity,Dehydration severity,നിർജലീകരണ തീവ്രത,,Pending,,
menu.hr.delegation-master.label,Delegation Rules,ചുമതല കൈമാറ്റ നിയമങ്ങൾ,,Pending,,
ui.delete.e2d0a549,Delete,ഇല്ലാതാക്കുക,,Pending,,
ui.delete.line.5f190885,Delete line,ലൈൻ ഇല്ലാതാക്കുക,,Pending,,
ui.delete.personal.view.95fb7d13,Delete personal view?,വ്യക്തിഗത കാഴ്ച ഇല്ലാതാക്കണോ?,,Pending,,
ui.delete.view.0767ef85,Delete view,കാഴ്ച ഇല്ലാതാക്കുക,,Pending,,
Delete {view}? Records will not be changed.,Delete {view}? Records will not be changed.,{view} ഇല്ലാതാക്കണോ? റെക്കോർഡുകൾ മാറ്റില്ല.,,Pending,,
ui.delivery.mode.c9585346,Delivery mode,വിതരണ രീതി,,Pending,,
ui.delivery.time.2898c4bc,Delivery time,വിതരണ സമയം,,Pending,,
ui.demo.accounts.819adaa3,Demo accounts,ഡെമോ അക്കൗണ്ടുകൾ,,Pending,,
ui.demo.environment.mock.data.no.real.records.a37d424d,Demo environment · mock data · no real records,ഡെമോ പരിസ്ഥിതി · മാതൃകാ ഡാറ്റ · യഥാർത്ഥ രേഖകളില്ല,,Pending,,
menu.healthcare.denial-rate-report.label,Denial Rate,നിരസിക്കൽ നിരക്ക്,,Pending,,
menu.healthcare.denial-worklist.label,Denials & Appeals,നിരസിക്കലുകളും അപ്പീലുകളും,,Pending,,
Dense operations neutral,Dense operations neutral,സാന്ദ്ര പ്രവർത്തനങ്ങൾക്ക് നിഷ്പക്ഷ നിറം,,Pending,,
ui.density.77a283d6,Density,സാന്ദ്രത,,Pending,,
field.hr-dashboard.department.label,Department,വകുപ്പ്,,Pending,,
menu.hr.department-master.label,Department Master,വിഭാഗങ്ങളുടെ പട്ടിക,,Pending,,
Deprecated prop detected,Deprecated prop detected,കാലഹരണപ്പെട്ട പ്രോപ്പ് കണ്ടെത്തി,,Pending,,
Depression instrument,Depression instrument,വിഷാദ വിലയിരുത്തൽ ഉപകരണം,,Pending,,
Depression or anxiety follow-up,Depression or anxiety follow-up,വിഷാദം അല്ലെങ്കിൽ ഉത്കണ്ഠ തുടർപരിശോധന,,Pending,,
Derived from what is documented — never a target to reach,Derived from what is documented — never a target to reach,രേഖപ്പെടുത്തിയതിൽ നിന്ന് നിർണയിച്ചത് — നേടേണ്ട ലക്ഷ്യമല്ല,,Pending,,
field.consultation.specialty.option.Dermatology,Dermatology,ത്വക്ക് രോഗ വിഭാഗം,,Pending,,
ui.description.526e0087,Description,വിവരണം,,Pending,,
section.library.lib-design.label,Design System,ഡിസൈൻ സംവിധാനം,,Pending,,
menu.library.design-tokens.label,Design Tokens,ഡിസൈൻ ടോക്കണുകൾ,,Pending,,
Detailed,Detailed,വിശദം,,Pending,,
ui.detailed.output.38d43b78,Detailed output,വിശദമായ ഔട്ട്പുട്ട്,,Pending,,
Details,Details,വിശദാംശങ്ങൾ,,Pending,,
module.library.label,Developer Library,ഡെവലപ്പർ ലൈബ്രറി,,Pending,,
ui.developer.guide.b361713a,Developer guide,ഡെവലപ്പർ ഗൈഡ്,,Pending,,
Developer library,Developer library,ഡെവലപ്പർ ലൈബ്രറി,,Pending,,
Development,Development,വികസനം,,Pending,,
column.consultation-worklist.primaryDiagnosis.label,Diagnosis,രോഗനിർണയം,,Pending,,
ui.diagnosis.catalogue.fcb17a05,Diagnosis catalogue,രോഗനിർണയ പട്ടിക,,Pending,,
Diagnosis coding,Diagnosis coding,രോഗനിർണയ കോഡിംഗ്,,Pending,,
field.consultation.differential.label,Differential,വ്യത്യസ്ത രോഗസാധ്യതകൾ,,Pending,,
ui.differential.evidence.and.the.relationship.between.probl.5a0bee6b,"Differential, evidence, and the relationship between problems.","വ്യത്യസ്ത രോഗസാധ്യതകൾ, തെളിവുകൾ, പ്രശ്നങ്ങൾ തമ്മിലുള്ള ബന്ധം.",,Pending,,
Dimension,Dimension,പരിമാണം,,Pending,,
Direct customer billing,Direct customer billing,ഉപഭോക്താവിന് നേരിട്ട് ബില്ലിംഗ്,,Pending,,
ui.disable.b7e3e4aa,Disable,പ്രവർത്തനരഹിതമാക്കുക,,Pending,,
Disc.,Disc.,കിഴിവ്,,Pending,,
ui.discard.eb1a70e3,Discard,ഉപേക്ഷിക്കുക,,Pending,,
Discard and close,Discard and close,ഉപേക്ഷിച്ച് അടയ്ക്കുക,,Pending,,
Discard and continue,Discard and continue,ഉപേക്ഷിച്ച് തുടരുക,,Pending,,
Discard changes?,Discard changes?,മാറ്റങ്ങൾ ഉപേക്ഷിക്കണോ?,,Pending,,
ui.discard.consultation.changes.05979a62,Discard consultation changes,പരിശോധനയിലെ മാറ്റങ്ങൾ ഉപേക്ഷിക്കുക,,Pending,,
ui.discard.invoice.changes.30963b6b,Discard invoice changes,ഇൻവോയ്സ് മാറ്റങ്ങൾ ഉപേക്ഷിക്കുക,,Pending,,
ui.discard.recovery.draft.0d6faf2c,Discard recovery draft,വീണ്ടെടുക്കൽ ഡ്രാഫ്റ്റ് ഉപേക്ഷിക്കുക,,Pending,,
Discharge,Discharge,വിടുതൽ,,Pending,,
Discharge course,Discharge course,വിടുതൽ വിവരങ്ങൾ,,Pending,,
"Discharge course, medication changes and unresolved issues","Discharge course, medication changes and unresolved issues","വിടുതൽ വിവരങ്ങൾ, മരുന്ന് മാറ്റങ്ങൾ, പരിഹരിക്കാത്ത പ്രശ്നങ്ങൾ",,Pending,,
Discharge summaries due,Discharge summaries due,വിടുതൽ സംഗ്രഹങ്ങൾ ബാക്കി,,Pending,,
Discharge summary overdue,Discharge summary overdue,വിടുതൽ സംഗ്രഹം വൈകി,,Pending,,
field.consultation.outcome.option.Discharged%20to%20GP,Discharged to GP,വിടുതലിനു ശേഷം ജനറൽ ഡോക്ടറുടെ പരിചരണത്തിൽ,,Pending,,
menu.healthcare.discharge-worklist.label,Discharges,ആശുപത്രി വിടൽ,,Pending,,
Discount,Discount,കിഴിവ്,,Pending,,
Discount %,Discount %,കിഴിവ് %,,Pending,,
menu.sales.discount-rule.label,Discount Rule,ഇളവ് നിയമം,,Pending,,
Discoverable shortcuts,Discoverable shortcuts,കണ്ടെത്താവുന്ന കുറുക്കുവഴികൾ,,Pending,,
ui.dismiss.48845bff,Dismiss,ഒഴിവാക്കുക,,Pending,,
menu.pharmacy.dispense-history.label,Dispense History,മരുന്ന് വിതരണ ചരിത്രം,,Pending,,
section.pharmacy.rx-dispensing.label,Dispensing,മരുന്ന് വിതരണം,,Pending,,
menu.pharmacy.dispensing-rules.label,Dispensing Rules,മരുന്ന് വിതരണ നിയമങ്ങൾ,,Pending,,
"Dispensing, formulary, stock, controlled substances and procurement","Dispensing, formulary, stock, controlled substances and procurement","മരുന്ന് വിതരണം, അംഗീകൃത മരുന്നുപട്ടിക, സ്റ്റോക്ക്, നിയന്ത്രിത വസ്തുക്കൾ, വാങ്ങൽ",,Pending,,
field.user.displayName.label,Display name,പ്രദർശന നാമം,,Pending,,
Distal pulses,Distal pulses,അറ്റങ്ങളിലെ നാഡിമിടിപ്പ്,,Pending,,
ui.distinct.from.first.set.an.incident.usually.turns.on.whe.3a4df8c3,Distinct from first set: an incident usually turns on when it last changed.,ആദ്യം സജ്ജമാക്കിയതിൽ നിന്ന് വ്യത്യസ്തം: പ്രശ്നപരിശോധനയിൽ അവസാന മാറ്റത്തിന്റെ സമയം പ്രധാനമാണ്.,,Pending,,
Distributor,Distributor,വിതരണക്കാരൻ,,Pending,,
ui.do.not.import.this.field.278b4151,Do not import this field,ഈ ഫീൽഡ് ഇറക്കുമതി ചെയ്യരുത്,,Pending,,
Docs,Docs,ഡോക്യുമെന്റുകൾ,,Pending,,
menu.sales.sales-numbering.label,Document Numbering,രേഖകളുടെ നമ്പറിടൽ,,Pending,,
ui.document.identity.dates.currency.ownership.and.commercia.6a3c3f4f,"Document identity, dates, currency, ownership and commercial references.","രേഖയുടെ തിരിച്ചറിയൽ, തീയതികൾ, കറൻസി, ഉടമസ്ഥത, ബിസിനസ് റഫറൻസുകൾ.",,Pending,,
ui.document.the.clinically.relevant.history.record.only.wha.7a60920c,Document the clinically relevant history. Record only what was assessed.,ചികിത്സയ്ക്ക് പ്രസക്തമായ ചരിത്രം രേഖപ്പെടുത്തുക. വിലയിരുത്തിയ കാര്യങ്ങൾ മാത്രം രേഖപ്പെടുത്തുക.,,Pending,,
Documentation,Documentation,ഡോക്യുമെന്റേഷൻ,,Pending,,
ui.documentation.completeness.00bd39d9,Documentation completeness,രേഖപ്പെടുത്തലിന്റെ പൂർത്തീകരണം,,Pending,,
ui.documentation.panel.on.pages.5ecf4978,Documentation panel on pages,പേജുകളിലെ ഡോക്യുമെന്റേഷൻ പാനൽ,,Pending,,
ui.documentation.position.1271847e,Documentation position,ഡോക്യുമെന്റേഷന്റെ സ്ഥാനം,,Pending,,
Documentation saved. Signing remains a separate workflow.,Documentation saved. Signing remains a separate workflow.,ഡോക്യുമെന്റേഷൻ സംരക്ഷിച്ചു. ഒപ്പിടൽ ഒരു പ്രത്യേക പ്രവർത്തനക്രമമാണ്.,,Pending,,
ui.done.11a6767d,Done,പൂർത്തിയായി,,Pending,,
column.prescription-queue.dose.label,Dose,മരുന്നിന്റെ അളവ്,,Pending,,
ui.download.d6eafe82,Download,ഡൗൺലോഡ്,,Pending,,
ui.download.pdf.6183be08,Download PDF,PDF ഡൗൺലോഡ്,,Pending,,
ui.download.error.report.637a735e,Download error report,പിശക് റിപ്പോർട്ട് ഡൗൺലോഡ് ചെയ്യുക,,Pending,,
ui.draft.ebf12ef4,Draft,ഡ്രാഫ്റ്റ്,,Pending,,
Draft a note,Draft a note,കുറിപ്പിന്റെ കരട് തയ്യാറാക്കുക,,Pending,,
ui.draft.note.58d2ae1a,Draft note,കരട് കുറിപ്പ്,,Pending,,
Drafts an internal note from the values you have entered. Nothing is saved — the draft lands in the form for you to edit.,Drafts an internal note from the values you have entered. Nothing is saved — the draft lands in the form for you to edit.,നൽകിയ മൂല്യങ്ങളിൽ നിന്ന് ആന്തരിക കുറിപ്പ് തയ്യാറാക്കുന്നു. ഒന്നും സംരക്ഷിക്കില്ല; തിരുത്താനായി കരട് ഫോമിൽ വരും.,,Pending,,
column.prescription-queue.drug.label,Drug,മരുന്ന്,,Pending,,
menu.pharmacy.drug-master.label,Drug Master,മരുന്നുകളുടെ പട്ടിക,,Pending,,
Dubai is below plan,Dubai is below plan,ദുബായ് പദ്ധതിക്ക് താഴെ,,Pending,,
ui.due.date.e1cb6d30,Due date,അടയ്ക്കേണ്ട തീയതി,,Pending,,
Due date:,Due date:,അടയ്ക്കേണ്ട തീയതി:,,Pending,,
ui.due.date.9cd51441,Due date: ,അടയ്ക്കേണ്ട തീയതി: ,,Pending,,
field.customer.paymentTerms.option.0,Due immediately,ഉടൻ അടയ്ക്കണം,,Pending,,
menu.healthcare.patient-merge.label,Duplicate Review,പകർപ്പുകളുടെ പരിശോധന,,Pending,,
Duplicate check,Duplicate check,തനിപ്പകർപ്പ് പരിശോധന,,Pending,,
ui.duplicate.invoice.c9328aa0,Duplicate invoice,ഇൻവോയ്സ് പകർത്തുക,,Pending,,
ui.duplicate.record.a1686c85,Duplicate record,രേഖ പകർത്തുക,,Pending,,
Duplicate value within this CSV,Duplicate value within this CSV,CSV-യിലെ തനിപ്പകർപ്പ് മൂല്യം,,Pending,,
ui.duration.4fc52a3c,Duration,ദൈർഘ്യം,,Pending,,
Dynamic form,Dynamic form,ഡൈനാമിക് ഫോം,,Pending,,
Dyspnoea,Dyspnoea,ശ്വാസംമുട്ടൽ,,Pending,,
E/M level support,E/M level support,E/M നില പിന്തുണ,,Pending,,
EUR — Euro,EUR — Euro,EUR — യൂറോ,,Pending,,
ui.each.record.gets.its.own.workspace.tab.off.reuses.the.ma.79a0f2f4,Each record gets its own workspace tab. Off reuses the matching tab.,ഓരോ രേഖയ്ക്കും പ്രത്യേക ടാബ്. ഓഫ് ചെയ്താൽ അനുയോജ്യമായ ടാബ് വീണ്ടും ഉപയോഗിക്കും.,,Pending,,
ui.each.worklist.reopens.with.the.filters.you.left.on.it.b8266e48,Each worklist reopens with the filters you left on it.,ഓരോ പട്ടികയും അവസാനം ഉപയോഗിച്ച ഫിൽട്ടറുകളോടെ തുറക്കുന്നു.,,Pending,,
Early warning score,Early warning score,മുൻകൂർ മുന്നറിയിപ്പ് സ്കോർ,,Pending,,
menu.payroll.earning-master.label,Earning Master,വരുമാന ഇനങ്ങളുടെ പട്ടിക,,Pending,,
page.payroll-dashboard.subtitle,"Earnings, deductions, payroll processing, settlements and statutory outputs","വരുമാനം, കിഴിവുകൾ, ശമ്പള പ്രോസസ്സിംഗ്, തീർപ്പാക്കലുകൾ, നിയമപരമായ റിപ്പോർട്ടുകൾ",,Pending,,
ui.edit.464c4ffd,Edit,തിരുത്തുക,,Pending,,
ui.edit.cells.directly.paste.ranges.import.workbooks.and.ex.fe3a397d,"Edit cells directly, paste ranges, import workbooks and export the current model.","സെല്ലുകൾ നേരിട്ട് തിരുത്തുക, ശ്രേണികൾ പേസ്റ്റ് ചെയ്യുക, വർക്ക്ബുക്കുകൾ ഇംപോർട്ട് ചെയ്യുക, നിലവിലെ മാതൃക എക്സ്പോർട്ട് ചെയ്യുക.",,Pending,,
ui.edit.record.20d0af43,Edit record,രേഖ തിരുത്തുക,,Pending,,
Edit {item},Edit {item},{item} തിരുത്തുക,,Pending,,
field.hr-dashboard.effectiveFrom.label,Effective from,പ്രാബല്യം ആരംഭിക്കുന്നത്,,Pending,,
field.hr-dashboard.effectiveTo.label,Effective to,പ്രാബല്യം അവസാനിക്കുന്നത്,,Pending,,
Effusion,Effusion,ദ്രാവക ശേഖരണം,,Pending,,
field.customer.eInvoice.label,Electronic invoice enabled,ഇലക്ട്രോണിക് ഇൻവോയ്സ് പ്രവർത്തനക്ഷമം,,Pending,,
ui.electronic.tax.invoice.0271aab1,Electronic tax invoice,ഇലക്ട്രോണിക് നികുതി ഇൻവോയ്സ്,,Pending,,
ui.email.969ccbd3,Email,ഇമെയിൽ,,Pending,,
Email attachment,Email attachment,ഇമെയിൽ അറ്റാച്ച്മെന്റ്,,Pending,,
Emergency,Emergency,അത്യാഹിതം,,Pending,,
column.employee-master.name.label,Employee,ജീവനക്കാരൻ,,Pending,,
column.employee-master.id.label,Employee ID,ജീവനക്കാരന്റെ ഐഡി,,Pending,,
menu.hr.employee-master.label,Employee Master,ജീവനക്കാരുടെ പട്ടിക,,Pending,,
menu.hr.onboarding.label,Employee Onboarding,ജീവനക്കാരുടെ പ്രവേശന നടപടികൾ,,Pending,,
menu.hr.employee-worklist.label,Employee Worklist,ജീവനക്കാരുടെ പ്രവൃത്തിപ്പട്ടിക,,Pending,,
Employee changes,Employee changes,ജീവനക്കാരുടെ മാറ്റങ്ങൾ,,Pending,,
Employees processed,Employees processed,പ്രോസസ്സ് ചെയ്ത ജീവനക്കാർ,,Pending,,
ui.enable.5342e09f,Enable,സജീവമാക്കുക,,Pending,,
Enabled by {gate}. Available commands: {count}.,Enabled by {gate}. Available commands: {count}.,{gate} വഴി സജീവം. ലഭ്യമായ കമാൻഡുകൾ: {count}.,,Pending,,
Enabled here by the,Enabled here by the,ഇവിടെ സജീവമാക്കുന്നത്,,Pending,,
ui.enabled.here.by.the.9729cac7,Enabled here by the ,ഇവിടെ സജീവമാക്കുന്നത് ,,Pending,,
Enabled here by the {gate} gate. {count} command:,Enabled here by the {gate} gate. {count} command:,{gate} ഗേറ്റ് വഴി സജീവം. കമാൻഡുകളുടെ എണ്ണം: {count}:,,Pending,,
Enabled here by the {gate} gate. {count} commands:,Enabled here by the {gate} gate. {count} commands:,{gate} ഗേറ്റ് വഴി സജീവം. കമാൻഡുകളുടെ എണ്ണം: {count}:,,Pending,,
section.consultation.encounter.title,Encounter,ചികിത്സാ സന്ദർശനം,,Pending,,
menu.healthcare.encounter-worklist.label,Encounter Worklist,ചികിത്സാ സന്ദർശന പ്രവൃത്തിപ്പട്ടിക,,Pending,,
Encounter context and active alerts,Encounter context and active alerts,സന്ദർശന സാഹചര്യവും സജീവ അറിയിപ്പുകളും,,Pending,,
menu.healthcare.hc-encounter.label,Encounters,ചികിത്സാ സന്ദർശനങ്ങൾ,,Pending,,
ui.end.this.secure.session.bb190a34,End this secure session,സുരക്ഷിത സെഷൻ അവസാനിപ്പിക്കുക,,Pending,,
field.consultation.specialty.option.Endocrinology,Endocrinology,എൻഡോക്രൈനോളജി,,Pending,,
ui.endpoint.3df9726c,Endpoint,എൻഡ്പോയിന്റ്,,Pending,,
ui.ends.with.fc203569,Ends with,അവസാനിക്കുന്നത്,,Pending,,
Engagement,Engagement,പങ്കാളിത്തം,,Pending,,
menu.library.engineering.label,Engineering,എഞ്ചിനീയറിംഗ്,,Pending,,
field.user.language.option.en,English,ഇംഗ്ലീഷ്,,Pending,,
api.message.b319e42985cd,Enter a comment of 1–4000 characters.,1–4000 അക്ഷരങ്ങളുള്ള കുറിപ്പ് നൽകുക.,,Pending,,
api.message.3afc2f7834ca,Enter a name and a valid view layout.,പേരും സാധുവായ കാഴ്ച ലേഔട്ടും നൽകുക.,,Pending,,
api.message.74bb62028ea4,Enter a name of 1–80 characters.,1–80 അക്ഷരങ്ങളുള്ള പേര് നൽകുക.,,Pending,,
Enter a valid email address,Enter a valid email address,സാധുവായ ഇമെയിൽ വിലാസം നൽകുക,,Pending,,
Enter a valid email address.,Enter a valid email address.,സാധുവായ ഇമെയിൽ വിലാസം നൽകുക.,,Pending,,
field.accessibility.name.placeholder,Enter accessibility name,പ്രവേശനക്ഷമത പേര് നൽകുക,,Pending,,
field.ar-aging.name.placeholder,Enter accounts receivable aging name,ലഭിക്കാനുള്ള അക്കൗണ്ടുകളുടെ കാലപ്പഴക്കം പേര് നൽകുക,,Pending,,
field.admission.name.placeholder,Enter admissions name,ആശുപത്രി പ്രവേശനങ്ങൾ പേര് നൽകുക,,Pending,,
field.ai.name.placeholder,Enter ai administration name,എഐ ഭരണനിർവഹണം പേര് നൽകുക,,Pending,,
field.appointment.name.placeholder,Enter appointments name,അപ്പോയിന്റ്മെന്റുകൾ പേര് നൽകുക,,Pending,,
field.fin-approvals.name.placeholder,Enter approval matrix name,അംഗീകാര പട്ടിക പേര് നൽകുക,,Pending,,
field.sales-approval.name.placeholder,Enter approval rules name,അംഗീകാര നിയമങ്ങൾ പേര് നൽകുക,,Pending,,
field.hr-workflow.name.placeholder,Enter approval workflow name,അംഗീകാര പ്രവർത്തനക്രമം പേര് നൽകുക,,Pending,,
field.approval.name.placeholder,Enter approval worklist name,അംഗീകാര പ്രവൃത്തിപ്പട്ടിക പേര് നൽകുക,,Pending,,
field.attendance-adjustment.name.placeholder,Enter attendance adjustment name,ഹാജർ ക്രമീകരണം പേര് നൽകുക,,Pending,,
field.attendance-anomalies.name.placeholder,Enter attendance anomalies name,ഹാജർ വ്യതിയാനങ്ങൾ പേര് നൽകുക,,Pending,,
field.attendance.name.placeholder,Enter attendance report name,ഹാജർ റിപ്പോർട്ട് പേര് നൽകുക,,Pending,,
field.balance-sheet.name.placeholder,Enter balance sheet name,ബാലൻസ് ഷീറ്റ് പേര് നൽകുക,,Pending,,
field.bank.name.placeholder,Enter bank & cash name,ബാങ്കും പണവും പേര് നൽകുക,,Pending,,
field.bank-format.name.placeholder,Enter bank file format name,ബാങ്ക് ഫയൽ രൂപം പേര് നൽകുക,,Pending,,
field.bank-reconciliation.name.placeholder,Enter bank reconciliation name,ബാങ്ക് അനുരഞ്ജനം പേര് നൽകുക,,Pending,,
field.bed-management.name.placeholder,Enter bed management name,കിടക്ക പരിപാലനം പേര് നൽകുക,,Pending,,
field.occupancy.name.placeholder,Enter bed occupancy name,കിടക്ക ഉപയോഗം പേര് നൽകുക,,Pending,,
field.benefit-plan.name.placeholder,Enter benefit plan name,ആനുകൂല്യ പദ്ധതി പേര് നൽകുക,,Pending,,
field.invoice.name.placeholder,Enter billing entry name,ബില്ലിംഗ് എൻട്രി പേര് നൽകുക,,Pending,,
field.billing-patterns.name.placeholder,Enter billing workspace name,ബില്ലിംഗ് പ്രവർത്തനമേഖല പേര് നൽകുക,,Pending,,
field.bulk-operations.name.placeholder,Enter bulk operations name,കൂട്ട നടപടികൾ പേര് നൽകുക,,Pending,,
field.carrier.name.placeholder,Enter carrier master name,ഗതാഗത സ്ഥാപന പട്ടിക പേര് നൽകുക,,Pending,,
field.chart-account.name.placeholder,Enter chart of accounts name,അക്കൗണ്ടുകളുടെ പട്ടിക പേര് നൽകുക,,Pending,,
field.claim.name.placeholder,Enter claim worklist name,ക്ലെയിം പ്രവൃത്തിപ്പട്ടിക പേര് നൽകുക,,Pending,,
field.clinical-notes.name.placeholder,Enter clinical notes name,ക്ലിനിക്കൽ കുറിപ്പുകൾ പേര് നൽകുക,,Pending,,
field.clinician.name.placeholder,Enter clinician master name,ചികിത്സകരുടെ പട്ടിക പേര് നൽകുക,,Pending,,
field.compliance.name.placeholder,Enter compliance register name,അനുസരണ രജിസ്റ്റർ പേര് നൽകുക,,Pending,,
field.component-contracts.name.placeholder,Enter component contracts name,ഘടക കരാറുകൾ പേര് നൽകുക,,Pending,,
field.component-library.name.placeholder,Enter component gallery name,ഘടക ശേഖരം പേര് നൽകുക,,Pending,,
field.consumption.name.placeholder,Enter consumption name,ഉപഭോഗം പേര് നൽകുക,,Pending,,
field.contractor.name.placeholder,Enter contractor master name,കരാറുകാരുടെ പട്ടിക പേര് നൽകുക,,Pending,,
field.cost-center.name.placeholder,Enter cost center name,ചെലവ് കേന്ദ്രം പേര് നൽകുക,,Pending,,
field.credit-note.name.placeholder,Enter credit note name,ക്രെഡിറ്റ് നോട്ട് പേര് നൽകുക,,Pending,,
field.credit-profile.name.placeholder,Enter credit profile name,ക്രെഡിറ്റ് പ്രൊഫൈൽ പേര് നൽകുക,,Pending,,
field.currency.name.placeholder,Enter currencies & rates name,കറൻസികളും നിരക്കുകളും പേര് നൽകുക,,Pending,,
field.data-patterns.name.placeholder,Enter data worklists name,ഡാറ്റ പ്രവൃത്തിപ്പട്ടികകൾ പേര് നൽകുക,,Pending,,
field.deduction.name.placeholder,Enter deduction master name,കിഴിവുകളുടെ പട്ടിക പേര് നൽകുക,,Pending,,
field.delegation.name.placeholder,Enter delegation rules name,ചുമതല കൈമാറ്റ നിയമങ്ങൾ പേര് നൽകുക,,Pending,,
field.denial-rate.name.placeholder,Enter denial rate name,നിരസിക്കൽ നിരക്ക് പേര് നൽകുക,,Pending,,
field.denial.name.placeholder,Enter denials & appeals name,നിരസിക്കലുകളും അപ്പീലുകളും പേര് നൽകുക,,Pending,,
field.department.name.placeholder,Enter department master name,വിഭാഗങ്ങളുടെ പട്ടിക പേര് നൽകുക,,Pending,,
field.library-dashboard.name.placeholder,Enter developer library name,ഡെവലപ്പർ ലൈബ്രറി പേര് നൽകുക,,Pending,,
field.discharge.name.placeholder,Enter discharges name,ആശുപത്രി വിടൽ പേര് നൽകുക,,Pending,,
field.discount-rule.name.placeholder,Enter discount rule name,ഇളവ് നിയമം പേര് നൽകുക,,Pending,,
field.dispensing-rules.name.placeholder,Enter dispensing rules name,മരുന്ന് വിതരണ നിയമങ്ങൾ പേര് നൽകുക,,Pending,,
field.sales-numbering.name.placeholder,Enter document numbering name,രേഖകളുടെ നമ്പറിടൽ പേര് നൽകുക,,Pending,,
field.drug.name.placeholder,Enter drug master name,മരുന്നുകളുടെ പട്ടിക പേര് നൽകുക,,Pending,,
field.patient-merge.name.placeholder,Enter duplicate review name,പകർപ്പുകളുടെ പരിശോധന പേര് നൽകുക,,Pending,,
field.earning.name.placeholder,Enter earning master name,വരുമാന ഇനങ്ങളുടെ പട്ടിക പേര് നൽകുക,,Pending,,
field.employee.name.placeholder,Enter employee master name,ജീവനക്കാരുടെ പട്ടിക പേര് നൽകുക,,Pending,,
field.employee-onboarding.name.placeholder,Enter employee onboarding name,ജീവനക്കാരുടെ പ്രവേശന നടപടികൾ പേര് നൽകുക,,Pending,,
field.encounter.name.placeholder,Enter encounter worklist name,ചികിത്സാ സന്ദർശന പ്രവൃത്തിപ്പട്ടിക പേര് നൽകുക,,Pending,,
field.exception.name.placeholder,Enter exception worklist name,അപവാദ പ്രവൃത്തിപ്പട്ടിക പേര് നൽകുക,,Pending,,
field.expense.name.placeholder,Enter expense entry name,ചെലവ് രേഖപ്പെടുത്തൽ പേര് നൽകുക,,Pending,,
field.expiry-risk.name.placeholder,Enter expiry risk name,കാലാവധി തീരാനുള്ള സാധ്യത പേര് നൽകുക,,Pending,,
field.feedback-components.name.placeholder,Enter feedback & overlays name,പ്രതികരണങ്ങളും ഓവർലേകളും പേര് നൽകുക,,Pending,,
field.final-settlement.name.placeholder,Enter final settlement name,അന്തിമ തീർപ്പാക്കൽ പേര് നൽകുക,,Pending,,
field.finance-dashboard.name.placeholder,Enter finance command center name,ധനകാര്യ നിയന്ത്രണ കേന്ദ്രം പേര് നൽകുക,,Pending,,
field.fiscal-period.name.placeholder,Enter fiscal period name,സാമ്പത്തിക കാലയളവ് പേര് നൽകുക,,Pending,,
field.form-controls.name.placeholder,Enter form controls name,ഫോം നിയന്ത്രണങ്ങൾ പേര് നൽകുക,,Pending,,
field.form-patterns.name.placeholder,Enter form patterns name,ഫോം മാതൃകകൾ പേര് നൽകുക,,Pending,,
field.pay-formula.name.placeholder,Enter formula designer name,ഫോർമുല ഡിസൈനർ പേര് നൽകുക,,Pending,,
field.formulary.name.placeholder,Enter formulary setup name,മരുന്നുപട്ടിക ക്രമീകരണം പേര് നൽകുക,,Pending,,
field.fulfillment.name.placeholder,Enter fulfillment worklist name,ഓർഡർ പൂർത്തീകരണ പട്ടിക പേര് നൽകുക,,Pending,,
field.user.displayName.placeholder,Enter full name,പൂർണ്ണ പേര് നൽകുക,,Pending,,
field.goods-receipt.name.placeholder,Enter goods receipt name,സാധനങ്ങൾ സ്വീകരിക്കൽ പേര് നൽകുക,,Pending,,
field.grade.name.placeholder,Enter grade & band name,ഗ്രേഡും ബാൻഡും പേര് നൽകുക,,Pending,,
field.healthcare-dashboard.name.placeholder,Enter healthcare dashboard name,ആരോഗ്യ പരിചരണ ഡാഷ്ബോർഡ് പേര് നൽകുക,,Pending,,
field.hr-dashboard.name.placeholder,Enter hr command center name,മാനവ വിഭവ നിയന്ത്രണ കേന്ദ്രം പേര് നൽകുക,,Pending,,
field.imaging.name.placeholder,Enter imaging name,മെഡിക്കൽ ഇമേജിംഗ് പേര് നൽകുക,,Pending,,
field.import-export.name.placeholder,Enter import & export name,ഇറക്കുമതിയും കയറ്റുമതിയും പേര് നൽകുക,,Pending,,
field.integration-guide.name.placeholder,Enter integration guide name,സംയോജന മാർഗ്ഗരേഖ പേര് നൽകുക,,Pending,,
field.inventory-count.name.placeholder,Enter inventory count name,സ്റ്റോക്ക് എണ്ണൽ പേര് നൽകുക,,Pending,,
field.inventory-valuation.name.placeholder,Enter inventory valuation name,സ്റ്റോക്ക് മൂല്യനിർണയം പേര് നൽകുക,,Pending,,
field.item.name.placeholder,Enter item master name,ഇനങ്ങളുടെ പട്ടിക പേര് നൽകുക,,Pending,,
field.journal.name.placeholder,Enter journal entry name,ജേണൽ എൻട്രി പേര് നൽകുക,,Pending,,
field.jurisdiction.name.placeholder,Enter jurisdiction master name,അധികാര പരിധി പട്ടിക പേര് നൽകുക,,Pending,,
field.keyboard-shortcuts.name.placeholder,Enter keyboard shortcuts name,കീബോർഡ് കുറുക്കുവഴികൾ പേര് നൽകുക,,Pending,,
Enter keyword / record id,Enter keyword / record id,കീവേഡ് / റെക്കോർഡ് ഐഡി നൽകുക,,Pending,,
field.lab-results.name.placeholder,Enter laboratory results name,ലബോറട്ടറി ഫലങ്ങൾ പേര് നൽകുക,,Pending,,
field.leave-request.name.placeholder,Enter leave request name,അവധി അപേക്ഷ പേര് നൽകുക,,Pending,,
field.los.name.placeholder,Enter length of stay name,താമസ ദൈർഘ്യം പേര് നൽകുക,,Pending,,
field.localization.name.placeholder,Enter localization name,പ്രാദേശികവൽക്കരണം പേര് നൽകുക,,Pending,,
field.location.name.placeholder,Enter location master name,സ്ഥലങ്ങളുടെ പട്ടിക പേര് നൽകുക,,Pending,,
field.margin.name.placeholder,Enter margin analysis name,മാർജിൻ വിശകലനം പേര് നൽകുക,,Pending,,
field.medication-orders.name.placeholder,Enter medication orders name,മരുന്ന് ഓർഡറുകൾ പേര് നൽകുക,,Pending,,
field.message.name.placeholder,Enter messages name,സന്ദേശങ്ങൾ പേര് നൽകുക,,Pending,,
field.preferences.name.placeholder,Enter my preferences name,എന്റെ മുൻഗണനകൾ പേര് നൽകുക,,Pending,,
field.next-of-kin.name.placeholder,Enter next of kin name,അടുത്ത ബന്ധു പേര് നൽകുക,,Pending,,
field.notification.name.placeholder,Enter notifications name,അറിയിപ്പുകൾ പേര് നൽകുക,,Pending,,
field.hr-numbering.name.placeholder,Enter numbering rules name,നമ്പറിടൽ നിയമങ്ങൾ പേര് നൽകുക,,Pending,,
field.order.name.placeholder,Enter order worklist name,ഓർഡർ പ്രവൃത്തിപ്പട്ടിക പേര് നൽകുക,,Pending,,
field.page-catalog.name.placeholder,Enter page catalog name,പേജ് കാറ്റലോഗ് പേര് നൽകുക,,Pending,,
field.patient.name.placeholder,Enter patient master name,രോഗികളുടെ പട്ടിക പേര് നൽകുക,,Pending,,
field.pay-group.name.placeholder,Enter pay group name,ശമ്പള ഗ്രൂപ്പ് പേര് നൽകുക,,Pending,,
field.payer.name.placeholder,Enter payer master name,പണം നൽകുന്നവരുടെ പട്ടിക പേര് നൽകുക,,Pending,,
field.payroll-adjustment.name.placeholder,Enter payroll adjustment name,ശമ്പള ക്രമീകരണം പേര് നൽകുക,,Pending,,
field.pay-calendar.name.placeholder,Enter payroll calendar name,ശമ്പള കലണ്ടർ പേര് നൽകുക,,Pending,,
field.payroll-dashboard.name.placeholder,Enter payroll command center name,ശമ്പള നിയന്ത്രണ കേന്ദ്രം പേര് നൽകുക,,Pending,,
field.pay-register.name.placeholder,Enter payroll register name,ശമ്പള രജിസ്റ്റർ പേര് നൽകുക,,Pending,,
field.payroll-run.name.placeholder,Enter payroll run name,ശമ്പള പ്രക്രിയ പേര് നൽകുക,,Pending,,
field.payroll.name.placeholder,Enter payroll worklist name,ശമ്പള പ്രവൃത്തിപ്പട്ടിക പേര് നൽകുക,,Pending,,
field.payslip.name.placeholder,Enter payslip distribution name,ശമ്പള സ്ലിപ്പ് വിതരണം പേര് നൽകുക,,Pending,,
field.pharmacy-dashboard.name.placeholder,Enter pharmacy dashboard name,ഫാർമസി ഡാഷ്ബോർഡ് പേര് നൽകുക,,Pending,,
field.hr-policy.name.placeholder,Enter policy designer name,നയ ഡിസൈനർ പേര് നൽകുക,,Pending,,
field.position.name.placeholder,Enter position master name,തസ്തികകളുടെ പട്ടിക പേര് നൽകുക,,Pending,,
field.posting-rules.name.placeholder,Enter posting rules name,അക്കൗണ്ട് പോസ്റ്റിംഗ് നിയമങ്ങൾ പേര് നൽകുക,,Pending,,
field.preauthorization.name.placeholder,Enter pre-authorisation name,മുൻകൂർ അനുമതി പേര് നൽകുക,,Pending,,
field.prescription.name.placeholder,Enter prescription queue name,കുറിപ്പടി ക്യൂ പേര് നൽകുക,,Pending,,
field.price-list.name.placeholder,Enter price list name,വിലപ്പട്ടിക പേര് നൽകുക,,Pending,,
field.procurement.name.placeholder,Enter procurement worklist name,വാങ്ങൽ പ്രവൃത്തിപ്പട്ടിക പേര് നൽകുക,,Pending,,
field.product.name.placeholder,Enter product master name,ഉൽപ്പന്നങ്ങളുടെ പട്ടിക പേര് നൽകുക,,Pending,,
field.profit-loss.name.placeholder,Enter profit & loss name,ലാഭവും നഷ്ടവും പേര് നൽകുക,,Pending,,
field.purchase-order.name.placeholder,Enter purchase order name,വാങ്ങൽ ഓർഡർ പേര് നൽകുക,,Pending,,
field.purchase-requisition.name.placeholder,Enter purchase requisition name,വാങ്ങൽ അപേക്ഷ പേര് നൽകുക,,Pending,,
field.quotation.name.placeholder,Enter quotation name,വില നിർദേശം പേര് നൽകുക,,Pending,,
field.receipt.name.placeholder,Enter receipt entry name,രസീത് എൻട്രി പേര് നൽകുക,,Pending,,
field.receivables.name.placeholder,Enter receivables worklist name,ലഭിക്കാനുള്ള തുകയുടെ പട്ടിക പേര് നൽകുക,,Pending,,
field.receiving.name.placeholder,Enter receiving worklist name,സ്വീകരിക്കൽ പ്രവൃത്തിപ്പട്ടിക പേര് നൽകുക,,Pending,,
field.controlled-reconciliation.name.placeholder,Enter reconciliation name,അനുരഞ്ജനം പേര് നൽകുക,,Pending,,
field.reorder-rules.name.placeholder,Enter reorder rules name,പുനഃ ഓർഡർ നിയമങ്ങൾ പേര് നൽകുക,,Pending,,
field.reorder.name.placeholder,Enter reorder worklist name,പുനഃ ഓർഡർ പട്ടിക പേര് നൽകുക,,Pending,,
field.pharmacy-requisition.name.placeholder,Enter requisitions name,വാങ്ങൽ അപേക്ഷകൾ പേര് നൽകുക,,Pending,,
field.revenue.name.placeholder,Enter revenue analysis name,വരുമാന വിശകലനം പേര് നൽകുക,,Pending,,
field.role.name.placeholder,Enter role & permission name,റോളും അനുമതിയും പേര് നൽകുക,,Pending,,
field.sales-channel.name.placeholder,Enter sales channel name,വിൽപ്പന ചാനൽ പേര് നൽകുക,,Pending,,
field.sales-dashboard.name.placeholder,Enter sales command center name,വിൽപ്പന നിയന്ത്രണ കേന്ദ്രം പേര് നൽകുക,,Pending,,
field.sales-order.name.placeholder,Enter sales order name,വിൽപ്പന ഓർഡർ പേര് നൽകുക,,Pending,,
field.pipeline.name.placeholder,Enter sales pipeline name,വിൽപ്പന സാധ്യതകൾ പേര് നൽകുക,,Pending,,
field.sales-return.name.placeholder,Enter sales return name,വിൽപ്പന മടക്കം പേര് നൽകുക,,Pending,,
field.saved-views.name.placeholder,Enter saved views name,സംരക്ഷിച്ച കാഴ്ചകൾ പേര് നൽകുക,,Pending,,
field.employee-separation.name.placeholder,Enter separation name,സേവനം അവസാനിപ്പിക്കൽ പേര് നൽകുക,,Pending,,
field.service-catalog.name.placeholder,Enter service catalogue name,സേവന കാറ്റലോഗ് പേര് നൽകുക,,Pending,,
field.settlement.name.placeholder,Enter settlement review name,തീർപ്പാക്കൽ പരിശോധന പേര് നൽകുക,,Pending,,
field.shift-roster.name.placeholder,Enter shift roster name,ഷിഫ്റ്റ് പട്ടിക പേര് നൽകുക,,Pending,,
field.shortcut-manager.name.placeholder,Enter shortcut manager name,കുറുക്കുവഴി മാനേജർ പേര് നൽകുക,,Pending,,
field.spreadsheet-studio.name.placeholder,Enter spreadsheet studio name,സ്പ്രെഡ്ഷീറ്റ് സ്റ്റുഡിയോ പേര് നൽകുക,,Pending,,
field.statutory.name.placeholder,Enter statutory rule name,നിയമാനുസൃത ചട്ടം പേര് നൽകുക,,Pending,,
field.stock-adjustment.name.placeholder,Enter stock adjustment name,സ്റ്റോക്ക് ക്രമീകരണം പേര് നൽകുക,,Pending,,
field.stock-aging.name.placeholder,Enter stock aging name,സ്റ്റോക്കിന്റെ കാലപ്പഴക്കം പേര് നൽകുക,,Pending,,
field.stock-transfer.name.placeholder,Enter stock transfer name,സ്റ്റോക്ക് കൈമാറ്റം പേര് നൽകുക,,Pending,,
field.stock-turn.name.placeholder,Enter stock turn name,സ്റ്റോക്ക് വിറ്റഴിക്കൽ നിരക്ക് പേര് നൽകുക,,Pending,,
field.supplier-contract.name.placeholder,Enter supplier contract name,വിതരണക്കാരന്റെ കരാർ പേര് നൽകുക,,Pending,,
field.supplier-fin.name.placeholder,Enter supplier master name,വിതരണക്കാരുടെ മാസ്റ്റർ പേര് നൽകുക,,Pending,,
field.supplier-performance.name.placeholder,Enter supplier performance name,വിതരണക്കാരന്റെ പ്രകടനം പേര് നൽകുക,,Pending,,
field.supply-dashboard.name.placeholder,Enter supply chain command center name,വിതരണ ശൃംഖല നിയന്ത്രണ കേന്ദ്രം പേര് നൽകുക,,Pending,,
field.sales-targets.name.placeholder,Enter target setup name,ലക്ഷ്യ ക്രമീകരണം പേര് നൽകുക,,Pending,,
field.tax-return.name.placeholder,Enter tax return name,നികുതി റിട്ടേൺ പേര് നൽകുക,,Pending,,
field.tax.name.placeholder,Enter taxation master name,നികുതി പട്ടിക പേര് നൽകുക,,Pending,,
field.territory.name.placeholder,Enter territory master name,പ്രദേശങ്ങളുടെ പട്ടിക പേര് നൽകുക,,Pending,,
Enter the invoice and due dates.,Enter the invoice and due dates.,ഇൻവോയ്സ് തീയതിയും അടയ്ക്കേണ്ട തീയതിയും നൽകുക.,,Pending,,
field.theme-studio.name.placeholder,Enter theme studio name,തീം സ്റ്റുഡിയോ പേര് നൽകുക,,Pending,,
field.employee-transfer.name.placeholder,Enter transfer & promotion name,സ്ഥലംമാറ്റവും സ്ഥാനക്കയറ്റവും പേര് നൽകുക,,Pending,,
field.uom.name.placeholder,Enter unit of measure name,അളവിന്റെ യൂണിറ്റ് പേര് നൽകുക,,Pending,,
field.valuation-method.name.placeholder,Enter valuation method name,മൂല്യനിർണയ രീതി പേര് നൽകുക,,Pending,,
field.vitals.name.placeholder,Enter vitals & observations name,ജീവസൂചകങ്ങളും നിരീക്ഷണങ്ങളും പേര് നൽകുക,,Pending,,
field.warehouse.name.placeholder,Enter warehouse master name,ഗോഡൗണുകളുടെ പട്ടിക പേര് നൽകുക,,Pending,,
field.workforce.name.placeholder,Enter workforce analytics name,ജീവനക്കാരുടെ വിശകലനം പേര് നൽകുക,,Pending,,
ui.enter.your.credentials.to.continue.ff9eee04,Enter your credentials to continue.,തുടരാൻ പ്രവേശന വിവരങ്ങൾ നൽകുക.,,Pending,,
Enter {field},Enter {field},{field} നൽകുക,,Pending,,
Enter {name} name,Enter {name} name,{name} പേര് നൽകുക,,Pending,,
field.customer.segment.option.Enterprise,Enterprise,വൻകിട സ്ഥാപനം,,Pending,,
field.user.roles.option.enterprise-admin,Enterprise Administrator,സ്ഥാപന അഡ്മിനിസ്ട്രേറ്റർ,,Pending,,
Enterprise segment,Enterprise segment,വൻകിട സ്ഥാപന വിഭാഗം,,Pending,,
ui.error.54a0e8c1,Error,പിശക്,,Pending,,
ui.error.rows.2e0bd452,Error rows,പിശകുള്ള വരികൾ,,Pending,,
ui.errors.cb702378,Errors,പിശകുകൾ,,Pending,,
ui.esc.to.clear.3bfa5f77,Esc to clear,മായ്ക്കാൻ Esc,,Pending,,
"Escalation follows policy, never a score alone.","Escalation follows policy, never a score alone.","തുടർനടപടി നയമനുസരിച്ചാണ്, സ്കോർ മാത്രം അടിസ്ഥാനമാക്കിയല്ല.",,Pending,,
ui.every.demo.password.is.the.same.as.its.username.selectin.d1681c9f,Every demo password is the same as its username. Selecting an account fills both fields.,ഓരോ ഡെമോ പാസ്‌വേഡും ഉപയോക്തൃനാമം തന്നെയാണ്. അക്കൗണ്ട് തിരഞ്ഞെടുത്താൽ രണ്ട് ഫീൽഡുകളും പൂരിപ്പിക്കും.,,Pending,,
Every item goes somewhere,Every item goes somewhere,ഓരോ ഇനത്തിനും ഒരു ലക്ഷ്യസ്ഥാനം,,Pending,,
Every preference is back to its default.,Every preference is back to its default.,എല്ലാ മുൻഗണനകളും ഡിഫോൾട്ടിലേക്ക് മടങ്ങി.,,Pending,,
Every section says why,Every section says why,ഓരോ വിഭാഗവും കാരണം വ്യക്തമാക്കുന്നു,,Pending,,
ui.everything.has.been.read.66567841,Everything has been read.,എല്ലാം വായിച്ചു.,,Pending,,
page.notifications.subtitle,"Everything the system has raised for you, and the record behind each one.",സിസ്റ്റം നിങ്ങൾക്കായി സൃഷ്ടിച്ച എല്ലാ അറിയിപ്പുകളും അവയുമായി ബന്ധപ്പെട്ട രേഖകളും.,,Pending,,
section.consultation.examination.title,Examination,പരിശോധന,,Pending,,
"Exceeded by AED 12,400 on this order.","Exceeded by AED 12,400 on this order.","ഈ ഓർഡറിൽ AED 12,400 അധികമായി.",,Pending,,
Excel workbook,Excel workbook,Excel വർക്ക്ബുക്ക്,,Pending,,
Excel workbook (.xlsx),Excel workbook (.xlsx),Excel വർക്ക്ബുക്ക് (.xlsx),,Pending,,
ui.exception.b4fe3d52,Exception,ഒഴിവ്,,Pending,,
menu.payroll.exception-worklist.label,Exception Worklist,അപവാദ പ്രവൃത്തിപ്പട്ടിക,,Pending,,
Exception rate,Exception rate,അപവാദ നിരക്ക്,,Pending,,
Exceptions,Exceptions,അപവാദങ്ങൾ,,Pending,,
ui.exchange.rate.c42b0984,Exchange rate,വിനിമയ നിരക്ക്,,Pending,,
Exempt,Exempt,ഒഴിവാക്കിയത്,,Pending,,
Exemption certificate,Exemption certificate,ഇളവ് സർട്ടിഫിക്കറ്റ്,,Pending,,
Exercise tolerance,Exercise tolerance,വ്യായാമ സഹനശേഷി,,Pending,,
Exertional component,Exertional component,അധ്വാനവുമായി ബന്ധം,,Pending,,
ui.expand.chart.17fa3f93,Expand chart,ചാർട്ട് വികസിപ്പിക്കുക,,Pending,,
ui.expands.on.389a54e9,Expands on,വികസിക്കുന്നത്,,Pending,,
api.message.63bb02664ed1,Expected record values.,റെക്കോർഡ് മൂല്യങ്ങൾ ആവശ്യമാണ്.,,Pending,,
api.message.4951e1da4de5,"Expected { pageId: string, layout: object }.","{ pageId: string, layout: object } ആവശ്യമാണ്.",,Pending,,
api.message.56a94e3d0417,Expected { preferences: object }.,{ preferences: object } ആവശ്യമാണ്.,,Pending,,
menu.finance.expense-entry.label,Expense Entry,ചെലവ് രേഖപ്പെടുത്തൽ,,Pending,,
Expiring in 90 days,Expiring in 90 days,90 ദിവസത്തിനുള്ളിൽ കാലാവധി തീരുന്നവ,,Pending,,
Expiring within 90 days,Expiring within 90 days,90 ദിവസത്തിനുള്ളിൽ കാലാവധി തീരുന്നവ,,Pending,,
menu.pharmacy.expiry-risk-report.label,Expiry Risk,കാലാവധി തീരാനുള്ള സാധ്യത,,Pending,,
ui.explain.3b61e4e9,Explain,വിശദീകരിക്കുക,,Pending,,
ui.explain.figures.8a325f0d,Explain figures,കണക്കുകൾ വിശദീകരിക്കുക,,Pending,,
Explain these figures,Explain these figures,ഈ കണക്കുകൾ വിശദീകരിക്കുക,,Pending,,
Explain this record,Explain this record,ഈ രേഖ വിശദീകരിക്കുക,,Pending,,
Explains the fields on the open record and what its current status means.,Explains the fields on the open record and what its current status means.,തുറന്ന രേഖയിലെ ഫീൽഡുകളും നിലവിലെ നിലയുടെ അർത്ഥവും വിശദീകരിക്കുന്നു.,,Pending,,
ui.export.36648955,Export,കയറ്റുമതി ചെയ്യുക,,Pending,,
field.customer.jurisdiction.option.export,Export / zero-rated,കയറ്റുമതി / പൂജ്യം നിരക്ക്,,Pending,,
Export evidence,Export evidence,തെളിവുകൾ എക്സ്പോർട്ട് ചെയ്യുക,,Pending,,
ui.export.format.df339cb8,Export format,എക്സ്പോർട്ട് ഫോർമാറ്റ്,,Pending,,
Export ready,Export ready,എക്സ്പോർട്ട് തയ്യാറാണ്,,Pending,,
Export visible records ({format}),Export visible records ({format}),ദൃശ്യമായ റെക്കോർഡുകൾ കയറ്റുമതി ചെയ്യുക ({format}),,Pending,,
ui.export.workbook.f9fce806,Export workbook,വർക്ക്ബുക്ക് എക്സ്പോർട്ട് ചെയ്യുക,,Pending,,
Export • Zero rated,Export • Zero rated,കയറ്റുമതി • പൂജ്യം നിരക്ക്,,Pending,,
column.supplier-fin-master.exposure.label,Exposure,സാമ്പത്തിക ബാധ്യത,,Pending,,
"Exposure, adherence, response, side effects, interactions.","Exposure, adherence, response, side effects, interactions.","ഉപയോഗം, പാലിക്കൽ, പ്രതികരണം, പാർശ്വഫലങ്ങൾ, പരസ്പരപ്രവർത്തനങ്ങൾ.",,Pending,,
Extensive — two of three categories met,Extensive — two of three categories met,വിപുലം — മൂന്നിൽ രണ്ട് വിഭാഗങ്ങൾ പാലിച്ചു,,Pending,,
field.hr-dashboard.category.option.External,External,ബാഹ്യം,,Pending,,
ui.external.billing.reference.e59adc54,External billing reference,ബാഹ്യ ബില്ലിംഗ് റഫറൻസ്,,Pending,,
External examination if indicated,External examination if indicated,ആവശ്യമെങ്കിൽ ബാഹ്യ പരിശോധന,,Pending,,
field.hr-dashboard.externalRef.label,External reference,ബാഹ്യ റഫറൻസ്,,Pending,,
Eye contact,Eye contact,കണ്ണുകളിലൂടെയുള്ള സമ്പർക്കം,,Pending,,
ui.face.to.face.and.non.face.to.face.time.by.the.reporting.6df1aa8e,Face-to-face and non-face-to-face time by the reporting practitioner on that date. Do not infer it from how long the record was open.,ആ തീയതിയിൽ റിപ്പോർട്ട് ചെയ്യുന്ന ചികിത്സകന്റെ നേരിട്ടും അല്ലാതെയുമുള്ള സമയം. രേഖ തുറന്നിരുന്ന ദൈർഘ്യത്തിൽ നിന്ന് കണക്കാക്കരുത്.,,Pending,,
Falls risk,Falls risk,വീഴ്ചാ സാധ്യത,,Pending,,
"Falls, cognition, function, polypharmacy, caregiver, goals.","Falls, cognition, function, polypharmacy, caregiver, goals.","വീഴ്ചകൾ, ബോധശേഷി, പ്രവർത്തനശേഷി, പല മരുന്നുകളുടെ ഉപയോഗം, പരിചാരകൻ, ലക്ഷ്യങ്ങൾ.",,Pending,,
Feb,Feb,ഫെബ്രുവരി,,Pending,,
Feedback,Feedback,പ്രതികരണം,,Pending,,
menu.library.feedback-components.label,Feedback & Overlays,പ്രതികരണങ്ങളും ഓവർലേകളും,,Pending,,
Feeding and intake,Feeding and intake,ആഹാരവും കഴിക്കുന്ന അളവും,,Pending,,
Fetal heart rate,Fetal heart rate,ഭ്രൂണ ഹൃദയമിടിപ്പ്,,Pending,,
Fetal movement,Fetal movement,ഭ്രൂണ ചലനം,,Pending,,
Fever pattern,Fever pattern,പനിയുടെ രീതി,,Pending,,
"Fever, cough or acute presentation","Fever, cough or acute presentation","പനി, ചുമ, തീവ്ര ലക്ഷണങ്ങൾ",,Pending,,
ui.field.f45fc1df,Field,ഫീൽഡ്,,Pending,,
Fields,Fields,ഫീൽഡുകൾ,,Pending,,
Fields and sections are defined once and rendered by every form presentation.,Fields and sections are defined once and rendered by every form presentation.,ഫീൽഡുകളും വിഭാഗങ്ങളും ഒരിക്കൽ നിർവചിച്ച് എല്ലാ ഫോം രൂപങ്ങളിലും പ്രദർശിപ്പിക്കുന്നു.,,Pending,,
ui.fill.033955d4,Fill,പൂരിപ്പിക്കുക,,Pending,,
Filter,Filter,ഫിൽട്ടർ,,Pending,,
ui.filter.options.62b72239,Filter options,ഫിൽട്ടർ ഓപ്ഷനുകൾ,,Pending,,
ui.filtered.0ba993b3,Filtered,ഫിൽട്ടർ ചെയ്തത്,,Pending,,
ui.filters.546ebb8e,Filters,ഫിൽട്ടറുകൾ,,Pending,,
Filters excluded from links: {count}. Save a view to share this.,Filters excluded from links: {count}. Save a view to share this.,ലിങ്കുകളിൽ നിന്ന് ഒഴിവാക്കിയ ഫിൽട്ടറുകൾ: {count}. പങ്കിടാൻ കാഴ്ച സംരക്ഷിക്കുക.,,Pending,,
Filters reset,Filters reset,ഫിൽട്ടറുകൾ പുനഃസജ്ജമാക്കി,,Pending,,
ui.filters.columns.sort.and.page.size.are.stored.with.your.643172f0,"Filters, columns, sort and page size are stored with your account.","ഫിൽട്ടറുകൾ, നിരകൾ, ക്രമം, പേജ് വലുപ്പം എന്നിവ നിങ്ങളുടെ അക്കൗണ്ടിൽ സംരക്ഷിക്കുന്നു.",,Pending,,
"Filters, views, columns, sorting, pagination and preview","Filters, views, columns, sorting, pagination and preview","ഫിൽട്ടറുകൾ, കാഴ്ചകൾ, നിരകൾ, ക്രമം, പേജ് വിഭജനം, പ്രിവ്യൂ",,Pending,,
menu.payroll.final-settlement.label,Final Settlement,അന്തിമ തീർപ്പാക്കൽ,,Pending,,
Final review,Final review,അന്തിമ അവലോകനം,,Pending,,
Final segments: {count},Final segments: {count},അവസാന ഭാഗങ്ങൾ: {count},,Pending,,
Finance,Finance,ധനകാര്യം,,Pending,,
Finance & Accounting,Finance & Accounting,ധനകാര്യവും അക്കൗണ്ടിംഗും,,Pending,,
Finance Command Center,Finance Command Center,ധനകാര്യ നിയന്ത്രണ കേന്ദ്രം,,Pending,,
Finance Dashboard,Finance Dashboard,ധനകാര്യ ഡാഷ്ബോർഡ്,,Pending,,
Finance Leadership,Finance Leadership,ധനകാര്യ നേതൃത്വം,,Pending,,
field.user.roles.option.finance-manager,Finance Manager,ധനകാര്യ മാനേജർ,,Pending,,
Finance Queues,Finance Queues,ധനകാര്യ ക്യൂകൾ,,Pending,,
Finance Setup,Finance Setup,ധനകാര്യ സജ്ജീകരണം,,Pending,,
Finance review,Finance review,ധനകാര്യ അവലോകനം,,Pending,,
Financial Statements,Financial Statements,സാമ്പത്തിക പ്രസ്താവനകൾ,,Pending,,
ui.find.approvals.02c11f97,Find approvals,അംഗീകാരങ്ങൾ തിരയുക,,Pending,,
Find documentation gaps,Find documentation gaps,രേഖപ്പെടുത്തലിലെ കുറവുകൾ കണ്ടെത്തുക,,Pending,,
Find records,Find records,രേഖകൾ കണ്ടെത്തുക,,Pending,,
field.consultation.examinationNotes.label,Findings,കണ്ടെത്തലുകൾ,,Pending,,
ui.fingerprint.ba7af0b7,Fingerprint,ഫിംഗർപ്രിന്റ്,,Pending,,
api.message.9a2e0adf7846,Finish or retry earlier imports before creating another.,പുതിയത് തുടങ്ങുന്നതിന് മുമ്പ് മുൻ ഇറക്കുമതികൾ പൂർത്തിയാക്കുക അല്ലെങ്കിൽ വീണ്ടും ശ്രമിക്കുക.,,Pending,,
Finished goods,Finished goods,പൂർത്തിയായ ഉൽപ്പന്നങ്ങൾ,,Pending,,
ui.fires.a.sample.using.the.settings.above.33ab8430,Fires a sample using the settings above.,മുകളിലെ ക്രമീകരണങ്ങൾ ഉപയോഗിച്ച് മാതൃക കാണിക്കുന്നു.,,Pending,,
ui.first.set.3757ac29,First set,ആദ്യം സജ്ജമാക്കിയത്,,Pending,,
menu.finance.fiscal-period.label,Fiscal Period,സാമ്പത്തിക കാലയളവ്,,Pending,,
ui.fix.sidebar.open.5cfa2a6b,Fix sidebar open,സൈഡ്ബാർ തുറന്ന നിലയിൽ ഉറപ്പിക്കുക,,Pending,,
ui.floating.windows.4f5a6c7b,Floating windows,ഫ്ലോട്ടിംഗ് വിൻഡോകൾ,,Pending,,
Flow,Flow,ഒഴുക്ക്,,Pending,,
column.consultation-worklist.followUp.label,Follow-up,തുടർപരിശോധന,,Pending,,
ui.follow.up.and.safety.net.plan.verified.2e5847f1,Follow-up and safety-net plan verified,തുടർപരിശോധനയും സുരക്ഷാ പദ്ധതിയും പരിശോധിച്ചു,,Pending,,
field.consultation.followUp.label,Follow-up date,തുടർപരിശോധന തീയതി,,Pending,,
field.consultation.outcome.option.Follow-up%20in%204%20weeks,Follow-up in 4 weeks,4 ആഴ്ചയ്ക്കുള്ളിൽ തുടർപരിശോധന,,Pending,,
Follow-up ownership,Follow-up ownership,തുടർപരിശോധനയുടെ ഉത്തരവാദിത്തം,,Pending,,
ui.font.family.119ef3fa,Font family,ഫോണ്ട് കുടുംബം,,Pending,,
Font size,Font size,ഫോണ്ട് വലുപ്പം,,Pending,,
ui.fonts.and.sizes.for.the.shell.forms.and.result.lists.5079efb6,"Fonts and sizes for the shell, forms and result lists.","ഷെൽ, ഫോമുകൾ, ഫല പട്ടികകൾ എന്നിവയുടെ ഫോണ്ടുകളും വലുപ്പങ്ങളും.",,Pending,,
For this browser only,For this browser only,ഈ ബ്രൗസറിന് മാത്രം,,Pending,,
Forecast confidence,Forecast confidence,പ്രവചനത്തിലെ വിശ്വാസം,,Pending,,
column.drug-master.form.label,Form,ഫോം,,Pending,,
menu.library.form-controls.label,Form Controls,ഫോം നിയന്ത്രണങ്ങൾ,,Pending,,
menu.library.form-patterns.label,Form Patterns,ഫോം മാതൃകകൾ,,Pending,,
Form and process,Form and process,രൂപവും പ്രക്രിയയും,,Pending,,
Form controls,Form controls,ഫോം നിയന്ത്രണങ്ങൾ,,Pending,,
ui.form.field.size.b4395a90,Form field size,ഫോം ഫീൽഡ് വലുപ്പം,,Pending,,
ui.form.mode.657dd0c2,Form mode:,ഫോം മോഡ്:,,Pending,,
Form schemas,Form schemas,ഫോം സ്കീമകൾ,,Pending,,
FormRenderer usage increased,FormRenderer usage increased,FormRenderer ഉപയോഗം വർധിച്ചു,,Pending,,
menu.payroll.pay-formula.label,Formula Designer,ഫോർമുല ഡിസൈനർ,,Pending,,
ui.formula.bar.8b12e6c7,Formula bar,ഫോർമുല ബാർ,,Pending,,
column.drug-master.formulary.label,Formulary,അംഗീകൃത മരുന്നുപട്ടിക,,Pending,,
menu.pharmacy.rx-formulary.label,Formulary & Stock,മരുന്നുപട്ടികയും സ്റ്റോക്കും,,Pending,,
menu.pharmacy.formulary-setup.label,Formulary Setup,മരുന്നുപട്ടിക ക്രമീകരണം,,Pending,,
Formulary compliance,Formulary compliance,മരുന്നുപട്ടിക അനുസരണം,,Pending,,
ui.four.characters.enough.to.tell.two.keys.apart.not.enough.4eee3d19,"Four characters. Enough to tell two keys apart, not enough to be one.","നാല് അക്ഷരങ്ങൾ. രണ്ട് കീകൾ തിരിച്ചറിയാൻ മതി, കീ ആയി ഉപയോഗിക്കാൻ മതിയാകില്ല.",,Pending,,
"Four layers, one screen","Four layers, one screen","നാല് തലങ്ങൾ, ഒരു സ്ക്രീൻ",,Pending,,
ui.frequency.16b6668d,Frequency,ആവൃത്തി,,Pending,,
From date,From date,ആരംഭ തീയതി,,Pending,,
menu.sales.fulfillment-worklist.label,Fulfillment Worklist,ഓർഡർ പൂർത്തീകരണ പട്ടിക,,Pending,,
Fulfillment exceptions,Fulfillment exceptions,നിറവേറ്റൽ അപവാദങ്ങൾ,,Pending,,
Function,Function,പ്രവർത്തനശേഷി,,Pending,,
"Function, frailty and caregiver","Function, frailty and caregiver","പ്രവർത്തനശേഷി, ദുർബലത, പരിചാരകൻ",,Pending,,
Functional,Functional,പ്രവർത്തനപരമായത്,,Pending,,
Functional limitation,Functional limitation,പ്രവർത്തനപരമായ പരിമിതി,,Pending,,
Fundal height,Fundal height,ഗർഭാശയ ഉയരം,,Pending,,
Future-token ready,Future-token ready,ഭാവി ടോക്കണുകൾക്ക് തയ്യാറാണ്,,Pending,,
GBP — Pound sterling,GBP — Pound sterling,GBP — പൗണ്ട് സ്റ്റെർലിംഗ്,,Pending,,
column.patient-master.gender.label,Gender,ലിംഗം,,Pending,,
General,General,പൊതുവായത്,,Pending,,
General Ledger,General Ledger,ജനറൽ ലെഡ്ജർ,,Pending,,
field.consultation.specialty.option.General%20Medicine,General Medicine,ജനറൽ മെഡിസിൻ,,Pending,,
General and abdominal,General and abdominal,പൊതുവായതും ഉദരപരവും,,Pending,,
section.hr-dashboard.general.title,General information,പൊതുവിവരങ്ങൾ,,Pending,,
General status,General status,പൊതുനില,,Pending,,
ui.generated.17.42.gst.f43f2032,Generated 17:42 GST,17:42 GST-ൽ സൃഷ്ടിച്ചു,,Pending,,
Georgia (serif),Georgia (serif),Georgia (സെരിഫ്),,Pending,,
Gestational age,Gestational age,ഗർഭകാല പ്രായം,,Pending,,
"Gestational status, medication and imaging safety.","Gestational status, medication and imaging safety.","ഗർഭാവസ്ഥാ നില, മരുന്നിന്റെയും ഇമേജിംഗിന്റെയും സുരക്ഷ.",,Pending,,
Global and page-specific actions are discoverable and focus accessible.,Global and page-specific actions are discoverable and focus accessible.,പൊതുവായതും പേജിനുള്ളതുമായ നടപടികൾ കണ്ടെത്താനും ഫോക്കസ് വഴി ഉപയോഗിക്കാനും കഴിയും.,,Pending,,
Go to the module dashboard,Go to the module dashboard,മൊഡ്യൂൾ ഡാഷ്ബോർഡിലേക്ക് പോകുക,,Pending,,
Goes to,Goes to,അയയ്ക്കുന്നത്,,Pending,,
ui.goes.to.69415870,Goes to ,അയയ്ക്കുന്നത് ,,Pending,,
menu.supply.goods-receipt.label,Goods Receipt,സാധനങ്ങൾ സ്വീകരിക്കൽ,,Pending,,
Goods receipt posted,Goods receipt posted,ചരക്ക് സ്വീകരണം പോസ്റ്റ് ചെയ്തു,,Pending,,
Government,Government,സർക്കാർ,,Pending,,
menu.hr.grade-master.label,Grade & Band,ഗ്രേഡും ബാൻഡും,,Pending,,
ui.grand.total.d88867c4,Grand total,മൊത്തം ആകെ,,Pending,,
Grid,Grid,ഗ്രിഡ്,,Pending,,
Grooming,Grooming,വ്യക്തിപരമായ വൃത്തിയും വേഷവും,,Pending,,
Gross margin,Gross margin,മൊത്ത മാർജിൻ,,Pending,,
Gross subtotal,Gross subtotal,മൊത്ത ഉപതുക,,Pending,,
Growth,Growth,വളർച്ച,,Pending,,
Growth centile,Growth centile,വളർച്ചയുടെ പെർസെന്റൈൽ,,Pending,,
Growth trajectory,Growth trajectory,വളർച്ചാ പ്രവണത,,Pending,,
"Guardian source, growth, development, age-appropriate ranges.","Guardian source, growth, development, age-appropriate ranges.","രക്ഷിതാവിൽ നിന്നുള്ള വിവരം, വളർച്ച, വികാസം, പ്രായാനുസൃത പരിധികൾ.",,Pending,,
"Guardian source, weight-based safety, development, consent.","Guardian source, weight-based safety, development, consent.","രക്ഷിതാവിൽ നിന്നുള്ള വിവരം, ഭാരാധിഷ്ഠിത സുരക്ഷ, വികാസം, സമ്മതം.",,Pending,,
"Guardian, growth and safeguarding","Guardian, growth and safeguarding","രക്ഷിതാവ്, വളർച്ച, സംരക്ഷണം",,Pending,,
Guided tour ·,Guided tour ·,മാർഗനിർദേശ പര്യടനം ·,,Pending,,
ui.guided.tour.40eb5b9e,Guided tour · ,മാർഗനിർദേശ പര്യടനം · ,,Pending,,
ui.guided.tours.and.shortcuts.bottom.corner.86c65f92,"Guided tours and shortcuts, bottom corner",താഴെ മൂലയിൽ മാർഗനിർദേശവും കുറുക്കുവഴികളും,,Pending,,
Gynaecological,Gynaecological,സ്ത്രീരോഗ സംബന്ധമായത്,,Pending,,
module.healthcare.shortLabel,HC,ആരോഗ്യ പരിചരണം,,Pending,,
module.hr.shortLabel,HR,മാനവ വിഭവശേഷി,,Pending,,
field.user.roles.option.hr-business-partner,HR Business Partner,മാനവവിഭവ ബിസിനസ് പങ്കാളി,,Pending,,
page.hr-dashboard.title,HR Command Center,മാനവ വിഭവ നിയന്ത്രണ കേന്ദ്രം,,Pending,,
menu.hr.hr-dashboard.label,HR Dashboard,മാനവ വിഭവ ഡാഷ്ബോർഡ്,,Pending,,
menu.hr.hr-settings.label,HR Setup,മാനവ വിഭവ ക്രമീകരണം,,Pending,,
field.user.owner.option.hr-shared,HR Shared Services,പങ്കിട്ട മാനവവിഭവ സേവനങ്ങൾ,,Pending,,
Head circumference,Head circumference,തലയുടെ ചുറ്റളവ്,,Pending,,
ui.header.ba5caa42,Header,ഹെഡർ,,Pending,,
Header entries,Header entries,ഹെഡർ എൻട്രികൾ,,Pending,,
"Header records, lines, payments, tax and print composition","Header records, lines, payments, tax and print composition","ഹെഡർ രേഖകൾ, ലൈനുകൾ, പണമടയ്ക്കൽ, നികുതി, പ്രിന്റ് സംയോജനം",,Pending,,
ui.header.theme.994e2001,Header theme,ഹെഡർ തീം,,Pending,,
ui.header.tone.8dd3f09c,Header tone,ഹെഡർ വർണ്ണശൈലി,,Pending,,
"Header, module navigation, sidebar, tabs and footer","Header, module navigation, sidebar, tabs and footer","ഹെഡർ, മൊഡ്യൂൾ നാവിഗേഷൻ, സൈഡ്ബാർ, ടാബുകൾ, ഫൂട്ടർ",,Pending,,
ui.header.sidebar.cards.and.everything.not.listed.below.03fd4fdb,"Header, sidebar, cards and everything not listed below.","ഹെഡർ, സൈഡ്ബാർ, കാർഡുകൾ, താഴെ പട്ടികപ്പെടുത്തിയിട്ടില്ലാത്തവ.",,Pending,,
Health,Health,ആരോഗ്യം,,Pending,,
module.healthcare.label,Healthcare,ആരോഗ്യ പരിചരണം,,Pending,,
menu.healthcare.healthcare-dashboard.label,Healthcare Dashboard,ആരോഗ്യ പരിചരണ ഡാഷ്ബോർഡ്,,Pending,,
"Heart failure, hypertension or arrhythmia review","Heart failure, hypertension or arrhythmia review","ഹൃദയപരാജയം, ഉയർന്ന രക്തസമ്മർദ്ദം, താളവ്യതിയാനം എന്നിവയുടെ പരിശോധന",,Pending,,
Heart sounds,Heart sounds,ഹൃദയശബ്ദങ്ങൾ,,Pending,,
Heart-failure functional class,Heart-failure functional class,ഹൃദയപരാജയ പ്രവർത്തന വിഭാഗം,,Pending,,
Height or length centile,Height or length centile,ഉയരം അല്ലെങ്കിൽ നീളത്തിന്റെ പെർസെന്റൈൽ,,Pending,,
ui.held.back.300ea402,Held back:,തടഞ്ഞുവച്ചു:,,Pending,,
ui.help.b79cac92,Help,സഹായം,,Pending,,
ui.help.b22e5e67,Help (?),സഹായം (?),,Pending,,
ui.help.assistant.button.ac1e5563,Help assistant button,സഹായ അസിസ്റ്റന്റ് ബട്ടൺ,,Pending,,
field.hr-dashboard.priority.option.High,High,ഉയർന്നത്,,Pending,,
High — e.g. drug therapy requiring intensive monitoring for toxicity; decision regarding hospitalisation,High — e.g. drug therapy requiring intensive monitoring for toxicity; decision regarding hospitalisation,ഉയർന്നത് — ഉദാ. വിഷപ്രഭാവത്തിന് തീവ്ര നിരീക്ഷണം ആവശ്യമായ മരുന്ന് ചികിത്സ; ആശുപത്രി പ്രവേശന തീരുമാനം,,Pending,,
field.user.language.option.hi,Hindi,ഹിന്ദി,,Pending,,
field.consultation.history.label,History of presenting complaint,നിലവിലെ പരാതിയുടെ ചരിത്രം,,Pending,,
"History, allergies and reconciliation","History, allergies and reconciliation","ചരിത്രം, അലർജികൾ, മരുന്ന് പൊരുത്തപ്പെടുത്തൽ",,Pending,,
ui.honoured.by.every.module.and.page.4bbba1b9,Honoured by every module and page.,എല്ലാ മൊഡ്യൂളുകളിലും പേജുകളിലും പാലിക്കുന്നു.,,Pending,,
Hover,Hover,മൗസ് മുകളിൽ വയ്ക്കൽ,,Pending,,
ui.how.the.data.table.reads.at.twelve.columns.and.a.hundred.ff397919,How the data table reads at twelve columns and a hundred rows.,പന്ത്രണ്ട് നിരകളും നൂറ് വരികളുമുള്ള പട്ടികയുടെ പ്രദർശനം.,,Pending,,
ui.how.the.provider.is.permitted.to.handle.what.it.is.sent.8a5b2181,How the provider is permitted to handle what it is sent.,അയച്ച ഉള്ളടക്കം ദാതാവിന് എങ്ങനെ കൈകാര്യം ചെയ്യാം.,,Pending,,
ui.how.this.was.composed.a455784c,How this was composed,ഇത് എങ്ങനെ തയ്യാറാക്കി,,Pending,,
module.hr.label,Human Resources,മാനവ വിഭവശേഷി,,Pending,,
Hydration,Hydration,ജലാംശ നില,,Pending,,
Hypertensive or diabetic risk,Hypertensive or diabetic risk,ഉയർന്ന രക്തസമ്മർദ്ദമോ പ്രമേഹമോ ഉണ്ടാകാനുള്ള സാധ്യത,,Pending,,
ui.i.reviewed.the.clinical.content.8bdeac61,I reviewed the clinical content,ക്ലിനിക്കൽ ഉള്ളടക്കം ഞാൻ പരിശോധിച്ചു,,Pending,,
INR — Indian rupee,INR — Indian rupee,INR — ഇന്ത്യൻ രൂപ,,Pending,,
INR • Indian Rupee,INR • Indian Rupee,INR • ഇന്ത്യൻ രൂപ,,Pending,,
field.user.owner.option.it-desk,IT Service Desk,ഐടി സേവന കേന്ദ്രം,,Pending,,
Id,Id,ഐഡി,,Pending,,
section.hr-dashboard.general.description,"Identification, ownership and lifecycle.","തിരിച്ചറിയൽ, ഉടമസ്ഥത, ജീവിതചക്രം.",,Pending,,
section.user.identity.title,Identity,തിരിച്ചറിയൽ,,Pending,,
menu.hr.identity.label,Identity & Access,തിരിച്ചറിയലും പ്രവേശനവും,,Pending,,
field.user.owner.option.identity-ops,Identity Operations,തിരിച്ചറിയൽ പ്രവർത്തനങ്ങൾ,,Pending,,
ui.identity.and.contact.details.b0f56cb6,Identity and contact details,തിരിച്ചറിയലും ബന്ധപ്പെടാനുള്ള വിവരങ്ങളും,,Pending,,
"Identity, access, organization assignment, security policy and personal settings.","Identity, access, organization assignment, security policy and personal settings.","തിരിച്ചറിയൽ, പ്രവേശനം, സ്ഥാപന ചുമതല, സുരക്ഷാ നയം, വ്യക്തിഗത ക്രമീകരണങ്ങൾ.",,Pending,,
Ids and versions only. Prompt,Ids and versions only. Prompt,ഐഡികളും പതിപ്പുകളും മാത്രം. പ്രോംപ്റ്റ്,,Pending,,
ui.ids.and.versions.only.prompt.e8f8a0a3,Ids and versions only. Prompt ,ഐഡികളും പതിപ്പുകളും മാത്രം. പ്രോംപ്റ്റ് ,,Pending,,
ui.ids.and.versions.the.text.stays.on.the.server.976cd4c2,Ids and versions. The text stays on the server.,ഐഡികളും പതിപ്പുകളും. വാചകം സെർവറിൽ തുടരും.,,Pending,,
menu.healthcare.imaging-worklist.label,Imaging,മെഡിക്കൽ ഇമേജിംഗ്,,Pending,,
Immunisation status,Immunisation status,പ്രതിരോധ കുത്തിവയ്പ്പ് നില,,Pending,,
ui.import.2cff9baa,Import,ഇംപോർട്ട്,,Pending,,
menu.library.import-export.label,Import & Export,ഇറക്കുമതിയും കയറ്റുമതിയും,,Pending,,
Import & export,Import & export,ഇംപോർട്ടും എക്സ്പോർട്ടും,,Pending,,
ui.import.excel.csv.f5248759,Import Excel / CSV,Excel / CSV ഇംപോർട്ട്,,Pending,,
Import at most 500 data rows at a time.,Import at most 500 data rows at a time.,ഒരേസമയം പരമാവധി 500 ഡാറ്റ വരികൾ ഇംപോർട്ട് ചെയ്യുക.,,Pending,,
api.message.7d30c09e015a,Import exceeds the service request limit.,ഇറക്കുമതി സേവന അഭ്യർത്ഥന പരിധി കവിയുന്നു.,,Pending,,
Import failed,Import failed,ഇംപോർട്ട് പരാജയപ്പെട്ടു,,Pending,,
api.message.6799f06939d9,Import not available.,ഇറക്കുമതി ലഭ്യമല്ല.,,Pending,,
Import paused. Resume to continue.,Import paused. Resume to continue.,ഇറക്കുമതി നിർത്തിയിരിക്കുന്നു. തുടരാൻ പുനരാരംഭിക്കുക.,,Pending,,
Import processing finished.,Import processing finished.,ഇറക്കുമതി പൂർത്തിയായി.,,Pending,,
ui.import.progress.d3d5b27e,Import progress,ഇറക്കുമതി പുരോഗതി,,Pending,,
ui.import.records.9b70f039,Import records,രേഖകൾ ഇറക്കുമതി ചെയ്യുക,,Pending,,
ui.import.row.results.9434e9fe,Import row results,ഇറക്കുമതി വരികളുടെ ഫലങ്ങൾ,,Pending,,
Import service is unavailable. Retry to check the result.,Import service is unavailable. Retry to check the result.,ഇംപോർട്ട് സേവനം ലഭ്യമല്ല. ഫലം പരിശോധിക്കാൻ വീണ്ടും ശ്രമിക്കുക.,,Pending,,
api.message.ee2ea0542db6,Import status could not be confirmed. Resume the import to check completed rows.,ഇറക്കുമതി നില സ്ഥിരീകരിക്കാനായില്ല. പൂർത്തിയായ വരികൾ പരിശോധിക്കാൻ ഇറക്കുമതി തുടരുക.,,Pending,,
Import valid rows: {count},Import valid rows: {count},സാധുവായ വരികൾ ഇറക്കുമതി ചെയ്യുക: {count},,Pending,,
Import {page},Import {page},{page} ഇറക്കുമതി ചെയ്യുക,,Pending,,
Imported with provenance from validated observations,Imported with provenance from validated observations,പരിശോധിച്ച നിരീക്ഷണങ്ങളിൽ നിന്ന് ഉറവിട വിവരങ്ങളോടെ ഇംപോർട്ട് ചെയ്തത്,,Pending,,
Importing rows…,Importing rows…,വരികൾ ഇറക്കുമതി ചെയ്യുന്നു…,,Pending,,
"In production the signer, version, timestamp and method are captured; later edits become addenda.","In production the signer, version, timestamp and method are captured; later edits become addenda.","പ്രൊഡക്ഷനിൽ ഒപ്പിടുന്നയാൾ, പതിപ്പ്, സമയം, രീതി എന്നിവ രേഖപ്പെടുത്തുന്നു; പിന്നീടുള്ള മാറ്റങ്ങൾ അനുബന്ധങ്ങളാകും.",,Pending,,
In progress,In progress,പുരോഗമിക്കുന്നു,,Pending,,
field.consultation.chiefComplaint.placeholder,In the patient's own words where possible,കഴിയുന്നിടത്ത് രോഗിയുടെ സ്വന്തം വാക്കുകളിൽ,,Pending,,
In transit,In transit,ഗതാഗതത്തിൽ,,Pending,,
Inactive,Inactive,നിഷ്ക്രിയം,,Pending,,
Inbound shipment received,Inbound shipment received,വരുന്ന ചരക്ക് ലഭിച്ചു,,Pending,,
menu.library.inbox.label,Inbox,ഇൻബോക്സ്,,Pending,,
Include a header and at least one data row.,Include a header and at least one data row.,തലക്കെട്ടും കുറഞ്ഞത് ഒരു ഡാറ്റ വരിയും ഉൾപ്പെടുത്തുക.,,Pending,,
Incomplete: {sections}.,Incomplete: {sections}.,അപൂർണ്ണം: {sections}.,,Pending,,
ui.independent.of.the.page.theme.solarized.rail.on.a.nexora.af1752bc,"Independent of the page theme — Solarized rail on a Nexora page, say",പേജ് തീമിൽ നിന്ന് സ്വതന്ത്രം — ഉദാ. Nexora പേജിൽ Solarized റെയിൽ,,Pending,,
ui.independent.of.the.page.theme.as.the.rail.s.is.f79134b6,"Independent of the page theme, as the rail's is",റെയിൽ പോലെ പേജ് തീമിൽ നിന്ന് സ്വതന്ത്രം,,Pending,,
field.customer.country.option.IN,India,ഇന്ത്യ,,Pending,,
field.customer.jurisdiction.option.india-gst,India GST,ഇന്ത്യൻ ജിഎസ്ടി,,Pending,,
Indication,Indication,ആവശ്യകത,,Pending,,
"Indication, readiness, consent status and peri-procedure plan.","Indication, readiness, consent status and peri-procedure plan.","ആവശ്യകത, സന്നദ്ധത, സമ്മത നില, നടപടിക്രമവുമായി ബന്ധപ്പെട്ട പദ്ധതി.",,Pending,,
"Indication, risks discussed, and preparation","Indication, risks discussed, and preparation","ആവശ്യകത, ചർച്ച ചെയ്ത അപകടസാധ്യതകൾ, തയ്യാറെടുപ്പ്",,Pending,,
ui.info.170322a3,Info,വിവരം,,Pending,,
ui.information.1cb0ba12,Information,വിവരം,,Pending,,
"Initial evaluation: baseline history, assessment, diagnosis and plan.","Initial evaluation: baseline history, assessment, diagnosis and plan.","പ്രാരംഭ വിലയിരുത്തൽ: അടിസ്ഥാന ചരിത്രം, വിലയിരുത്തൽ, രോഗനിർണയം, പദ്ധതി.",,Pending,,
Initial treatment goals,Initial treatment goals,പ്രാരംഭ ചികിത്സാ ലക്ഷ്യങ്ങൾ,,Pending,,
section.user.preferences.description,Initial workspace defaults; the user can refine these later.,പ്രാരംഭ വർക്ക്‌സ്‌പേസ് ക്രമീകരണങ്ങൾ; ഉപയോക്താവിന് പിന്നീട് മാറ്റാം.,,Pending,,
Injury classification,Injury classification,പരിക്കിന്റെ വർഗീകരണം,,Pending,,
Inpatient,Inpatient,ഇൻപേഷ്യന്റ്,,Pending,,
Inpatients today,Inpatients today,ഇന്നത്തെ ഇൻപേഷ്യന്റുകൾ,,Pending,,
Input validation,Input validation,ഇൻപുട്ട് സാധൂകരണം,,Pending,,
"Input, search, textarea, select, multiselect and toggle","Input, search, textarea, select, multiselect and toggle","ഇൻപുട്ട്, തിരച്ചിൽ, ടെക്സ്റ്റ് ഏരിയ, തിരഞ്ഞെടുപ്പ്, ബഹുതിരഞ്ഞെടുപ്പ്, ടോഗിൾ",,Pending,,
Inputs,Inputs,ഇൻപുട്ടുകൾ,,Pending,,
ui.insert.into.narrative.3b44ab17,Insert into narrative,വിവരണത്തിൽ ചേർക്കുക,,Pending,,
Insight and judgement,Insight and judgement,ഉൾക്കാഴ്ചയും വിവേചനവും,,Pending,,
Inspection,Inspection,ദൃശ്യപരിശോധന,,Pending,,
Insurance / third party,Insurance / third party,ഇൻഷുറൻസ് / മൂന്നാം കക്ഷി,,Pending,,
menu.library.integration-guide.label,Integration Guide,സംയോജന മാർഗ്ഗരേഖ,,Pending,,
ui.integration.guide.02a0a9e2,Integration guide,ഇന്റഗ്രേഷൻ ഗൈഡ്,,Pending,,
Inter (default),Inter (default),Inter (ഡിഫോൾട്ട്),,Pending,,
Interaction and alertness,Interaction and alertness,ഇടപെടലും ജാഗ്രതയും,,Pending,,
ui.interactive.reports.are.limited.to.a.configurable.date.r.13a0a236,Interactive reports are limited to a configurable date range. Large historical requests should run as scheduled jobs and deliver a secure file link.,സംവേദനാത്മക റിപ്പോർട്ടുകൾ ക്രമീകരിക്കാവുന്ന തീയതി പരിധിയിൽ പരിമിതമാണ്. വലിയ ചരിത്ര അഭ്യർത്ഥനകൾ ഷെഡ്യൂൾ ചെയ്ത ജോലികളായി പ്രവർത്തിപ്പിച്ച് സുരക്ഷിത ഫയൽ ലിങ്ക് നൽകണം.,,Pending,,
field.hr-dashboard.category.option.Internal,Internal,ആന്തരികം,,Pending,,
field.user.roles.option.auditor,Internal Auditor,ആന്തരിക ഓഡിറ്റർ,,Pending,,
"Interval history, response to treatment, adherence and change in status.","Interval history, response to treatment, adherence and change in status.","ഇടക്കാല ചരിത്രം, ചികിത്സാ പ്രതികരണം, ചികിത്സ പാലിക്കൽ, നിലയിലെ മാറ്റം.",,Pending,,
api.message.f7dbb8f02013,Invalid attachment.,അസാധുവായ അറ്റാച്ച്മെന്റ്.,,Pending,,
Invalid column mapping.,Invalid column mapping.,അസാധുവായ നിര മാപ്പിംഗ്.,,Pending,,
api.message.20ec574547c4,Invalid destination key.,അസാധുവായ ലക്ഷ്യ കീ.,,Pending,,
api.message.1d8e33865ae3,Invalid import request.,അസാധുവായ ഇറക്കുമതി അഭ്യർത്ഥന.,,Pending,,
api.message.f850d16d78cb,Invalid or oversized record.,റെക്കോർഡ് അസാധുവാണ് അല്ലെങ്കിൽ വലുപ്പപരിധി കഴിഞ്ഞു.,,Pending,,
api.message.6adae2229057,Invalid product.,അസാധുവായ ഉൽപ്പന്നം.,,Pending,,
api.message.5b3c6897a389,Invalid record address.,അസാധുവായ റെക്കോർഡ് വിലാസം.,,Pending,,
api.message.e2b9c74266b8,Invalid record key.,അസാധുവായ റെക്കോർഡ് കീ.,,Pending,,
api.message.a9a47b6c988d,Invalid record scope.,അസാധുവായ റെക്കോർഡ് പരിധി.,,Pending,,
api.message.b818d77107aa,Invalid request or attachment larger than 2 MB.,അഭ്യർത്ഥന അസാധുവാണ് അല്ലെങ്കിൽ അറ്റാച്ച്മെന്റ് 2 MB-ൽ കൂടുതലാണ്.,,Pending,,
api.message.33abb093d9d1,Invalid view request.,അസാധുവായ കാഴ്ച അഭ്യർത്ഥന.,,Pending,,
menu.supply.inventory.label,Inventory,സ്റ്റോക്ക്,,Pending,,
menu.supply.inventory-count.label,Inventory Count,സ്റ്റോക്ക് എണ്ണൽ,,Pending,,
menu.supply.inventory-valuation.label,Inventory Valuation,സ്റ്റോക്ക് മൂല്യനിർണയം,,Pending,,
Inventory value,Inventory value,സ്റ്റോക്ക് മൂല്യം,,Pending,,
Invoice INV-26-005184 overdue,Invoice INV-26-005184 overdue,INV-26-005184 ഇൻവോയ്സ് കുടിശ്ശിക,,Pending,,
Invoice created,Invoice created,ഇൻവോയ്സ് സൃഷ്ടിച്ചു,,Pending,,
ui.invoice.date.2d2b151a,Invoice date,ഇൻവോയ്സ് തീയതി,,Pending,,
Invoice date:,Invoice date:,ഇൻവോയ്സ് തീയതി:,,Pending,,
ui.invoice.date.622cf73f,Invoice date: ,ഇൻവോയ്സ് തീയതി: ,,Pending,,
Invoice draft updated,Invoice draft updated,ഇൻവോയ്സ് ഡ്രാഫ്റ്റ് പുതുക്കി,,Pending,,
column.billing-entry.id.label,Invoice no.,ഇൻവോയ്സ് നമ്പർ,,Pending,,
ui.invoice.number.85149f36,Invoice number,ഇൻവോയ്സ് നമ്പർ,,Pending,,
ui.invoice.remarks.4f7e85ed,Invoice remarks,ഇൻവോയ്സ് കുറിപ്പുകൾ,,Pending,,
Invoice saved,Invoice saved,ഇൻവോയ്സ് സംരക്ഷിച്ചു,,Pending,,
ui.invoice.summary.f420ef33,Invoice summary,ഇൻവോയ്സ് സംഗ്രഹം,,Pending,,
ui.invoice.total.ad80ed79,Invoice total,ഇൻവോയ്സ് ആകെ,,Pending,,
Invoices to validate,Invoices to validate,പരിശോധിക്കേണ്ട ഇൻവോയ്സുകൾ,,Pending,,
It carries only the filters that may travel in a URL.,It carries only the filters that may travel in a URL.,യുആർഎല്ലിൽ അയയ്ക്കാവുന്ന ഫിൽട്ടറുകൾ മാത്രമേ ഇതിലുള്ളൂ.,,Pending,,
"It is not a target. A level is supported by the work that was clinically necessary and actually done — raising an element to reach a code is the thing this panel is meant to make visible, not easier. Office and outpatient levels are selected by medical decision making","It is not a target. A level is supported by the work that was clinically necessary and actually done — raising an element to reach a code is the thing this panel is meant to make visible, not easier. Office and outpatient levels are selected by medical decision making","ഇത് ലക്ഷ്യമല്ല. ചികിത്സയ്ക്ക് ആവശ്യമായതും യഥാർത്ഥത്തിൽ ചെയ്തതുമായ പ്രവർത്തനമാണ് നിലയെ പിന്തുണയ്ക്കുന്നത്. കോഡ് ലഭിക്കാൻ ഘടകങ്ങൾ ഉയർത്തുന്നത് ഈ പാനൽ വെളിപ്പെടുത്തുന്നു, എളുപ്പമാക്കുന്നില്ല. ഓഫീസ്, ഔട്ട്പേഷ്യന്റ് നിലകൾ ചികിത്സാ തീരുമാനം അടിസ്ഥാനമാക്കിയാണ് തിരഞ്ഞെടുക്കുന്നത്",,Pending,,
column.product-master.name.label,Item,ഇനം,,Pending,,
Item / service,Item / service,ഇനം / സേവനം,,Pending,,
Item Code,Item Code,ഇനത്തിന്റെ കോഡ്,,Pending,,
menu.supply.item-master.label,Item Master,ഇനങ്ങളുടെ പട്ടിക,,Pending,,
ui.item.code.53e24cae,Item code,ഇനത്തിന്റെ കോഡ്,,Pending,,
Jan,Jan,ജനുവരി,,Pending,,
column.employee-master.joinDate.label,Joined,ചേർന്ന തീയതി,,Pending,,
Joiner approvals,Joiner approvals,പുതിയ ജീവനക്കാരുടെ അംഗീകാരങ്ങൾ,,Pending,,
Joint function instrument,Joint function instrument,സന്ധി പ്രവർത്തന ഉപകരണം,,Pending,,
"Joint pain, injury or back pain","Joint pain, injury or back pain","സന്ധിവേദന, പരിക്ക്, നടുവേദന",,Pending,,
menu.finance.journal-entry.label,Journal Entry,ജേണൽ എൻട്രി,,Pending,,
menu.finance.journal-review.label,Journal Review,ജേണൽ പരിശോധന,,Pending,,
Journal approvals,Journal approvals,ജേണൽ അംഗീകാരങ്ങൾ,,Pending,,
Jul,Jul,ജൂലൈ,,Pending,,
Jun,Jun,ജൂൺ,,Pending,,
field.customer.jurisdiction.label,Jurisdiction,നികുതി അധികാരപരിധി,,Pending,,
menu.finance.jurisdiction-master.label,Jurisdiction Master,അധികാര പരിധി പട്ടിക,,Pending,,
ui.kb.e48db0d1,KB ·,കിലോബൈറ്റ് ·,,Pending,,
api.message.ddb72dcbc942,Keep at most 50 personal views per page.,ഓരോ പേജിലും പരമാവധി 50 വ്യക്തിഗത കാഴ്ചകൾ സൂക്ഷിക്കുക.,,Pending,,
ui.keep.my.edits.for.the.next.save.b1e81546,Keep my edits for the next save,അടുത്ത സംരക്ഷണത്തിനായി എന്റെ മാറ്റങ്ങൾ നിലനിർത്തുക,,Pending,,
ui.kept.out.of.the.link.not.included.in.the.url.6c7f6a2e,Kept out of the link — not included in the URL,ലിങ്കിൽ ഉൾപ്പെടുത്തില്ല — URL-ൽ ഉണ്ടാകില്ല,,Pending,,
Key figures,Key figures,പ്രധാന കണക്കുകൾ,,Pending,,
menu.library.keyboard-shortcuts.label,Keyboard Shortcuts,കീബോർഡ് കുറുക്കുവഴികൾ,,Pending,,
Keyboard actions,Keyboard actions,കീബോർഡ് നടപടികൾ,,Pending,,
Keyboard ready,Keyboard ready,കീബോർഡിന് തയ്യാറാണ്,,Pending,,
ui.keyboard.shortcut.hints.dba0b68f,Keyboard shortcut hints,കീബോർഡ് കുറുക്കുവഴി സൂചനകൾ,,Pending,,
ui.keyboard.shortcuts.e9bef0b0,Keyboard shortcuts,കീബോർഡ് കുറുക്കുവഴികൾ,,Pending,,
ui.keyboard.shortcuts.are.switched.off.in.your.preferences.c0ffe36c,Keyboard shortcuts are switched off in your preferences. The list below is what they would be.,നിങ്ങളുടെ മുൻഗണനകളിൽ കീബോർഡ് കുറുക്കുവഴികൾ ഓഫ് ആണ്. ലഭ്യമാകുന്നവയുടെ പട്ടിക താഴെ.,,Pending,,
Keyword / record ID,Keyword / record ID,കീവേഡ് / റെക്കോർഡ് ഐഡി,,Pending,,
Kochi outperformed,Kochi outperformed,കൊച്ചി മികച്ച പ്രകടനം കാഴ്ചവച്ചു,,Pending,,
column.patient-master.lengthOfStay.label,LOS (days),താമസദൈർഘ്യം (ദിവസം),,Pending,,
Lab interface healthy,Lab interface healthy,ലാബ് ഇന്റർഫേസ് പ്രവർത്തിക്കുന്നു,,Pending,,
menu.healthcare.lab-results.label,Laboratory Results,ലബോറട്ടറി ഫലങ്ങൾ,,Pending,,
field.user.landingModule.label,Landing module,ആദ്യ മൊഡ്യൂൾ,,Pending,,
ui.language.a4fe6526,Language,ഭാഷ,,Pending,,
ui.language.help.e388fa6e,Language & help,ഭാഷയും സഹായവും,,Pending,,
Large journal submitted,Large journal submitted,വലിയ ജേണൽ സമർപ്പിച്ചു,,Pending,,
Large opportunity advanced,Large opportunity advanced,വലിയ അവസരം മുന്നേറി,,Pending,,
ui.last.error.5488d837,Last error,അവസാന പിശക്,,Pending,,
column.customer-master.lastInvoice.label,Last invoice,അവസാന ഇൻവോയ്സ്,,Pending,,
Last menstrual period,Last menstrual period,അവസാന ആർത്തവം,,Pending,,
ui.last.rotated.3b642793,Last rotated,അവസാനം കീ മാറ്റിയത്,,Pending,,
ui.last.saved.304ad2c0,Last saved,അവസാനം സംരക്ഷിച്ചത്,,Pending,,
column.user-master.lastLogin.label,Last sign-in,അവസാന പ്രവേശനം,,Pending,,
ui.last.verified.d8e92048,Last verified,അവസാനം പരിശോധിച്ചത്,,Pending,,
"Laterality, function, range of motion, stability and neurovascular status","Laterality, function, range of motion, stability and neurovascular status","വശം, പ്രവർത്തനശേഷി, ചലനപരിധി, സ്ഥിരത, നാഡീ രക്തക്കുഴൽ നില",,Pending,,
ui.latest.recovery.draft.from.another.editor.21da5598,Latest recovery draft from another editor,മറ്റൊരു എഡിറ്ററിൽ നിന്നുള്ള ഏറ്റവും പുതിയ വീണ്ടെടുക്കൽ ഡ്രാഫ്റ്റ്,,Pending,,
ui.latest.version.ef7105b6,Latest version,ഏറ്റവും പുതിയ പതിപ്പ്,,Pending,,
ui.layout.a5119091,Layout,വിന്യാസം,,Pending,,
ui.layout.theme.and.behavior.0d613faa,"Layout, theme and behavior","വിന്യാസം, തീം, പ്രവർത്തനരീതി",,Pending,,
column.supplier-fin-master.leadTime.label,Lead time (days),വിതരണ സമയം (ദിവസം),,Pending,,
page.sales-dashboard.subtitle,"Leads, customers, quotations, orders, invoices and revenue operations","സാധ്യതാ ഉപഭോക്താക്കൾ, ഉപഭോക്താക്കൾ, ക്വട്ടേഷനുകൾ, ഓർഡറുകൾ, ഇൻവോയ്സുകൾ, വരുമാന പ്രവർത്തനങ്ങൾ",,Pending,,
menu.hr.leave-request.label,Leave Request,അവധി അപേക്ഷ,,Pending,,
Leave approvals,Leave approvals,അവധി അംഗീകാരങ്ങൾ,,Pending,,
column.employee-master.leaveBalance.label,Leave balance,അവധി ബാക്കി,,Pending,,
Left,Left,ഇടത്,,Pending,,
Left side panel,Left side panel,ഇടത് പാനൽ,,Pending,,
Legal name,Legal name,നിയമപരമായ പേര്,,Pending,,
menu.healthcare.los-report.label,Length of Stay,താമസ ദൈർഘ്യം,,Pending,,
module.library.shortLabel,Library,ലൈബ്രറി,,Pending,,
menu.library.library-dashboard.label,Library Dashboard,ലൈബ്രറി ഡാഷ്ബോർഡ്,,Pending,,
Light,Light,ഇളംനിറം,,Pending,,
ui.light.and.deep.hold.whatever.the.page.theme.is.562d3e75,Light and Deep hold whatever the page theme is,"പേജ് തീം ഏതായാലും ഇളം, കടും നിറങ്ങൾ നിലനിൽക്കും",,Pending,,
Light — tinted icon on a surface,Light — tinted icon on a surface,ഇളം — പശ്ചാത്തലത്തിൽ നിറമുള്ള ഐക്കൺ,,Pending,,
ui.limited.record.preview.full.details.open.in.a.workspace.441dd9b4,Limited record preview • full details open in a workspace tab,പരിമിത റെക്കോർഡ് പ്രിവ്യൂ • പൂർണ്ണ വിവരങ്ങൾ വർക്ക്‌സ്‌പേസ് ടാബിൽ,,Pending,,
Limited — one category met,Limited — one category met,പരിമിതം — ഒരു വിഭാഗം പാലിച്ചു,,Pending,,
ui.limits.and.spend.d3d3cff7,Limits and spend,പരിധികളും ചെലവും,,Pending,,
Limits that bite,Limits that bite,ഫലപ്രദമായ പരിധികൾ,,Pending,,
Line discounts,Line discounts,ഇനങ്ങളുടെ കിഴിവുകൾ,,Pending,,
ui.line.items.c22ebe5a,Line items,ലൈൻ ഇനങ്ങൾ,,Pending,,
Line total,Line total,ലൈൻ ആകെ,,Pending,,
Link copied,Link copied,ലിങ്ക് പകർത്തി,,Pending,,
ui.link.record.1787cac0,Link record,രേഖ ബന്ധിപ്പിക്കുക,,Pending,,
api.message.615ace93fd15,Linked a related record,ബന്ധപ്പെട്ട റെക്കോർഡ് ചേർത്തു,,Pending,,
field.user.employeeRef.label,Linked employee,ബന്ധപ്പെട്ട ജീവനക്കാരൻ,,Pending,,
ui.listening.bbb4106e,Listening…,കേൾക്കുന്നു…,,Pending,,
ui.lists.and.record.previews.ad42512f,Lists and record previews,പട്ടികകളും രേഖാ പ്രിവ്യൂകളും,,Pending,,
ui.live.b64ac05f,Live,തത്സമയം,,Pending,,
ui.live.activity.f03d7de8,Live activity,തത്സമയ പ്രവർത്തനം,,Pending,,
ui.live.primitives.de2796a6,Live primitives,തത്സമയ അടിസ്ഥാന ഘടകങ്ങൾ,,Pending,,
ui.loading.dc380888,Loading,ലോഡ് ചെയ്യുന്നു,,Pending,,
Loading import…,Loading import…,ഇറക്കുമതി ലോഡ് ചെയ്യുന്നു…,,Pending,,
ui.loading.placeholders.bf48e1ca,Loading placeholders,ലോഡിംഗ് പ്ലേസ്‌ഹോൾഡറുകൾ,,Pending,,
ui.loading.record.panels.4d1216a9,Loading record panels…,രേഖയുടെ പാനലുകൾ ലോഡ് ചെയ്യുന്നു…,,Pending,,
ui.loading.results.cf2c6389,Loading results…,ഫലങ്ങൾ ലോഡ് ചെയ്യുന്നു…,,Pending,,
ui.loading.saved.record.and.recovery.draft.90568331,Loading saved record and recovery draft…,സംരക്ഷിച്ച രേഖയും വീണ്ടെടുക്കൽ ഡ്രാഫ്റ്റും ലോഡ് ചെയ്യുന്നു…,,Pending,,
ui.loading.the.ai.configuration.5c22d70c,Loading the AI configuration…,എഐ ക്രമീകരണം ലോഡ് ചെയ്യുന്നു…,,Pending,,
Loading…,Loading…,ലോഡ് ചെയ്യുന്നു…,,Pending,,
menu.library.localization.label,Localization,പ്രാദേശികവൽക്കരണം,,Pending,,
menu.hr.location-master.label,Location Master,സ്ഥലങ്ങളുടെ പട്ടിക,,Pending,,
Locked,Locked,പൂട്ടിയിരിക്കുന്നു,,Pending,,
Locking or giving way,Locking or giving way,സന്ധി കുടുങ്ങൽ അല്ലെങ്കിൽ താങ്ങ് നഷ്ടപ്പെടൽ,,Pending,,
Longitudinal data reused rather than re-entered,Longitudinal data reused rather than re-entered,കാലക്രമ ഡാറ്റ വീണ്ടും നൽകാതെ പുനരുപയോഗിക്കുന്നു,,Pending,,
field.hr-dashboard.priority.option.Low,Low,കുറഞ്ഞത്,,Pending,,
Low risk,Low risk,കുറഞ്ഞ അപകടസാധ്യത,,Pending,,
Low-glare control room,Low-glare control room,കുറഞ്ഞ തിളക്കമുള്ള നിയന്ത്രണ മുറി,,Pending,,
ui.make.full.screen.f5c45f1e,Make full screen,പൂർണ്ണ സ്ക്രീൻ ആക്കുക,,Pending,,
field.user.language.option.ml,Malayalam,മലയാളം,,Pending,,
api.message.6c0c0e748029,Malformed request body.,അഭ്യർത്ഥനയുടെ ഉള്ളടക്കം ശരിയായ രൂപത്തിലല്ല.,,Pending,,
field.consultation.plan.label,Management plan,ചികിത്സാ പദ്ധതി,,Pending,,
column.employee-master.manager.label,Manager,മാനേജർ,,Pending,,
Manager approval,Manager approval,മാനേജർ അംഗീകാരം,,Pending,,
Map each CSV column to at most one application field.,Map each CSV column to at most one application field.,ഓരോ CSV നിരയും പരമാവധി ഒരു ആപ്പ് ഫീൽഡിലേക്ക് മാപ്പ് ചെയ്യുക.,,Pending,,
ui.map.required.fields.ac41d1c5,Map required fields:,നിർബന്ധമായ ഫീൽഡുകൾ മാപ്പ് ചെയ്യുക:,,Pending,,
Mar,Mar,മാർച്ച്,,Pending,,
column.sales-dashboard.margin.label,Margin,മാർജിൻ,,Pending,,
menu.sales.margin-report.label,Margin Analysis,മാർജിൻ വിശകലനം,,Pending,,
Margin exception requested,Margin exception requested,മാർജിൻ ഇളവ് അഭ്യർത്ഥിച്ചു,,Pending,,
ui.mark.all.read.3bc62a9e,Mark all read,എല്ലാം വായിച്ചതായി അടയാളപ്പെടുത്തുക,,Pending,,
ui.mark.as.read.50c8b81f,Mark as read,വായിച്ചതായി അടയാളപ്പെടുത്തുക,,Pending,,
ui.mark.notifications.read.1b2f9273,Mark notifications read,അറിയിപ്പുകൾ വായിച്ചതായി അടയാളപ്പെടുത്തുക,,Pending,,
menu.sales.sales-market.label,Market,വിപണി,,Pending,,
Mass or distension,Mass or distension,മുഴ അല്ലെങ്കിൽ വീർപ്പ്,,Pending,,
Masters,Masters,മാസ്റ്റർ ഡാറ്റ,,Pending,,
Match,Match,പൊരുത്തം,,Pending,,
Match the page theme,Match the page theme,പേജ് തീമുമായി പൊരുത്തപ്പെടുത്തുക,,Pending,,
ui.matched.back.against.the.catalogue.a50c373a,Matched back against the catalogue:,പട്ടികയുമായി പൊരുത്തപ്പെടുത്തി:,,Pending,,
Maternal and fetal considerations,Maternal and fetal considerations,മാതാവിനെയും ഭ്രൂണത്തെയും സംബന്ധിച്ച പരിഗണനകൾ,,Pending,,
ui.max.context.fields.3991aba7,Max context fields,പരമാവധി കോൺടെക്സ്റ്റ് ഫീൽഡുകൾ,,Pending,,
Maximum visual separation,Maximum visual separation,പരമാവധി ദൃശ്യ വേർതിരിവ്,,Pending,,
May,May,മേയ്,,Pending,,
Mechanism of injury,Mechanism of injury,പരിക്കിന്റെ കാരണം,,Pending,,
"Mechanism, laterality, range of motion, neurovascular status.","Mechanism, laterality, range of motion, neurovascular status.","കാരണം, വശം, ചലനപരിധി, നാഡീ രക്തക്കുഴൽ നില.",,Pending,,
menu.healthcare.medication-orders.label,Medication Orders,മരുന്ന് ഓർഡറുകൾ,,Pending,,
menu.pharmacy.medication-review.label,Medication Review,മരുന്ന് പരിശോധന,,Pending,,
field.consultation.outcome.option.Medication%20adjusted,Medication adjusted,മരുന്നിൽ മാറ്റം വരുത്തി,,Pending,,
Medication exposure,Medication exposure,മരുന്ന് ഉപയോഗം,,Pending,,
Medication hold or review,Medication hold or review,മരുന്ന് നിർത്തിവയ്ക്കൽ അല്ലെങ്കിൽ പരിശോധന,,Pending,,
Medication reconciliation,Medication reconciliation,മരുന്ന് പൊരുത്തപ്പെടുത്തൽ,,Pending,,
Medication safety in pregnancy,Medication safety in pregnancy,ഗർഭാവസ്ഥയിലെ മരുന്ന് സുരക്ഷ,,Pending,,
field.customer.riskRating.option.Medium,Medium,ഇടത്തരം,,Pending,,
Menstrual and obstetric context with maternal and fetal findings,Menstrual and obstetric context with maternal and fetal findings,മാതാവിന്റെയും ഭ്രൂണത്തിന്റെയും കണ്ടെത്തലുകളുള്ള ആർത്തവ പ്രസവ സാഹചര്യം,,Pending,,
"Menstrual and obstetric context, maternal and fetal findings.","Menstrual and obstetric context, maternal and fetal findings.","ആർത്തവ പ്രസവ സാഹചര്യം, മാതാവിന്റെയും ഭ്രൂണത്തിന്റെയും കണ്ടെത്തലുകൾ.",,Pending,,
Mental state examination,Mental state examination,മാനസിക നില പരിശോധന,,Pending,,
"Mental state, risk and safety, function, validated instruments.","Mental state, risk and safety, function, validated instruments.","മാനസിക നില, അപകടസാധ്യതയും സുരക്ഷയും, പ്രവർത്തനശേഷി, സാധൂകരിച്ച ഉപകരണങ്ങൾ.",,Pending,,
ui.messages.04d7b483,Messages,സന്ദേശങ്ങൾ,,Pending,,
Method,Method,രീതി,,Pending,,
api.message.5765cf564d4d,Method not allowed.,ഈ രീതി അനുവദനീയമല്ല.,,Pending,,
field.customer.segment.option.Mid-market,Mid-market,ഇടത്തരം വിപണി,,Pending,,
Migration tasks,Migration tasks,മൈഗ്രേഷൻ ജോലികൾ,,Pending,,
Minimal or none,Minimal or none,ഏറ്റവും കുറവ് അല്ലെങ്കിൽ ഒന്നുമില്ല,,Pending,,
Minimal risk,Minimal risk,ഏറ്റവും കുറഞ്ഞ അപകടസാധ്യത,,Pending,,
Minimise {item},Minimise {item},{item} ചെറുതാക്കുക,,Pending,,
Minimum value,Minimum value,കുറഞ്ഞ മൂല്യം,,Pending,,
"Minus sign — -1,200","Minus sign — -1,200","മൈനസ് ചിഹ്നം — -1,200",,Pending,,
field.user.mobile.label,Mobile number,മൊബൈൽ നമ്പർ,,Pending,,
ui.mock.tenant.nex.ae.001.46633a52,Mock tenant • NEX-AE-001,മാതൃകാ ടെനന്റ് • NEX-AE-001,,Pending,,
ui.mock.transport.no.provider.was.contacted.a98a191e,Mock transport — no provider was contacted.,മാതൃകാ കൈമാറ്റം — ദാതാവുമായി ബന്ധപ്പെട്ടിട്ടില്ല.,,Pending,,
"Modal, center record card and left/right drawer","Modal, center record card and left/right drawer","ഡയലോഗ്, മധ്യത്തിലെ റെക്കോർഡ് കാർഡ്, ഇടത്/വലത് പാനൽ",,Pending,,
ui.model.id.7789530b,Model id,മോഡൽ ഐഡി,,Pending,,
ui.model.label.b5f5cfb0,Model label,മോഡൽ ലേബൽ,,Pending,,
Moderate — e.g. prescription drug management; decision regarding minor surgery with risk factors,Moderate — e.g. prescription drug management; decision regarding minor surgery with risk factors,ഇടത്തരം — ഉദാ. കുറിപ്പടി മരുന്ന് പരിപാലനം; അപകടഘടകങ്ങളുള്ള ചെറിയ ശസ്ത്രക്രിയാ തീരുമാനം,,Pending,,
Moderate — one of three categories met,Moderate — one of three categories met,ഇടത്തരം — മൂന്നിൽ ഒരു വിഭാഗം പാലിച്ചു,,Pending,,
ui.module.navigation.62254823,Module navigation,മൊഡ്യൂൾ നാവിഗേഷൻ,,Pending,,
field.user.modules.label,Modules,മൊഡ്യൂളുകൾ,,Pending,,
Month,Month,മാസം,,Pending,,
Month to date,Month to date,ഈ മാസം ഇതുവരെ,,Pending,,
Monthly,Monthly,പ്രതിമാസം,,Pending,,
Monthly {report},Monthly {report},പ്രതിമാസ {report},,Pending,,
Mood change,Mood change,മാനസികാവസ്ഥയിലെ മാറ്റം,,Pending,,
ui.more.d47d7cb0,More,കൂടുതൽ,,Pending,,
More actions for {item},More actions for {item},{item} എന്നതിനായുള്ള കൂടുതൽ പ്രവർത്തനങ്ങൾ,,Pending,,
ui.more.invoice.actions.bd5e1cab,More invoice actions,കൂടുതൽ ഇൻവോയ്സ് നടപടികൾ,,Pending,,
ui.more.record.actions.bfe19e93,More record actions,രേഖയിലെ കൂടുതൽ നടപടികൾ,,Pending,,
ui.more.worklist.actions.e02a7587,More worklist actions,പട്ടികയിലെ കൂടുതൽ നടപടികൾ,,Pending,,
Motor power,Motor power,ചലനശക്തി,,Pending,,
ui.move.down.40bb50da,Move down,താഴേക്ക് നീക്കുക,,Pending,,
ui.move.up.c66feb5e,Move up,മുകളിലേക്ക് നീക്കുക,,Pending,,
Movement,Movement,ചലനം,,Pending,,
Murmur or added sounds,Murmur or added sounds,മർമർ അല്ലെങ്കിൽ അധിക ശബ്ദങ്ങൾ,,Pending,,
Musculoskeletal examination,Musculoskeletal examination,പേശീ അസ്ഥി പരിശോധന,,Pending,,
ui.must.stay.false.for.protected.content.1f4980c8,Must stay false for protected content.,സംരക്ഷിത ഉള്ളടക്കത്തിന് ഓഫ് ആയിരിക്കണം.,,Pending,,
Muted arctic blue-grey,Muted arctic blue-grey,മങ്ങിയ ആർട്ടിക് നീല ചാരനിറം,,Pending,,
ui.my.preferences.164a6ee1,My Preferences,എന്റെ മുൻഗണനകൾ,,Pending,,
ui.my.profile.991bfa01,My Profile,എന്റെ പ്രൊഫൈൽ,,Pending,,
My approval notifications · Unread: {count},My approval notifications · Unread: {count},എന്റെ അംഗീകാര അറിയിപ്പുകൾ · വായിക്കാത്തത്: {count},,Pending,,
My requests,My requests,എന്റെ അഭ്യർത്ഥനകൾ,,Pending,,
ui.new.record.9ce90410,NEW RECORD,പുതിയ രേഖ,,Pending,,
Name,Name,പേര്,,Pending,,
Names what a record of this kind would normally carry and is missing here. Suggests only — it never writes to the record.,Names what a record of this kind would normally carry and is missing here. Suggests only — it never writes to the record.,ഇത്തരത്തിലുള്ള രേഖയിൽ സാധാരണ ഉണ്ടാകേണ്ടതും ഇവിടെ ഇല്ലാത്തതുമായ കാര്യങ്ങൾ വ്യക്തമാക്കുന്നു. നിർദേശങ്ങൾ മാത്രം; രേഖയിൽ എഴുതില്ല.,,Pending,,
Navigate within the current page instead.,Navigate within the current page instead.,നിലവിലെ പേജിനുള്ളിൽ നീങ്ങുക.,,Pending,,
Navigation,Navigation,നാവിഗേഷൻ,,Pending,,
ui.negative.amounts.cd1dd5f2,Negative amounts,നെഗറ്റീവ് തുകകൾ,,Pending,,
field.customer.paymentTerms.option.15,Net 15,15 ദിവസത്തിനുള്ളിൽ അടയ്ക്കണം,,Pending,,
field.customer.paymentTerms.option.30,Net 30,30 ദിവസത്തിനുള്ളിൽ അടയ്ക്കണം,,Pending,,
field.customer.paymentTerms.option.60,Net 60,60 ദിവസത്തിനുള്ളിൽ അടയ്ക്കണം,,Pending,,
field.customer.paymentTerms.option.90,Net 90,90 ദിവസത്തിനുള്ളിൽ അടയ്ക്കണം,,Pending,,
Net Cost,Net Cost,ശുദ്ധ ചെലവ്,,Pending,,
"Net cost was refreshed from quantity, unit cost, discount and tax.","Net cost was refreshed from quantity, unit cost, discount and tax.","അളവ്, യൂണിറ്റ് ചെലവ്, കിഴിവ്, നികുതി എന്നിവയിൽ നിന്ന് മൊത്തച്ചെലവ് പുതുക്കി.",,Pending,,
Net payroll,Net payroll,അറ്റ ശമ്പളം,,Pending,,
Neurological symptoms,Neurological symptoms,നാഡീ ലക്ഷണങ്ങൾ,,Pending,,
Neurovascular,Neurovascular,നാഡീ രക്തക്കുഴൽ സംബന്ധമായത്,,Pending,,
"Neutral near-black, no colour cast","Neutral near-black, no colour cast",വർണ്ണചായമില്ലാത്ത നിഷ്പക്ഷ കറുപ്പ്,,Pending,,
ui.new.18fdd549,New,പുതിയത്,,Pending,,
menu.healthcare.consultation-entry.label,New Consultation,പുതിയ കൺസൾട്ടേഷൻ,,Pending,,
ui.new.comment.cf9c2573,New comment,പുതിയ അഭിപ്രായം,,Pending,,
New employee,New employee,പുതിയ ജീവനക്കാരൻ,,Pending,,
New invoice,New invoice,പുതിയ ഇൻവോയ്സ്,,Pending,,
New journal,New journal,പുതിയ ജേണൽ എൻട്രി,,Pending,,
New lead assignment,New lead assignment,പുതിയ സാധ്യതാ ഉപഭോക്തൃ ചുമതല,,Pending,,
New organization change,New organization change,പുതിയ സ്ഥാപന മാറ്റം,,Pending,,
"New presentation: red flags, onset, relevant negatives.","New presentation: red flags, onset, relevant negatives.","പുതിയ ലക്ഷണങ്ങൾ: അപകടസൂചനകൾ, ആരംഭം, പ്രസക്തമായ ഇല്ലാത്ത ലക്ഷണങ്ങൾ.",,Pending,,
New properties remain optional or versioned to protect existing pages.,New properties remain optional or versioned to protect existing pages.,നിലവിലെ പേജുകളെ സംരക്ഷിക്കാൻ പുതിയ പ്രോപ്പർട്ടികൾ ഐച്ഛികമോ പതിപ്പുകളുള്ളതോ ആയിരിക്കും.,,Pending,,
New record in a new tab,New record in a new tab,പുതിയ ടാബിൽ പുതിയ രേഖ,,Pending,,
New starter onboarding due,New starter onboarding due,പുതിയ ജീവനക്കാരന്റെ പ്രവേശന നടപടികൾ ബാക്കി,,Pending,,
New symptoms or complications,New symptoms or complications,പുതിയ ലക്ഷണങ്ങളോ സങ്കീർണ്ണതകളോ,,Pending,,
ui.next.1ff57a29,Next,അടുത്തത്,,Pending,,
ui.next.approvals.ca7c29b6,Next approvals,അടുത്ത അംഗീകാരങ്ങൾ,,Pending,,
column.drug-master.nextExpiry.label,Next expiry,അടുത്ത കാലാവധി,,Pending,,
menu.healthcare.next-of-kin.label,Next of Kin,അടുത്ത ബന്ധു,,Pending,,
ui.next.page.c08ac736,Next page,അടുത്ത പേജ്,,Pending,,
ui.next.step.298a9207,Next step,അടുത്ത ഘട്ടം,,Pending,,
ui.no.approval.notifications.yet.f2e11ecf,No approval notifications yet.,അംഗീകാര അറിയിപ്പുകളില്ല.,,Pending,,
ui.no.approvals.match.this.view.c111d946,No approvals match this view.,ഈ കാഴ്ചയ്ക്ക് അനുയോജ്യമായ അംഗീകാരങ്ങളില്ല.,,Pending,,
ui.no.attachments.yet.becf0183,No attachments yet.,അറ്റാച്ച്മെന്റുകളില്ല.,,Pending,,
ui.no.changes.c699aa00,No changes,മാറ്റങ്ങളില്ല,,Pending,,
ui.no.changes.saved.0a823d05,No changes saved,മാറ്റങ്ങളൊന്നും സംരക്ഷിച്ചിട്ടില്ല,,Pending,,
ui.no.comments.yet.b7cba957,No comments yet.,അഭിപ്രായങ്ങളില്ല.,,Pending,,
api.message.7f7f90bc5ace,No credential is configured for this tenant.,ഈ ടെനന്റിന് ക്രെഡൻഷ്യൽ ക്രമീകരിച്ചിട്ടില്ല.,,Pending,,
ui.no.item.matches.that.search.dcb0bb88,No item matches that search.,തിരച്ചിലുമായി പൊരുത്തപ്പെടുന്ന ഇനമില്ല.,,Pending,,
ui.no.match.for.2835c1cf,No match for “,ഇതിന് പൊരുത്തമില്ല: “,,Pending,,
No match for “{query}”,No match for “{query}”,“{query}” എന്നതിന് പൊരുത്തമില്ല,,Pending,,
ui.no.matching.options.39a118fc,No matching options,പൊരുത്തപ്പെടുന്ന ഓപ്ഷനുകളില്ല,,Pending,,
No material data gaps,No material data gaps,കാര്യമായ ഡാറ്റ കുറവുകളില്ല,,Pending,,
ui.no.menu.item.matches.a442b70a,No menu item matches,പൊരുത്തപ്പെടുന്ന മെനു ഇനമില്ല,,Pending,,
api.message.f91c6aa194a1,No navigation is available for this account.,ഈ അക്കൗണ്ടിന് മെനുകൾ ലഭ്യമല്ല.,,Pending,,
ui.no.panel.activity.yet.d3114311,No panel activity yet.,പാനൽ പ്രവർത്തനങ്ങളില്ല.,,Pending,,
ui.no.personal.views.yet.save.the.current.layout.to.create.ac72cfbc,No personal views yet. Save the current layout to create one.,വ്യക്തിഗത കാഴ്ചകളില്ല. നിലവിലെ ലേഔട്ട് സംരക്ഷിക്കുക.,,Pending,,
ui.no.provider.credential.is.configured.for.this.tenant.so.a77c2f62,"No provider credential is configured for this tenant, so nothing can be sent yet.",ഈ ടെനന്റിന് ദാതാവിന്റെ പ്രവേശന വിവരങ്ങൾ ക്രമീകരിച്ചിട്ടില്ല; ഇപ്പോൾ ഒന്നും അയയ്ക്കാനാവില്ല.,,Pending,,
api.message.b2b37d5c3c24,No provider credential is configured.,പ്രൊവൈഡർ ക്രെഡൻഷ്യൽ ക്രമീകരിച്ചിട്ടില്ല.,,Pending,,
api.message.74dcfe0be651,No provider or model is configured.,പ്രൊവൈഡറോ മോഡലോ ക്രമീകരിച്ചിട്ടില്ല.,,Pending,,
No records found,No records found,രേഖകളൊന്നും കണ്ടെത്തിയില്ല,,Pending,,
No records match the current view.,No records match the current view.,നിലവിലെ കാഴ്ചയുമായി പൊരുത്തപ്പെടുന്ന രേഖകളില്ല.,,Pending,,
ui.no.related.records.yet.595d14ca,No related records yet.,ബന്ധപ്പെട്ട രേഖകളില്ല.,,Pending,,
No reply.,No reply.,മറുപടിയില്ല.,,Pending,,
No results,No results,ഫലങ്ങളില്ല,,Pending,,
api.message.ad9242943cbc,No speech provider is available for this language.,ഈ ഭാഷയ്ക്ക് സ്പീച്ച് പ്രൊവൈഡർ ലഭ്യമല്ല.,,Pending,,
"No such command here: ""{command}"". Try :help.","No such command here: ""{command}"". Try :help.","ഈ കമാൻഡ് ഇവിടെയില്ല: ""{command}"". :help പരീക്ഷിക്കുക.",,Pending,,
ui.none.dc937b59,None,ഒന്നുമില്ല,,Pending,,
"None — 1,200","None — 1,200","ഒന്നുമില്ല — 1,200",,Pending,,
field.hr-dashboard.priority.option.Normal,Normal,സാധാരണ,,Pending,,
Not checked,Not checked,പരിശോധിച്ചിട്ടില്ല,,Pending,,
Not found,Not found,കണ്ടെത്തിയില്ല,,Pending,,
ui.not.saved.22b3467c,Not saved,സംരക്ഷിച്ചിട്ടില്ല,,Pending,,
ui.not.sent.this.request.was.held.back.before.it.left.the.b.249b6f31,Not sent — this request was held back before it left the browser.,അയച്ചില്ല — ബ്രൗസറിൽ നിന്ന് പുറത്തുപോകുന്നതിന് മുമ്പ് അഭ്യർത്ഥന തടഞ്ഞു.,,Pending,,
api.message.a3905eb93e40,Not signed in.,സൈൻ ഇൻ ചെയ്തിട്ടില്ല.,,Pending,,
ui.nothing.here.f4c7f41c,Nothing here,ഇവിടെ ഒന്നുമില്ല,,Pending,,
ui.nothing.in.the.reply.matched.the.catalogue.bb0df6b3,Nothing in the reply matched the catalogue.,മറുപടിയിലെ ഒന്നും പട്ടികയുമായി പൊരുത്തപ്പെട്ടില്ല.,,Pending,,
ui.nothing.is.delivered.this.is.a.prototype.1b08c969,Nothing is delivered; this is a prototype.,ഒന്നും വിതരണം ചെയ്യുന്നില്ല; ഇത് പ്രോട്ടോടൈപ്പാണ്.,,Pending,,
Nothing on this page matches what that use case may read.,Nothing on this page matches what that use case may read.,ഈ ഉപയോഗത്തിന് വായിക്കാവുന്ന ഒന്നും പേജിലില്ല.,,Pending,,
ui.nothing.on.this.page.matches.what.this.use.case.may.read.7844af00,Nothing on this page matches what this use case may read. There is nothing to send.,ഈ ഉപയോഗത്തിന് വായിക്കാവുന്ന ഒന്നും ഈ പേജിലില്ല. അയയ്ക്കാൻ ഒന്നുമില്ല.,,Pending,,
ui.nothing.selected.f8c10424,Nothing selected,ഒന്നും തിരഞ്ഞെടുത്തിട്ടില്ല,,Pending,,
ui.nothing.selected.yet.09245a71,Nothing selected yet,ഇതുവരെ ഒന്നും തിരഞ്ഞെടുത്തിട്ടില്ല,,Pending,,
Nothing to export,Nothing to export,എക്സ്പോർട്ട് ചെയ്യാൻ ഒന്നുമില്ല,,Pending,,
api.message.8270c30be332,Nothing to send.,അയയ്ക്കാൻ ഒന്നുമില്ല.,,Pending,,
ui.nothing.to.tour.on.this.page.yet.18d0885f,Nothing to tour on this page yet.,ഈ പേജിൽ ഇതുവരെ പര്യടനമില്ല.,,Pending,,
Notification,Notification,അറിയിപ്പ്,,Pending,,
ui.notifications.78801183,Notifications,അറിയിപ്പുകൾ,,Pending,,
field.hr-dashboard.notifyOwner.label,Notify owner,ഉടമയെ അറിയിക്കുക,,Pending,,
Nov,Nov,നവംബർ,,Pending,,
Number and complexity of problems addressed AT THIS ENCOUNTER — not everything on the problem list.,Number and complexity of problems addressed AT THIS ENCOUNTER — not everything on the problem list.,ഈ സന്ദർശനത്തിൽ കൈകാര്യം ചെയ്ത പ്രശ്നങ്ങളുടെ എണ്ണവും സങ്കീർണ്ണതയും — പ്രശ്നപ്പട്ടികയിലെ എല്ലാം അല്ല.,,Pending,,
ui.number.format.457421f8,Number format,സംഖ്യാ ഫോർമാറ്റ്,,Pending,,
"Number only — 1,200","Number only — 1,200","സംഖ്യ മാത്രം — 1,200",,Pending,,
menu.hr.hr-numbering.label,Numbering Rules,നമ്പറിടൽ നിയമങ്ങൾ,,Pending,,
ui.numbers.currency.and.dates.4558a791,"Numbers, currency and dates","സംഖ്യകൾ, കറൻസി, തീയതികൾ",,Pending,,
section.consultation.examination.description,Observations and findings recorded at the visit.,സന്ദർശനത്തിൽ രേഖപ്പെടുത്തിയ നിരീക്ഷണങ്ങളും കണ്ടെത്തലുകളും.,,Pending,,
Obstetric,Obstetric,പ്രസവ സംബന്ധമായത്,,Pending,,
Obstetric and gynaecological examination,Obstetric and gynaecological examination,പ്രസവ സ്ത്രീരോഗ പരിശോധന,,Pending,,
Obstetric history,Obstetric history,പ്രസവ ചരിത്രം,,Pending,,
Obstetric risk assessment,Obstetric risk assessment,പ്രസവ അപകടസാധ്യതാ വിലയിരുത്തൽ,,Pending,,
Obstetrics & Gynaecology,Obstetrics & Gynaecology,പ്രസവവും സ്ത്രീരോഗങ്ങളും,,Pending,,
"Obstetrics & Gynaecology with a paediatric context may be adolescent gynaecology. Age, consent and privacy rules for the jurisdiction apply.","Obstetrics & Gynaecology with a paediatric context may be adolescent gynaecology. Age, consent and privacy rules for the jurisdiction apply.","ശിശു സാഹചര്യത്തിലെ പ്രസവ സ്ത്രീരോഗ സേവനം കൗമാര സ്ത്രീരോഗമാകാം. പ്രാദേശിക പ്രായ, സമ്മത, സ്വകാര്യതാ നിയമങ്ങൾ ബാധകം.",,Pending,,
Oct,Oct,ഒക്ടോബർ,,Pending,,
Oedema,Oedema,നീർവീക്കം,,Pending,,
Off,Off,ഓഫ്,,Pending,,
ui.off.minimises.every.transition.and.motion.effect.c28a56d6,Off minimises every transition and motion effect,ഓഫ് ചെയ്താൽ എല്ലാ ചലന ഇഫക്റ്റുകളും കുറയുന്നു,,Pending,,
ui.off.ticks.once.a.minute.instead.of.every.second.e07c67a4,Off ticks once a minute instead of every second.,ഓഫ് ചെയ്താൽ ഓരോ സെക്കൻഡിനു പകരം ഓരോ മിനിറ്റിലും പുതുക്കും.,,Pending,,
ui.off.truncates.a.long.cell.to.one.line.dfad076c,Off truncates a long cell to one line.,ഓഫ് ചെയ്താൽ നീണ്ട സെൽ ഒറ്റ വരിയായി ചുരുക്കും.,,Pending,,
ui.off.unbinds.them.entirely.so.the.keys.go.back.to.the.bro.75022fea,"Off unbinds them entirely, so the keys go back to the browser",ഓഫ് ചെയ്താൽ കുറുക്കുവഴികൾ ബ്രൗസറിലേക്ക് മടങ്ങും,,Pending,,
Off-formulary approval,Off-formulary approval,പട്ടികയ്ക്ക് പുറത്തുള്ള മരുന്നിന് അംഗീകാരം,,Pending,,
Off-formulary approvals,Off-formulary approvals,പട്ടികയ്ക്ക് പുറത്തുള്ള മരുന്നുകളുടെ അംഗീകാരങ്ങൾ,,Pending,,
Offered with the conditions under which each applies,Offered with the conditions under which each applies,ഓരോന്നും ബാധകമായ സാഹചര്യങ്ങളോടെ,,Pending,,
Older Adult / Frailty,Older Adult / Frailty,വയോജനങ്ങൾ / ദുർബലത,,Pending,,
"Older adult context: falls, cognition, function, polypharmacy, caregiver context and goals of care are surfaced.","Older adult context: falls, cognition, function, polypharmacy, caregiver context and goals of care are surfaced.","വയോജന സാഹചര്യം: വീഴ്ചകൾ, ബോധശേഷി, പ്രവർത്തനശേഷി, പല മരുന്നുകൾ, പരിചാരക സാഹചര്യം, പരിചരണ ലക്ഷ്യങ്ങൾ കാണിക്കുന്നു.",,Pending,,
"Older or frail patients, or where mobility is a concern.","Older or frail patients, or where mobility is a concern.",വയോജനങ്ങളിലോ ദുർബലരിലോ ചലനശേഷിയിൽ ആശങ്കയുള്ളപ്പോഴോ.,,Pending,,
On,On,ഓൺ,,Pending,,
On Hold,On Hold,നിർത്തിവച്ചു,,Pending,,
column.drug-master.onHand.label,On hand,കൈവശമുള്ളത്,,Pending,,
field.hr-dashboard.status.option.On%20Hold,On hold,തടഞ്ഞുവച്ചത്,,Pending,,
ui.on.screen.at.once.9b5e8539,On screen at once,ഒരേസമയം സ്ക്രീനിൽ,,Pending,,
column.supplier-fin-master.onTime.label,On-time,സമയത്ത്,,Pending,,
ui.once.d88f6d83,Once,ഒരിക്കൽ,,Pending,,
ui.one.configurable.interface.across.human.resources.financ.2e9ac658,"One configurable interface across human resources, finance, payroll, sales and supply chain.","മാനവവിഭവം, ധനകാര്യം, ശമ്പളം, വിൽപ്പന, വിതരണ ശൃംഖല എന്നിവയ്ക്കുള്ള ഒരൊറ്റ ക്രമീകരിക്കാവുന്ന ഇന്റർഫേസ്.",,Pending,,
One or more chronic with exacerbation; or two or more stable chronic; or an undiagnosed new problem with uncertain prognosis,One or more chronic with exacerbation; or two or more stable chronic; or an undiagnosed new problem with uncertain prognosis,വഷളായ ഒന്നോ അതിലധികമോ ദീർഘകാല രോഗങ്ങൾ; അല്ലെങ്കിൽ രണ്ടോ അതിലധികമോ സ്ഥിരമായ ദീർഘകാല രോഗങ്ങൾ; അല്ലെങ്കിൽ ഫലം അനിശ്ചിതമായ പുതിയ നിർണയിക്കാത്ത പ്രശ്നം,,Pending,,
One or more chronic with severe exacerbation; or one acute or chronic illness posing a threat to life or bodily function,One or more chronic with severe exacerbation; or one acute or chronic illness posing a threat to life or bodily function,ഗുരുതരമായി വഷളായ ഒന്നോ അതിലധികമോ ദീർഘകാല രോഗങ്ങൾ; അല്ലെങ്കിൽ ജീവനും ശാരീരിക പ്രവർത്തനത്തിനും ഭീഷണിയായ തീവ്ര അല്ലെങ്കിൽ ദീർഘകാല രോഗം,,Pending,,
ui.one.screen.composed.from.four.layers.the.same.engine.cov.b49b8112,"One screen, composed from four layers. The same engine covers every combination without a page per combination.",നാല് തലങ്ങളിൽ നിന്നുള്ള ഒരു സ്ക്രീൻ. ഓരോ കോമ്പിനേഷനും പ്രത്യേക പേജ് ഇല്ലാതെ ഒരേ എൻജിൻ എല്ലാം കൈകാര്യം ചെയ്യുന്നു.,,Pending,,
One self-limited or minor problem,One self-limited or minor problem,സ്വയം കുറയുന്നതോ ചെറിയതോ ആയ ഒരു പ്രശ്നം,,Pending,,
api.message.d5f87f5a90d3,Only administrators can configure approval stages.,അഡ്മിനിസ്ട്രേറ്റർമാർക്ക് മാത്രമേ അംഗീകാര ഘട്ടങ്ങൾ ക്രമീകരിക്കാനാകൂ.,,Pending,,
Only once a diagnosis supports classification.,Only once a diagnosis supports classification.,രോഗനിർണയം വർഗീകരണത്തെ പിന്തുണയ്ക്കുമ്പോൾ മാത്രം.,,Pending,,
api.message.f3921c40c436,Only the author or an administrator can remove this comment.,രചയിതാവിനോ അഡ്മിനിസ്ട്രേറ്റർക്കോ മാത്രമേ ഈ കുറിപ്പ് നീക്കം ചെയ്യാനാകൂ.,,Pending,,
ui.only.the.built.in.mock.transcriber.runs.in.this.build.th.99c7dabf,Only the built-in mock transcriber runs in this build. The other adapters are declared with their real call shapes and have never been exercised — a session on one reports that rather than producing a transcript.,ഈ ബിൽഡിൽ ഉൾപ്പെടുത്തിയ മാതൃകാ ട്രാൻസ്ക്രൈബർ മാത്രമേ പ്രവർത്തിക്കൂ. മറ്റു അഡാപ്റ്ററുകൾ യഥാർത്ഥ കോൾ രൂപത്തിൽ നിർവചിച്ചിട്ടുണ്ടെങ്കിലും പരീക്ഷിച്ചിട്ടില്ല; അവയിലെ സെഷൻ ട്രാൻസ്ക്രിപ്റ്റിന് പകരം അത് അറിയിക്കും.,,Pending,,
api.message.433aafa9ce34,Only the requester can resubmit this record.,അഭ്യർത്ഥിച്ച വ്യക്തിക്ക് മാത്രമേ ഈ റെക്കോർഡ് വീണ്ടും സമർപ്പിക്കാനാകൂ.,,Pending,,
Only where the presentation meets the instrument's intended use.,Only where the presentation meets the instrument's intended use.,ലക്ഷണങ്ങൾ ഉപകരണത്തിന്റെ ഉദ്ദേശിച്ച ഉപയോഗവുമായി പൊരുത്തപ്പെടുമ്പോൾ മാത്രം.,,Pending,,
ui.open.ed077f3d,Open,തുറക്കുക,,Pending,,
ui.open.library.98c4cfdd,Open Library →,ലൈബ്രറി തുറക്കുക →,,Pending,,
column.supplier-fin-master.openPO.label,Open POs,തുറന്ന വാങ്ങൽ ഓർഡറുകൾ,,Pending,,
ui.open.command.palette.c022b19a,Open command palette,കമാൻഡ് പാലറ്റ് തുറക്കുക,,Pending,,
ui.open.customer.master.dd1e845d,Open customer master,ഉപഭോക്തൃ മാസ്റ്റർ തുറക്കുക,,Pending,,
ui.open.documentation.61139361,Open documentation,ഡോക്യുമെന്റേഷൻ തുറക്കുക,,Pending,,
ui.open.documents.eadd61ba,Open documents,തുറന്ന രേഖകൾ,,Pending,,
ui.open.full.record.02ac0023,Open full record,പൂർണ്ണ രേഖ തുറക്കുക,,Pending,,
Open full worklist,Open full worklist,പൂർണ്ണ പ്രവർത്തന പട്ടിക തുറക്കുക,,Pending,,
ui.open.full.worklist.7b51e093,Open full worklist ,പൂർണ്ണ പ്രവർത്തന പട്ടിക തുറക്കുക ,,Pending,,
ui.open.in.its.own.window.53ac5453,Open in its own window,പ്രത്യേക വിൻഡോയിൽ തുറക്കുക,,Pending,,
Open my preferences,Open my preferences,എന്റെ മുൻഗണനകൾ തുറക്കുക,,Pending,,
ui.open.notification.072eaf0e,Open notification,അറിയിപ്പ് തുറക്കുക,,Pending,,
Open orders,Open orders,തുറന്ന ഓർഡറുകൾ,,Pending,,
ui.open.page.af030334,Open page,പേജ് തുറക്കുക,,Pending,,
ui.open.page.helper.b4639461,Open page helper,പേജ് സഹായി തുറക്കുക,,Pending,,
ui.open.page.or.command.2839f587,Open page or command,പേജ് അല്ലെങ്കിൽ കമാൻഡ് തുറക്കുക,,Pending,,
Open positions,Open positions,ഒഴിവുള്ള തസ്തികകൾ,,Pending,,
ui.open.profile.menu.4a239d3d,Open profile menu,പ്രൊഫൈൽ മെനു തുറക്കുക,,Pending,,
Open purchase orders,Open purchase orders,തുറന്ന വാങ്ങൽ ഓർഡറുകൾ,,Pending,,
Open records in a new tab,Open records in a new tab,രേഖകൾ പുതിയ ടാബിൽ തുറക്കുക,,Pending,,
Open records in place,Open records in place,രേഖകൾ അതേ സ്ഥാനത്ത് തുറക്കുക,,Pending,,
ui.open.records.in.tabs.b10f3af8,Open records in tabs,രേഖകൾ ടാബുകളിൽ തുറക്കുക,,Pending,,
Open spreadsheet,Open spreadsheet,സ്പ്രെഡ്ഷീറ്റ് തുറക്കുക,,Pending,,
ui.open.the.ai.assistant.9ef7c20f,Open the AI assistant,എഐ അസിസ്റ്റന്റ് തുറക്കുക,,Pending,,
Open the command palette,Open the command palette,കമാൻഡ് പാലറ്റ് തുറക്കുക,,Pending,,
Open the page helper,Open the page helper,പേജ് സഹായി തുറക്കുക,,Pending,,
ui.open.the.record.12f0e64a,Open the record,രേഖ തുറക്കുക,,Pending,,
ui.open.what.this.is.about.b82f9382,Open what this is about,ബന്ധപ്പെട്ട രേഖ തുറക്കുക,,Pending,,
ui.open.windows.6cbd4f67,Open windows,തുറന്ന വിൻഡോകൾ,,Pending,,
ui.opening.the.saved.view.ae578a48,Opening the saved view…,സംരക്ഷിച്ച കാഴ്ച തുറക്കുന്നു…,,Pending,,
ui.opens.on.keyboard.focus.3da0d784,Opens on keyboard focus,കീബോർഡ് ഫോക്കസിൽ തുറക്കുന്നു,,Pending,,
api.message.7c9c9896ea86,Operation id already used.,പ്രവർത്തന ഐഡി നേരത്തെ ഉപയോഗിച്ചിട്ടുണ്ട്.,,Pending,,
api.message.7415683b1fc3,Operation identifier was already used for another change.,ഈ പ്രവർത്തന ഐഡി മറ്റൊരു മാറ്റത്തിന് ഉപയോഗിച്ചിട്ടുണ്ട്.,,Pending,,
menu.hr.hr-ops.label,Operations,പ്രവർത്തനങ്ങൾ,,Pending,,
field.user.roles.option.operations-analyst,Operations Analyst,പ്രവർത്തന വിശകലന വിദഗ്ധൻ,,Pending,,
Optional,Optional,ഐച്ഛികം,,Pending,,
ui.optional.third.party.coverage.4ab70f55,Optional third-party coverage,ഐച്ഛിക മൂന്നാം കക്ഷി പരിരക്ഷ,,Pending,,
Options: {count},Options: {count},ഓപ്ഷനുകൾ: {count},,Pending,,
field.consultation.allergies.placeholder,Or 'none known',അല്ലെങ്കിൽ 'അറിയാവുന്നതൊന്നുമില്ല',,Pending,,
menu.sales.order-worklist.label,Order Worklist,ഓർഡർ പ്രവൃത്തിപ്പട്ടിക,,Pending,,
column.sales-dashboard.orderDate.label,Order date,ഓർഡർ തീയതി,,Pending,,
column.sales-dashboard.id.label,Order no.,ഓർഡർ നമ്പർ,,Pending,,
column.sales-dashboard.value.label,Order value,ഓർഡർ മൂല്യം,,Pending,,
ui.orderable.catalogue.9aad2b70,Orderable catalogue,ലഭ്യമായ ഓർഡർ പട്ടിക,,Pending,,
Orders,Orders,ഓർഡറുകൾ,,Pending,,
menu.healthcare.hc-orders.label,Orders & Results,ഓർഡറുകളും ഫലങ്ങളും,,Pending,,
ui.orders.and.medication.plan.verified.fc6f12b4,Orders and medication plan verified,ഓർഡറുകളും മരുന്ന് പദ്ധതിയും പരിശോധിച്ചു,,Pending,,
Orders on hold,Orders on hold,തടഞ്ഞുവച്ച ഓർഡറുകൾ,,Pending,,
menu.hr.organization.label,Organization,സ്ഥാപനം,,Pending,,
section.hr-dashboard.assignment.description,Organizational scope and ownership.,സ്ഥാപനപരമായ പരിധിയും ഉടമസ്ഥതയും.,,Pending,,
Orientation,Orientation,ദിശാബോധം,,Pending,,
field.consultation.specialty.option.Orthopaedics,Orthopaedics,അസ്ഥിരോഗ വിഭാഗം,,Pending,,
Orthopnoea,Orthopnoea,കിടക്കുമ്പോഴുള്ള ശ്വാസംമുട്ടൽ,,Pending,,
Orthostatic assessment,Orthostatic assessment,നിൽക്കുമ്പോഴുള്ള നില വിലയിരുത്തൽ,,Pending,,
Osteoarthritis or chronic musculoskeletal review,Osteoarthritis or chronic musculoskeletal review,ഓസ്റ്റിയോആർത്രൈറ്റിസ് അല്ലെങ്കിൽ ദീർഘകാല പേശീ അസ്ഥി പരിശോധന,,Pending,,
Other,Other,മറ്റുള്ളവ,,Pending,,
field.consultation.outcome.label,Outcome,ഫലം,,Pending,,
ui.outline.eabbf3ab,Outline,ഔട്ട്‌ലൈൻ,,Pending,,
Outpatient,Outpatient,ഔട്ട്പേഷ്യന്റ്,,Pending,,
Outpatient clinics,Outpatient clinics,ഔട്ട്പേഷ്യന്റ് ക്ലിനിക്കുകൾ,,Pending,,
"Outpatient consultation: presentation, examination, assessment and plan.","Outpatient consultation: presentation, examination, assessment and plan.","ഔട്ട്പേഷ്യന്റ് പരിശോധന: ലക്ഷണങ്ങൾ, പരിശോധന, വിലയിരുത്തൽ, പദ്ധതി.",,Pending,,
page.consultation-worklist.subtitle,"Outpatient consultations by specialty, clinician and outcome.","സ്പെഷ്യാലിറ്റി, ചികിത്സകൻ, ഫലം എന്നിവ അനുസരിച്ചുള്ള ഔട്ട്പേഷ്യന്റ് പരിശോധനകൾ.",,Pending,,
Outpatient visits,Outpatient visits,ഔട്ട്പേഷ്യന്റ് സന്ദർശനങ്ങൾ,,Pending,,
ui.output.format.93c53d37,Output format,ഔട്ട്പുട്ട് ഫോർമാറ്റ്,,Pending,,
Outstanding,Outstanding,കുടിശ്ശിക,,Pending,,
ui.overall.completion.73f1bc7e,Overall completion,മൊത്തം പൂർത്തീകരണം,,Pending,,
Overlay,Overlay,ഓവർലേ,,Pending,,
Overtime,Overtime,ഓവർടൈം,,Pending,,
Overview,Overview,അവലോകനം,,Pending,,
Owner,Owner,ഉടമ,,Pending,,
Oxygen requirement,Oxygen requirement,ഓക്സിജൻ ആവശ്യം,,Pending,,
ui.page.guide.c2948632,PAGE GUIDE,പേജ് ഗൈഡ്,,Pending,,
PO approvals,PO approvals,വാങ്ങൽ ഓർഡർ അംഗീകാരങ്ങൾ,,Pending,,
PO-1108 confirmed by vendor,PO-1108 confirmed by vendor,വിൽപ്പനക്കാരൻ PO-1108 സ്ഥിരീകരിച്ചു,,Pending,,
PO:,PO:,വാങ്ങൽ ഓർഡർ:,,Pending,,
ui.po.9b83faea,PO: ,വാങ്ങൽ ഓർഡർ: ,,Pending,,
Paediatric,Paediatric,ശിശുരോഗം,,Pending,,
"Paediatric context outside Paediatrics. The specialty must explicitly support paediatric practice, age ranges and consent handling.","Paediatric context outside Paediatrics. The specialty must explicitly support paediatric practice, age ranges and consent handling.","പീഡിയാട്രിക്സിന് പുറത്തുള്ള ശിശു സാഹചര്യം. സ്പെഷ്യാലിറ്റി ശിശു ചികിത്സ, പ്രായപരിധികൾ, സമ്മത നടപടികൾ എന്നിവ വ്യക്തമായി പിന്തുണയ്ക്കണം.",,Pending,,
"Paediatric context: guardian as source, weight-based safety, age-specific ranges and consent rules apply.","Paediatric context: guardian as source, weight-based safety, age-specific ranges and consent rules apply.","ശിശു സാഹചര്യം: രക്ഷിതാവ് വിവര ഉറവിടം; ഭാരാധിഷ്ഠിത സുരക്ഷ, പ്രായപരിധികൾ, സമ്മത നിയമങ്ങൾ ബാധകം.",,Pending,,
Paediatric examination,Paediatric examination,ശിശു പരിശോധന,,Pending,,
field.consultation.specialty.option.Paediatrics,Paediatrics,ശിശുരോഗ വിഭാഗം,,Pending,,
Paediatrics with a non-paediatric patient context. Valid for adolescent and transition clinics; confirm the age ranges and permissions are right for this service.,Paediatrics with a non-paediatric patient context. Valid for adolescent and transition clinics; confirm the age ranges and permissions are right for this service.,"ശിശു സാഹചര്യത്തിന് പുറത്തുള്ള പീഡിയാട്രിക്സ്. കൗമാര, കൈമാറ്റ ക്ലിനിക്കുകളിൽ സാധുവാണ്; സേവനത്തിന്റെ പ്രായപരിധികളും അനുമതികളും സ്ഥിരീകരിക്കുക.",,Pending,,
Page,Page,പേജ്,,Pending,,
menu.library.page-catalog.label,Page Catalog,പേജ് കാറ്റലോഗ്,,Pending,,
Page patterns,Page patterns,പേജ് മാതൃകകൾ,,Pending,,
ui.page.preferences.752e9e98,Page preferences,പേജ് മുൻഗണനകൾ,,Pending,,
ui.page.unavailable.for.your.role.3594883a,Page unavailable for your role,നിങ്ങളുടെ റോളിന് ഈ പേജ് ലഭ്യമല്ല,,Pending,,
column.billing-entry.paid.label,Paid,അടച്ചു,,Pending,,
Pain scale,Pain scale,വേദനാ സ്കെയിൽ,,Pending,,
Pain score,Pain score,വേദനാ സ്കോർ,,Pending,,
Painful arc,Painful arc,വേദനയുള്ള ചലനഭാഗം,,Pending,,
Palpation,Palpation,സ്പർശ പരിശോധന,,Pending,,
Palpitations,Palpitations,ഹൃദയമിടിപ്പ് അനുഭവപ്പെടൽ,,Pending,,
ui.panel.data.is.unavailable.use.refresh.panels.to.retry.452f583a,Panel data is unavailable. Use Refresh panels to retry.,പാനൽ ഡാറ്റ ലഭ്യമല്ല. വീണ്ടും ശ്രമിക്കാൻ പാനലുകൾ പുതുക്കുക.,,Pending,,
"Parentheses — (1,200)","Parentheses — (1,200)","ബ്രാക്കറ്റുകൾ — (1,200)",,Pending,,
Parties,Parties,കക്ഷികൾ,,Pending,,
menu.supply.supply-partners.label,Partners,പങ്കാളികൾ,,Pending,,
"Party identity, commercial profile, addresses, taxation and credit controls.","Party identity, commercial profile, addresses, taxation and credit controls.","കക്ഷിയുടെ തിരിച്ചറിയൽ, ബിസിനസ് വിവരങ്ങൾ, വിലാസങ്ങൾ, നികുതി, ക്രെഡിറ്റ് നിയന്ത്രണങ്ങൾ.",,Pending,,
Passive range,Passive range,സഹായത്തോടെ ചലിപ്പിക്കാവുന്ന പരിധി,,Pending,,
ui.password.e7cf3ef4,Password,പാസ്‌വേഡ്,,Pending,,
ui.paste.the.provider.key.84482375,Paste the provider key,ദാതാവിന്റെ കീ പേസ്റ്റ് ചെയ്യുക,,Pending,,
column.patient-master.name.label,Patient,രോഗി,,Pending,,
section.healthcare.hc-patient.label,Patient Administration,രോഗി ഭരണനിർവഹണം,,Pending,,
field.consultation.patient.label,Patient MRN,രോഗിയുടെ മെഡിക്കൽ റെക്കോർഡ് നമ്പർ,,Pending,,
menu.healthcare.patient-master.label,Patient Master,രോഗികളുടെ പട്ടിക,,Pending,,
"Patient administration, clinical workflow and revenue cycle","Patient administration, clinical workflow and revenue cycle","രോഗി പരിപാലനം, ക്ലിനിക്കൽ പ്രവർത്തനക്രമം, വരുമാന ചക്രം",,Pending,,
Patient context,Patient context,രോഗിയുടെ സാഹചര്യം,,Pending,,
ui.pause.858e4ba7,Pause,താൽക്കാലികമായി നിർത്തുക,,Pending,,
ui.pause.after.current.batch.96705400,Pause after current batch,നിലവിലെ ബാച്ചിനു ശേഷം നിർത്തുക,,Pending,,
menu.payroll.pay-group.label,Pay Group,ശമ്പള ഗ്രൂപ്പ്,,Pending,,
menu.payroll.pay-structure.label,Pay Structure,ശമ്പള ഘടന,,Pending,,
Payables,Payables,നൽകാനുള്ള തുകകൾ,,Pending,,
column.patient-master.payer.label,Payer,പണം നൽകുന്ന കക്ഷി,,Pending,,
menu.healthcare.hc-payer.label,Payer & Claims,പണം നൽകുന്നവരും ക്ലെയിമുകളും,,Pending,,
menu.healthcare.payer-master.label,Payer Master,പണം നൽകുന്നവരുടെ പട്ടിക,,Pending,,
ui.payer.allocation.policy.references.jurisdiction.and.tax.238b30a7,"Payer allocation, policy references, jurisdiction and tax treatment.","പണം നൽകുന്ന കക്ഷിയുടെ വിഹിതം, പോളിസി റഫറൻസുകൾ, അധികാരപരിധി, നികുതി രീതി.",,Pending,,
ui.payer.arrangement.14ce2e41,Payer arrangement,പണം നൽകുന്ന ക്രമീകരണം,,Pending,,
Payment,Payment,പണമടയ്ക്കൽ,,Pending,,
Payment batches,Payment batches,പണമടയ്ക്കൽ ബാച്ചുകൾ,,Pending,,
ui.payment.instructions.403c5a8d,Payment instructions,പണമടയ്ക്കൽ നിർദേശങ്ങൾ,,Pending,,
Payment queue,Payment queue,പണമടയ്ക്കൽ ക്യൂ,,Pending,,
ui.payment.terms.c81327df,Payment terms,പണമടയ്ക്കൽ വ്യവസ്ഥകൾ,,Pending,,
Payment terms: Net,Payment terms: Net,പണമടയ്ക്കൽ വ്യവസ്ഥ: കാലാവധി,,Pending,,
ui.payment.terms.net.d96f2d95,Payment terms: Net ,പണമടയ്ക്കൽ വ്യവസ്ഥ: കാലാവധി ,,Pending,,
Payments,Payments,പണമടയ്ക്കലുകൾ,,Pending,,
ui.payments.allocations.659ba939,Payments & allocations,പണമടയ്ക്കലുകളും വിഹിതങ്ങളും,,Pending,,
Payments applied,Payments applied,വിനിയോഗിച്ച പണമടയ്ക്കലുകൾ,,Pending,,
module.payroll.label,Payroll,ശമ്പള നിർവഹണം,,Pending,,
menu.payroll.payroll-adjustment.label,Payroll Adjustment,ശമ്പള ക്രമീകരണം,,Pending,,
Payroll Aug 2026 ready for approval,Payroll Aug 2026 ready for approval,ഓഗസ്റ്റ് 2026 ശമ്പളം അംഗീകാരത്തിന് തയ്യാറാണ്,,Pending,,
menu.payroll.pay-calendar.label,Payroll Calendar,ശമ്പള കലണ്ടർ,,Pending,,
page.payroll-dashboard.title,Payroll Command Center,ശമ്പള നിയന്ത്രണ കേന്ദ്രം,,Pending,,
menu.payroll.payroll-dashboard.label,Payroll Dashboard,ശമ്പള ഡാഷ്ബോർഡ്,,Pending,,
menu.payroll.pay-outputs.label,Payroll Outputs,ശമ്പള ഫലങ്ങൾ,,Pending,,
menu.payroll.pay-queues.label,Payroll Queues,ശമ്പള ക്യൂകൾ,,Pending,,
menu.payroll.pay-register.label,Payroll Register,ശമ്പള രജിസ്റ്റർ,,Pending,,
menu.payroll.payroll-run.label,Payroll Run,ശമ്പള പ്രക്രിയ,,Pending,,
menu.payroll.pay-settings.label,Payroll Setup,ശമ്പള സജ്ജീകരണം,,Pending,,
menu.payroll.payroll-worklist.label,Payroll Worklist,ശമ്പള പ്രവൃത്തിപ്പട്ടിക,,Pending,,
Payroll exception,Payroll exception,ശമ്പള അപവാദം,,Pending,,
Payroll exceptions,Payroll exceptions,ശമ്പള അപവാദങ്ങൾ,,Pending,,
Payroll headcount locked,Payroll headcount locked,ശമ്പള ജീവനക്കാരുടെ എണ്ണം ഉറപ്പിച്ചു,,Pending,,
Payroll run,Payroll run,ശമ്പള പ്രോസസ്സിംഗ്,,Pending,,
Payroll validation passed,Payroll validation passed,ശമ്പള പരിശോധന വിജയിച്ചു,,Pending,,
menu.payroll.payslip-report.label,Payslip Distribution,ശമ്പള സ്ലിപ്പ് വിതരണം,,Pending,,
Payslip release,Payslip release,ശമ്പള സ്ലിപ്പ് വിതരണം,,Pending,,
Pelvic pain,Pelvic pain,ഇടുപ്പിനുള്ളിലെ വേദന,,Pending,,
"Pelvic pain, bleeding or pregnancy-related symptom","Pelvic pain, bleeding or pregnancy-related symptom","ഇടുപ്പിനുള്ളിലെ വേദന, രക്തസ്രാവം, ഗർഭാവസ്ഥാ ലക്ഷണം",,Pending,,
Pending,Pending,കാത്തിരിക്കുന്നു,,Pending,,
Pending pre-auth,Pending pre-auth,മുൻകൂർ അനുമതി ബാക്കി,,Pending,,
menu.hr.people.label,People,വ്യക്തികൾ,,Pending,,
People cost / month,People cost / month,പ്രതിമാസ ജീവനക്കാരുടെ ചെലവ്,,Pending,,
page.hr-dashboard.subtitle,"People, organization, attendance, leave and talent operations","ജീവനക്കാർ, സ്ഥാപനം, ഹാജർ, അവധി, പ്രതിഭാ പരിപാലനം",,Pending,,
Per the applicable obstetric or postpartum protocol.,Per the applicable obstetric or postpartum protocol.,ബാധകമായ പ്രസവ അല്ലെങ്കിൽ പ്രസവാനന്തര പ്രോട്ടോകോൾ അനുസരിച്ച്.,,Pending,,
Per the facility's configured protocol.,Per the facility's configured protocol.,സ്ഥാപനത്തിന്റെ ക്രമീകരിച്ച പ്രോട്ടോകോൾ അനുസരിച്ച്.,,Pending,,
Perception,Perception,സംവേദനം,,Pending,,
Perceptual symptoms,Perceptual symptoms,സംവേദന ലക്ഷണങ്ങൾ,,Pending,,
column.employee-master.performance.label,Performance,പ്രകടനം,,Pending,,
ui.performance.by.branch.f55fd4c6,Performance by branch,ശാഖ അനുസരിച്ചുള്ള പ്രകടനം,,Pending,,
Perfusion,Perfusion,രക്തപ്രവാഹം,,Pending,,
Perinatal mental health,Perinatal mental health,പ്രസവകാല മാനസികാരോഗ്യം,,Pending,,
Period 2026-P08 is locked.,Period 2026-P08 is locked.,2026-P08 കാലയളവ് പൂട്ടിയിരിക്കുന്നു.,,Pending,,
Peripheral oedema,Peripheral oedema,അവയവങ്ങളിലെ നീർവീക്കം,,Pending,,
Peripheral pulses,Peripheral pulses,അവയവങ്ങളിലെ നാഡിമിടിപ്പ്,,Pending,,
ui.personal.saved.views.cbcb5582,Personal saved views,വ്യക്തിഗത സംരക്ഷിച്ച കാഴ്ചകൾ,,Pending,,
menu.library.personalization.label,Personalization,വ്യക്തിഗത ക്രമീകരണം,,Pending,,
module.pharmacy.label,Pharmacy,ഫാർമസി,,Pending,,
menu.pharmacy.pharmacy-dashboard.label,Pharmacy Dashboard,ഫാർമസി ഡാഷ്ബോർഡ്,,Pending,,
menu.pharmacy.rx-config.label,Pharmacy Setup,ഫാർമസി ക്രമീകരണം,,Pending,,
ui.phone.63dceb88,Phone,ഫോൺ,,Pending,,
Pick a report,Pick a report,റിപ്പോർട്ട് തിരഞ്ഞെടുക്കുക,,Pending,,
Pick your columns,Pick your columns,നിരകൾ തിരഞ്ഞെടുക്കുക,,Pending,,
Pin or unpin the sidebar,Pin or unpin the sidebar,സൈഡ്ബാർ പിൻ ചെയ്യുക അല്ലെങ്കിൽ മാറ്റുക,,Pending,,
ui.pinned.open.51d7cfc4,Pinned open,തുറന്ന നിലയിൽ പിൻ ചെയ്തു,,Pending,,
ui.pinned.it.pushes.the.page.instead.of.floating.over.it.a7141e77,"Pinned, it pushes the page instead of floating over it",പിൻ ചെയ്താൽ പേജിന് മുകളിൽ വരുന്നതിന് പകരം പേജ് നീക്കുന്നു,,Pending,,
Pipeline,Pipeline,വിൽപ്പന പൈപ്പ്‌ലൈൻ,,Pending,,
menu.sales.pipeline-report.label,Pipeline Report,വിൽപ്പന സാധ്യതാ റിപ്പോർട്ട്,,Pending,,
field.customer.creditHold.label,Place on credit hold,ക്രെഡിറ്റ് തടഞ്ഞുവയ്ക്കുക,,Pending,,
ui.placement.how.it.opens.and.the.palette.the.rail.uses.3bd772d3,"Placement, how it opens, and the palette the rail uses.","സ്ഥാനം, തുറക്കുന്ന രീതി, സൈഡ്ബാർ നിറങ്ങൾ.",,Pending,,
Plan,Plan,പദ്ധതി,,Pending,,
Plan attainment,Plan attainment,പദ്ധതി പൂർത്തീകരണം,,Pending,,
"Plan, education and follow-up","Plan, education and follow-up","പദ്ധതി, ബോധവത്കരണം, തുടർപരിശോധന",,Pending,,
ui.play.tour.6d258106,Play tour,പര്യടനം ആരംഭിക്കുക,,Pending,,
Policy,Policy,നയം,,Pending,,
ui.policy.coverage.number.f5d4fd79,Policy / coverage number,പോളിസി / പരിരക്ഷ നമ്പർ,,Pending,,
menu.hr.hr-policy.label,Policy Designer,നയ ഡിസൈനർ,,Pending,,
api.message.327e8a4b8b4b,Policy writes require an administrator.,നയം മാറ്റാൻ അഡ്മിനിസ്ട്രേറ്റർ ആവശ്യമാണ്.,,Pending,,
ui.policy.aware.db50d120,Policy-aware,നയം പാലിക്കുന്നത്,,Pending,,
ui.policy.controlled.option.c39ca589,Policy-controlled option,നയാധിഷ്ഠിത ഓപ്ഷൻ,,Pending,,
field.customer.preferredChannels.option.portal,Portal,പോർട്ടൽ,,Pending,,
ui.position.6d031af1,Position,സ്ഥാനം,,Pending,,
menu.hr.position-master.label,Position Master,തസ്തികകളുടെ പട്ടിക,,Pending,,
ui.post.comment.153dc13a,Post comment,അഭിപ്രായം പോസ്റ്റ് ചെയ്യുക,,Pending,,
ui.post.invoice.fc1694d2,Post invoice,ഇൻവോയ്സ് പോസ്റ്റ് ചെയ്യുക,,Pending,,
Post-discharge Review,Post-discharge Review,വിടുതലിനു ശേഷമുള്ള പരിശോധന,,Pending,,
Postal code,Postal code,തപാൽ കോഡ്,,Pending,,
menu.finance.posting-rules.label,Posting Rules,അക്കൗണ്ട് പോസ്റ്റിംഗ് നിയമങ്ങൾ,,Pending,,
Posting failed,Posting failed,പോസ്റ്റിംഗ് പരാജയപ്പെട്ടു,,Pending,,
Posting period,Posting period,പോസ്റ്റിംഗ് കാലയളവ്,,Pending,,
Prakash Mathew changed 3 line items,Prakash Mathew changed 3 line items,Prakash Mathew 3 ലൈൻ ഇനങ്ങൾ മാറ്റി,,Pending,,
ui.pre.approval.or.authorization.d360af02,Pre-approval or authorization,മുൻകൂർ അംഗീകാരം അല്ലെങ്കിൽ അനുമതി,,Pending,,
menu.healthcare.preauthorization.label,Pre-authorisation,മുൻകൂർ അനുമതി,,Pending,,
Pre-authorisation denied,Pre-authorisation denied,മുൻകൂർ അനുമതി നിരസിച്ചു,,Pending,,
Preferences,Preferences,മുൻഗണനകൾ,,Pending,,
Preferences imported,Preferences imported,മുൻഗണനകൾ ഇംപോർട്ട് ചെയ്തു,,Pending,,
Preferred channels,Preferred channels,ഇഷ്ടപ്പെട്ട മാർഗങ്ങൾ,,Pending,,
Pregnancy / Postpartum,Pregnancy / Postpartum,ഗർഭാവസ്ഥ / പ്രസവാനന്തരം,,Pending,,
"Pregnancy context: gestational status, maternal and fetal warning signs, and medication and imaging safety are surfaced.","Pregnancy context: gestational status, maternal and fetal warning signs, and medication and imaging safety are surfaced.","ഗർഭാവസ്ഥാ സാഹചര്യം: ഗർഭനില, മാതാവിന്റെയും ഭ്രൂണത്തിന്റെയും മുന്നറിയിപ്പുകൾ, മരുന്നിന്റെയും ഇമേജിംഗിന്റെയും സുരക്ഷ കാണിക്കുന്നു.",,Pending,,
Pregnancy status,Pregnancy status,ഗർഭാവസ്ഥാ നില,,Pending,,
"Pregnancy with Orthopaedics: medication and imaging safety considerations apply. This is a prompt, not a reason to withhold clinically indicated care.","Pregnancy with Orthopaedics: medication and imaging safety considerations apply. This is a prompt, not a reason to withhold clinically indicated care.","ഗർഭാവസ്ഥയും അസ്ഥിരോഗവും: മരുന്നിന്റെയും ഇമേജിംഗിന്റെയും സുരക്ഷ ബാധകം. ഇത് ഓർമ്മപ്പെടുത്തലാണ്, ആവശ്യമായ ചികിത്സ തടയാനുള്ള കാരണമല്ല.",,Pending,,
Pregnancy with Psychiatry: perinatal mental-health pathways and medication-safety considerations apply.,Pregnancy with Psychiatry: perinatal mental-health pathways and medication-safety considerations apply.,ഗർഭാവസ്ഥയും മനോരോഗവും: പ്രസവകാല മാനസികാരോഗ്യ മാർഗങ്ങളും മരുന്ന് സുരക്ഷയും ബാധകം.,,Pending,,
Preoccupations,Preoccupations,മനസ്സിൽ നിറഞ്ഞുനിൽക്കുന്ന ചിന്തകൾ,,Pending,,
column.prescription-queue.prescribedOn.label,Prescribed,നിർദേശിച്ചത്,,Pending,,
column.prescription-queue.prescriber.label,Prescriber,മരുന്ന് നിർദേശിച്ച വ്യക്തി,,Pending,,
column.prescription-queue.id.label,Prescription,കുറിപ്പടി,,Pending,,
menu.pharmacy.prescription-queue.label,Prescription Queue,കുറിപ്പടി ക്യൂ,,Pending,,
menu.pharmacy.rx-queue.label,Prescriptions,മരുന്ന് കുറിപ്പടികൾ,,Pending,,
page.prescription-queue.subtitle,"Prescriptions awaiting dispense, by ward and priority.",വാർഡും മുൻഗണനയും അനുസരിച്ച് വിതരണം കാത്തിരിക്കുന്ന കുറിപ്പടികൾ.,,Pending,,
page.medication-review.subtitle,Prescriptions flagged for pharmacist review.,ഫാർമസിസ്റ്റിന്റെ പരിശോധനയ്ക്കായി അടയാളപ്പെടുത്തിയ കുറിപ്പടികൾ.,,Pending,,
Prescriptions today,Prescriptions today,ഇന്നത്തെ കുറിപ്പടികൾ,,Pending,,
section.consultation.presentation.title,Presentation,പ്രാരംഭ ലക്ഷണങ്ങൾ,,Pending,,
Presentation-specific assessment.,Presentation-specific assessment.,ലക്ഷണങ്ങൾക്കനുസരിച്ചുള്ള വിലയിരുത്തൽ.,,Pending,,
field.consultation.chiefComplaint.label,Presenting complaint,നിലവിലെ പരാതി,,Pending,,
Presenting complaint and history,Presenting complaint and history,നിലവിലെ പരാതിയും ചരിത്രവും,,Pending,,
Preventive Review,Preventive Review,പ്രതിരോധ പരിശോധന,,Pending,,
ui.preview.324b134f,Preview,പ്രിവ്യൂ,,Pending,,
Preview {item},Preview {item},{item} പ്രിവ്യൂ ചെയ്യുക,,Pending,,
ui.preview.75954c5f,Preview:,പ്രിവ്യൂ:,,Pending,,
ui.previous.a57b08a4,Previous,മുമ്പത്തേത്,,Pending,,
ui.previous.approvals.601c366a,Previous approvals,മുമ്പത്തെ അംഗീകാരങ്ങൾ,,Pending,,
Previous month,Previous month,മുൻ മാസം,,Pending,,
Previous outcome,Previous outcome,മുൻ ഫലം,,Pending,,
ui.previous.page.1208ec01,Previous page,മുൻ പേജ്,,Pending,,
Previous period,Previous period,മുൻ കാലയളവ്,,Pending,,
ui.previous.step.318c1da8,Previous step,മുൻ ഘട്ടം,,Pending,,
Previous year,Previous year,മുൻ വർഷം,,Pending,,
column.product-master.price.label,Price,വില,,Pending,,
menu.sales.price-list.label,Price List,വിലപ്പട്ടിക,,Pending,,
field.hr-dashboard.category.option.Primary,Primary,പ്രാഥമികം,,Pending,,
ui.primary.action.da2eb576,Primary action,പ്രാഥമിക നടപടി,,Pending,,
section.customer.profile.description,Primary commercial identity and classification.,പ്രാഥമിക ബിസിനസ് തിരിച്ചറിയലും വർഗീകരണവും.,,Pending,,
ui.primary.contact.1700917b,Primary contact,പ്രധാന ബന്ധപ്പെടേണ്ട വ്യക്തി,,Pending,,
column.patient-master.primaryDiagnosis.label,Primary diagnosis,പ്രാഥമിക രോഗനിർണയം,,Pending,,
ui.primary.navigation.e1bfe7ec,Primary navigation,പ്രധാന നാവിഗേഷൻ,,Pending,,
ui.primary.problem.4b955b0b,Primary problem,പ്രാഥമിക പ്രശ്നം,,Pending,,
column.user-master.role.label,Primary role,പ്രാഥമിക റോൾ,,Pending,,
ui.print.df0fe798,Print,പ്രിന്റ് ചെയ്യുക,,Pending,,
ui.print.invoice.c1f0d9fa,Print invoice,ഇൻവോയ്സ് പ്രിന്റ് ചെയ്യുക,,Pending,,
ui.print.this.list.f32928e0,Print this list,ഈ പട്ടിക പ്രിന്റ് ചെയ്യുക,,Pending,,
ui.print.ready.customer.document.5cf532ca,Print-ready customer document,പ്രിന്റ് ചെയ്യാൻ തയ്യാറായ ഉപഭോക്തൃ രേഖ,,Pending,,
ui.printed.by.c16730e3,Printed by,പ്രിന്റ് ചെയ്തത്,,Pending,,
Prior care and records,Prior care and records,മുൻ പരിചരണവും രേഖകളും,,Pending,,
Prior diagnosis,Prior diagnosis,മുൻ രോഗനിർണയം,,Pending,,
Prior injury or surgery,Prior injury or surgery,മുൻ പരിക്ക് അല്ലെങ്കിൽ ശസ്ത്രക്രിയ,,Pending,,
Prior recommendation,Prior recommendation,മുൻ നിർദേശം,,Pending,,
"Prior records and opinion, the unresolved question, independent view.","Prior records and opinion, the unresolved question, independent view.","മുൻ രേഖകളും അഭിപ്രായവും, പരിഹരിക്കാത്ത ചോദ്യം, സ്വതന്ത്ര അഭിപ്രായം.",,Pending,,
ui.prioritized.by.impact.and.sla.8dc12e8f,Prioritized by impact and SLA,പ്രഭാവവും സേവനനിലവാരവും അനുസരിച്ചുള്ള മുൻഗണന,,Pending,,
field.hr-dashboard.tags.option.priority,Priority,മുൻഗണന,,Pending,,
ui.priority.order.for.transcription.the.first.that.can.run.1e0d628e,Priority order for transcription; the first that can run is used.,ട്രാൻസ്ക്രിപ്ഷന്റെ മുൻഗണനാക്രമം; ആദ്യം പ്രവർത്തിക്കാവുന്ന ദാതാവിനെ ഉപയോഗിക്കുന്നു.,,Pending,,
field.user.riskLevel.option.privileged,Privileged,പ്രത്യേക അധികാരമുള്ളത്,,Pending,,
Problem definition,Problem definition,പ്രശ്ന നിർവചനം,,Pending,,
Problems addressed,Problems addressed,കൈകാര്യം ചെയ്ത പ്രശ്നങ്ങൾ,,Pending,,
Procedure / Pre-op,Procedure / Pre-op,നടപടിക്രമം / ശസ്ത്രക്രിയയ്ക്ക് മുമ്പ്,,Pending,,
menu.payroll.pay-processing.label,Processing,പ്രക്രിയകൾ,,Pending,,
ui.processing.region.cb8e4a86,Processing region,പ്രോസസ്സിംഗ് മേഖല,,Pending,,
menu.supply.procurement.label,Procurement,വാങ്ങൽ നിർവഹണം,,Pending,,
menu.supply.procurement-worklist.label,Procurement Worklist,വാങ്ങൽ പ്രവൃത്തിപ്പട്ടിക,,Pending,,
page.supply-dashboard.subtitle,"Procurement, inventory, warehouses, logistics and supplier collaboration","വാങ്ങൽ, സ്റ്റോക്ക്, വെയർഹൗസുകൾ, ചരക്കുനീക്കം, വിതരണക്കാരുമായുള്ള സഹകരണം",,Pending,,
menu.sales.product-master.label,Product Master,ഉൽപ്പന്നങ്ങളുടെ പട്ടിക,,Pending,,
ui.product.documentation.2e646170,Product documentation,ഉൽപ്പന്ന ഡോക്യുമെന്റേഷൻ,,Pending,,
api.message.c6e7afb093a6,Product is unavailable.,ഉൽപ്പന്നം ലഭ്യമല്ല.,,Pending,,
ui.products.services.quantities.rates.discounts.and.line.le.b26c843c,"Products, services, quantities, rates, discounts and line-level tax.","ഉൽപ്പന്നങ്ങൾ, സേവനങ്ങൾ, അളവുകൾ, നിരക്കുകൾ, കിഴിവുകൾ, ഇനം തിരിച്ചുള്ള നികുതി.",,Pending,,
Professional,Professional,പ്രൊഫഷണൽ,,Pending,,
Profile,Profile,പ്രൊഫൈൽ,,Pending,,
menu.finance.profit-loss.label,Profit & Loss,ലാഭവും നഷ്ടവും,,Pending,,
Prompt id,Prompt id,പ്രോംപ്റ്റ് ഐഡി,,Pending,,
ui.prompts.5f2e66e6,Prompts,പ്രോംപ്റ്റുകൾ,,Pending,,
Proposes codes from this service's catalogue for the documented problem. It selects from a supplied list and cannot invent a code; nothing is applied until you accept it.,Proposes codes from this service's catalogue for the documented problem. It selects from a supplied list and cannot invent a code; nothing is applied until you accept it.,രേഖപ്പെടുത്തിയ പ്രശ്നത്തിന് സേവനപ്പട്ടികയിൽ നിന്ന് കോഡുകൾ നിർദേശിക്കുന്നു. നൽകിയ പട്ടികയിൽ നിന്ന് തിരഞ്ഞെടുക്കുന്നു; കോഡ് സൃഷ്ടിക്കില്ല. അംഗീകരിക്കുന്നതുവരെ ഒന്നും പ്രയോഗിക്കില്ല.,,Pending,,
"Proposes orders from this service's orderable catalogue for the documented problem. Selection only, never invention, and nothing is placed until you accept it.","Proposes orders from this service's orderable catalogue for the documented problem. Selection only, never invention, and nothing is placed until you accept it.",രേഖപ്പെടുത്തിയ പ്രശ്നത്തിന് സേവനത്തിന്റെ ഓർഡർ പട്ടികയിൽ നിന്ന് നിർദേശിക്കുന്നു. തിരഞ്ഞെടുപ്പ് മാത്രം; പുതിയത് സൃഷ്ടിക്കില്ല. അംഗീകരിക്കുന്നതുവരെ ഓർഡർ നൽകില്ല.,,Pending,,
Prototype audit,Prototype audit,പ്രോട്ടോടൈപ്പ് ഓഡിറ്റ്,,Pending,,
api.message.e4bbf47958bf,Provide 1–500 mapped rows with cells up to 4000 characters.,1–500 മാപ്പ് ചെയ്ത വരികൾ നൽകുക; ഓരോ സെല്ലിലും പരമാവധി 4000 അക്ഷരങ്ങൾ.,,Pending,,
"Provide item codes, descriptions, positive quantities and valid prices, discounts and tax rates.","Provide item codes, descriptions, positive quantities and valid prices, discounts and tax rates.","ഇനങ്ങളുടെ കോഡുകൾ, വിവരണങ്ങൾ, പോസിറ്റീവ് അളവുകൾ, സാധുവായ വിലകൾ, കിഴിവുകൾ, നികുതി നിരക്കുകൾ നൽകുക.",,Pending,,
ui.provider.and.model.b9fdc888,Provider and model,ദാതാവും മോഡലും,,Pending,,
ui.provider.credential.a97d8364,Provider credential,ദാതാവിന്റെ പ്രവേശന വിവരങ്ങൾ,,Pending,,
ui.provider.id.c03102a8,Provider id,ദാതാവിന്റെ ഐഡി,,Pending,,
ui.provider.label.96cd4b4a,Provider label,ദാതാവിന്റെ ലേബൽ,,Pending,,
ui.provider.trains.on.content.0e91e306,Provider trains on content,ദാതാവ് ഉള്ളടക്കം ഉപയോഗിച്ച് പരിശീലിപ്പിക്കുന്നു,,Pending,,
page.ai-administration.subtitle,"Provider, credential, limits and prompts for this tenant's assistant.","ഈ ടെനന്റിന്റെ അസിസ്റ്റന്റിനുള്ള ദാതാവ്, പ്രവേശന വിവരങ്ങൾ, പരിധികൾ, പ്രോംപ്റ്റുകൾ.",,Pending,,
Psychiatry,Psychiatry,മനോരോഗ വിഭാഗം,,Pending,,
Psychomotor activity,Psychomotor activity,മനോചലന പ്രവർത്തനം,,Pending,,
Psychotropic response and side-effect review,Psychotropic response and side-effect review,മാനസിക മരുന്നുകളുടെ പ്രതികരണവും പാർശ്വഫലങ്ങളും പരിശോധിക്കൽ,,Pending,,
field.consultation.pulse.label,Pulse (bpm),നാഡിമിടിപ്പ് (മിനിറ്റിൽ),,Pending,,
menu.supply.purchase-order.label,Purchase Order,വാങ്ങൽ ഓർഡർ,,Pending,,
menu.supply.purchase-requisition.label,Purchase Requisition,വാങ്ങൽ അപേക്ഷ,,Pending,,
ui.purchase.order.reference.ca2589cc,Purchase order reference,വാങ്ങൽ ഓർഡർ റഫറൻസ്,,Pending,,
menu.pharmacy.rx-buy.label,Purchasing,വാങ്ങൽ,,Pending,,
field.hr-dashboard.description.placeholder,"Purpose, business rules and notes","ഉദ്ദേശ്യം, ബിസിനസ് നിയമങ്ങൾ, കുറിപ്പുകൾ",,Pending,,
field.customer.country.option.QA,Qatar,ഖത്തർ,,Pending,,
Qty,Qty,അളവ്,,Pending,,
column.supplier-fin-master.quality.label,Quality,ഗുണനിലവാരം,,Pending,,
Quantity,Quantity,അളവ്,,Pending,,
Quarter to date,Quarter to date,ഈ ത്രൈമാസം ഇതുവരെ,,Pending,,
Quarter-end close opens Monday,Quarter-end close opens Monday,ത്രൈമാസ സമാപനം തിങ്കളാഴ്ച ആരംഭിക്കുന്നു,,Pending,,
Quarterly,Quarterly,ത്രൈമാസം,,Pending,,
Question requiring an opinion,Question requiring an opinion,അഭിപ്രായം ആവശ്യമുള്ള ചോദ്യം,,Pending,,
ui.quick.actions.1810407f,Quick actions,ദ്രുത നടപടികൾ,,Pending,,
ui.quick.view.style.c03cba44,Quick view style,ദ്രുത കാഴ്ച ശൈലി,,Pending,,
menu.sales.quotation.label,Quotation,വില നിർദേശം,,Pending,,
Quotes awaiting approval,Quotes awaiting approval,അംഗീകാരം കാത്തിരിക്കുന്ന ക്വട്ടേഷനുകൾ,,Pending,,
module.pharmacy.shortLabel,RX,ഫാർമസി,,Pending,,
Radiation,Radiation,വേദന പടരൽ,,Pending,,
Rail,Rail,സൈഡ് റെയിൽ,,Pending,,
ui.rail.theme.a27ee6fb,Rail theme,റെയിൽ തീം,,Pending,,
ui.rail.tone.ef511345,Rail tone,റെയിൽ വർണ്ണശൈലി,,Pending,,
ui.rail.tabs.and.wizard.render.the.same.section.and.field.d.8726fb58,"Rail, tabs and wizard render the same section and field definitions.","റെയിൽ, ടാബുകൾ, വിസാർഡ് എന്നിവ ഒരേ വിഭാഗങ്ങളും ഫീൽഡുകളും കാണിക്കുന്നു.",,Pending,,
Rate,Rate,നിരക്ക്,,Pending,,
api.message.5bc34a9bf060,Rate limit reached.,അഭ്യർത്ഥന പരിധിയിലെത്തി.,,Pending,,
Raw materials,Raw materials,അസംസ്കൃത വസ്തുക്കൾ,,Pending,,
ui.read.only.for.this.session.0fce39ec,Read only for this session.,ഈ സെഷനിൽ വായിക്കാൻ മാത്രം.,,Pending,,
Readiness,Readiness,സന്നദ്ധത,,Pending,,
"Reads the headline figures on this dashboard — their values, movement and footnotes — and explains what they say together.","Reads the headline figures on this dashboard — their values, movement and footnotes — and explains what they say together.","ഡാഷ്ബോർഡിലെ പ്രധാന കണക്കുകൾ, മാറ്റങ്ങൾ, കുറിപ്പുകൾ എന്നിവ വായിച്ച് അവയുടെ സംയുക്ത അർത്ഥം വിശദീകരിക്കുന്നു.",,Pending,,
Reads the rows currently in the report — actual against previous and budget — and summarises where the movement is.,Reads the rows currently in the report — actual against previous and budget — and summarises where the movement is.,"റിപ്പോർട്ടിലെ നിലവിലെ വരികളിൽ യഥാർത്ഥം, മുൻകാലം, ബജറ്റ് എന്നിവ താരതമ്യം ചെയ്ത് മാറ്റങ്ങൾ സംഗ്രഹിക്കുന്നു.",,Pending,,
"Reads the unread items in this list — their subject, preview and age — and tells you what is waiting and what looks urgent.","Reads the unread items in this list — their subject, preview and age — and tells you what is waiting and what looks urgent.","വായിക്കാത്ത ഇനങ്ങളുടെ വിഷയം, പ്രിവ്യൂ, പഴക്കം എന്നിവ വായിച്ച് കാത്തിരിക്കുന്നതും അടിയന്തരമായതും വ്യക്തമാക്കുന്നു.",,Pending,,
ui.ready.5fa7aac5,Ready,തയ്യാർ,,Pending,,
Ready for attestation,Ready for attestation,സാക്ഷ്യപ്പെടുത്താൻ തയ്യാറാണ്,,Pending,,
field.user.notes.placeholder,"Reason, restrictions, dependencies or handover notes","കാരണം, നിയന്ത്രണങ്ങൾ, ആശ്രിതത്വങ്ങൾ, കൈമാറ്റ കുറിപ്പുകൾ",,Pending,,
ui.recalculate.costs.2075b9f0,Recalculate costs,ചെലവുകൾ വീണ്ടും കണക്കാക്കുക,,Pending,,
Receipt,Receipt,രസീത്,,Pending,,
Receipt Entry,Receipt Entry,രസീത് എൻട്രി,,Pending,,
ui.receipts.deposits.credit.applications.and.outstanding.ba.7b311f16,"Receipts, deposits, credit applications and outstanding balance.","രസീതുകൾ, നിക്ഷേപങ്ങൾ, ക്രെഡിറ്റ് വിനിയോഗം, അടയ്ക്കാനുള്ള തുക.",,Pending,,
Receivables,Receivables,കിട്ടാനുള്ള തുകകൾ,,Pending,,
menu.finance.receivables-worklist.label,Receivables Worklist,ലഭിക്കാനുള്ള തുകയുടെ പട്ടിക,,Pending,,
menu.supply.receiving-worklist.label,Receiving Worklist,സ്വീകരിക്കൽ പ്രവൃത്തിപ്പട്ടിക,,Pending,,
Receiving exceptions,Receiving exceptions,സ്വീകരണ അപവാദങ്ങൾ,,Pending,,
ui.recent.panel.changes.newest.first.43be1f92,"Recent panel changes, newest first.","പാനലിലെ സമീപകാല മാറ്റങ്ങൾ, പുതിയത് ആദ്യം.",,Pending,,
Recent weight change,Recent weight change,അടുത്തിടെയുള്ള ഭാരംമാറ്റം,,Pending,,
ui.recipients.1e8568a8,Recipients,സ്വീകർത്താക്കൾ,,Pending,,
Reconciled to date,Reconciled to date,ഇതുവരെ പൊരുത്തപ്പെടുത്തി,,Pending,,
menu.pharmacy.controlled-reconciliation.label,Reconciliation,അനുരഞ്ജനം,,Pending,,
ui.reconfigure.7458d4f3,Reconfigure,വീണ്ടും ക്രമീകരിക്കുക,,Pending,,
column.hr-dashboard.id.label,Record ID,റെക്കോർഡ് ഐഡി,,Pending,,
ui.record.again.eb8d93c6,Record again,വീണ്ടും റെക്കോർഡ് ചെയ്യുക,,Pending,,
Record approval,Record approval,രേഖയുടെ അംഗീകാരം,,Pending,,
ui.record.code.23b720ff,Record code,രേഖയുടെ കോഡ്,,Pending,,
ui.record.form.style.3f7e4a31,Record form style,റെക്കോർഡ് ഫോം ശൈലി,,Pending,,
ui.record.forms.labels.inputs.and.section.text.02bb0bea,"Record forms: labels, inputs and section text.","റെക്കോർഡ് ഫോമുകൾ: ലേബലുകൾ, ഇൻപുട്ടുകൾ, വിഭാഗങ്ങളിലെ വാചകം.",,Pending,,
api.message.6ffa5ad70d74,Record no longer exists.,റെക്കോർഡ് ഇനി നിലവിലില്ല.,,Pending,,
field.user.owner.label,Record owner,രേഖയുടെ ഉടമ,,Pending,,
api.message.a0ed214592c6,Record panels could not be saved. Retry the operation.,റെക്കോർഡ് പാനലുകൾ സംരക്ഷിക്കാനായില്ല. വീണ്ടും ശ്രമിക്കുക.,,Pending,,
ui.record.payment.1ef3fba4,Record payment,പണമടയ്ക്കൽ രേഖപ്പെടുത്തുക,,Pending,,
ui.record.sections.6be029e5,Record sections,റെക്കോർഡ് വിഭാഗങ്ങൾ,,Pending,,
ui.record.summary.8507711f,Record summary,റെക്കോർഡ് സംഗ്രഹം,,Pending,,
ui.record.supporting.information.a40993f1,Record supporting information,രേഖയുടെ അനുബന്ധ വിവരങ്ങൾ,,Pending,,
Recording,Recording,റെക്കോർഡ് ചെയ്യുന്നു,,Pending,,
Records reviewed,Records reviewed,പരിശോധിച്ച രേഖകൾ,,Pending,,
Recovery draft could not be removed,Recovery draft could not be removed,വീണ്ടെടുക്കൽ ഡ്രാഫ്റ്റ് നീക്കാനായില്ല,,Pending,,
ui.recovery.draft.saved.record.has.unsaved.changes.a3d2d0f5,Recovery draft saved · record has unsaved changes,വീണ്ടെടുക്കൽ ഡ്രാഫ്റ്റ് സംരക്ഷിച്ചു · രേഖയിൽ സംരക്ഷിക്കാത്ത മാറ്റങ്ങളുണ്ട്,,Pending,,
Reduced motion,Reduced motion,കുറഞ്ഞ ചലനം,,Pending,,
Reference,Reference,റഫറൻസ്,,Pending,,
Reference:,Reference:,റഫറൻസ്:,,Pending,,
ui.reference.66d13194,Reference: ,റഫറൻസ്: ,,Pending,,
ui.references.69824d3b,References,റഫറൻസുകൾ,,Pending,,
field.consultation.outcome.option.Referred%20for%20imaging,Referred for imaging,ഇമേജിംഗിന് റഫർ ചെയ്തു,,Pending,,
field.consultation.outcome.option.Referred%20to%20specialist,Referred to specialist,സ്പെഷ്യലിസ്റ്റിന് റഫർ ചെയ്തു,,Pending,,
Refine with filters,Refine with filters,ഫിൽട്ടറുകൾ ഉപയോഗിച്ച് മെച്ചപ്പെടുത്തുക,,Pending,,
ui.refresh.0e916101,Refresh,പുതുക്കുക,,Pending,,
ui.refresh.approvals.fe2ff673,Refresh approvals,അംഗീകാരങ്ങൾ പുതുക്കുക,,Pending,,
ui.refresh.panels.171a4cfd,Refresh panels,പാനലുകൾ പുതുക്കുക,,Pending,,
ui.refresh.results.04cc9c1a,Refresh results,ഫലങ്ങൾ പുതുക്കുക,,Pending,,
ui.region.uae.north.ed499433,Region UAE North,യുഎഇ വടക്കൻ മേഖല,,Pending,,
field.customer.legalName.placeholder,Registered company or person,രജിസ്റ്റർ ചെയ്ത കമ്പനി അല്ലെങ്കിൽ വ്യക്തി,,Pending,,
menu.healthcare.hc-registry.label,Registry,രജിസ്ട്രി,,Pending,,
ui.reject.ab604a36,Reject,നിരസിക്കുക,,Pending,,
ui.reject.selected.7237aa41,Reject selected,തിരഞ്ഞെടുത്തവ നിരസിക്കുക,,Pending,,
api.approval.rejected,Rejected,നിരസിച്ചു,,Pending,,
ui.related.page.bc7a46d5,Related page,ബന്ധപ്പെട്ട പേജ്,,Pending,,
ui.related.record.id.2def8f74,Related record ID,ബന്ധപ്പെട്ട രേഖയുടെ ഐഡി,,Pending,,
Related records,Related records,ബന്ധപ്പെട്ട രേഖകൾ,,Pending,,
ui.relationship.label.e30c78d5,Relationship label,ബന്ധത്തിന്റെ പേര്,,Pending,,
field.consultation.pastHistory.label,Relevant past history,പ്രസക്തമായ മുൻകാല ചരിത്രം,,Pending,,
ui.reload.bdc090ec,Reload,വീണ്ടും ലോഡ് ചെയ്യുക,,Pending,,
ui.reload.views.99af1a0f,Reload views,കാഴ്ചകൾ വീണ്ടും ലോഡ് ചെയ്യുക,,Pending,,
ui.remember.filters.and.search.e050a77f,Remember filters and search,ഫിൽട്ടറുകളും തിരച്ചിലും ഓർത്തുവയ്ക്കുക,,Pending,,
ui.remove.c3812fc4,Remove,നീക്കം ചെയ്യുക,,Pending,,
ui.remove.item.5a89edf2,Remove item,ഇനം നീക്കം ചെയ്യുക,,Pending,,
ui.remove.stage.1c2a084f,Remove stage,ഘട്ടം നീക്കുക,,Pending,,
ui.remove.this.item.b8391ef4,Remove this item?,ഈ ഇനം നീക്കം ചെയ്യണോ?,,Pending,,
Remove {item},Remove {item},{item} നീക്കം ചെയ്യുക,,Pending,,
api.message.d936ebd439a1,Removed an item from attachments,അറ്റാച്ച്മെന്റുകളിൽ നിന്ന് ഇനം നീക്കി,,Pending,,
api.message.4d1afdd96c0d,Removed an item from comments,കുറിപ്പുകളിൽ നിന്ന് ഇനം നീക്കി,,Pending,,
api.message.311d1fb6d240,Removed an item from related,ബന്ധപ്പെട്ട റെക്കോർഡുകളിൽ നിന്ന് ഇനം നീക്കി,,Pending,,
ui.rename.3064d79a,Rename,പേരുമാറ്റുക,,Pending,,
Rename view,Rename view,കാഴ്ചയുടെ പേര് മാറ്റുക,,Pending,,
"Rendered from the central page registry using the shared shell, theme, access and preference contracts.","Rendered from the central page registry using the shared shell, theme, access and preference contracts.","പങ്കിട്ട ഷെൽ, തീം, പ്രവേശനം, മുൻഗണനകൾ എന്നിവ ഉപയോഗിച്ച് കേന്ദ്ര പേജ് രജിസ്ട്രിയിൽ നിന്ന് പ്രദർശിപ്പിക്കുന്നു.",,Pending,,
Renewal actions,Renewal actions,പുതുക്കൽ നടപടികൾ,,Pending,,
Renewal risk increased,Renewal risk increased,പുതുക്കലിന്റെ അപകടസാധ്യത വർധിച്ചു,,Pending,,
menu.supply.reorder-rules.label,Reorder Rules,പുനഃ ഓർഡർ നിയമങ്ങൾ,,Pending,,
menu.supply.reorder-worklist.label,Reorder Worklist,പുനഃ ഓർഡർ പട്ടിക,,Pending,,
column.product-master.reorder.label,Reorder level,വീണ്ടും ഓർഡർ ചെയ്യേണ്ട നില,,Pending,,
Reorder proposal generated,Reorder proposal generated,വീണ്ടും ഓർഡർ നിർദേശം സൃഷ്ടിച്ചു,,Pending,,
Reorder proposals,Reorder proposals,വീണ്ടും ഓർഡർ നിർദേശങ്ങൾ,,Pending,,
ui.replace.95e15439,Replace,മാറ്റിസ്ഥാപിക്കുക,,Pending,,
Reply not sent,Reply not sent,മറുപടി അയച്ചില്ല,,Pending,,
Reply to,Reply to,മറുപടി നൽകുന്നത്,,Pending,,
ui.reply.to.ec06f3d2,Reply to ,മറുപടി നൽകുന്നത് ,,Pending,,
ui.report.intelligence.94f0b3e2,Report intelligence,റിപ്പോർട്ട് വിശകലനം,,Pending,,
Report refreshed,Report refreshed,റിപ്പോർട്ട് പുതുക്കി,,Pending,,
Report scheduled,Report scheduled,റിപ്പോർട്ട് ഷെഡ്യൂൾ ചെയ്തു,,Pending,,
Report view,Report view,റിപ്പോർട്ട് കാഴ്ച,,Pending,,
Reported mood,Reported mood,റിപ്പോർട്ട് ചെയ്ത മാനസികാവസ്ഥ,,Pending,,
Reports,Reports,റിപ്പോർട്ടുകൾ,,Pending,,
Reproductive and antenatal preventive review,Reproductive and antenatal preventive review,പ്രത്യുൽപാദന ഗർഭകാല പ്രതിരോധ പരിശോധന,,Pending,,
field.user.ticket.label,Request / ticket reference,അഭ്യർത്ഥന / ടിക്കറ്റ് റഫറൻസ്,,Pending,,
ui.request.changes.cb5d9f98,Request changes,മാറ്റങ്ങൾ ആവശ്യപ്പെടുക,,Pending,,
ui.request.changes.for.selected.fcb2ba25,Request changes for selected,തിരഞ്ഞെടുത്തവയിൽ മാറ്റങ്ങൾ ആവശ്യപ്പെടുക,,Pending,,
api.error.unknown,Request failed: {detail},അഭ്യർത്ഥന പരാജയപ്പെട്ടു: {detail},,Pending,,
ui.requests.per.minute.aa6d477f,Requests per minute,മിനിറ്റിലെ അഭ്യർത്ഥനകൾ,,Pending,,
ui.requests.this.minute.4eeda76c,Requests this minute,ഈ മിനിറ്റിലെ അഭ്യർത്ഥനകൾ,,Pending,,
field.user.mfa.label,Require multi-factor authentication,ബഹുഘട്ട പ്രാമാണീകരണം ആവശ്യപ്പെടുക,,Pending,,
Required,Required,നിർബന്ധം,,Pending,,
column.sales-dashboard.requestedDate.label,Required date,ആവശ്യമായ തീയതി,,Pending,,
Required fields,Required fields,നിർബന്ധമായ ഫീൽഡുകൾ,,Pending,,
Requires the correct age and sex reference dataset.,Requires the correct age and sex reference dataset.,ശരിയായ പ്രായ ലിംഗ റഫറൻസ് ഡാറ്റ ആവശ്യമാണ്.,,Pending,,
menu.pharmacy.pharmacy-requisition.label,Requisitions,വാങ്ങൽ അപേക്ഷകൾ,,Pending,,
Requisitions to approve,Requisitions to approve,അംഗീകരിക്കേണ്ട ആവശ്യങ്ങൾ,,Pending,,
Reserved,Reserved,മാറ്റിവച്ചത്,,Pending,,
ui.reset.daee7606,Reset,പുനഃസജ്ജമാക്കുക,,Pending,,
Reset preferences,Reset preferences,മുൻഗണനകൾ പുനഃസജ്ജമാക്കുക,,Pending,,
ui.resize.the.split.206f7291,Resize the split,വിഭജനത്തിന്റെ വലുപ്പം മാറ്റുക,,Pending,,
Respiratory,Respiratory,ശ്വസന സംബന്ധമായത്,,Pending,,
column.patient-master.clinician.label,Responsible clinician,ഉത്തരവാദിയായ ചികിത്സകൻ,,Pending,,
ui.restore.defaults.602f8e63,Restore defaults,ഡിഫോൾട്ടുകൾ പുനഃസ്ഥാപിക്കുക,,Pending,,
ui.restore.draft.a86e1a9f,Restore draft,ഡ്രാഫ്റ്റ് പുനഃസ്ഥാപിക്കുക,,Pending,,
ui.restoring.your.session.62e28512,Restoring your session…,നിങ്ങളുടെ സെഷൻ പുനഃസ്ഥാപിക്കുന്നു…,,Pending,,
field.hr-dashboard.tags.option.restricted,Restricted,നിയന്ത്രിതം,,Pending,,
ui.resubmit.saved.record.5678154a,Resubmit saved record,സംരക്ഷിച്ച രേഖ വീണ്ടും സമർപ്പിക്കുക,,Pending,,
ui.result.table.size.12687643,Result / table size,ഫലം / പട്ടിക വലുപ്പം,,Pending,,
ui.result.view.b2f96cd9,Result view,ഫല കാഴ്ച,,Pending,,
ui.results.219c4a6c,Results,ഫലങ്ങൾ,,Pending,,
ui.resume.d640c742,Resume,പുനരാരംഭിക്കുക,,Pending,,
ui.resume.import.f12822f9,Resume import,ഇറക്കുമതി തുടരുക,,Pending,,
Retail,Retail,ചില്ലറ,,Pending,,
ui.retention.and.data.sharing.b44d2e81,Retention and data sharing,ഡാറ്റ സൂക്ഷിക്കലും പങ്കിടലും,,Pending,,
ui.retention.class.846c053a,Retention class,സൂക്ഷിക്കൽ വിഭാഗം,,Pending,,
ui.retention.period.50d23b55,Retention period,സൂക്ഷിക്കുന്ന കാലയളവ്,,Pending,,
Retro calculation complete,Retro calculation complete,മുൻകാല കണക്കുകൂട്ടൽ പൂർത്തിയായി,,Pending,,
ui.retry.942087cc,Retry,വീണ്ടും ശ്രമിക്കുക,,Pending,,
ui.retry.approval.action.d14a0834,Retry approval action,അംഗീകാര നടപടി വീണ്ടും ശ്രമിക്കുക,,Pending,,
ui.retry.change.b38331b5,Retry change,മാറ്റം വീണ്ടും ശ്രമിക്കുക,,Pending,,
ui.retry.failed.rows.6160b90e,Retry failed rows,പരാജയപ്പെട്ട വരികൾ വീണ്ടും ശ്രമിക്കുക,,Pending,,
ui.reusable.select.8715bdac,Reusable select,വീണ്ടും ഉപയോഗിക്കാവുന്ന തിരഞ്ഞെടുപ്പ്,,Pending,,
ui.reusable.text.input.5e2c4d45,Reusable text input,വീണ്ടും ഉപയോഗിക്കാവുന്ന ടെക്സ്റ്റ് ഇൻപുട്ട്,,Pending,,
page.revenue-report.title,Revenue Analysis,വരുമാന വിശകലനം,,Pending,,
section.healthcare.hc-revenue.label,Revenue Cycle,വരുമാന ചക്രം,,Pending,,
Revenue MTD,Revenue MTD,ഈ മാസം ഇതുവരെയുള്ള വരുമാനം,,Pending,,
menu.sales.revenue-report.label,Revenue Report,വരുമാന റിപ്പോർട്ട്,,Pending,,
ui.reverse.charge.applies.7b445318,Reverse charge applies,റിവേഴ്സ് ചാർജ് ബാധകം,,Pending,,
ui.review.aff0766a,Review,പരിശോധന,,Pending,,
ui.review.sign.5fdebe08,Review & sign,പരിശോധിച്ച് ഒപ്പിടുക,,Pending,,
Review and sign,Review and sign,പരിശോധിച്ച് ഒപ്പിടുക,,Pending,,
ui.review.before.sending.ea5feec7,Review before sending,അയയ്ക്കുന്നതിനു മുമ്പ് പരിശോധിക്കുക,,Pending,,
ui.review.complete.73e01b91,Review complete,അവലോകനം പൂർത്തിയായി,,Pending,,
ui.review.latest.version.c57df6b5,Review latest version,ഏറ്റവും പുതിയ പതിപ്പ് പരിശോധിക്കുക,,Pending,,
ui.review.the.errors.below.confirmation.imports.only.valid.f560aca8,Review the errors below. Confirmation imports only valid rows; invalid rows remain excluded.,താഴെയുള്ള പിശകുകൾ പരിശോധിക്കുക. സ്ഥിരീകരിച്ചാൽ സാധുവായ വരികൾ മാത്രം ഇറക്കുമതി ചെയ്യും; അസാധു വരികൾ ഒഴിവാക്കും.,,Pending,,
ui.review.the.saved.record.before.deciding.approval.stages.4091af11,Review the saved record before deciding. Approval stages run in order; requesters cannot approve their own submissions.,തീരുമാനത്തിന് മുമ്പ് സംരക്ഷിച്ച റെക്കോർഡ് പരിശോധിക്കുക. അംഗീകാര ഘട്ടങ്ങൾ ക്രമത്തിൽ നടക്കും; അപേക്ഷകർക്ക് സ്വന്തം അപേക്ഷ അംഗീകരിക്കാൻ കഴിയില്ല.,,Pending,,
Right,Right,വലത്,,Pending,,
ui.right.also.suits.right.to.left.languages.9850a688,Right also suits right-to-left languages,വലത്തുനിന്ന് ഇടത്തോട്ടുള്ള ഭാഷകൾക്കും വലതുവശം അനുയോജ്യം,,Pending,,
Right side panel,Right side panel,വലത് പാനൽ,,Pending,,
column.customer-master.risk.label,Risk,അപകടസാധ്യത,,Pending,,
Risk assessment,Risk assessment,അപകടസാധ്യതാ വിലയിരുത്തൽ,,Pending,,
Risk context,Risk context,അപകടസാധ്യതാ സാഹചര്യം,,Pending,,
"Risk factors, screening status, anticipatory guidance.","Risk factors, screening status, anticipatory guidance.","അപകടഘടകങ്ങൾ, സ്ക്രീനിംഗ് നില, മുൻകൂർ മാർഗനിർദേശം.",,Pending,,
Risk of complications or morbidity,Risk of complications or morbidity,സങ്കീർണ്ണതകളുടെയോ രോഗാവസ്ഥയുടെയോ അപകടസാധ്യത,,Pending,,
"Risk of patient MANAGEMENT decisions made at the encounter, including options considered and not selected.","Risk of patient MANAGEMENT decisions made at the encounter, including options considered and not selected.",സന്ദർശനത്തിലെ രോഗി പരിപാലന തീരുമാനങ്ങളുടെ അപകടസാധ്യത; പരിഗണിച്ചെങ്കിലും തിരഞ്ഞെടുക്കാത്ത ഓപ്ഷനുകൾ ഉൾപ്പെടെ.,,Pending,,
field.user.riskLevel.label,Risk profile,അപകടസാധ്യതാ വിവരങ്ങൾ,,Pending,,
field.customer.riskRating.label,Risk rating,അപകടസാധ്യതാ നിരക്ക്,,Pending,,
menu.hr.role-master.label,Role & Permission,റോളും അനുമതിയും,,Pending,,
section.user.access.description,"Role, branch and module entitlements. Changes are audited.","റോൾ, ശാഖ, മൊഡ്യൂൾ അനുമതികൾ. മാറ്റങ്ങൾ ഓഡിറ്റ് ചെയ്യപ്പെടും.",,Pending,,
ui.role.filtered.data.6fa4bb50,Role-filtered data,റോൾ അനുസരിച്ചുള്ള ഡാറ്റ,,Pending,,
Rolling 90 days,Rolling 90 days,കഴിഞ്ഞ 90 ദിവസം,,Pending,,
column.prescription-queue.route.label,Route,മരുന്ന് നൽകുന്ന വഴി,,Pending,,
field.consultation.acuity.option.Routine,Routine,പതിവ്,,Pending,,
ui.row.padding.in.tables.and.cards.0a0a1e81,Row padding in tables and cards.,പട്ടികകളിലും കാർഡുകളിലും വരികളുടെ അകലം.,,Pending,,
"Row {row}, column {column}","Row {row}, column {column}","വരി {row}, നിര {column}",,Pending,,
ui.rows.per.page.141b69f9,Rows per page,ഓരോ പേജിലെയും വരികൾ,,Pending,,
Rows: {total} · Ready: {ready} · Imported: {success} · Invalid: {invalid} · Failed: {failed},Rows: {total} · Ready: {ready} · Imported: {success} · Invalid: {invalid} · Failed: {failed},വരികൾ: {total} · തയ്യാറായത്: {ready} · ഇറക്കുമതി ചെയ്തത്: {success} · അസാധുവായത്: {invalid} · പരാജയം: {failed},,Pending,,
Run or schedule,Run or schedule,പ്രവർത്തിപ്പിക്കുക അല്ലെങ്കിൽ ഷെഡ്യൂൾ ചെയ്യുക,,Pending,,
ui.run.report.6b5c209e,Run report,റിപ്പോർട്ട് പ്രവർത്തിപ്പിക്കുക,,Pending,,
ui.run.the.report.asynchronously.and.deliver.it.by.email.bd54a2b2,Run the report asynchronously and deliver it by email.,റിപ്പോർട്ട് പശ്ചാത്തലത്തിൽ പ്രവർത്തിപ്പിച്ച് ഇമെയിൽ വഴി അയയ്ക്കുക.,,Pending,,
ui.sha.256.prefix.for.matching.against.a.vault.record.9a588fcb,"SHA-256 prefix, for matching against a vault record.",വോൾട്ട് രേഖയുമായി താരതമ്യം ചെയ്യാൻ SHA-256 പ്രിഫിക്സ്.,,Pending,,
Safety concerns,Safety concerns,സുരക്ഷാ ആശങ്കകൾ,,Pending,,
Safety prompts for {problem} come from governed decision-support content. Record only what was actually assessed.,Safety prompts for {problem} come from governed decision-support content. Record only what was actually assessed.,{problem} സംബന്ധിച്ച സുരക്ഷാ നിർദേശങ്ങൾ നിയന്ത്രിത തീരുമാന സഹായ ഉള്ളടക്കത്തിൽ നിന്നാണ്. യഥാർത്ഥത്തിൽ വിലയിരുത്തിയത് മാത്രം രേഖപ്പെടുത്തുക.,,Pending,,
module.sales.shortLabel,Sales,വിൽപ്പന,,Pending,,
module.sales.label,Sales & CRM,വിൽപ്പനയും ഉപഭോക്തൃ ബന്ധവും,,Pending,,
menu.sales.sales-channel.label,Sales Channel,വിൽപ്പന ചാനൽ,,Pending,,
page.sales-dashboard.title,Sales Command Center,വിൽപ്പന നിയന്ത്രണ കേന്ദ്രം,,Pending,,
menu.sales.sales-cycle.label,Sales Cycle,വിൽപ്പന ചക്രം,,Pending,,
menu.sales.sales-dashboard.label,Sales Dashboard,വിൽപ്പന ഡാഷ്ബോർഡ്,,Pending,,
menu.sales.sales-insights.label,Sales Insights,വിൽപ്പന വിശകലനം,,Pending,,
menu.sales.sales-invoice.label,Sales Invoice,വിൽപ്പന ഇൻവോയ്സ്,,Pending,,
menu.sales.sales-order.label,Sales Order,വിൽപ്പന ഓർഡർ,,Pending,,
page.pipeline-report.title,Sales Pipeline,വിൽപ്പന സാധ്യതകൾ,,Pending,,
menu.sales.sales-queues.label,Sales Queues,വിൽപ്പന ക്യൂകൾ,,Pending,,
menu.sales.sales-return.label,Sales Return,വിൽപ്പന മടക്കം,,Pending,,
menu.sales.sales-settings.label,Sales Setup,വിൽപ്പന ക്രമീകരണം,,Pending,,
field.customer.country.option.SA,Saudi Arabia,സൗദി അറേബ്യ,,Pending,,
Saudi VAT,Saudi VAT,സൗദി വാറ്റ്,,Pending,,
ui.save.1509f561,Save,സംരക്ഷിക്കുക,,Pending,,
ui.save.approval.stages.492223a7,Save approval stages,അംഗീകാര ഘട്ടങ്ങൾ സംരക്ഷിക്കുക,,Pending,,
Save as PDF,Save as PDF,PDF ആയി സംരക്ഷിക്കുക,,Pending,,
Save changes,Save changes,മാറ്റങ്ങൾ സംരക്ഷിക്കുക,,Pending,,
ui.save.consultation.35cf6ad1,Save consultation,പരിശോധന സംരക്ഷിക്കുക,,Pending,,
ui.save.current.view.add4362f,Save current view,നിലവിലെ കാഴ്ച സംരക്ഷിക്കുക,,Pending,,
ui.save.draft.3de10010,Save draft,ഡ്രാഫ്റ്റ് സംരക്ഷിക്കുക,,Pending,,
ui.save.invoice.b2c532bf,Save invoice,ഇൻവോയ്സ് സംരക്ഷിക്കുക,,Pending,,
ui.save.limits.237e964b,Save limits,പരിധികൾ സംരക്ഷിക്കുക,,Pending,,
ui.save.name.b7297226,Save name,പേര് സംരക്ഷിക്കുക,,Pending,,
api.message.3577a1fc0bff,Save or select an existing record before using these panels.,ഈ പാനലുകൾ ഉപയോഗിക്കുന്നതിന് മുമ്പ് റെക്കോർഡ് സംരക്ഷിക്കുക അല്ലെങ്കിൽ നിലവിലുള്ളത് തിരഞ്ഞെടുക്കുക.,,Pending,,
api.message.c8a74c7ae2a7,Save or select an existing record first.,ആദ്യം റെക്കോർഡ് സംരക്ഷിക്കുക അല്ലെങ്കിൽ നിലവിലുള്ളത് തിരഞ്ഞെടുക്കുക.,,Pending,,
ui.save.provider.4986554f,Save provider,ദാതാവിനെ സംരക്ഷിക്കുക,,Pending,,
ui.save.record.0ad417a9,Save record,രേഖ സംരക്ഷിക്കുക,,Pending,,
ui.save.the.record.before.submitting.it.for.approval.9161f6f6,Save the record before submitting it for approval.,അംഗീകാരത്തിന് സമർപ്പിക്കുന്നതിന് മുമ്പ് രേഖ സംരക്ഷിക്കുക.,,Pending,,
ui.save.the.record.to.add.attachments.comments.and.related.a87df725,"Save the record to add attachments, comments and related records.","അറ്റാച്ച്മെന്റുകൾ, അഭിപ്രായങ്ങൾ, ബന്ധപ്പെട്ട രേഖകൾ എന്നിവ ചേർക്കാൻ രേഖ സംരക്ഷിക്കുക.",,Pending,,
Save these ordered stages for future submissions?,Save these ordered stages for future submissions?,ഭാവി സമർപ്പണങ്ങൾക്കായി ഈ ക്രമപ്പെടുത്തിയ ഘട്ടങ്ങൾ സംരക്ഷിക്കണോ?,,Pending,,
ui.save.view.21153875,Save view,കാഴ്ച സംരക്ഷിക്കുക,,Pending,,
ui.saved.b5c120b3,Saved,സംരക്ഷിച്ചു,,Pending,,
menu.library.saved-views.label,Saved Views,സംരക്ഷിച്ച കാഴ്ചകൾ,,Pending,,
ui.saved.record.changed.the.requester.must.resubmit.it.this.7afe52e7,Saved record changed — the requester must resubmit it. This approval applies to the earlier saved version.,സംരക്ഷിച്ച രേഖ മാറി — അപേക്ഷകൻ വീണ്ടും സമർപ്പിക്കണം. ഈ അംഗീകാരം മുൻ പതിപ്പിനാണ്.,,Pending,,
ui.saved.to.your.account.and.applied.everywhere.the.moment.810675e5,Saved to your account and applied everywhere the moment you change them.,മാറ്റുന്ന നിമിഷം അക്കൗണ്ടിൽ സംരക്ഷിച്ച് എല്ലായിടത്തും പ്രയോഗിക്കുന്നു.,,Pending,,
Saved view created,Saved view created,സംരക്ഷിച്ച കാഴ്ച സൃഷ്ടിച്ചു,,Pending,,
ui.saved.views.81184cb5,Saved views,സംരക്ഷിച്ച കാഴ്ചകൾ,,Pending,,
Saved {date},Saved {date},സംരക്ഷിച്ചത് {date},,Pending,,
Saving,Saving,സംരക്ഷിക്കുന്നു,,Pending,,
ui.saving.8d3085ef,Saving ,സംരക്ഷിക്കുന്നു ,,Pending,,
ui.saving.change.c0ce71ff,Saving change…,മാറ്റം സംരക്ഷിക്കുന്നു…,,Pending,,
ui.saving.23e39291,Saving…,സംരക്ഷിക്കുന്നു…,,Pending,,
ui.scan.lookup.31816582,Scan / lookup,സ്കാൻ / തിരച്ചിൽ,,Pending,,
ui.schedule.f4830a1d,Schedule,ഷെഡ്യൂൾ,,Pending,,
ui.schedule.name.60918e4f,Schedule name,ഷെഡ്യൂൾ പേര്,,Pending,,
ui.schedule.report.delivery.e7dd43ec,Schedule report delivery,റിപ്പോർട്ട് വിതരണം ഷെഡ്യൂൾ ചെയ്യുക,,Pending,,
Scheduled delivery is not connected. No report will be sent.,Scheduled delivery is not connected. No report will be sent.,ഷെഡ്യൂൾ ചെയ്ത വിതരണം ബന്ധിപ്പിച്ചിട്ടില്ല. റിപ്പോർട്ട് അയയ്ക്കില്ല.,,Pending,,
Schema first,Schema first,സ്കീമ ആദ്യം,,Pending,,
ui.schema.driven.681609f3,Schema-driven,സ്കീമ അധിഷ്ഠിതം,,Pending,,
"Schema-driven rail, tabs and wizard presentation","Schema-driven rail, tabs and wizard presentation","സ്കീമ അധിഷ്ഠിത റെയിൽ, ടാബ്, വിസാർഡ് പ്രദർശനം",,Pending,,
School and function,School and function,വിദ്യാലയവും പ്രവർത്തനശേഷിയും,,Pending,,
Scope of this screen,Scope of this screen,ഈ സ്ക്രീനിന്റെ പരിധി,,Pending,,
ui.search.49c266ba,Search,തിരയുക,,Pending,,
ui.search.every.configured.module.master.transaction.report.05e26683,"Search every configured module, master, transaction, report and utility.","ക്രമീകരിച്ച മൊഡ്യൂളുകൾ, മാസ്റ്ററുകൾ, ഇടപാടുകൾ, റിപ്പോർട്ടുകൾ, ഉപകരണങ്ങൾ എന്നിവ തിരയുക.",,Pending,,
ui.search.matching.311a26c4,Search matching,തിരച്ചിൽ പൊരുത്തം,,Pending,,
ui.search.menu.30a52f50,Search menu,മെനുവിൽ തിരയുക,,Pending,,
Search options,Search options,ഓപ്ഷനുകൾ തിരയുക,,Pending,,
"Search pages, modules and actions…","Search pages, modules and actions…",പേജുകളും മൊഡ്യൂളുകളും നടപടികളും തിരയുക…,,Pending,,
Search preferences…,Search preferences…,മുൻഗണനകൾ തിരയുക…,,Pending,,
"Search records, IDs, names…","Search records, IDs, names…",റെക്കോർഡുകളും ഐഡികളും പേരുകളും തിരയുക…,,Pending,,
ui.search.settings.255b076d,Search settings,ക്രമീകരണങ്ങളിൽ തിരയുക,,Pending,,
ui.search.settings.57054c5a,Search settings…,ക്രമീകരണങ്ങളിൽ തിരയുക…,,Pending,,
Search the menu,Search the menu,മെനുവിൽ തിരയുക,,Pending,,
Search the {module} menu,Search the {module} menu,{module} മെനുവിൽ തിരയുക,,Pending,,
Search {label},Search {label},{label} തിരയുക,,Pending,,
Search {label}…,Search {label}…,{label} തിരയുക…,,Pending,,
Search {module} menu…,Search {module} menu…,{module} മെനു തിരയുക…,,Pending,,
"Search {page} by ID, name or any visible value…","Search {page} by ID, name or any visible value…","{page}: ഐഡി, പേര് അല്ലെങ്കിൽ കാണുന്ന മൂല്യം ഉപയോഗിച്ച് തിരയുക…",,Pending,,
page.accessibility.subtitle,"Search, review and manage accessibility records with saved views and configurable actions.","സംരക്ഷിച്ച കാഴ്ചകളും ക്രമീകരിക്കാവുന്ന നടപടികളും ഉപയോഗിച്ച് പ്രവേശനക്ഷമത രേഖകൾ തിരയുക, പരിശോധിക്കുക, നിയന്ത്രിക്കുക.",,Pending,,
page.ar-aging-report.subtitle,"Search, review and manage accounts receivable aging records with saved views and configurable actions.","സംരക്ഷിച്ച കാഴ്ചകളും ക്രമീകരിക്കാവുന്ന നടപടികളും ഉപയോഗിച്ച് ലഭിക്കാനുള്ള അക്കൗണ്ടുകളുടെ കാലപ്പഴക്കം രേഖകൾ തിരയുക, പരിശോധിക്കുക, നിയന്ത്രിക്കുക.",,Pending,,
page.admission-worklist.subtitle,"Search, review and manage admissions records with saved views and configurable actions.","സംരക്ഷിച്ച കാഴ്ചകളും ക്രമീകരിക്കാവുന്ന നടപടികളും ഉപയോഗിച്ച് ആശുപത്രി പ്രവേശനങ്ങൾ രേഖകൾ തിരയുക, പരിശോധിക്കുക, നിയന്ത്രിക്കുക.",,Pending,,
page.appointment-worklist.subtitle,"Search, review and manage appointments records with saved views and configurable actions.","സംരക്ഷിച്ച കാഴ്ചകളും ക്രമീകരിക്കാവുന്ന നടപടികളും ഉപയോഗിച്ച് അപ്പോയിന്റ്മെന്റുകൾ രേഖകൾ തിരയുക, പരിശോധിക്കുക, നിയന്ത്രിക്കുക.",,Pending,,
page.fin-approvals.subtitle,"Search, review and manage approval matrix records with saved views and configurable actions.","സംരക്ഷിച്ച കാഴ്ചകളും ക്രമീകരിക്കാവുന്ന നടപടികളും ഉപയോഗിച്ച് അംഗീകാര പട്ടിക രേഖകൾ തിരയുക, പരിശോധിക്കുക, നിയന്ത്രിക്കുക.",,Pending,,
page.sales-approval.subtitle,"Search, review and manage approval rules records with saved views and configurable actions.","സംരക്ഷിച്ച കാഴ്ചകളും ക്രമീകരിക്കാവുന്ന നടപടികളും ഉപയോഗിച്ച് അംഗീകാര നിയമങ്ങൾ രേഖകൾ തിരയുക, പരിശോധിക്കുക, നിയന്ത്രിക്കുക.",,Pending,,
page.hr-workflow.subtitle,"Search, review and manage approval workflow records with saved views and configurable actions.","സംരക്ഷിച്ച കാഴ്ചകളും ക്രമീകരിക്കാവുന്ന നടപടികളും ഉപയോഗിച്ച് അംഗീകാര പ്രവർത്തനക്രമം രേഖകൾ തിരയുക, പരിശോധിക്കുക, നിയന്ത്രിക്കുക.",,Pending,,
page.approval-worklist.subtitle,"Search, review and manage approval worklist records with saved views and configurable actions.","സംരക്ഷിച്ച കാഴ്ചകളും ക്രമീകരിക്കാവുന്ന നടപടികളും ഉപയോഗിച്ച് അംഗീകാര പ്രവൃത്തിപ്പട്ടിക രേഖകൾ തിരയുക, പരിശോധിക്കുക, നിയന്ത്രിക്കുക.",,Pending,,
page.attendance-adjustment.subtitle,"Search, review and manage attendance adjustment records with saved views and configurable actions.","സംരക്ഷിച്ച കാഴ്ചകളും ക്രമീകരിക്കാവുന്ന നടപടികളും ഉപയോഗിച്ച് ഹാജർ ക്രമീകരണം രേഖകൾ തിരയുക, പരിശോധിക്കുക, നിയന്ത്രിക്കുക.",,Pending,,
page.attendance-anomalies.subtitle,"Search, review and manage attendance anomalies records with saved views and configurable actions.","സംരക്ഷിച്ച കാഴ്ചകളും ക്രമീകരിക്കാവുന്ന നടപടികളും ഉപയോഗിച്ച് ഹാജർ വ്യതിയാനങ്ങൾ രേഖകൾ തിരയുക, പരിശോധിക്കുക, നിയന്ത്രിക്കുക.",,Pending,,
page.attendance-report.subtitle,"Search, review and manage attendance report records with saved views and configurable actions.","സംരക്ഷിച്ച കാഴ്ചകളും ക്രമീകരിക്കാവുന്ന നടപടികളും ഉപയോഗിച്ച് ഹാജർ റിപ്പോർട്ട് രേഖകൾ തിരയുക, പരിശോധിക്കുക, നിയന്ത്രിക്കുക.",,Pending,,
page.balance-sheet-report.subtitle,"Search, review and manage balance sheet records with saved views and configurable actions.","സംരക്ഷിച്ച കാഴ്ചകളും ക്രമീകരിക്കാവുന്ന നടപടികളും ഉപയോഗിച്ച് ബാലൻസ് ഷീറ്റ് രേഖകൾ തിരയുക, പരിശോധിക്കുക, നിയന്ത്രിക്കുക.",,Pending,,
page.bank-master.subtitle,"Search, review and manage bank & cash records with saved views and configurable actions.","സംരക്ഷിച്ച കാഴ്ചകളും ക്രമീകരിക്കാവുന്ന നടപടികളും ഉപയോഗിച്ച് ബാങ്കും പണവും രേഖകൾ തിരയുക, പരിശോധിക്കുക, നിയന്ത്രിക്കുക.",,Pending,,
page.bank-format.subtitle,"Search, review and manage bank file format records with saved views and configurable actions.","സംരക്ഷിച്ച കാഴ്ചകളും ക്രമീകരിക്കാവുന്ന നടപടികളും ഉപയോഗിച്ച് ബാങ്ക് ഫയൽ രൂപം രേഖകൾ തിരയുക, പരിശോധിക്കുക, നിയന്ത്രിക്കുക.",,Pending,,
page.bank-reconciliation.subtitle,"Search, review and manage bank reconciliation records with saved views and configurable actions.","സംരക്ഷിച്ച കാഴ്ചകളും ക്രമീകരിക്കാവുന്ന നടപടികളും ഉപയോഗിച്ച് ബാങ്ക് അനുരഞ്ജനം രേഖകൾ തിരയുക, പരിശോധിക്കുക, നിയന്ത്രിക്കുക.",,Pending,,
page.batch-expiry.subtitle,"Search, review and manage batch & expiry records with saved views and configurable actions.","സംരക്ഷിച്ച കാഴ്ചകളും ക്രമീകരിക്കാവുന്ന നടപടികളും ഉപയോഗിച്ച് ബാച്ചും കാലാവധിയും രേഖകൾ തിരയുക, പരിശോധിക്കുക, നിയന്ത്രിക്കുക.",,Pending,,
page.bed-management.subtitle,"Search, review and manage bed management records with saved views and configurable actions.","സംരക്ഷിച്ച കാഴ്ചകളും ക്രമീകരിക്കാവുന്ന നടപടികളും ഉപയോഗിച്ച് കിടക്ക പരിപാലനം രേഖകൾ തിരയുക, പരിശോധിക്കുക, നിയന്ത്രിക്കുക.",,Pending,,
page.occupancy-report.subtitle,"Search, review and manage bed occupancy records with saved views and configurable actions.","സംരക്ഷിച്ച കാഴ്ചകളും ക്രമീകരിക്കാവുന്ന നടപടികളും ഉപയോഗിച്ച് കിടക്ക ഉപയോഗം രേഖകൾ തിരയുക, പരിശോധിക്കുക, നിയന്ത്രിക്കുക.",,Pending,,
page.benefit-plan.subtitle,"Search, review and manage benefit plan records with saved views and configurable actions.","സംരക്ഷിച്ച കാഴ്ചകളും ക്രമീകരിക്കാവുന്ന നടപടികളും ഉപയോഗിച്ച് ആനുകൂല്യ പദ്ധതി രേഖകൾ തിരയുക, പരിശോധിക്കുക, നിയന്ത്രിക്കുക.",,Pending,,
page.billing-entry.subtitle,"Search, review and manage billing entry records with saved views and configurable actions.","സംരക്ഷിച്ച കാഴ്ചകളും ക്രമീകരിക്കാവുന്ന നടപടികളും ഉപയോഗിച്ച് ബില്ലിംഗ് എൻട്രി രേഖകൾ തിരയുക, പരിശോധിക്കുക, നിയന്ത്രിക്കുക.",,Pending,,
page.billing-worklist.subtitle,"Search, review and manage billing worklist records with saved views and configurable actions.","സംരക്ഷിച്ച കാഴ്ചകളും ക്രമീകരിക്കാവുന്ന നടപടികളും ഉപയോഗിച്ച് ബില്ലിംഗ് പ്രവൃത്തിപ്പട്ടിക രേഖകൾ തിരയുക, പരിശോധിക്കുക, നിയന്ത്രിക്കുക.",,Pending,,
page.billing-patterns.subtitle,"Search, review and manage billing workspace records with saved views and configurable actions.","സംരക്ഷിച്ച കാഴ്ചകളും ക്രമീകരിക്കാവുന്ന നടപടികളും ഉപയോഗിച്ച് ബില്ലിംഗ് പ്രവർത്തനമേഖല രേഖകൾ തിരയുക, പരിശോധിക്കുക, നിയന്ത്രിക്കുക.",,Pending,,
page.bulk-operations.subtitle,"Search, review and manage bulk operations records with saved views and configurable actions.","സംരക്ഷിച്ച കാഴ്ചകളും ക്രമീകരിക്കാവുന്ന നടപടികളും ഉപയോഗിച്ച് കൂട്ട നടപടികൾ രേഖകൾ തിരയുക, പരിശോധിക്കുക, നിയന്ത്രിക്കുക.",,Pending,,
page.carrier-master.subtitle,"Search, review and manage carrier master records with saved views and configurable actions.","സംരക്ഷിച്ച കാഴ്ചകളും ക്രമീകരിക്കാവുന്ന നടപടികളും ഉപയോഗിച്ച് ഗതാഗത സ്ഥാപന പട്ടിക രേഖകൾ തിരയുക, പരിശോധിക്കുക, നിയന്ത്രിക്കുക.",,Pending,,
page.chart-account.subtitle,"Search, review and manage chart of accounts records with saved views and configurable actions.","സംരക്ഷിച്ച കാഴ്ചകളും ക്രമീകരിക്കാവുന്ന നടപടികളും ഉപയോഗിച്ച് അക്കൗണ്ടുകളുടെ പട്ടിക രേഖകൾ തിരയുക, പരിശോധിക്കുക, നിയന്ത്രിക്കുക.",,Pending,,
page.claim-worklist.subtitle,"Search, review and manage claim worklist records with saved views and configurable actions.","സംരക്ഷിച്ച കാഴ്ചകളും ക്രമീകരിക്കാവുന്ന നടപടികളും ഉപയോഗിച്ച് ക്ലെയിം പ്രവൃത്തിപ്പട്ടിക രേഖകൾ തിരയുക, പരിശോധിക്കുക, നിയന്ത്രിക്കുക.",,Pending,,
page.clinical-notes.subtitle,"Search, review and manage clinical notes records with saved views and configurable actions.","സംരക്ഷിച്ച കാഴ്ചകളും ക്രമീകരിക്കാവുന്ന നടപടികളും ഉപയോഗിച്ച് ക്ലിനിക്കൽ കുറിപ്പുകൾ രേഖകൾ തിരയുക, പരിശോധിക്കുക, നിയന്ത്രിക്കുക.",,Pending,,
page.clinician-master.subtitle,"Search, review and manage clinician master records with saved views and configurable actions.","സംരക്ഷിച്ച കാഴ്ചകളും ക്രമീകരിക്കാവുന്ന നടപടികളും ഉപയോഗിച്ച് ചികിത്സകരുടെ പട്ടിക രേഖകൾ തിരയുക, പരിശോധിക്കുക, നിയന്ത്രിക്കുക.",,Pending,,
page.compliance-report.subtitle,"Search, review and manage compliance register records with saved views and configurable actions.","സംരക്ഷിച്ച കാഴ്ചകളും ക്രമീകരിക്കാവുന്ന നടപടികളും ഉപയോഗിച്ച് അനുസരണ രജിസ്റ്റർ രേഖകൾ തിരയുക, പരിശോധിക്കുക, നിയന്ത്രിക്കുക.",,Pending,,
page.component-contracts.subtitle,"Search, review and manage component contracts records with saved views and configurable actions.","സംരക്ഷിച്ച കാഴ്ചകളും ക്രമീകരിക്കാവുന്ന നടപടികളും ഉപയോഗിച്ച് ഘടക കരാറുകൾ രേഖകൾ തിരയുക, പരിശോധിക്കുക, നിയന്ത്രിക്കുക.",,Pending,,
page.component-library.subtitle,"Search, review and manage component gallery records with saved views and configurable actions.","സംരക്ഷിച്ച കാഴ്ചകളും ക്രമീകരിക്കാവുന്ന നടപടികളും ഉപയോഗിച്ച് ഘടക ശേഖരം രേഖകൾ തിരയുക, പരിശോധിക്കുക, നിയന്ത്രിക്കുക.",,Pending,,
page.consumption-report.subtitle,"Search, review and manage consumption records with saved views and configurable actions.","സംരക്ഷിച്ച കാഴ്ചകളും ക്രമീകരിക്കാവുന്ന നടപടികളും ഉപയോഗിച്ച് ഉപഭോഗം രേഖകൾ തിരയുക, പരിശോധിക്കുക, നിയന്ത്രിക്കുക.",,Pending,,
page.contractor-master.subtitle,"Search, review and manage contractor master records with saved views and configurable actions.","സംരക്ഷിച്ച കാഴ്ചകളും ക്രമീകരിക്കാവുന്ന നടപടികളും ഉപയോഗിച്ച് കരാറുകാരുടെ പട്ടിക രേഖകൾ തിരയുക, പരിശോധിക്കുക, നിയന്ത്രിക്കുക.",,Pending,,
page.controlled-register.subtitle,"Search, review and manage controlled register records with saved views and configurable actions.","സംരക്ഷിച്ച കാഴ്ചകളും ക്രമീകരിക്കാവുന്ന നടപടികളും ഉപയോഗിച്ച് നിയന്ത്രിത വസ്തു രജിസ്റ്റർ രേഖകൾ തിരയുക, പരിശോധിക്കുക, നിയന്ത്രിക്കുക.",,Pending,,
page.cost-center.subtitle,"Search, review and manage cost center records with saved views and configurable actions.","സംരക്ഷിച്ച കാഴ്ചകളും ക്രമീകരിക്കാവുന്ന നടപടികളും ഉപയോഗിച്ച് ചെലവ് കേന്ദ്രം രേഖകൾ തിരയുക, പരിശോധിക്കുക, നിയന്ത്രിക്കുക.",,Pending,,
page.credit-note.subtitle,"Search, review and manage credit note records with saved views and configurable actions.","സംരക്ഷിച്ച കാഴ്ചകളും ക്രമീകരിക്കാവുന്ന നടപടികളും ഉപയോഗിച്ച് ക്രെഡിറ്റ് നോട്ട് രേഖകൾ തിരയുക, പരിശോധിക്കുക, നിയന്ത്രിക്കുക.",,Pending,,
page.credit-profile.subtitle,"Search, review and manage credit profile records with saved views and configurable actions.","സംരക്ഷിച്ച കാഴ്ചകളും ക്രമീകരിക്കാവുന്ന നടപടികളും ഉപയോഗിച്ച് ക്രെഡിറ്റ് പ്രൊഫൈൽ രേഖകൾ തിരയുക, പരിശോധിക്കുക, നിയന്ത്രിക്കുക.",,Pending,,
page.currency-config.subtitle,"Search, review and manage currencies & rates records with saved views and configurable actions.","സംരക്ഷിച്ച കാഴ്ചകളും ക്രമീകരിക്കാവുന്ന നടപടികളും ഉപയോഗിച്ച് കറൻസികളും നിരക്കുകളും രേഖകൾ തിരയുക, പരിശോധിക്കുക, നിയന്ത്രിക്കുക.",,Pending,,
page.customer-master.subtitle,"Search, review and manage customer master records with saved views and configurable actions.","സംരക്ഷിച്ച കാഴ്ചകളും ക്രമീകരിക്കാവുന്ന നടപടികളും ഉപയോഗിച്ച് ഉപഭോക്തൃ മാസ്റ്റർ രേഖകൾ തിരയുക, പരിശോധിക്കുക, നിയന്ത്രിക്കുക.",,Pending,,
page.customer-worklist.subtitle,"Search, review and manage customer worklist records with saved views and configurable actions.","സംരക്ഷിച്ച കാഴ്ചകളും ക്രമീകരിക്കാവുന്ന നടപടികളും ഉപയോഗിച്ച് ഉപഭോക്തൃ പ്രവൃത്തിപ്പട്ടിക രേഖകൾ തിരയുക, പരിശോധിക്കുക, നിയന്ത്രിക്കുക.",,Pending,,
page.data-patterns.subtitle,"Search, review and manage data worklists records with saved views and configurable actions.","സംരക്ഷിച്ച കാഴ്ചകളും ക്രമീകരിക്കാവുന്ന നടപടികളും ഉപയോഗിച്ച് ഡാറ്റ പ്രവൃത്തിപ്പട്ടികകൾ രേഖകൾ തിരയുക, പരിശോധിക്കുക, നിയന്ത്രിക്കുക.",,Pending,,
page.deduction-master.subtitle,"Search, review and manage deduction master records with saved views and configurable actions.","സംരക്ഷിച്ച കാഴ്ചകളും ക്രമീകരിക്കാവുന്ന നടപടികളും ഉപയോഗിച്ച് കിഴിവുകളുടെ പട്ടിക രേഖകൾ തിരയുക, പരിശോധിക്കുക, നിയന്ത്രിക്കുക.",,Pending,,
page.delegation-master.subtitle,"Search, review and manage delegation rules records with saved views and configurable actions.","സംരക്ഷിച്ച കാഴ്ചകളും ക്രമീകരിക്കാവുന്ന നടപടികളും ഉപയോഗിച്ച് ചുമതല കൈമാറ്റ നിയമങ്ങൾ രേഖകൾ തിരയുക, പരിശോധിക്കുക, നിയന്ത്രിക്കുക.",,Pending,,
page.denial-rate-report.subtitle,"Search, review and manage denial rate records with saved views and configurable actions.","സംരക്ഷിച്ച കാഴ്ചകളും ക്രമീകരിക്കാവുന്ന നടപടികളും ഉപയോഗിച്ച് നിരസിക്കൽ നിരക്ക് രേഖകൾ തിരയുക, പരിശോധിക്കുക, നിയന്ത്രിക്കുക.",,Pending,,
page.denial-worklist.subtitle,"Search, review and manage denials & appeals records with saved views and configurable actions.","സംരക്ഷിച്ച കാഴ്ചകളും ക്രമീകരിക്കാവുന്ന നടപടികളും ഉപയോഗിച്ച് നിരസിക്കലുകളും അപ്പീലുകളും രേഖകൾ തിരയുക, പരിശോധിക്കുക, നിയന്ത്രിക്കുക.",,Pending,,
page.department-master.subtitle,"Search, review and manage department master records with saved views and configurable actions.","സംരക്ഷിച്ച കാഴ്ചകളും ക്രമീകരിക്കാവുന്ന നടപടികളും ഉപയോഗിച്ച് വിഭാഗങ്ങളുടെ പട്ടിക രേഖകൾ തിരയുക, പരിശോധിക്കുക, നിയന്ത്രിക്കുക.",,Pending,,
page.discharge-worklist.subtitle,"Search, review and manage discharges records with saved views and configurable actions.","സംരക്ഷിച്ച കാഴ്ചകളും ക്രമീകരിക്കാവുന്ന നടപടികളും ഉപയോഗിച്ച് ആശുപത്രി വിടൽ രേഖകൾ തിരയുക, പരിശോധിക്കുക, നിയന്ത്രിക്കുക.",,Pending,,
page.discount-rule.subtitle,"Search, review and manage discount rule records with saved views and configurable actions.","സംരക്ഷിച്ച കാഴ്ചകളും ക്രമീകരിക്കാവുന്ന നടപടികളും ഉപയോഗിച്ച് ഇളവ് നിയമം രേഖകൾ തിരയുക, പരിശോധിക്കുക, നിയന്ത്രിക്കുക.",,Pending,,
page.dispensing-rules.subtitle,"Search, review and manage dispensing rules records with saved views and configurable actions.","സംരക്ഷിച്ച കാഴ്ചകളും ക്രമീകരിക്കാവുന്ന നടപടികളും ഉപയോഗിച്ച് മരുന്ന് വിതരണ നിയമങ്ങൾ രേഖകൾ തിരയുക, പരിശോധിക്കുക, നിയന്ത്രിക്കുക.",,Pending,,
page.sales-numbering.subtitle,"Search, review and manage document numbering records with saved views and configurable actions.","സംരക്ഷിച്ച കാഴ്ചകളും ക്രമീകരിക്കാവുന്ന നടപടികളും ഉപയോഗിച്ച് രേഖകളുടെ നമ്പറിടൽ രേഖകൾ തിരയുക, പരിശോധിക്കുക, നിയന്ത്രിക്കുക.",,Pending,,
page.drug-master.subtitle,"Search, review and manage drug master records with saved views and configurable actions.","സംരക്ഷിച്ച കാഴ്ചകളും ക്രമീകരിക്കാവുന്ന നടപടികളും ഉപയോഗിച്ച് മരുന്നുകളുടെ പട്ടിക രേഖകൾ തിരയുക, പരിശോധിക്കുക, നിയന്ത്രിക്കുക.",,Pending,,
page.patient-merge.subtitle,"Search, review and manage duplicate review records with saved views and configurable actions.","സംരക്ഷിച്ച കാഴ്ചകളും ക്രമീകരിക്കാവുന്ന നടപടികളും ഉപയോഗിച്ച് പകർപ്പുകളുടെ പരിശോധന രേഖകൾ തിരയുക, പരിശോധിക്കുക, നിയന്ത്രിക്കുക.",,Pending,,
page.earning-master.subtitle,"Search, review and manage earning master records with saved views and configurable actions.","സംരക്ഷിച്ച കാഴ്ചകളും ക്രമീകരിക്കാവുന്ന നടപടികളും ഉപയോഗിച്ച് വരുമാന ഇനങ്ങളുടെ പട്ടിക രേഖകൾ തിരയുക, പരിശോധിക്കുക, നിയന്ത്രിക്കുക.",,Pending,,
page.employee-master.subtitle,"Search, review and manage employee master records with saved views and configurable actions.","സംരക്ഷിച്ച കാഴ്ചകളും ക്രമീകരിക്കാവുന്ന നടപടികളും ഉപയോഗിച്ച് ജീവനക്കാരുടെ പട്ടിക രേഖകൾ തിരയുക, പരിശോധിക്കുക, നിയന്ത്രിക്കുക.",,Pending,,
page.employee-onboarding.subtitle,"Search, review and manage employee onboarding records with saved views and configurable actions.","സംരക്ഷിച്ച കാഴ്ചകളും ക്രമീകരിക്കാവുന്ന നടപടികളും ഉപയോഗിച്ച് ജീവനക്കാരുടെ പ്രവേശന നടപടികൾ രേഖകൾ തിരയുക, പരിശോധിക്കുക, നിയന്ത്രിക്കുക.",,Pending,,
page.employee-worklist.subtitle,"Search, review and manage employee worklist records with saved views and configurable actions.","സംരക്ഷിച്ച കാഴ്ചകളും ക്രമീകരിക്കാവുന്ന നടപടികളും ഉപയോഗിച്ച് ജീവനക്കാരുടെ പ്രവൃത്തിപ്പട്ടിക രേഖകൾ തിരയുക, പരിശോധിക്കുക, നിയന്ത്രിക്കുക.",,Pending,,
page.encounter-worklist.subtitle,"Search, review and manage encounter worklist records with saved views and configurable actions.","സംരക്ഷിച്ച കാഴ്ചകളും ക്രമീകരിക്കാവുന്ന നടപടികളും ഉപയോഗിച്ച് ചികിത്സാ സന്ദർശന പ്രവൃത്തിപ്പട്ടിക രേഖകൾ തിരയുക, പരിശോധിക്കുക, നിയന്ത്രിക്കുക.",,Pending,,
page.exception-worklist.subtitle,"Search, review and manage exception worklist records with saved views and configurable actions.","സംരക്ഷിച്ച കാഴ്ചകളും ക്രമീകരിക്കാവുന്ന നടപടികളും ഉപയോഗിച്ച് അപവാദ പ്രവൃത്തിപ്പട്ടിക രേഖകൾ തിരയുക, പരിശോധിക്കുക, നിയന്ത്രിക്കുക.",,Pending,,
page.expense-entry.subtitle,"Search, review and manage expense entry records with saved views and configurable actions.","സംരക്ഷിച്ച കാഴ്ചകളും ക്രമീകരിക്കാവുന്ന നടപടികളും ഉപയോഗിച്ച് ചെലവ് രേഖപ്പെടുത്തൽ രേഖകൾ തിരയുക, പരിശോധിക്കുക, നിയന്ത്രിക്കുക.",,Pending,,
page.expiry-risk-report.subtitle,"Search, review and manage expiry risk records with saved views and configurable actions.","സംരക്ഷിച്ച കാഴ്ചകളും ക്രമീകരിക്കാവുന്ന നടപടികളും ഉപയോഗിച്ച് കാലാവധി തീരാനുള്ള സാധ്യത രേഖകൾ തിരയുക, പരിശോധിക്കുക, നിയന്ത്രിക്കുക.",,Pending,,
page.feedback-components.subtitle,"Search, review and manage feedback & overlays records with saved views and configurable actions.","സംരക്ഷിച്ച കാഴ്ചകളും ക്രമീകരിക്കാവുന്ന നടപടികളും ഉപയോഗിച്ച് പ്രതികരണങ്ങളും ഓവർലേകളും രേഖകൾ തിരയുക, പരിശോധിക്കുക, നിയന്ത്രിക്കുക.",,Pending,,
page.final-settlement.subtitle,"Search, review and manage final settlement records with saved views and configurable actions.","സംരക്ഷിച്ച കാഴ്ചകളും ക്രമീകരിക്കാവുന്ന നടപടികളും ഉപയോഗിച്ച് അന്തിമ തീർപ്പാക്കൽ രേഖകൾ തിരയുക, പരിശോധിക്കുക, നിയന്ത്രിക്കുക.",,Pending,,
page.fiscal-period.subtitle,"Search, review and manage fiscal period records with saved views and configurable actions.","സംരക്ഷിച്ച കാഴ്ചകളും ക്രമീകരിക്കാവുന്ന നടപടികളും ഉപയോഗിച്ച് സാമ്പത്തിക കാലയളവ് രേഖകൾ തിരയുക, പരിശോധിക്കുക, നിയന്ത്രിക്കുക.",,Pending,,
page.form-controls.subtitle,"Search, review and manage form controls records with saved views and configurable actions.","സംരക്ഷിച്ച കാഴ്ചകളും ക്രമീകരിക്കാവുന്ന നടപടികളും ഉപയോഗിച്ച് ഫോം നിയന്ത്രണങ്ങൾ രേഖകൾ തിരയുക, പരിശോധിക്കുക, നിയന്ത്രിക്കുക.",,Pending,,
page.form-patterns.subtitle,"Search, review and manage form patterns records with saved views and configurable actions.","സംരക്ഷിച്ച കാഴ്ചകളും ക്രമീകരിക്കാവുന്ന നടപടികളും ഉപയോഗിച്ച് ഫോം മാതൃകകൾ രേഖകൾ തിരയുക, പരിശോധിക്കുക, നിയന്ത്രിക്കുക.",,Pending,,
page.pay-formula.subtitle,"Search, review and manage formula designer records with saved views and configurable actions.","സംരക്ഷിച്ച കാഴ്ചകളും ക്രമീകരിക്കാവുന്ന നടപടികളും ഉപയോഗിച്ച് ഫോർമുല ഡിസൈനർ രേഖകൾ തിരയുക, പരിശോധിക്കുക, നിയന്ത്രിക്കുക.",,Pending,,
page.formulary-setup.subtitle,"Search, review and manage formulary setup records with saved views and configurable actions.","സംരക്ഷിച്ച കാഴ്ചകളും ക്രമീകരിക്കാവുന്ന നടപടികളും ഉപയോഗിച്ച് മരുന്നുപട്ടിക ക്രമീകരണം രേഖകൾ തിരയുക, പരിശോധിക്കുക, നിയന്ത്രിക്കുക.",,Pending,,
page.fulfillment-worklist.subtitle,"Search, review and manage fulfillment worklist records with saved views and configurable actions.","സംരക്ഷിച്ച കാഴ്ചകളും ക്രമീകരിക്കാവുന്ന നടപടികളും ഉപയോഗിച്ച് ഓർഡർ പൂർത്തീകരണ പട്ടിക രേഖകൾ തിരയുക, പരിശോധിക്കുക, നിയന്ത്രിക്കുക.",,Pending,,
page.goods-receipt.subtitle,"Search, review and manage goods receipt records with saved views and configurable actions.","സംരക്ഷിച്ച കാഴ്ചകളും ക്രമീകരിക്കാവുന്ന നടപടികളും ഉപയോഗിച്ച് സാധനങ്ങൾ സ്വീകരിക്കൽ രേഖകൾ തിരയുക, പരിശോധിക്കുക, നിയന്ത്രിക്കുക.",,Pending,,
page.grade-master.subtitle,"Search, review and manage grade & band records with saved views and configurable actions.","സംരക്ഷിച്ച കാഴ്ചകളും ക്രമീകരിക്കാവുന്ന നടപടികളും ഉപയോഗിച്ച് ഗ്രേഡും ബാൻഡും രേഖകൾ തിരയുക, പരിശോധിക്കുക, നിയന്ത്രിക്കുക.",,Pending,,
page.healthcare-dashboard.subtitle,"Search, review and manage healthcare dashboard records with saved views and configurable actions.","സംരക്ഷിച്ച കാഴ്ചകളും ക്രമീകരിക്കാവുന്ന നടപടികളും ഉപയോഗിച്ച് ആരോഗ്യ പരിചരണ ഡാഷ്ബോർഡ് രേഖകൾ തിരയുക, പരിശോധിക്കുക, നിയന്ത്രിക്കുക.",,Pending,,
page.imaging-worklist.subtitle,"Search, review and manage imaging records with saved views and configurable actions.","സംരക്ഷിച്ച കാഴ്ചകളും ക്രമീകരിക്കാവുന്ന നടപടികളും ഉപയോഗിച്ച് മെഡിക്കൽ ഇമേജിംഗ് രേഖകൾ തിരയുക, പരിശോധിക്കുക, നിയന്ത്രിക്കുക.",,Pending,,
page.import-export.subtitle,"Search, review and manage import & export records with saved views and configurable actions.","സംരക്ഷിച്ച കാഴ്ചകളും ക്രമീകരിക്കാവുന്ന നടപടികളും ഉപയോഗിച്ച് ഇറക്കുമതിയും കയറ്റുമതിയും രേഖകൾ തിരയുക, പരിശോധിക്കുക, നിയന്ത്രിക്കുക.",,Pending,,
page.integration-guide.subtitle,"Search, review and manage integration guide records with saved views and configurable actions.","സംരക്ഷിച്ച കാഴ്ചകളും ക്രമീകരിക്കാവുന്ന നടപടികളും ഉപയോഗിച്ച് സംയോജന മാർഗ്ഗരേഖ രേഖകൾ തിരയുക, പരിശോധിക്കുക, നിയന്ത്രിക്കുക.",,Pending,,
page.inventory-count.subtitle,"Search, review and manage inventory count records with saved views and configurable actions.","സംരക്ഷിച്ച കാഴ്ചകളും ക്രമീകരിക്കാവുന്ന നടപടികളും ഉപയോഗിച്ച് സ്റ്റോക്ക് എണ്ണൽ രേഖകൾ തിരയുക, പരിശോധിക്കുക, നിയന്ത്രിക്കുക.",,Pending,,
page.inventory-valuation-report.subtitle,"Search, review and manage inventory valuation records with saved views and configurable actions.","സംരക്ഷിച്ച കാഴ്ചകളും ക്രമീകരിക്കാവുന്ന നടപടികളും ഉപയോഗിച്ച് സ്റ്റോക്ക് മൂല്യനിർണയം രേഖകൾ തിരയുക, പരിശോധിക്കുക, നിയന്ത്രിക്കുക.",,Pending,,
page.item-master.subtitle,"Search, review and manage item master records with saved views and configurable actions.","സംരക്ഷിച്ച കാഴ്ചകളും ക്രമീകരിക്കാവുന്ന നടപടികളും ഉപയോഗിച്ച് ഇനങ്ങളുടെ പട്ടിക രേഖകൾ തിരയുക, പരിശോധിക്കുക, നിയന്ത്രിക്കുക.",,Pending,,
page.journal-entry.subtitle,"Search, review and manage journal entry records with saved views and configurable actions.","സംരക്ഷിച്ച കാഴ്ചകളും ക്രമീകരിക്കാവുന്ന നടപടികളും ഉപയോഗിച്ച് ജേണൽ എൻട്രി രേഖകൾ തിരയുക, പരിശോധിക്കുക, നിയന്ത്രിക്കുക.",,Pending,,
page.journal-review.subtitle,"Search, review and manage journal review records with saved views and configurable actions.","സംരക്ഷിച്ച കാഴ്ചകളും ക്രമീകരിക്കാവുന്ന നടപടികളും ഉപയോഗിച്ച് ജേണൽ പരിശോധന രേഖകൾ തിരയുക, പരിശോധിക്കുക, നിയന്ത്രിക്കുക.",,Pending,,
page.jurisdiction-master.subtitle,"Search, review and manage jurisdiction master records with saved views and configurable actions.","സംരക്ഷിച്ച കാഴ്ചകളും ക്രമീകരിക്കാവുന്ന നടപടികളും ഉപയോഗിച്ച് അധികാര പരിധി പട്ടിക രേഖകൾ തിരയുക, പരിശോധിക്കുക, നിയന്ത്രിക്കുക.",,Pending,,
page.keyboard-shortcuts.subtitle,"Search, review and manage keyboard shortcuts records with saved views and configurable actions.","സംരക്ഷിച്ച കാഴ്ചകളും ക്രമീകരിക്കാവുന്ന നടപടികളും ഉപയോഗിച്ച് കീബോർഡ് കുറുക്കുവഴികൾ രേഖകൾ തിരയുക, പരിശോധിക്കുക, നിയന്ത്രിക്കുക.",,Pending,,
page.lab-results.subtitle,"Search, review and manage laboratory results records with saved views and configurable actions.","സംരക്ഷിച്ച കാഴ്ചകളും ക്രമീകരിക്കാവുന്ന നടപടികളും ഉപയോഗിച്ച് ലബോറട്ടറി ഫലങ്ങൾ രേഖകൾ തിരയുക, പരിശോധിക്കുക, നിയന്ത്രിക്കുക.",,Pending,,
page.leave-request.subtitle,"Search, review and manage leave request records with saved views and configurable actions.","സംരക്ഷിച്ച കാഴ്ചകളും ക്രമീകരിക്കാവുന്ന നടപടികളും ഉപയോഗിച്ച് അവധി അപേക്ഷ രേഖകൾ തിരയുക, പരിശോധിക്കുക, നിയന്ത്രിക്കുക.",,Pending,,
page.los-report.subtitle,"Search, review and manage length of stay records with saved views and configurable actions.","സംരക്ഷിച്ച കാഴ്ചകളും ക്രമീകരിക്കാവുന്ന നടപടികളും ഉപയോഗിച്ച് താമസ ദൈർഘ്യം രേഖകൾ തിരയുക, പരിശോധിക്കുക, നിയന്ത്രിക്കുക.",,Pending,,
page.localization.subtitle,"Search, review and manage localization records with saved views and configurable actions.","സംരക്ഷിച്ച കാഴ്ചകളും ക്രമീകരിക്കാവുന്ന നടപടികളും ഉപയോഗിച്ച് പ്രാദേശികവൽക്കരണം രേഖകൾ തിരയുക, പരിശോധിക്കുക, നിയന്ത്രിക്കുക.",,Pending,,
page.location-master.subtitle,"Search, review and manage location master records with saved views and configurable actions.","സംരക്ഷിച്ച കാഴ്ചകളും ക്രമീകരിക്കാവുന്ന നടപടികളും ഉപയോഗിച്ച് സ്ഥലങ്ങളുടെ പട്ടിക രേഖകൾ തിരയുക, പരിശോധിക്കുക, നിയന്ത്രിക്കുക.",,Pending,,
page.margin-report.subtitle,"Search, review and manage margin analysis records with saved views and configurable actions.","സംരക്ഷിച്ച കാഴ്ചകളും ക്രമീകരിക്കാവുന്ന നടപടികളും ഉപയോഗിച്ച് മാർജിൻ വിശകലനം രേഖകൾ തിരയുക, പരിശോധിക്കുക, നിയന്ത്രിക്കുക.",,Pending,,
page.medication-orders.subtitle,"Search, review and manage medication orders records with saved views and configurable actions.","സംരക്ഷിച്ച കാഴ്ചകളും ക്രമീകരിക്കാവുന്ന നടപടികളും ഉപയോഗിച്ച് മരുന്ന് ഓർഡറുകൾ രേഖകൾ തിരയുക, പരിശോധിക്കുക, നിയന്ത്രിക്കുക.",,Pending,,
page.preferences.subtitle,"Search, review and manage my preferences records with saved views and configurable actions.","സംരക്ഷിച്ച കാഴ്ചകളും ക്രമീകരിക്കാവുന്ന നടപടികളും ഉപയോഗിച്ച് എന്റെ മുൻഗണനകൾ രേഖകൾ തിരയുക, പരിശോധിക്കുക, നിയന്ത്രിക്കുക.",,Pending,,
page.next-of-kin.subtitle,"Search, review and manage next of kin records with saved views and configurable actions.","സംരക്ഷിച്ച കാഴ്ചകളും ക്രമീകരിക്കാവുന്ന നടപടികളും ഉപയോഗിച്ച് അടുത്ത ബന്ധു രേഖകൾ തിരയുക, പരിശോധിക്കുക, നിയന്ത്രിക്കുക.",,Pending,,
page.hr-numbering.subtitle,"Search, review and manage numbering rules records with saved views and configurable actions.","സംരക്ഷിച്ച കാഴ്ചകളും ക്രമീകരിക്കാവുന്ന നടപടികളും ഉപയോഗിച്ച് നമ്പറിടൽ നിയമങ്ങൾ രേഖകൾ തിരയുക, പരിശോധിക്കുക, നിയന്ത്രിക്കുക.",,Pending,,
page.order-worklist.subtitle,"Search, review and manage order worklist records with saved views and configurable actions.","സംരക്ഷിച്ച കാഴ്ചകളും ക്രമീകരിക്കാവുന്ന നടപടികളും ഉപയോഗിച്ച് ഓർഡർ പ്രവൃത്തിപ്പട്ടിക രേഖകൾ തിരയുക, പരിശോധിക്കുക, നിയന്ത്രിക്കുക.",,Pending,,
page.page-catalog.subtitle,"Search, review and manage page catalog records with saved views and configurable actions.","സംരക്ഷിച്ച കാഴ്ചകളും ക്രമീകരിക്കാവുന്ന നടപടികളും ഉപയോഗിച്ച് പേജ് കാറ്റലോഗ് രേഖകൾ തിരയുക, പരിശോധിക്കുക, നിയന്ത്രിക്കുക.",,Pending,,
page.patient-master.subtitle,"Search, review and manage patient master records with saved views and configurable actions.","സംരക്ഷിച്ച കാഴ്ചകളും ക്രമീകരിക്കാവുന്ന നടപടികളും ഉപയോഗിച്ച് രോഗികളുടെ പട്ടിക രേഖകൾ തിരയുക, പരിശോധിക്കുക, നിയന്ത്രിക്കുക.",,Pending,,
page.pay-group.subtitle,"Search, review and manage pay group records with saved views and configurable actions.","സംരക്ഷിച്ച കാഴ്ചകളും ക്രമീകരിക്കാവുന്ന നടപടികളും ഉപയോഗിച്ച് ശമ്പള ഗ്രൂപ്പ് രേഖകൾ തിരയുക, പരിശോധിക്കുക, നിയന്ത്രിക്കുക.",,Pending,,
page.payer-master.subtitle,"Search, review and manage payer master records with saved views and configurable actions.","സംരക്ഷിച്ച കാഴ്ചകളും ക്രമീകരിക്കാവുന്ന നടപടികളും ഉപയോഗിച്ച് പണം നൽകുന്നവരുടെ പട്ടിക രേഖകൾ തിരയുക, പരിശോധിക്കുക, നിയന്ത്രിക്കുക.",,Pending,,
page.payroll-adjustment.subtitle,"Search, review and manage payroll adjustment records with saved views and configurable actions.","സംരക്ഷിച്ച കാഴ്ചകളും ക്രമീകരിക്കാവുന്ന നടപടികളും ഉപയോഗിച്ച് ശമ്പള ക്രമീകരണം രേഖകൾ തിരയുക, പരിശോധിക്കുക, നിയന്ത്രിക്കുക.",,Pending,,
page.pay-calendar.subtitle,"Search, review and manage payroll calendar records with saved views and configurable actions.","സംരക്ഷിച്ച കാഴ്ചകളും ക്രമീകരിക്കാവുന്ന നടപടികളും ഉപയോഗിച്ച് ശമ്പള കലണ്ടർ രേഖകൾ തിരയുക, പരിശോധിക്കുക, നിയന്ത്രിക്കുക.",,Pending,,
page.pay-register-report.subtitle,"Search, review and manage payroll register records with saved views and configurable actions.","സംരക്ഷിച്ച കാഴ്ചകളും ക്രമീകരിക്കാവുന്ന നടപടികളും ഉപയോഗിച്ച് ശമ്പള രജിസ്റ്റർ രേഖകൾ തിരയുക, പരിശോധിക്കുക, നിയന്ത്രിക്കുക.",,Pending,,
page.payroll-run.subtitle,"Search, review and manage payroll run records with saved views and configurable actions.","സംരക്ഷിച്ച കാഴ്ചകളും ക്രമീകരിക്കാവുന്ന നടപടികളും ഉപയോഗിച്ച് ശമ്പള പ്രക്രിയ രേഖകൾ തിരയുക, പരിശോധിക്കുക, നിയന്ത്രിക്കുക.",,Pending,,
page.payroll-worklist.subtitle,"Search, review and manage payroll worklist records with saved views and configurable actions.","സംരക്ഷിച്ച കാഴ്ചകളും ക്രമീകരിക്കാവുന്ന നടപടികളും ഉപയോഗിച്ച് ശമ്പള പ്രവൃത്തിപ്പട്ടിക രേഖകൾ തിരയുക, പരിശോധിക്കുക, നിയന്ത്രിക്കുക.",,Pending,,
page.payslip-report.subtitle,"Search, review and manage payslip distribution records with saved views and configurable actions.","സംരക്ഷിച്ച കാഴ്ചകളും ക്രമീകരിക്കാവുന്ന നടപടികളും ഉപയോഗിച്ച് ശമ്പള സ്ലിപ്പ് വിതരണം രേഖകൾ തിരയുക, പരിശോധിക്കുക, നിയന്ത്രിക്കുക.",,Pending,,
page.pharmacy-dashboard.subtitle,"Search, review and manage pharmacy dashboard records with saved views and configurable actions.","സംരക്ഷിച്ച കാഴ്ചകളും ക്രമീകരിക്കാവുന്ന നടപടികളും ഉപയോഗിച്ച് ഫാർമസി ഡാഷ്ബോർഡ് രേഖകൾ തിരയുക, പരിശോധിക്കുക, നിയന്ത്രിക്കുക.",,Pending,,
page.hr-policy.subtitle,"Search, review and manage policy designer records with saved views and configurable actions.","സംരക്ഷിച്ച കാഴ്ചകളും ക്രമീകരിക്കാവുന്ന നടപടികളും ഉപയോഗിച്ച് നയ ഡിസൈനർ രേഖകൾ തിരയുക, പരിശോധിക്കുക, നിയന്ത്രിക്കുക.",,Pending,,
page.position-master.subtitle,"Search, review and manage position master records with saved views and configurable actions.","സംരക്ഷിച്ച കാഴ്ചകളും ക്രമീകരിക്കാവുന്ന നടപടികളും ഉപയോഗിച്ച് തസ്തികകളുടെ പട്ടിക രേഖകൾ തിരയുക, പരിശോധിക്കുക, നിയന്ത്രിക്കുക.",,Pending,,
page.posting-rules.subtitle,"Search, review and manage posting rules records with saved views and configurable actions.","സംരക്ഷിച്ച കാഴ്ചകളും ക്രമീകരിക്കാവുന്ന നടപടികളും ഉപയോഗിച്ച് അക്കൗണ്ട് പോസ്റ്റിംഗ് നിയമങ്ങൾ രേഖകൾ തിരയുക, പരിശോധിക്കുക, നിയന്ത്രിക്കുക.",,Pending,,
page.preauthorization.subtitle,"Search, review and manage pre-authorisation records with saved views and configurable actions.","സംരക്ഷിച്ച കാഴ്ചകളും ക്രമീകരിക്കാവുന്ന നടപടികളും ഉപയോഗിച്ച് മുൻകൂർ അനുമതി രേഖകൾ തിരയുക, പരിശോധിക്കുക, നിയന്ത്രിക്കുക.",,Pending,,
page.price-list.subtitle,"Search, review and manage price list records with saved views and configurable actions.","സംരക്ഷിച്ച കാഴ്ചകളും ക്രമീകരിക്കാവുന്ന നടപടികളും ഉപയോഗിച്ച് വിലപ്പട്ടിക രേഖകൾ തിരയുക, പരിശോധിക്കുക, നിയന്ത്രിക്കുക.",,Pending,,
page.procurement-worklist.subtitle,"Search, review and manage procurement worklist records with saved views and configurable actions.","സംരക്ഷിച്ച കാഴ്ചകളും ക്രമീകരിക്കാവുന്ന നടപടികളും ഉപയോഗിച്ച് വാങ്ങൽ പ്രവൃത്തിപ്പട്ടിക രേഖകൾ തിരയുക, പരിശോധിക്കുക, നിയന്ത്രിക്കുക.",,Pending,,
page.product-master.subtitle,"Search, review and manage product master records with saved views and configurable actions.","സംരക്ഷിച്ച കാഴ്ചകളും ക്രമീകരിക്കാവുന്ന നടപടികളും ഉപയോഗിച്ച് ഉൽപ്പന്നങ്ങളുടെ പട്ടിക രേഖകൾ തിരയുക, പരിശോധിക്കുക, നിയന്ത്രിക്കുക.",,Pending,,
page.profit-loss-report.subtitle,"Search, review and manage profit & loss records with saved views and configurable actions.","സംരക്ഷിച്ച കാഴ്ചകളും ക്രമീകരിക്കാവുന്ന നടപടികളും ഉപയോഗിച്ച് ലാഭവും നഷ്ടവും രേഖകൾ തിരയുക, പരിശോധിക്കുക, നിയന്ത്രിക്കുക.",,Pending,,
page.purchase-order.subtitle,"Search, review and manage purchase order records with saved views and configurable actions.","സംരക്ഷിച്ച കാഴ്ചകളും ക്രമീകരിക്കാവുന്ന നടപടികളും ഉപയോഗിച്ച് വാങ്ങൽ ഓർഡർ രേഖകൾ തിരയുക, പരിശോധിക്കുക, നിയന്ത്രിക്കുക.",,Pending,,
page.purchase-requisition.subtitle,"Search, review and manage purchase requisition records with saved views and configurable actions.","സംരക്ഷിച്ച കാഴ്ചകളും ക്രമീകരിക്കാവുന്ന നടപടികളും ഉപയോഗിച്ച് വാങ്ങൽ അപേക്ഷ രേഖകൾ തിരയുക, പരിശോധിക്കുക, നിയന്ത്രിക്കുക.",,Pending,,
page.quotation.subtitle,"Search, review and manage quotation records with saved views and configurable actions.","സംരക്ഷിച്ച കാഴ്ചകളും ക്രമീകരിക്കാവുന്ന നടപടികളും ഉപയോഗിച്ച് വില നിർദേശം രേഖകൾ തിരയുക, പരിശോധിക്കുക, നിയന്ത്രിക്കുക.",,Pending,,
page.receipt-entry.subtitle,"Search, review and manage receipt entry records with saved views and configurable actions.","സംരക്ഷിച്ച കാഴ്ചകളും ക്രമീകരിക്കാവുന്ന നടപടികളും ഉപയോഗിച്ച് രസീത് എൻട്രി രേഖകൾ തിരയുക, പരിശോധിക്കുക, നിയന്ത്രിക്കുക.",,Pending,,
page.receivables-worklist.subtitle,"Search, review and manage receivables worklist records with saved views and configurable actions.","സംരക്ഷിച്ച കാഴ്ചകളും ക്രമീകരിക്കാവുന്ന നടപടികളും ഉപയോഗിച്ച് ലഭിക്കാനുള്ള തുകയുടെ പട്ടിക രേഖകൾ തിരയുക, പരിശോധിക്കുക, നിയന്ത്രിക്കുക.",,Pending,,
page.receiving-worklist.subtitle,"Search, review and manage receiving worklist records with saved views and configurable actions.","സംരക്ഷിച്ച കാഴ്ചകളും ക്രമീകരിക്കാവുന്ന നടപടികളും ഉപയോഗിച്ച് സ്വീകരിക്കൽ പ്രവൃത്തിപ്പട്ടിക രേഖകൾ തിരയുക, പരിശോധിക്കുക, നിയന്ത്രിക്കുക.",,Pending,,
page.controlled-reconciliation.subtitle,"Search, review and manage reconciliation records with saved views and configurable actions.","സംരക്ഷിച്ച കാഴ്ചകളും ക്രമീകരിക്കാവുന്ന നടപടികളും ഉപയോഗിച്ച് അനുരഞ്ജനം രേഖകൾ തിരയുക, പരിശോധിക്കുക, നിയന്ത്രിക്കുക.",,Pending,,
page.reorder-rules.subtitle,"Search, review and manage reorder rules records with saved views and configurable actions.","സംരക്ഷിച്ച കാഴ്ചകളും ക്രമീകരിക്കാവുന്ന നടപടികളും ഉപയോഗിച്ച് പുനഃ ഓർഡർ നിയമങ്ങൾ രേഖകൾ തിരയുക, പരിശോധിക്കുക, നിയന്ത്രിക്കുക.",,Pending,,
page.reorder-worklist.subtitle,"Search, review and manage reorder worklist records with saved views and configurable actions.","സംരക്ഷിച്ച കാഴ്ചകളും ക്രമീകരിക്കാവുന്ന നടപടികളും ഉപയോഗിച്ച് പുനഃ ഓർഡർ പട്ടിക രേഖകൾ തിരയുക, പരിശോധിക്കുക, നിയന്ത്രിക്കുക.",,Pending,,
page.pharmacy-requisition.subtitle,"Search, review and manage requisitions records with saved views and configurable actions.","സംരക്ഷിച്ച കാഴ്ചകളും ക്രമീകരിക്കാവുന്ന നടപടികളും ഉപയോഗിച്ച് വാങ്ങൽ അപേക്ഷകൾ രേഖകൾ തിരയുക, പരിശോധിക്കുക, നിയന്ത്രിക്കുക.",,Pending,,
page.revenue-report.subtitle,"Search, review and manage revenue analysis records with saved views and configurable actions.","സംരക്ഷിച്ച കാഴ്ചകളും ക്രമീകരിക്കാവുന്ന നടപടികളും ഉപയോഗിച്ച് വരുമാന വിശകലനം രേഖകൾ തിരയുക, പരിശോധിക്കുക, നിയന്ത്രിക്കുക.",,Pending,,
page.role-master.subtitle,"Search, review and manage role & permission records with saved views and configurable actions.","സംരക്ഷിച്ച കാഴ്ചകളും ക്രമീകരിക്കാവുന്ന നടപടികളും ഉപയോഗിച്ച് റോളും അനുമതിയും രേഖകൾ തിരയുക, പരിശോധിക്കുക, നിയന്ത്രിക്കുക.",,Pending,,
page.sales-channel.subtitle,"Search, review and manage sales channel records with saved views and configurable actions.","സംരക്ഷിച്ച കാഴ്ചകളും ക്രമീകരിക്കാവുന്ന നടപടികളും ഉപയോഗിച്ച് വിൽപ്പന ചാനൽ രേഖകൾ തിരയുക, പരിശോധിക്കുക, നിയന്ത്രിക്കുക.",,Pending,,
page.sales-invoice.subtitle,"Search, review and manage sales invoice records with saved views and configurable actions.","സംരക്ഷിച്ച കാഴ്ചകളും ക്രമീകരിക്കാവുന്ന നടപടികളും ഉപയോഗിച്ച് വിൽപ്പന ഇൻവോയ്സ് രേഖകൾ തിരയുക, പരിശോധിക്കുക, നിയന്ത്രിക്കുക.",,Pending,,
page.sales-order.subtitle,"Search, review and manage sales order records with saved views and configurable actions.","സംരക്ഷിച്ച കാഴ്ചകളും ക്രമീകരിക്കാവുന്ന നടപടികളും ഉപയോഗിച്ച് വിൽപ്പന ഓർഡർ രേഖകൾ തിരയുക, പരിശോധിക്കുക, നിയന്ത്രിക്കുക.",,Pending,,
page.pipeline-report.subtitle,"Search, review and manage sales pipeline records with saved views and configurable actions.","സംരക്ഷിച്ച കാഴ്ചകളും ക്രമീകരിക്കാവുന്ന നടപടികളും ഉപയോഗിച്ച് വിൽപ്പന സാധ്യതകൾ രേഖകൾ തിരയുക, പരിശോധിക്കുക, നിയന്ത്രിക്കുക.",,Pending,,
page.sales-return.subtitle,"Search, review and manage sales return records with saved views and configurable actions.","സംരക്ഷിച്ച കാഴ്ചകളും ക്രമീകരിക്കാവുന്ന നടപടികളും ഉപയോഗിച്ച് വിൽപ്പന മടക്കം രേഖകൾ തിരയുക, പരിശോധിക്കുക, നിയന്ത്രിക്കുക.",,Pending,,
page.saved-views.subtitle,"Search, review and manage saved views records with saved views and configurable actions.","സംരക്ഷിച്ച കാഴ്ചകളും ക്രമീകരിക്കാവുന്ന നടപടികളും ഉപയോഗിച്ച് സംരക്ഷിച്ച കാഴ്ചകൾ രേഖകൾ തിരയുക, പരിശോധിക്കുക, നിയന്ത്രിക്കുക.",,Pending,,
page.employee-separation.subtitle,"Search, review and manage separation records with saved views and configurable actions.","സംരക്ഷിച്ച കാഴ്ചകളും ക്രമീകരിക്കാവുന്ന നടപടികളും ഉപയോഗിച്ച് സേവനം അവസാനിപ്പിക്കൽ രേഖകൾ തിരയുക, പരിശോധിക്കുക, നിയന്ത്രിക്കുക.",,Pending,,
page.service-catalog.subtitle,"Search, review and manage service catalogue records with saved views and configurable actions.","സംരക്ഷിച്ച കാഴ്ചകളും ക്രമീകരിക്കാവുന്ന നടപടികളും ഉപയോഗിച്ച് സേവന കാറ്റലോഗ് രേഖകൾ തിരയുക, പരിശോധിക്കുക, നിയന്ത്രിക്കുക.",,Pending,,
page.settlement-review.subtitle,"Search, review and manage settlement review records with saved views and configurable actions.","സംരക്ഷിച്ച കാഴ്ചകളും ക്രമീകരിക്കാവുന്ന നടപടികളും ഉപയോഗിച്ച് തീർപ്പാക്കൽ പരിശോധന രേഖകൾ തിരയുക, പരിശോധിക്കുക, നിയന്ത്രിക്കുക.",,Pending,,
page.shift-roster.subtitle,"Search, review and manage shift roster records with saved views and configurable actions.","സംരക്ഷിച്ച കാഴ്ചകളും ക്രമീകരിക്കാവുന്ന നടപടികളും ഉപയോഗിച്ച് ഷിഫ്റ്റ് പട്ടിക രേഖകൾ തിരയുക, പരിശോധിക്കുക, നിയന്ത്രിക്കുക.",,Pending,,
page.shortcut-manager.subtitle,"Search, review and manage shortcut manager records with saved views and configurable actions.","സംരക്ഷിച്ച കാഴ്ചകളും ക്രമീകരിക്കാവുന്ന നടപടികളും ഉപയോഗിച്ച് കുറുക്കുവഴി മാനേജർ രേഖകൾ തിരയുക, പരിശോധിക്കുക, നിയന്ത്രിക്കുക.",,Pending,,
page.spreadsheet-studio.subtitle,"Search, review and manage spreadsheet studio records with saved views and configurable actions.","സംരക്ഷിച്ച കാഴ്ചകളും ക്രമീകരിക്കാവുന്ന നടപടികളും ഉപയോഗിച്ച് സ്പ്രെഡ്ഷീറ്റ് സ്റ്റുഡിയോ രേഖകൾ തിരയുക, പരിശോധിക്കുക, നിയന്ത്രിക്കുക.",,Pending,,
page.statutory-report.subtitle,"Search, review and manage statutory report records with saved views and configurable actions.","സംരക്ഷിച്ച കാഴ്ചകളും ക്രമീകരിക്കാവുന്ന നടപടികളും ഉപയോഗിച്ച് നിയമാനുസൃത റിപ്പോർട്ട് രേഖകൾ തിരയുക, പരിശോധിക്കുക, നിയന്ത്രിക്കുക.",,Pending,,
page.statutory-master.subtitle,"Search, review and manage statutory rule records with saved views and configurable actions.","സംരക്ഷിച്ച കാഴ്ചകളും ക്രമീകരിക്കാവുന്ന നടപടികളും ഉപയോഗിച്ച് നിയമാനുസൃത ചട്ടം രേഖകൾ തിരയുക, പരിശോധിക്കുക, നിയന്ത്രിക്കുക.",,Pending,,
page.stock-adjustment.subtitle,"Search, review and manage stock adjustment records with saved views and configurable actions.","സംരക്ഷിച്ച കാഴ്ചകളും ക്രമീകരിക്കാവുന്ന നടപടികളും ഉപയോഗിച്ച് സ്റ്റോക്ക് ക്രമീകരണം രേഖകൾ തിരയുക, പരിശോധിക്കുക, നിയന്ത്രിക്കുക.",,Pending,,
page.stock-aging-report.subtitle,"Search, review and manage stock aging records with saved views and configurable actions.","സംരക്ഷിച്ച കാഴ്ചകളും ക്രമീകരിക്കാവുന്ന നടപടികളും ഉപയോഗിച്ച് സ്റ്റോക്കിന്റെ കാലപ്പഴക്കം രേഖകൾ തിരയുക, പരിശോധിക്കുക, നിയന്ത്രിക്കുക.",,Pending,,
page.stock-on-hand.subtitle,"Search, review and manage stock on hand records with saved views and configurable actions.","സംരക്ഷിച്ച കാഴ്ചകളും ക്രമീകരിക്കാവുന്ന നടപടികളും ഉപയോഗിച്ച് ലഭ്യമായ സ്റ്റോക്ക് രേഖകൾ തിരയുക, പരിശോധിക്കുക, നിയന്ത്രിക്കുക.",,Pending,,
page.stock-transfer.subtitle,"Search, review and manage stock transfer records with saved views and configurable actions.","സംരക്ഷിച്ച കാഴ്ചകളും ക്രമീകരിക്കാവുന്ന നടപടികളും ഉപയോഗിച്ച് സ്റ്റോക്ക് കൈമാറ്റം രേഖകൾ തിരയുക, പരിശോധിക്കുക, നിയന്ത്രിക്കുക.",,Pending,,
page.stock-turn-report.subtitle,"Search, review and manage stock turn records with saved views and configurable actions.","സംരക്ഷിച്ച കാഴ്ചകളും ക്രമീകരിക്കാവുന്ന നടപടികളും ഉപയോഗിച്ച് സ്റ്റോക്ക് വിറ്റഴിക്കൽ നിരക്ക് രേഖകൾ തിരയുക, പരിശോധിക്കുക, നിയന്ത്രിക്കുക.",,Pending,,
page.supplier-contract.subtitle,"Search, review and manage supplier contract records with saved views and configurable actions.","സംരക്ഷിച്ച കാഴ്ചകളും ക്രമീകരിക്കാവുന്ന നടപടികളും ഉപയോഗിച്ച് വിതരണക്കാരന്റെ കരാർ രേഖകൾ തിരയുക, പരിശോധിക്കുക, നിയന്ത്രിക്കുക.",,Pending,,
page.supplier-fin-master.subtitle,"Search, review and manage supplier master records with saved views and configurable actions.","സംരക്ഷിച്ച കാഴ്ചകളും ക്രമീകരിക്കാവുന്ന നടപടികളും ഉപയോഗിച്ച് വിതരണക്കാരുടെ മാസ്റ്റർ രേഖകൾ തിരയുക, പരിശോധിക്കുക, നിയന്ത്രിക്കുക.",,Pending,,
page.supplier-performance-report.subtitle,"Search, review and manage supplier performance records with saved views and configurable actions.","സംരക്ഷിച്ച കാഴ്ചകളും ക്രമീകരിക്കാവുന്ന നടപടികളും ഉപയോഗിച്ച് വിതരണക്കാരന്റെ പ്രകടനം രേഖകൾ തിരയുക, പരിശോധിക്കുക, നിയന്ത്രിക്കുക.",,Pending,,
page.sales-targets.subtitle,"Search, review and manage target setup records with saved views and configurable actions.","സംരക്ഷിച്ച കാഴ്ചകളും ക്രമീകരിക്കാവുന്ന നടപടികളും ഉപയോഗിച്ച് ലക്ഷ്യ ക്രമീകരണം രേഖകൾ തിരയുക, പരിശോധിക്കുക, നിയന്ത്രിക്കുക.",,Pending,,
page.tax-return-report.subtitle,"Search, review and manage tax return records with saved views and configurable actions.","സംരക്ഷിച്ച കാഴ്ചകളും ക്രമീകരിക്കാവുന്ന നടപടികളും ഉപയോഗിച്ച് നികുതി റിട്ടേൺ രേഖകൾ തിരയുക, പരിശോധിക്കുക, നിയന്ത്രിക്കുക.",,Pending,,
page.tax-master.subtitle,"Search, review and manage taxation master records with saved views and configurable actions.","സംരക്ഷിച്ച കാഴ്ചകളും ക്രമീകരിക്കാവുന്ന നടപടികളും ഉപയോഗിച്ച് നികുതി പട്ടിക രേഖകൾ തിരയുക, പരിശോധിക്കുക, നിയന്ത്രിക്കുക.",,Pending,,
page.territory-master.subtitle,"Search, review and manage territory master records with saved views and configurable actions.","സംരക്ഷിച്ച കാഴ്ചകളും ക്രമീകരിക്കാവുന്ന നടപടികളും ഉപയോഗിച്ച് പ്രദേശങ്ങളുടെ പട്ടിക രേഖകൾ തിരയുക, പരിശോധിക്കുക, നിയന്ത്രിക്കുക.",,Pending,,
page.theme-studio.subtitle,"Search, review and manage theme studio records with saved views and configurable actions.","സംരക്ഷിച്ച കാഴ്ചകളും ക്രമീകരിക്കാവുന്ന നടപടികളും ഉപയോഗിച്ച് തീം സ്റ്റുഡിയോ രേഖകൾ തിരയുക, പരിശോധിക്കുക, നിയന്ത്രിക്കുക.",,Pending,,
page.employee-transfer.subtitle,"Search, review and manage transfer & promotion records with saved views and configurable actions.","സംരക്ഷിച്ച കാഴ്ചകളും ക്രമീകരിക്കാവുന്ന നടപടികളും ഉപയോഗിച്ച് സ്ഥലംമാറ്റവും സ്ഥാനക്കയറ്റവും രേഖകൾ തിരയുക, പരിശോധിക്കുക, നിയന്ത്രിക്കുക.",,Pending,,
page.uom-master.subtitle,"Search, review and manage unit of measure records with saved views and configurable actions.","സംരക്ഷിച്ച കാഴ്ചകളും ക്രമീകരിക്കാവുന്ന നടപടികളും ഉപയോഗിച്ച് അളവിന്റെ യൂണിറ്റ് രേഖകൾ തിരയുക, പരിശോധിക്കുക, നിയന്ത്രിക്കുക.",,Pending,,
page.user-master.subtitle,"Search, review and manage user master records with saved views and configurable actions.","സംരക്ഷിച്ച കാഴ്ചകളും ക്രമീകരിക്കാവുന്ന നടപടികളും ഉപയോഗിച്ച് ഉപയോക്താക്കളുടെ പട്ടിക രേഖകൾ തിരയുക, പരിശോധിക്കുക, നിയന്ത്രിക്കുക.",,Pending,,
page.valuation-method.subtitle,"Search, review and manage valuation method records with saved views and configurable actions.","സംരക്ഷിച്ച കാഴ്ചകളും ക്രമീകരിക്കാവുന്ന നടപടികളും ഉപയോഗിച്ച് മൂല്യനിർണയ രീതി രേഖകൾ തിരയുക, പരിശോധിക്കുക, നിയന്ത്രിക്കുക.",,Pending,,
page.vitals-worklist.subtitle,"Search, review and manage vitals & observations records with saved views and configurable actions.","സംരക്ഷിച്ച കാഴ്ചകളും ക്രമീകരിക്കാവുന്ന നടപടികളും ഉപയോഗിച്ച് ജീവസൂചകങ്ങളും നിരീക്ഷണങ്ങളും രേഖകൾ തിരയുക, പരിശോധിക്കുക, നിയന്ത്രിക്കുക.",,Pending,,
page.warehouse-master.subtitle,"Search, review and manage warehouse master records with saved views and configurable actions.","സംരക്ഷിച്ച കാഴ്ചകളും ക്രമീകരിക്കാവുന്ന നടപടികളും ഉപയോഗിച്ച് ഗോഡൗണുകളുടെ പട്ടിക രേഖകൾ തിരയുക, പരിശോധിക്കുക, നിയന്ത്രിക്കുക.",,Pending,,
page.workforce-report.subtitle,"Search, review and manage workforce analytics records with saved views and configurable actions.","സംരക്ഷിച്ച കാഴ്ചകളും ക്രമീകരിക്കാവുന്ന നടപടികളും ഉപയോഗിച്ച് ജീവനക്കാരുടെ വിശകലനം രേഖകൾ തിരയുക, പരിശോധിക്കുക, നിയന്ത്രിക്കുക.",,Pending,,
"Search, review and manage {name} records with saved views and configurable actions.","Search, review and manage {name} records with saved views and configurable actions.","സംരക്ഷിച്ച കാഴ്ചകളും ക്രമീകരിക്കാവുന്ന നടപടികളും ഉപയോഗിച്ച് {name} രേഖകൾ തിരയുക, പരിശോധിക്കുക, നിയന്ത്രിക്കുക.",,Pending,,
Search…,Search…,തിരയുക…,,Pending,,
Second Opinion,Second Opinion,രണ്ടാം അഭിപ്രായം,,Pending,,
ui.secondary.62f2ccff,Secondary,ദ്വിതീയം,,Pending,,
ui.section.dfca5da5,Section,വിഭാഗം,,Pending,,
Sections,Sections,വിഭാഗങ്ങൾ,,Pending,,
Secure download link,Secure download link,സുരക്ഷിത ഡൗൺലോഡ് ലിങ്ക്,,Pending,,
ui.secure.session.54818e0a,Secure session,സുരക്ഷിത സെഷൻ,,Pending,,
section.user.security.title,Security policy,സുരക്ഷാ നയം,,Pending,,
ui.see.all.messages.082f7c89,See all messages,എല്ലാ സന്ദേശങ്ങളും കാണുക,,Pending,,
ui.see.all.notifications.00f66a6a,See all notifications,എല്ലാ അറിയിപ്പുകളും കാണുക,,Pending,,
field.consultation.consultedOn.label,Seen on,പരിശോധിച്ച തീയതി,,Pending,,
Segment,Segment,വിഭാഗം,,Pending,,
api.message.7f020a480b27,Select 1–100 record IDs.,1–100 റെക്കോർഡ് ഐഡികൾ തിരഞ്ഞെടുക്കുക.,,Pending,,
api.message.4a2f85e2749e,Select a saved record.,സംരക്ഷിച്ച റെക്കോർഡ് തിരഞ്ഞെടുക്കുക.,,Pending,,
ui.select.all.visible.records.e15adf6c,Select all visible records,കാണുന്ന എല്ലാ രേഖകളും തിരഞ്ഞെടുക്കുക,,Pending,,
ui.select.eligible.rows.on.this.page.55468a85,Select eligible rows on this page,ഈ പേജിലെ യോഗ്യമായ വരികൾ തിരഞ്ഞെടുക്കുക,,Pending,,
Select {item},Select {item},{item} തിരഞ്ഞെടുക്കുക,,Pending,,
Select {record},Select {record},{record} തിരഞ്ഞെടുക്കുക,,Pending,,
"Selected from this service's catalogue — manually, or proposed and accepted","Selected from this service's catalogue — manually, or proposed and accepted",സേവനപ്പട്ടികയിൽ നിന്ന് സ്വയം അല്ലെങ്കിൽ അംഗീകരിച്ച നിർദേശമായി തിരഞ്ഞെടുത്തത്,,Pending,,
Selected from what this service can place,Selected from what this service can place,ഈ സേവനത്തിന് നൽകാവുന്നതിൽ നിന്ന് തിരഞ്ഞെടുത്തത്,,Pending,,
ui.selection.applies.to.this.page.only.failed.records.stay.6c13991d,Selection applies to this page only. Failed records stay selected.,തിരഞ്ഞെടുപ്പ് ഈ പേജിന് മാത്രം. പരാജയപ്പെട്ട രേഖകൾ തിരഞ്ഞെടുത്ത നിലയിൽ തുടരും.,,Pending,,
Select…,Select…,തിരഞ്ഞെടുക്കുക…,,Pending,,
field.consultation.payer.option.Self-pay,Self-pay,സ്വയം പണമടയ്ക്കൽ,,Pending,,
Semantic themes,Semantic themes,അർത്ഥാധിഷ്ഠിത തീമുകൾ,,Pending,,
ui.send.f6f4688f,Send,അയയ്ക്കുക,,Pending,,
ui.send.e8fbd3f3,Send ,അയയ്ക്കുക ,,Pending,,
ui.send.only.when.data.exists.8bac5dec,Send only when data exists,ഡാറ്റ ഉള്ളപ്പോൾ മാത്രം അയയ്ക്കുക,,Pending,,
Sensation,Sensation,സംവേദനം,,Pending,,
ui.sensitive.changes.should.be.versioned.and.submitted.with.d2c8dec6,Sensitive changes should be versioned and submitted with a reason.,സെൻസിറ്റീവ് മാറ്റങ്ങൾ പതിപ്പും കാരണവും സഹിതം സമർപ്പിക്കുക.,,Pending,,
Sep,Sep,സെപ്റ്റംബർ,,Pending,,
menu.hr.separation.label,Separation,സേവനം അവസാനിപ്പിക്കൽ,,Pending,,
ui.september.2026.5111fc9c,September 2026,സെപ്റ്റംബർ 2026,,Pending,,
September preview,September preview,സെപ്റ്റംബർ പ്രിവ്യൂ,,Pending,,
menu.healthcare.service-catalog.label,Service Catalogue,സേവന കാറ്റലോഗ്,,Pending,,
field.user.riskLevel.option.service,Service account,സേവന അക്കൗണ്ട്,,Pending,,
Service level,Service level,സേവന നിലവാരം,,Pending,,
Services,Services,സേവനങ്ങൾ,,Pending,,
api.message.37c08ac1e02f,Session ended.,സെഷൻ അവസാനിച്ചു.,,Pending,,
api.message.26cbd28fd351,Session exceeded the maximum length.,സെഷൻ പരമാവധി ദൈർഘ്യം കവിഞ്ഞു.,,Pending,,
field.user.sessionTimeout.label,Session timeout,സെഷൻ സമയപരിധി,,Pending,,
ui.set.by.bd6cc9a4,Set by,സജ്ജമാക്കിയത്,,Pending,,
ui.set.default.ae188faa,Set default,സ്ഥിരസ്ഥിതിയാക്കുക,,Pending,,
ui.set.key.d599b6ec,Set key,കീ സജ്ജമാക്കുക,,Pending,,
Set the key,Set the key,കീ സജ്ജമാക്കുക,,Pending,,
ui.settings.74a883a0,Settings,ക്രമീകരണങ്ങൾ,,Pending,,
ui.settings.could.not.be.loaded.preference.changes.apply.to.9cc9f6fa,Settings could not be loaded. Preference changes apply to this session only. Reload to try again.,ക്രമീകരണങ്ങൾ ലോഡ് ചെയ്യാനായില്ല. മാറ്റങ്ങൾ ഈ സെഷനിൽ മാത്രം ബാധകം. വീണ്ടും ലോഡ് ചെയ്യുക.,,Pending,,
menu.payroll.settlement-review.label,Settlement Review,തീർപ്പാക്കൽ പരിശോധന,,Pending,,
ui.shaped.grey.blocks.while.a.page.arrives.instead.of.the.o.bdafc552,"Shaped grey blocks while a page arrives, instead of the old page sitting there",പുതിയ പേജ് വരുന്നതുവരെ പഴയ പേജിന് പകരം ചാരനിറ ബ്ലോക്കുകൾ,,Pending,,
field.hr-dashboard.tags.option.shared,Shared,പങ്കിട്ടത്,,Pending,,
ui.shared.component.registry.7978f6d8,Shared component registry,പങ്കിട്ട ഘടക രജിസ്ട്രി,,Pending,,
Shared components,Shared components,പങ്കിട്ട ഘടകങ്ങൾ,,Pending,,
Shell,Shell,ആപ്പ് ഇന്റർഫേസ്,,Pending,,
menu.hr.shift-roster.label,Shift Roster,ഷിഫ്റ്റ് പട്ടിക,,Pending,,
menu.library.shortcut-manager.label,Shortcut Manager,കുറുക്കുവഴി മാനേജർ,,Pending,,
Shortcuts,Shortcuts,കുറുക്കുവഴികൾ,,Pending,,
ui.show.discoverable.key.combinations.10b3f148,Show discoverable key combinations,ലഭ്യമായ കീ കോമ്പിനേഷനുകൾ കാണിക്കുക,,Pending,,
ui.show.seconds.f516b99a,Show seconds,സെക്കൻഡുകൾ കാണിക്കുക,,Pending,,
Show this document beside the last one,Show this document beside the last one,ഈ രേഖ അവസാനത്തേതിന്റെ അരികിൽ കാണിക്കുക,,Pending,,
Showing,Showing,കാണിക്കുന്നത്,,Pending,,
ui.showing.7282e1fb,Showing ,കാണിക്കുന്നത് ,,Pending,,
ui.showing.every.section.matching.f4d5fda7,Showing every section matching “,ഇതിനോട് പൊരുത്തപ്പെടുന്ന എല്ലാ വിഭാഗങ്ങളും: “,,Pending,,
ui.shown.when.clicking.a.result.row.07e0ad52,Shown when clicking a result row,ഫല വരിയിൽ ക്ലിക്ക് ചെയ്യുമ്പോൾ കാണിക്കുന്നു,,Pending,,
Sick contacts,Sick contacts,രോഗികളുമായുള്ള സമ്പർക്കം,,Pending,,
ui.sidebar.f7efa7bc,Sidebar,സൈഡ്‌ബാർ,,Pending,,
ui.sidebar.expands.on.347cb405,Sidebar expands on,സൈഡ്ബാർ വികസിക്കുന്നത്,,Pending,,
ui.sidebar.opens.on.keyboard.focus.453d8c98,Sidebar opens on keyboard focus,കീബോർഡ് ഫോക്കസിൽ സൈഡ്ബാർ തുറക്കുന്നു,,Pending,,
ui.sidebar.pinned.open.8e3b90f7,Sidebar pinned open,സൈഡ്ബാർ തുറന്ന നിലയിൽ പിൻ ചെയ്തു,,Pending,,
ui.sidebar.position.7b4c80ca,Sidebar position,സൈഡ്ബാർ സ്ഥാനം,,Pending,,
ui.sidebar.theme.f7427d59,Sidebar theme,സൈഡ്ബാർ തീം,,Pending,,
ui.sidebar.tone.42a1c3de,Sidebar tone,സൈഡ്ബാർ വർണ്ണശൈലി,,Pending,,
Sign blocked,Sign blocked,ഒപ്പിടൽ തടഞ്ഞു,,Pending,,
ui.sign.in.bfd402b2,Sign in,സൈൻ ഇൻ,,Pending,,
Sign in again to continue. Anything unsaved is still on this screen.,Sign in again to continue. Anything unsaved is still on this screen.,തുടരാൻ വീണ്ടും സൈൻ ഇൻ ചെയ്യുക. സംരക്ഷിക്കാത്തവ സ്ക്രീനിൽ തുടരുന്നു.,,Pending,,
ui.sign.in.again.then.open.the.link.a.second.time.9ecefe43,"Sign in again, then open the link a second time.",വീണ്ടും സൈൻ ഇൻ ചെയ്ത് ലിങ്ക് തുറക്കുക.,,Pending,,
ui.sign.in.to.your.workspace.a49b670e,Sign in to your workspace,നിങ്ങളുടെ വർക്ക്‌സ്‌പേസിലേക്ക് പ്രവേശിക്കുക,,Pending,,
ui.sign.out.48f0d3d3,Sign out,സൈൻ ഔട്ട്,,Pending,,
Signed contract,Signed contract,ഒപ്പിട്ട കരാർ,,Pending,,
Signed in as,Signed in as,പ്രവേശിച്ചിരിക്കുന്നത്,,Pending,,
Signed notes are versioned; corrections are addenda,Signed notes are versioned; corrections are addenda,ഒപ്പിട്ട കുറിപ്പുകൾക്ക് പതിപ്പുകളുണ്ട്; തിരുത്തലുകൾ അനുബന്ധങ്ങളാണ്,,Pending,,
Signed out,Signed out,സൈൻ ഔട്ട് ചെയ്തു,,Pending,,
"Significance, trend, correlation, next investigation.","Significance, trend, correlation, next investigation.","പ്രാധാന്യം, പ്രവണത, ബന്ധം, അടുത്ത പരിശോധന.",,Pending,,
Signs of congestion,Signs of congestion,രക്തക്കെട്ടിന്റെ സൂചനകൾ,,Pending,,
Single schema source,Single schema source,ഒരൊറ്റ സ്കീമ ഉറവിടം,,Pending,,
field.user.sso.label,Single sign-on account,ഏകീകൃത പ്രവേശന അക്കൗണ്ട്,,Pending,,
Site and laterality,Site and laterality,സ്ഥാനവും വശവും,,Pending,,
Skin and wound,Skin and wound,ചർമ്മവും മുറിവും,,Pending,,
Skin temperature,Skin temperature,ചർമ്മ താപനില,,Pending,,
ui.skip.delivery.when.the.filtered.result.is.empty.8d7b6625,Skip delivery when the filtered result is empty.,ഫിൽട്ടർ ചെയ്ത ഫലം ശൂന്യമായാൽ വിതരണം ഒഴിവാക്കുക.,,Pending,,
Sleep,Sleep,ഉറക്കം,,Pending,,
Slow-moving stock,Slow-moving stock,മന്ദഗതിയിലുള്ള സ്റ്റോക്ക്,,Pending,,
"Smart — every word, anywhere in the row","Smart — every word, anywhere in the row",സ്മാർട്ട് — ഓരോ വാക്കും വരിയിൽ എവിടെയെങ്കിലും,,Pending,,
Soft modern workspace,Soft modern workspace,മൃദുവായ ആധുനിക വർക്ക്‌സ്‌പേസ്,,Pending,,
Solid — filled with its colour,Solid — filled with its colour,നിറഞ്ഞത് — സ്വന്തം നിറത്തിൽ,,Pending,,
ui.some.reference.lists.could.not.be.loaded.e9a89fdf,Some reference lists could not be loaded.,ചില റഫറൻസ് പട്ടികകൾ ലോഡ് ചെയ്യാനായില്ല.,,Pending,,
api.message.cc80e385e722,Someone changed this while you were editing.,നിങ്ങൾ തിരുത്തുന്നതിനിടെ മറ്റൊരാൾ ഇത് മാറ്റി.,,Pending,,
Someone updated this while you were working. Reload to see their version before saving yours.,Someone updated this while you were working. Reload to see their version before saving yours.,നിങ്ങൾ പ്രവർത്തിക്കുമ്പോൾ മറ്റൊരാൾ പുതുക്കി. നിങ്ങളുടെ പതിപ്പ് സംരക്ഷിക്കുന്നതിന് മുമ്പ് അവരുടെ പതിപ്പ് കാണാൻ വീണ്ടും ലോഡ് ചെയ്യുക.,,Pending,,
Something went wrong,Something went wrong,എന്തോ തകരാർ സംഭവിച്ചു,,Pending,,
ui.sortable.report.result.grouped.by.branch.a1f1584f,Sortable report result • grouped by branch,ക്രമീകരിക്കാവുന്ന റിപ്പോർട്ട് ഫലം • ശാഖ അനുസരിച്ച് കൂട്ടിയത്,,Pending,,
ui.source.0e570ca6,Source,ഉറവിടം,,Pending,,
Source of history,Source of history,ചരിത്രത്തിന്റെ ഉറവിടം,,Pending,,
Spacious,Spacious,വിശാലം,,Pending,,
field.consultation.specialty.label,Specialty,സ്പെഷ്യാലിറ്റി,,Pending,,
Speculum if indicated,Speculum if indicated,ആവശ്യമെങ്കിൽ സ്പെകുലം,,Pending,,
Speech,Speech,സംസാരം,,Pending,,
Speech and mood,Speech and mood,സംസാരവും മാനസികാവസ്ഥയും,,Pending,,
ui.speech.providers.34325dc3,Speech providers,സംസാര സേവന ദാതാക്കൾ,,Pending,,
Split entry,Split entry,വിഭജിച്ച എൻട്രി,,Pending,,
Split header and lines,Split header and lines,ഹെഡറും ലൈനുകളും വിഭജിക്കുക,,Pending,,
Split payer,Split payer,പണം നൽകുന്ന കക്ഷിയെ വിഭജിക്കുക,,Pending,,
ui.split.view.915c438b,Split view,വിഭജിച്ച കാഴ്ച,,Pending,,
ui.split.with.the.last.document.6b550e05,Split with the last document,അവസാന രേഖയുമായി വിഭജിക്കുക,,Pending,,
ui.spreadsheet.studio.851de496,Spreadsheet Studio,സ്പ്രെഡ്ഷീറ്റ് സ്റ്റുഡിയോ,,Pending,,
Stable,Stable,സ്ഥിരം,,Pending,,
Stable contracts,Stable contracts,സ്ഥിര കരാറുകൾ,,Pending,,
Stage {number} name,Stage {number} name,ഘട്ടം {number} പേര്,,Pending,,
field.user.riskLevel.option.standard,Standard,സാധാരണം,,Pending,,
Standard adult context with age and sex rules where relevant.,Standard adult context with age and sex rules where relevant.,പ്രസക്തമായിടത്ത് പ്രായ ലിംഗ നിയമങ്ങളുള്ള സാധാരണ മുതിർന്നവരുടെ സാഹചര്യം.,,Pending,,
Standard rated 5%,Standard rated 5%,സാധാരണ നിരക്ക് 5%,,Pending,,
ui.start.date.81696931,Start date,ആരംഭ തീയതി,,Pending,,
ui.start.new.import.eabc7445,Start new import,പുതിയ ഇറക്കുമതി ആരംഭിക്കുക,,Pending,,
ui.start.on.b6089ce4,Start on,ആരംഭിക്കുന്നത്,,Pending,,
ui.start.recording.30756af0,Start recording,റെക്കോർഡിംഗ് ആരംഭിക്കുക,,Pending,,
ui.start.up.and.records.5cf466e0,Start-up and records,ആരംഭവും രേഖകളും,,Pending,,
Starts with — a cell begins with it,Starts with — a cell begins with it,ആരംഭിക്കുന്നത് — സെൽ ഇതിൽ തുടങ്ങുന്നു,,Pending,,
State / Emirate,State / Emirate,സംസ്ഥാനം / എമിറേറ്റ്,,Pending,,
ui.status.920e413c,Status,നില,,Pending,,
menu.payroll.pay-compliance.label,Statutory,നിയമാനുസൃതം,,Pending,,
Statutory + voluntary,Statutory + voluntary,നിയമപരവും സ്വമേധയുള്ളതും,,Pending,,
menu.payroll.statutory-report.label,Statutory Report,നിയമാനുസൃത റിപ്പോർട്ട്,,Pending,,
menu.payroll.statutory-master.label,Statutory Rule,നിയമാനുസൃത ചട്ടം,,Pending,,
Step,Step,ഘട്ടം,,Pending,,
ui.step.474a987f,Step ,ഘട്ടം ,,Pending,,
ui.sticky.header.71a03535,Sticky header,സ്ഥിര ഹെഡർ,,Pending,,
menu.supply.stock-adjustment.label,Stock Adjustment,സ്റ്റോക്ക് ക്രമീകരണം,,Pending,,
menu.supply.stock-aging.label,Stock Aging,സ്റ്റോക്കിന്റെ കാലപ്പഴക്കം,,Pending,,
menu.supply.stock.label,Stock Operations,സ്റ്റോക്ക് പ്രവർത്തനങ്ങൾ,,Pending,,
menu.supply.stock-transfer.label,Stock Transfer,സ്റ്റോക്ക് കൈമാറ്റം,,Pending,,
menu.pharmacy.stock-turn-report.label,Stock Turn,സ്റ്റോക്ക് വിറ്റഴിക്കൽ നിരക്ക്,,Pending,,
Stock count variance cleared,Stock count variance cleared,സ്റ്റോക്ക് എണ്ണത്തിലെ വ്യത്യാസം പരിഹരിച്ചു,,Pending,,
menu.pharmacy.stock-on-hand.label,Stock on Hand,ലഭ്യമായ സ്റ്റോക്ക്,,Pending,,
Stock-out risk,Stock-out risk,സ്റ്റോക്ക് തീരൽ സാധ്യത,,Pending,,
Stock-outs,Stock-outs,സ്റ്റോക്ക് തീർന്നവ,,Pending,,
Stockouts,Stockouts,സ്റ്റോക്ക് തീർന്നവ,,Pending,,
ui.stop.cae7d57b,Stop,നിർത്തുക,,Pending,,
field.customer.segment.option.Strategic,Strategic,തന്ത്രപ്രധാനം,,Pending,,
Streamed to the speech gateway; audio is never stored,Streamed to the speech gateway; audio is never stored,സ്പീച്ച് ഗേറ്റ്‌വേയിലേക്ക് സ്ട്രീം ചെയ്യുന്നു; ഓഡിയോ സൂക്ഷിക്കില്ല,,Pending,,
Strength,Strength,ശക്തി,,Pending,,
Stroke and bleeding risk,Stroke and bleeding risk,സ്ട്രോക്കും രക്തസ്രാവവും ഉണ്ടാകാനുള്ള സാധ്യത,,Pending,,
Strong,Strong,ശക്തം,,Pending,,
Structured mental state with risk and safety assessment,Structured mental state with risk and safety assessment,അപകടസാധ്യതയും സുരക്ഷയും വിലയിരുത്തുന്ന ഘടനാപരമായ മാനസിക നില,,Pending,,
Structured prompts plus clinician narrative,Structured prompts plus clinician narrative,ഘടനാപരമായ പ്രോംപ്റ്റുകളും ചികിത്സകന്റെ വിവരണവും,,Pending,,
ui.style.7e744141,Style,ശൈലി,,Pending,,
ui.submit.for.approval.beec6c10,Submit for approval,അംഗീകാരത്തിനായി സമർപ്പിക്കുക,,Pending,,
Submit the current saved record for review? Save any form edits first.,Submit the current saved record for review? Save any form edits first.,നിലവിലെ സംരക്ഷിച്ച രേഖ പരിശോധനയ്ക്ക് സമർപ്പിക്കണോ? ആദ്യം ഫോം മാറ്റങ്ങൾ സംരക്ഷിക്കുക.,,Pending,,
Submitted for approval,Submitted for approval,അംഗീകാരത്തിന് സമർപ്പിച്ചു,,Pending,,
api.approval.submitted,Submitted for {stage},{stage} ഘട്ടത്തിലേക്ക് സമർപ്പിച്ചു,,Pending,,
ui.submitted.once.and.not.kept.in.this.page.1a316320,Submitted once and not kept in this page.,"ഒരിക്കൽ സമർപ്പിക്കുന്നു, ഈ പേജിൽ സൂക്ഷിക്കില്ല.",,Pending,,
Substance use,Substance use,ലഹരിവസ്തു ഉപയോഗം,,Pending,,
Substance-use instrument,Substance-use instrument,ലഹരിവസ്തു ഉപയോഗ വിലയിരുത്തൽ ഉപകരണം,,Pending,,
Subtotal,Subtotal,ഉപതുക,,Pending,,
ui.success.c88a0b90,Success,വിജയം,,Pending,,
Suggest diagnosis codes,Suggest diagnosis codes,രോഗനിർണയ കോഡുകൾ നിർദേശിക്കുക,,Pending,,
Suggest orders,Suggest orders,ഓർഡറുകൾ നിർദേശിക്കുക,,Pending,,
ui.suggest.with.ai.ee9ba75a,Suggest with AI,എഐ ഉപയോഗിച്ച് നിർദേശിക്കുക,,Pending,,
ui.suggestions.only.nothing.is.added.until.you.click.it.and.362de738,"Suggestions only. Nothing is added until you click it, and a code the reply named that is not in this service's catalogue is dropped here rather than shown.",നിർദേശങ്ങൾ മാത്രം. ക്ലിക്ക് ചെയ്യുന്നതുവരെ ഒന്നും ചേർക്കില്ല. ഈ സേവനത്തിന്റെ പട്ടികയിൽ ഇല്ലാത്ത കോഡുകൾ പ്രദർശിപ്പിക്കാതെ ഒഴിവാക്കുന്നു.,,Pending,,
ui.summarise.76a35d0a,Summarise,സംഗ്രഹിക്കുക,,Pending,,
Summarise my unread,Summarise my unread,എന്റെ വായിക്കാത്തവ സംഗ്രഹിക്കുക,,Pending,,
Summarise selected records,Summarise selected records,തിരഞ്ഞെടുത്ത രേഖകൾ സംഗ്രഹിക്കുക,,Pending,,
Summarise selection,Summarise selection,തിരഞ്ഞെടുപ്പ് സംഗ്രഹിക്കുക,,Pending,,
Summarise this encounter,Summarise this encounter,ഈ സന്ദർശനം സംഗ്രഹിക്കുക,,Pending,,
Summarise this report,Summarise this report,ഈ റിപ്പോർട്ട് സംഗ്രഹിക്കുക,,Pending,,
ui.summarise.unread.0781ed9e,Summarise unread,വായിക്കാത്തവ സംഗ്രഹിക്കുക,,Pending,,
"Summarises the clinical picture of this record — ward, diagnosis, length of stay and status. The patient's name is never sent.","Summarises the clinical picture of this record — ward, diagnosis, length of stay and status. The patient's name is never sent.","രേഖയുടെ ക്ലിനിക്കൽ ചിത്രം സംഗ്രഹിക്കുന്നു: വാർഡ്, രോഗനിർണയം, താമസദൈർഘ്യം, നില. രോഗിയുടെ പേര് അയയ്ക്കില്ല.",,Pending,,
"Summarises the clinical records you have selected as a group — where the load is, and which look urgent. No names are sent.","Summarises the clinical records you have selected as a group — where the load is, and which look urgent. No names are sent.",തിരഞ്ഞെടുത്ത ക്ലിനിക്കൽ രേഖകൾ ഒരു കൂട്ടമായി സംഗ്രഹിക്കുന്നു: ജോലിഭാരവും അടിയന്തരമായവയും. പേരുകൾ അയയ്ക്കില്ല.,,Pending,,
"Summarises the records you have selected, using only the columns currently visible.","Summarises the records you have selected, using only the columns currently visible.",നിലവിൽ കാണുന്ന നിരകൾ മാത്രം ഉപയോഗിച്ച് തിരഞ്ഞെടുത്ത രേഖകൾ സംഗ്രഹിക്കുന്നു.,,Pending,,
Summary,Summary,സംഗ്രഹം,,Pending,,
column.supplier-fin-master.name.label,Supplier,വിതരണക്കാരൻ,,Pending,,
menu.supply.supplier-contract.label,Supplier Contract,വിതരണക്കാരന്റെ കരാർ,,Pending,,
column.supplier-fin-master.id.label,Supplier ID,വിതരണക്കാരന്റെ ഐഡി,,Pending,,
Supplier Master,Supplier Master,വിതരണക്കാരുടെ മാസ്റ്റർ,,Pending,,
Supplier OTIF,Supplier OTIF,വിതരണക്കാരന്റെ സമയവും പൂർണ്ണതയും,,Pending,,
menu.supply.supplier-performance.label,Supplier Performance,വിതരണക്കാരന്റെ പ്രകടനം,,Pending,,
Supplier certificate expired,Supplier certificate expired,വിതരണക്കാരന്റെ സർട്ടിഫിക്കറ്റ് കാലഹരണപ്പെട്ടു,,Pending,,
Supplier delay detected,Supplier delay detected,വിതരണക്കാരന്റെ വൈകൽ കണ്ടെത്തി,,Pending,,
module.supply.shortLabel,Supply,വിതരണം,,Pending,,
module.supply.label,Supply Chain,വിതരണ ശൃംഖല,,Pending,,
page.supply-dashboard.title,Supply Chain Command Center,വിതരണ ശൃംഖല നിയന്ത്രണ കേന്ദ്രം,,Pending,,
menu.supply.supply-dashboard.label,Supply Chain Dashboard,വിതരണ ശൃംഖല ഡാഷ്ബോർഡ്,,Pending,,
menu.supply.supply-insights.label,Supply Insights,വിതരണ വിശകലനം,,Pending,,
menu.supply.supply-queues.label,Supply Queues,വിതരണ ക്യൂകൾ,,Pending,,
menu.supply.supply-settings.label,Supply Setup,വിതരണ ക്രമീകരണം,,Pending,,
Support,Support,പിന്തുണ,,Pending,,
Surgical scars,Surgical scars,ശസ്ത്രക്രിയാ പാടുകൾ,,Pending,,
ui.swap.the.panes.55e75080,Swap the panes,പാനലുകൾ പരസ്പരം മാറ്റുക,,Pending,,
Swelling,Swelling,വീക്കം,,Pending,,
Swelling or bruising,Swelling or bruising,വീക്കം അല്ലെങ്കിൽ ചതവ്,,Pending,,
"Symbol — د.إ1,200","Symbol — د.إ1,200","ചിഹ്നം — د.إ1,200",,Pending,,
Symptom burden,Symptom burden,ലക്ഷണങ്ങളുടെ ഭാരം,,Pending,,
Syncope or presyncope,Syncope or presyncope,ബോധക്ഷയം അല്ലെങ്കിൽ അതിനു മുമ്പുള്ള അവസ്ഥ,,Pending,,
System,System,സിസ്റ്റം,,Pending,,
System UI,System UI,സിസ്റ്റം യുഐ,,Pending,,
Systems,Systems,സംവിധാനങ്ങൾ,,Pending,,
ui.tab.options.743b9c60,Tab options,ടാബ് ഓപ്ഷനുകൾ,,Pending,,
Tabbed workspace,Tabbed workspace,ടാബുകളുള്ള വർക്ക്‌സ്‌പേസ്,,Pending,,
ui.tabbing.into.the.rail.expands.it.as.hovering.does.19219038,"Tabbing into the rail expands it, as hovering does",ടാബ് ഉപയോഗിച്ച് റെയിലിലേക്ക് നീങ്ങുമ്പോൾ മൗസ് വച്ചതുപോലെ വികസിക്കുന്നു,,Pending,,
Table,Table,പട്ടിക,,Pending,,
Table view,Table view,പട്ടിക കാഴ്ച,,Pending,,
ui.tables.e3fe2a3f,Tables,പട്ടികകൾ,,Pending,,
Tabs,Tabs,ടാബുകൾ,,Pending,,
field.hr-dashboard.tags.label,Tags,ടാഗുകൾ,,Pending,,
Target 12 min,Target 12 min,ലക്ഷ്യം 12 മിനിറ്റ്,,Pending,,
Target 33.0%,Target 33.0%,ലക്ഷ്യം 33.0%,,Pending,,
Target 4.5,Target 4.5,ലക്ഷ്യം 4.5,,Pending,,
Target 95%,Target 95%,ലക്ഷ്യം 95%,,Pending,,
menu.sales.sales-targets.label,Target Setup,ലക്ഷ്യ ക്രമീകരണം,,Pending,,
Tax,Tax,നികുതി,,Pending,,
Tax %,Tax %,നികുതി %,,Pending,,
Tax & Jurisdiction,Tax & Jurisdiction,നികുതിയും അധികാരപരിധിയും,,Pending,,
Tax & compliance,Tax & compliance,നികുതിയും അനുസരണവും,,Pending,,
ui.tax.invoice.e6876b32,Tax Invoice,നികുതി ഇൻവോയ്സ്,,Pending,,
menu.finance.tax-return.label,Tax Return,നികുതി റിട്ടേൺ,,Pending,,
Tax calculation,Tax calculation,നികുതി കണക്കുകൂട്ടൽ,,Pending,,
ui.tax.evidence.9931fd83,Tax evidence,നികുതി തെളിവ്,,Pending,,
field.customer.taxExempt.label,Tax exempt,നികുതി ഒഴിവുള്ളത്,,Pending,,
ui.tax.invoice.preview.bb224ea0,Tax invoice preview,നികുതി ഇൻവോയ്സ് പ്രിവ്യൂ,,Pending,,
ui.tax.jurisdiction.e332a82c,Tax jurisdiction,നികുതി അധികാരപരിധി,,Pending,,
ui.tax.note.0f0ab65f,Tax note,നികുതി കുറിപ്പ്,,Pending,,
ui.tax.registration.number.a706b6a0,Tax registration number,നികുതി രജിസ്ട്രേഷൻ നമ്പർ,,Pending,,
Tax registration verified,Tax registration verified,നികുതി രജിസ്ട്രേഷൻ പരിശോധിച്ചു,,Pending,,
section.customer.tax.description,"Tax registration, jurisdiction and invoicing settings.","നികുതി രജിസ്ട്രേഷൻ, അധികാരപരിധി, ഇൻവോയ്സ് ക്രമീകരണങ്ങൾ.",,Pending,,
Tax threshold warning,Tax threshold warning,നികുതി പരിധി മുന്നറിയിപ്പ്,,Pending,,
ui.tax.treatment.3d583bc9,Tax treatment,നികുതി രീതി,,Pending,,
ui.tax.validated.78e6c997,Tax validated,നികുതി പരിശോധിച്ചു,,Pending,,
Tax validation completed,Tax validation completed,നികുതി പരിശോധന പൂർത്തിയായി,,Pending,,
ui.tax.credit.and.posting.checks.require.a.connected.busine.99159296,"Tax, credit and posting checks require a connected business service","നികുതി, ക്രെഡിറ്റ്, പോസ്റ്റിംഗ് പരിശോധനകൾക്ക് ബന്ധിപ്പിച്ച ബിസിനസ് സേവനം ആവശ്യമാണ്",,Pending,,
Taxable amount,Taxable amount,നികുതിയുള്ള തുക,,Pending,,
menu.finance.tax-master.label,Taxation Master,നികുതി പട്ടിക,,Pending,,
Technology,Technology,സാങ്കേതികവിദ്യ,,Pending,,
Temperature,Temperature,താപനില,,Pending,,
field.consultation.temperature.label,Temperature (°C),താപനില (°C),,Pending,,
ui.tenant.e23969d2,Tenant,ടെനന്റ്,,Pending,,
Tenderness,Tenderness,തൊടുമ്പോഴുള്ള വേദന,,Pending,,
section.customer.credit.description,"Terms, limits and collection risk.","വ്യവസ്ഥകൾ, പരിധികൾ, പിരിവിലെ അപകടസാധ്യത.",,Pending,,
menu.sales.territory-master.label,Territory Master,പ്രദേശങ്ങളുടെ പട്ടിക,,Pending,,
ui.test.component.feedback.e618724b,Test component feedback,ഘടക പ്രതികരണം പരിശോധിക്കുക,,Pending,,
"Tests, documents, independent historian, independent interpretation, discussion with an external professional.","Tests, documents, independent historian, independent interpretation, discussion with an external professional.","ടെസ്റ്റുകൾ, രേഖകൾ, സ്വതന്ത്ര ചരിത്ര ഉറവിടം, സ്വതന്ത്ര വ്യാഖ്യാനം, ബാഹ്യ വിദഗ്ധനുമായുള്ള ചർച്ച.",,Pending,,
api.message.69f686226e9c,That does not look like a provider key.,ഇത് സാധുവായ പ്രൊവൈഡർ കീ പോലെ തോന്നുന്നില്ല.,,Pending,,
That file is not a preferences export.,That file is not a preferences export.,ഇത് മുൻഗണനകളുടെ എക്സ്പോർട്ട് ഫയലല്ല.,,Pending,,
That record is not available,That record is not available,ആ രേഖ ലഭ്യമല്ല,,Pending,,
api.message.611f057aea7f,That record is not on this list.,ഈ റെക്കോർഡ് ഈ പട്ടികയിൽ ഇല്ല.,,Pending,,
api.message.4957a3c56258,That related record was not found on the selected page.,തിരഞ്ഞെടുത്ത പേജിൽ ബന്ധപ്പെട്ട റെക്കോർഡ് കണ്ടെത്തിയില്ല.,,Pending,,
api.message.eb8a7c7f7292,That saved view is not available.,ആ സംരക്ഷിച്ച കാഴ്ച ലഭ്യമല്ല.,,Pending,,
api.message.b2d5af196572,That worklist does not exist.,ഈ പ്രവർത്തന പട്ടിക നിലവിലില്ല.,,Pending,,
ui.the.b344d80e,The,ഈ,,Pending,,
The CSV contains an unclosed quoted cell.,The CSV contains an unclosed quoted cell.,CSV-യിൽ അടയ്ക്കാത്ത ഉദ്ധരണിയുള്ള സെൽ ഉണ്ട്.,,Pending,,
api.message.0d7e2d97e37d,The OpenAI speech credential is missing.,OpenAI സ്പീച്ച് ക്രെഡൻഷ്യൽ ലഭ്യമല്ല.,,Pending,,
ui.the.action.has.not.been.confirmed.ef061242,The action has not been confirmed.,നടപടി സ്ഥിരീകരിച്ചിട്ടില്ല.,,Pending,,
ui.the.base.url.dispatch.appends.chat.completions.9ba2af6c,The base URL. Dispatch appends /chat/completions.,അടിസ്ഥാന യുആർഎൽ. അയയ്ക്കുമ്പോൾ /chat/completions ചേർക്കുന്നു.,,Pending,,
The branch is 4.0% above budget and leads absolute growth.,The branch is 4.0% above budget and leads absolute growth.,ശാഖ ബജറ്റിനേക്കാൾ 4.0% മുകളിലും മൊത്തവളർച്ചയിൽ മുന്നിലുമാണ്.,,Pending,,
ui.the.change.is.awaiting.confirmation.ad7a6793,The change is awaiting confirmation.,മാറ്റം സ്ഥിരീകരണം കാത്തിരിക്കുന്നു.,,Pending,,
section.consultation.assessment.description,The clinical conclusion and what happens next.,ക്ലിനിക്കൽ നിഗമനവും തുടർനടപടികളും.,,Pending,,
ui.the.clock.in.the.header.9ff89254,The clock in the header.,ഹെഡറിലെ ക്ലോക്ക്.,,Pending,,
The current module's dashboard,The current module's dashboard,നിലവിലെ മൊഡ്യൂളിന്റെ ഡാഷ്ബോർഡ്,,Pending,,
The default worklist view has been restored.,The default worklist view has been restored.,ഡിഫോൾട്ട് പട്ടിക കാഴ്ച പുനഃസ്ഥാപിച്ചു.,,Pending,,
The edited worksheet was downloaded as an Excel file.,The edited worksheet was downloaded as an Excel file.,തിരുത്തിയ ഷീറ്റ് Excel ഫയലായി ഡൗൺലോഡ് ചെയ്തു.,,Pending,,
ui.the.full.page.guide.the.component.library.and.the.develo.c84664a6,"The full page guide, the component library and the developer manual are one click away.","പൂർണ്ണ പേജ് ഗൈഡ്, ഘടക ലൈബ്രറി, ഡെവലപ്പർ മാനുവൽ എന്നിവ ഒറ്റ ക്ലിക്കിൽ ലഭ്യമാണ്.",,Pending,,
"The gateway picks the lowest priority number that is enabled, supports the session language, and has a credential. A provider that is enabled but has no key is","The gateway picks the lowest priority number that is enabled, supports the session language, and has a credential. A provider that is enabled but has no key is",ഗേറ്റ്‌വേ സജീവവും സെഷൻ ഭാഷ പിന്തുണയ്ക്കുന്നതും പ്രവേശന വിവരങ്ങളുള്ളതുമായ ഏറ്റവും കുറഞ്ഞ മുൻഗണനാ നമ്പർ തിരഞ്ഞെടുക്കുന്നു. സജീവമാണെങ്കിലും കീ ഇല്ലാത്ത ദാതാവ്,,Pending,,
ui.the.gateway.picks.the.lowest.priority.number.that.is.ena.1c2a2c84,"The gateway picks the lowest priority number that is enabled, supports the session language, and has a credential. A provider that is enabled but has no key is ",ഗേറ്റ്‌വേ സജീവവും സെഷൻ ഭാഷ പിന്തുണയ്ക്കുന്നതും പ്രവേശന വിവരങ്ങളുള്ളതുമായ ഏറ്റവും കുറഞ്ഞ മുൻഗണനാ നമ്പർ തിരഞ്ഞെടുക്കുന്നു. സജീവമാണെങ്കിലും കീ ഇല്ലാത്ത ദാതാവ് ,,Pending,,
api.message.c5d68aa099de,The import definition is no longer available.,ഇറക്കുമതി നിർവചനം ഇനി ലഭ്യമല്ല.,,Pending,,
ui.the.item.will.be.removed.from.this.record.its.activity.e.16a42e63,The item will be removed from this record. Its activity entry will remain.,ഇനം രേഖയിൽ നിന്ന് നീക്കും. പ്രവർത്തന എൻട്രി നിലനിൽക്കും.,,Pending,,
The mock snapshot was prepared as CSV.,The mock snapshot was prepared as CSV.,മാതൃകാ സ്നാപ്പ്ഷോട്ട് CSV ആയി തയ്യാറാക്കി.,,Pending,,
api.message.d51b0ec57dae,The model ran out of output budget before answering.,ഉത്തരം നൽകുന്നതിന് മുമ്പ് മോഡലിന്റെ ഔട്ട്പുട്ട് പരിധി കഴിഞ്ഞു.,,Pending,,
The page I last had open,The page I last had open,അവസാനം തുറന്ന പേജ്,,Pending,,
The page could not finish loading. This is usually temporary.,The page could not finish loading. This is usually temporary.,പേജ് ലോഡിംഗ് പൂർത്തിയാക്കാനായില്ല. സാധാരണ ഇത് താൽക്കാലികമാണ്.,,Pending,,
api.message.188e13cb3e2d,The provider could not be reached.,പ്രൊവൈഡറെ ബന്ധപ്പെടാനായില്ല.,,Pending,,
api.message.c1244747b419,The provider rejected the request.,പ്രൊവൈഡർ അഭ്യർത്ഥന നിരസിച്ചു.,,Pending,,
api.message.933e49bdd239,The provider returned no text.,പ്രൊവൈഡർ ടെക്സ്റ്റ് നൽകിയില്ല.,,Pending,,
The record service confirmed the save.,The record service confirmed the save.,രേഖാ സേവനം സംരക്ഷണം സ്ഥിരീകരിച്ചു.,,Pending,,
The record service confirmed the save. Posting is a separate workflow.,The record service confirmed the save. Posting is a separate workflow.,രേഖാ സേവനം സംരക്ഷണം സ്ഥിരീകരിച്ചു. പോസ്റ്റിംഗ് പ്രത്യേക പ്രവർത്തനക്രമമാണ്.,,Pending,,
The record was routed to the configured approval workflow.,The record was routed to the configured approval workflow.,രേഖ ക്രമീകരിച്ച അംഗീകാര പ്രവർത്തനക്രമത്തിലേക്ക് അയച്ചു.,,Pending,,
The selected mock action was started.,The selected mock action was started.,തിരഞ്ഞെടുത്ത മാതൃകാ നടപടി ആരംഭിച്ചു.,,Pending,,
The service was unavailable or another window changed the draft. Review it when reopening the record.,The service was unavailable or another window changed the draft. Review it when reopening the record.,സേവനം ലഭ്യമല്ലായിരുന്നു അല്ലെങ്കിൽ മറ്റൊരു വിൻഡോ ഡ്രാഫ്റ്റ് മാറ്റി. രേഖ വീണ്ടും തുറക്കുമ്പോൾ പരിശോധിക്കുക.,,Pending,,
The shared toast service handled this component action.,The shared toast service handled this component action.,പങ്കിട്ട അറിയിപ്പ് സേവനം ഈ ഘടക നടപടി കൈകാര്യം ചെയ്തു.,,Pending,,
ui.the.tax.invoice.workspace.0a0c5f0a,The tax invoice workspace.,നികുതി ഇൻവോയ്സ് വർക്ക്‌സ്‌പേസ്.,,Pending,,
ui.the.top.bar.takes.the.same.palette.choices.as.the.rail.38e44156,The top bar takes the same palette choices as the rail.,മുകളിലെ ബാറിന് റെയിലിന്റെ അതേ നിറ ഓപ്ഷനുകളാണ്.,,Pending,,
ui.the.transcript.appears.here.as.it.is.spoken.419b964f,The transcript appears here as it is spoken.,സംസാരിക്കുമ്പോൾ ട്രാൻസ്ക്രിപ്റ്റ് ഇവിടെ കാണാം.,,Pending,,
ui.the.workspace.asked.for.a.page.that.is.not.in.the.regist.b22d0973,The workspace asked for a page that is not in the registry.,വർക്ക്‌സ്‌പേസ് രജിസ്ട്രിയിൽ ഇല്ലാത്ത പേജ് ആവശ്യപ്പെട്ടു.,,Pending,,
ui.theme.efb52e71,Theme,തീം,,Pending,,
menu.library.theme-studio.label,Theme Studio,തീം സ്റ്റുഡിയോ,,Pending,,
Theme token warning,Theme token warning,തീം ടോക്കൺ മുന്നറിയിപ്പ്,,Pending,,
Theme variants,Theme variants,തീം വകഭേദങ്ങൾ,,Pending,,
ui.theme.aware.interactive.examples.fdb52b03,Theme-aware interactive examples,തീമിനനുസരിച്ചുള്ള സംവേദനാത്മക ഉദാഹരണങ്ങൾ,,Pending,,
Themes,Themes,തീമുകൾ,,Pending,,
There is no messaging service behind this screen — the draft was discarded.,There is no messaging service behind this screen — the draft was discarded.,ഈ സ്ക്രീനിന് സന്ദേശ സേവനമില്ല — ഡ്രാഫ്റ്റ് ഉപേക്ഷിച്ചു.,,Pending,,
ui.they.will.be.excluded.from.this.worklist.records.that.ca.46f15d6e,They will be excluded from this worklist. Records that cannot be archived remain selected.,ഇവ പട്ടികയിൽ നിന്ന് ഒഴിവാകും. ആർക്കൈവ് ചെയ്യാനാകാത്ത രേഖകൾ തിരഞ്ഞെടുത്ത നിലയിൽ തുടരും.,,Pending,,
ui.this.adapter.has.never.run.against.its.provider.in.this.ae3871c2,"This adapter has never run against its provider in this build. Treat anything below as illustrative, not as a transcript.","ഈ ബിൽഡിൽ ഈ അഡാപ്റ്റർ ദാതാവുമായി പ്രവർത്തിച്ചിട്ടില്ല. താഴെയുള്ളത് ഉദാഹരണമാണ്, ട്രാൻസ്ക്രിപ്റ്റല്ല.",,Pending,,
api.message.82bc3ebce796,This change requires an administrator.,ഈ മാറ്റത്തിന് അഡ്മിനിസ്ട്രേറ്റർ ആവശ്യമാണ്.,,Pending,,
api.message.3a7e2a11ea57,This demo supports 100 links per record.,ഈ ഡെമോയിൽ ഓരോ റെക്കോർഡിലും 100 ബന്ധങ്ങൾ അനുവദിക്കുന്നു.,,Pending,,
api.message.9abebc6b02ef,This demo supports 20 attachments per record.,ഈ ഡെമോയിൽ ഓരോ റെക്കോർഡിലും 20 അറ്റാച്ച്മെന്റുകൾ അനുവദിക്കുന്നു.,,Pending,,
api.message.b300d15ae4d4,This demo supports 200 comments per record.,ഈ ഡെമോയിൽ ഓരോ റെക്കോർഡിലും 200 കുറിപ്പുകൾ അനുവദിക്കുന്നു.,,Pending,,
ui.this.derives.a.level.from.what.is.already.documented.78e65b86,This derives a level from what is already documented.,ഇതിനകം രേഖപ്പെടുത്തിയതിൽ നിന്ന് നില നിർണയിക്കുന്നു.,,Pending,,
This device,This device,ഈ ഉപകരണം,,Pending,,
ui.this.document.is.a.tax.invoice.issued.under.uae.vat.rule.fc5e9d6b,This document is a tax invoice issued under UAE VAT rules. Values are expressed in AED.,ഈ രേഖ യുഎഇ വാറ്റ് നിയമങ്ങൾ പ്രകാരം നൽകിയ നികുതി ഇൻവോയ്സാണ്. തുകകൾ AED-ലാണ്.,,Pending,,
This field is required.,This field is required.,ഈ ഫീൽഡ് നിർബന്ധമാണ്.,,Pending,,
api.message.2a46ded27457,This import identifier has already been used.,ഈ ഇറക്കുമതി ഐഡി നേരത്തെ ഉപയോഗിച്ചിട്ടുണ്ട്.,,Pending,,
This is a clinical use case. I confirm the fields above may be sent for record,This is a clinical use case. I confirm the fields above may be sent for record,ഇത് ക്ലിനിക്കൽ ഉപയോഗമാണ്. മുകളിലെ ഫീൽഡുകൾ ഈ രേഖയ്ക്കായി അയയ്ക്കാമെന്ന് ഞാൻ സ്ഥിരീകരിക്കുന്നു,,Pending,,
ui.this.is.a.clinical.use.case.i.confirm.the.fields.above.m.f472ba9e,This is a clinical use case. I confirm the fields above may be sent for record ,ഇത് ക്ലിനിക്കൽ ഉപയോഗമാണ്. മുകളിലെ ഫീൽഡുകൾ ഈ രേഖയ്ക്കായി അയയ്ക്കാമെന്ന് ഞാൻ സ്ഥിരീകരിക്കുന്നു ,,Pending,,
This is not available to your account. Someone with the right permission can open it for you.,This is not available to your account. Someone with the right permission can open it for you.,ഇത് നിങ്ങളുടെ അക്കൗണ്ടിന് ലഭ്യമല്ല. ശരിയായ അനുമതിയുള്ള ഒരാൾക്ക് തുറക്കാം.,,Pending,,
ui.this.is.recorded.against.your.account.by.column.never.by.72dc14ba,"This is recorded against your account — by column, never by value.","ഇത് അക്കൗണ്ടിൽ നിര അനുസരിച്ച് രേഖപ്പെടുത്തുന്നു, മൂല്യം അനുസരിച്ചല്ല.",,Pending,,
api.message.a446049a1732,This item has already been removed. Refresh the panel.,ഈ ഇനം നീക്കം ചെയ്തിട്ടുണ്ട്. പാനൽ പുതുക്കുക.,,Pending,,
api.message.e308d6ea7237,This operation identifier was already used.,ഈ പ്രവർത്തന ഐഡി നേരത്തെ ഉപയോഗിച്ചിട്ടുണ്ട്.,,Pending,,
api.message.6f6495173490,This page does not have an import definition.,ഈ പേജിന് ഇറക്കുമതി നിർവചനം ഇല്ല.,,Pending,,
ui.this.page.is.not.configured.14f9dc66,This page is not configured,ഈ പേജ് ക്രമീകരിച്ചിട്ടില്ല,,Pending,,
"This record does not exist, or it has been removed.","This record does not exist, or it has been removed.",ഈ രേഖ നിലവിലില്ല അല്ലെങ്കിൽ നീക്കം ചെയ്തു.,,Pending,,
api.message.9260fb90d50d,This record is already linked.,ഈ റെക്കോർഡ് ഇതിനകം ബന്ധിപ്പിച്ചിട്ടുണ്ട്.,,Pending,,
api.message.ddd2b8b4d7bd,This saved version is already pending or approved.,ഈ സംരക്ഷിച്ച പതിപ്പ് ഇതിനകം പരിഗണനയിലാണ് അല്ലെങ്കിൽ അംഗീകരിച്ചിട്ടുണ്ട്.,,Pending,,
This should only take a moment.,This should only take a moment.,ഇതിന് ഒരു നിമിഷം മാത്രമേ എടുക്കൂ.,,Pending,,
api.message.f4eb0cf1d3ff,This view changed in another window. Reload the list before trying again.,ഈ കാഴ്ച മറ്റൊരു വിൻഡോയിൽ മാറി. വീണ്ടും ശ്രമിക്കുന്നതിന് മുമ്പ് പട്ടിക പുതുക്കുക.,,Pending,,
ui.this.view.is.not.available.13831e3f,This view is not available,ഈ കാഴ്ച ലഭ്യമല്ല,,Pending,,
ui.this.view.was.shared.with.people.who.have.a.different.pe.04f8e47d,This view was shared with people who have a different permission.,വ്യത്യസ്ത അനുമതികളുള്ളവരുമായി ഈ കാഴ്ച പങ്കിട്ടതാണ്.,,Pending,,
Thought,Thought,ചിന്ത,,Pending,,
"Three — 1,200.000","Three — 1,200.000","മൂന്ന് — 1,200.000",,Pending,,
Thromboembolism risk,Thromboembolism risk,രക്തക്കട്ട മൂലമുള്ള തടസ്സ സാധ്യത,,Pending,,
menu.hr.time.label,Time & Leave,സമയവും അവധിയും,,Pending,,
ui.time.format.80d7dcf2,Time format,സമയ ഫോർമാറ്റ്,,Pending,,
ui.time.zone.b9fe1464,Time zone,സമയ മേഖല,,Pending,,
To date,To date,അവസാന തീയതി,,Pending,,
To my account,To my account,എന്റെ അക്കൗണ്ടിലേക്ക്,,Pending,,
ui.toasts.dd399bac,Toasts,പോപ്പപ്പ് അറിയിപ്പുകൾ,,Pending,,
ui.tokens.per.day.7d000080,Tokens per day,പ്രതിദിന ടോക്കണുകൾ,,Pending,,
Tokens today · {day} UTC,Tokens today · {day} UTC,ഇന്നത്തെ ടോക്കണുകൾ · {day} UTC,,Pending,,
Top 50 suppliers,Top 50 suppliers,മികച്ച 50 വിതരണക്കാർ,,Pending,,
Top center,Top center,മുകളിൽ മധ്യത്തിൽ,,Pending,,
Top left,Top left,മുകളിൽ ഇടത്,,Pending,,
Top right,Top right,മുകളിൽ വലത്,,Pending,,
ui.total.c9b3c382,Total,ആകെ,,Pending,,
ui.total.time.on.the.date.of.the.encounter.minutes.da22cb02,Total time on the date of the encounter (minutes),സന്ദർശന തീയതിയിലെ മൊത്തം സമയം (മിനിറ്റ്),,Pending,,
Totals,Totals,ആകെ തുകകൾ,,Pending,,
Tour,Tour,പര്യടനം,,Pending,,
Trade name,Trade name,വ്യാപാര നാമം,,Pending,,
Transactions,Transactions,ഇടപാടുകൾ,,Pending,,
menu.hr.transfer.label,Transfer & Promotion,സ്ഥലംമാറ്റവും സ്ഥാനക്കയറ്റവും,,Pending,,
"Transition of care: reconciliation, unresolved issues, safety net.","Transition of care: reconciliation, unresolved issues, safety net.","പരിചരണ കൈമാറ്റം: പൊരുത്തപ്പെടുത്തൽ, പരിഹരിക്കാത്ത പ്രശ്നങ്ങൾ, സുരക്ഷാ പദ്ധതി.",,Pending,,
Transition reconciliation,Transition reconciliation,കൈമാറ്റ സമയത്തെ പൊരുത്തപ്പെടുത്തൽ,,Pending,,
Treatment response,Treatment response,ചികിത്സാ പ്രതികരണം,,Pending,,
Trend,Trend,പ്രവണത,,Pending,,
ui.try.again.d8b8392e,Try again,വീണ്ടും ശ്രമിക്കുക,,Pending,,
Try changing the search or filters.,Try changing the search or filters.,തിരച്ചിലോ ഫിൽട്ടറുകളോ മാറ്റിനോക്കുക.,,Pending,,
ui.trying.3ff51b0b,Trying…,ശ്രമിക്കുന്നു…,,Pending,,
ui.turn.off.06f0e210,Turn off,ഓഫ് ചെയ്യുക,,Pending,,
ui.twelve.month.trend.chart.5f2f7a5e,Twelve month trend chart,പന്ത്രണ്ട് മാസത്തെ പ്രവണതാ ചാർട്ട്,,Pending,,
ui.twelve.month.operating.trend.fce298a1,Twelve-month operating trend,പന്ത്രണ്ട് മാസത്തെ പ്രവർത്തന പ്രവണത,,Pending,,
Two or more self-limited; or one stable chronic; or one acute uncomplicated,Two or more self-limited; or one stable chronic; or one acute uncomplicated,സ്വയം കുറയുന്ന രണ്ടോ അതിലധികമോ പ്രശ്നങ്ങൾ; അല്ലെങ്കിൽ സ്ഥിരമായ ഒരു ദീർഘകാല രോഗം; അല്ലെങ്കിൽ സങ്കീർണ്ണതയില്ലാത്ത ഒരു തീവ്ര രോഗം,,Pending,,
"Two — 1,200.00","Two — 1,200.00","രണ്ട് — 1,200.00",,Pending,,
Type,Type,തരം,,Pending,,
ui.type.068e513f,Type ,തരം ,,Pending,,
Type · Post-discharge,Type · Post-discharge,തരം · വിടുതലിനു ശേഷം,,Pending,,
Type · Procedure,Type · Procedure,തരം · നടപടിക്രമം,,Pending,,
ui.typography.cab94aba,Typography,അക്ഷരശൈലി,,Pending,,
UAE Enterprise,UAE Enterprise,യുഎഇ സ്ഥാപനങ്ങൾ,,Pending,,
field.customer.jurisdiction.option.uae-federal,UAE Federal,യുഎഇ ഫെഡറൽ,,Pending,,
UAE Federal VAT,UAE Federal VAT,യുഎഇ ഫെഡറൽ വാറ്റ്,,Pending,,
UAE VAT rules passed with no exceptions,UAE VAT rules passed with no exceptions,യുഎഇ വാറ്റ് നിയമങ്ങൾ അപവാദങ്ങളില്ലാതെ പാസായി,,Pending,,
menu.library.ui-primitives.label,UI Primitives,അടിസ്ഥാന യുഐ ഘടകങ്ങൾ,,Pending,,
USD — US dollar,USD — US dollar,USD — യുഎസ് ഡോളർ,,Pending,,
USD • US Dollar,USD • US Dollar,USD • യുഎസ് ഡോളർ,,Pending,,
Undo navigation,Undo navigation,നാവിഗേഷൻ തിരികെ ചെയ്യുക,,Pending,,
Unexpected text after a closing quote.,Unexpected text after a closing quote.,അവസാന ഉദ്ധരണിക്ക് ശേഷം അപ്രതീക്ഷിത വാചകം.,,Pending,,
ui.unfix.sidebar.fcdb31f7,Unfix sidebar,സൈഡ്ബാറിന്റെ സ്ഥിരത ഒഴിവാക്കുക,,Pending,,
Unit Cost,Unit Cost,യൂണിറ്റ് ചെലവ്,,Pending,,
column.drug-master.unitCost.label,Unit cost,യൂണിറ്റ് ചെലവ്,,Pending,,
menu.supply.uom-master.label,Unit of Measure,അളവിന്റെ യൂണിറ്റ്,,Pending,,
Unit price,Unit price,യൂണിറ്റ് വില,,Pending,,
field.customer.country.option.AE,United Arab Emirates,യുണൈറ്റഡ് അറബ് എമിറേറ്റ്സ്,,Pending,,
field.customer.country.option.GB,United Kingdom,യുണൈറ്റഡ് കിങ്ഡം,,Pending,,
api.message.0368f2f2c447,Unknown approval action.,അജ്ഞാത അംഗീകാര പ്രവർത്തനം.,,Pending,,
api.message.a973ef3ea081,Unknown credential scope.,അജ്ഞാത ക്രെഡൻഷ്യൽ പരിധി.,,Pending,,
api.message.f5003afb7710,Unknown import operation.,അജ്ഞാത ഇറക്കുമതി പ്രവർത്തനം.,,Pending,,
api.message.500eb14fd034,Unknown panel operation.,അജ്ഞാത പാനൽ പ്രവർത്തനം.,,Pending,,
api.message.adbc9361826f,Unknown prompt.,അജ്ഞാത പ്രോംപ്റ്റ്.,,Pending,,
api.message.72f49363c1ee,Unknown record panel.,അജ്ഞാത റെക്കോർഡ് പാനൽ.,,Pending,,
api.message.4875fa0b83e1,Unknown record route.,അജ്ഞാത റെക്കോർഡ് റൂട്ട്.,,Pending,,
api.message.b0c9365a80bf,Unknown view operation.,അജ്ഞാത കാഴ്ച പ്രവർത്തനം.,,Pending,,
Unmapped default: {value},Unmapped default: {value},മാപ്പ് ചെയ്യാത്തതിന്റെ ഡിഫോൾട്ട്: {value},,Pending,,
Unposted journals,Unposted journals,പോസ്റ്റ് ചെയ്യാത്ത ജേണലുകൾ,,Pending,,
Unread only,Unread only,വായിക്കാത്തവ മാത്രം,,Pending,,
ui.unread.8abefced,Unread · ,വായിക്കാത്തത് · ,,Pending,,
Unresolved issues,Unresolved issues,പരിഹരിക്കാത്ത പ്രശ്നങ്ങൾ,,Pending,,
ui.unsaved.changes.a710c2b9,Unsaved changes,സംരക്ഷിക്കാത്ത മാറ്റങ്ങൾ,,Pending,,
ui.unsaved.changes.recovery.pending.f83c324c,Unsaved changes · recovery pending,സംരക്ഷിക്കാത്ത മാറ്റങ്ങൾ · വീണ്ടെടുക്കൽ ബാക്കി,,Pending,,
ui.unset.default.5201a8a8,Unset default,സ്ഥിരസ്ഥിതി ഒഴിവാക്കുക,,Pending,,
Unsigned clinical notes,Unsigned clinical notes,ഒപ്പിടാത്ത ക്ലിനിക്കൽ കുറിപ്പുകൾ,,Pending,,
api.message.55d7eb65faaa,Unsupported language.,ഈ ഭാഷ പിന്തുണയ്ക്കുന്നില്ല.,,Pending,,
ui.unusual.combination.allowed.not.blocked.6e1c22ec,"Unusual combination — allowed, not blocked.","അസാധാരണ കോമ്പിനേഷൻ — അനുവദനീയമാണ്, തടഞ്ഞിട്ടില്ല.",,Pending,,
column.hr-dashboard.updated.label,Updated,പുതുക്കി,,Pending,,
ui.updated.recently.12065961,Updated recently,അടുത്തിടെ പുതുക്കി,,Pending,,
ui.updating.approvals.8c051f99,Updating approvals…,അംഗീകാരങ്ങൾ പുതുക്കുന്നു…,,Pending,,
ui.updating.views.e489ff72,Updating views…,കാഴ്ചകൾ പുതുക്കുന്നു…,,Pending,,
ui.upload.csv.file.032e2024,Upload CSV file,CSV ഫയൽ അപ്‌ലോഡ് ചെയ്യുക,,Pending,,
ui.upload.csv.map.columns.review.validation.confirm.results.e725ed21,Upload CSV → map columns → review validation → confirm → results,CSV അപ്‌ലോഡ് → കോളങ്ങൾ മാപ്പ് ചെയ്യുക → പരിശോധന വിലയിരുത്തുക → സ്ഥിരീകരിക്കുക → ഫലങ്ങൾ,,Pending,,
field.consultation.acuity.option.Urgent,Urgent,അടിയന്തരം,,Pending,,
Urine output,Urine output,മൂത്രത്തിന്റെ അളവ്,,Pending,,
api.message.a122b81f1ee3,Use 1–5 named stages with at least one supported approver role.,പേരുള്ള 1–5 ഘട്ടങ്ങളും പിന്തുണയ്ക്കുന്ന ഒരു അംഗീകാര റോളെങ്കിലും ഉപയോഗിക്കുക.,,Pending,,
"Use 1–80 unique, non-empty column headers.","Use 1–80 unique, non-empty column headers.",1–80 വ്യത്യസ്തവും ശൂന്യമല്ലാത്തതുമായ നിര തലക്കെട്ടുകൾ ഉപയോഗിക്കുക.,,Pending,,
Use a number without currency symbols or grouping separators,Use a number without currency symbols or grouping separators,കറൻസി ചിഹ്നങ്ങളോ ഗ്രൂപ്പിംഗ് വിഭാജകങ്ങളോ ഇല്ലാത്ത സംഖ്യ നൽകുക,,Pending,,
Use a valid date in YYYY-MM-DD format,Use a valid date in YYYY-MM-DD format,YYYY-MM-DD ഫോർമാറ്റിൽ സാധുവായ തീയതി നൽകുക,,Pending,,
Use case,Use case,ഉപയോഗ സാഹചര്യം,,Pending,,
ui.use.saved.version.a5955780,Use saved version,സംരക്ഷിച്ച പതിപ്പ് ഉപയോഗിക്കുക,,Pending,,
"Use true/false, yes/no or 1/0","Use true/false, yes/no or 1/0","true/false, yes/no അല്ലെങ്കിൽ 1/0 ഉപയോഗിക്കുക",,Pending,,
column.user-master.name.label,User,ഉപയോക്താവ്,,Pending,,
column.user-master.id.label,User ID,ഉപയോക്തൃ ഐഡി,,Pending,,
menu.hr.user-master.label,User Master,ഉപയോക്താക്കളുടെ പട്ടിക,,Pending,,
field.user.userCode.label,User code,ഉപയോക്തൃ കോഡ്,,Pending,,
section.user.preferences.title,User defaults,ഉപയോക്തൃ ഡിഫോൾട്ടുകൾ,,Pending,,
ui.username.e3b89e9d,Username,ഉപയോക്തൃനാമം,,Pending,,
api.message.e0fd61be9310,Username or password is incorrect.,ഉപയോക്തൃനാമമോ പാസ്‌വേഡോ തെറ്റാണ്.,,Pending,,
Using the patient-reported scale already in use.,Using the patient-reported scale already in use.,നിലവിൽ ഉപയോഗിക്കുന്ന രോഗി റിപ്പോർട്ട് ചെയ്യുന്ന സ്കെയിൽ ഉപയോഗിച്ച്.,,Pending,,
Using the validated tool configured for this service.,Using the validated tool configured for this service.,ഈ സേവനത്തിന് ക്രമീകരിച്ച സാധൂകരിച്ച ഉപകരണം ഉപയോഗിച്ച്.,,Pending,,
section.library.lib-tools.label,Utilities,ഉപകരണങ്ങൾ,,Pending,,
ui.utilization.dee34f53,Utilization,വിനിയോഗം,,Pending,,
ui.validate.40611abb,Validate,സാധൂകരിക്കുക,,Pending,,
ui.validate.mapped.rows.ecc729da,Validate mapped rows,മാപ്പ് ചെയ്ത വരികൾ പരിശോധിക്കുക,,Pending,,
ui.validate.tax.at.posting.cd691d35,Validate tax at posting,പോസ്റ്റിംഗിൽ നികുതി പരിശോധിക്കുക,,Pending,,
Validating rows…,Validating rows…,വരികൾ പരിശോധിക്കുന്നു…,,Pending,,
ui.validation.and.import.results.37168996,Validation and import results,പരിശോധനയുടെയും ഇറക്കുമതിയുടെയും ഫലങ്ങൾ,,Pending,,
ui.validation.status.d7b6a8ce,Validation status,സാധൂകരണ നില,,Pending,,
ui.validation.approval.posting.and.delivery.history.cc846e31,"Validation, approval, posting and delivery history.","സാധൂകരണം, അംഗീകാരം, പോസ്റ്റിംഗ്, വിതരണം എന്നിവയുടെ ചരിത്രം.",,Pending,,
ui.validation.density.and.theme.are.inherited.80e13234,"Validation, density and theme are inherited.","സാധൂകരണം, സാന്ദ്രത, തീം എന്നിവ പാരമ്പര്യമായി ലഭിക്കുന്നു.",,Pending,,
menu.supply.valuation-method.label,Valuation Method,മൂല്യനിർണയ രീതി,,Pending,,
Values: {values},Values: {values},മൂല്യങ്ങൾ: {values},,Pending,,
Variance,Variance,വ്യത്യാസം,,Pending,,
"Variants, sizes, loading, icons and focus contract","Variants, sizes, loading, icons and focus contract","വകഭേദങ്ങൾ, വലുപ്പങ്ങൾ, ലോഡിംഗ്, ഐക്കണുകൾ, ഫോക്കസ് രീതി",,Pending,,
ui.verify.eea2745e,Verify,പരിശോധിക്കുക,,Pending,,
ui.verifying.and.removing.both.reach.the.provider.or.the.st.b63b3716,"Verifying and removing both reach the provider or the store, so both are audited and both count against the rate limit below. Removing cannot be undone from here — the old value is unreadable by design.",പരിശോധനയും നീക്കലും ദാതാവിലേക്കോ സ്റ്റോറിലേക്കോ എത്തുന്നു; രണ്ടും ഓഡിറ്റ് ചെയ്യപ്പെടുകയും നിരക്കുപരിധിയിൽ കണക്കാക്കുകയും ചെയ്യും. നീക്കൽ ഇവിടെ തിരികെ ചെയ്യാനാവില്ല; പഴയ മൂല്യം വായിക്കാനാവില്ല.,,Pending,,
ui.verifying.63bbd08c,Verifying…,പരിശോധിക്കുന്നു…,,Pending,,
Version,Version,പതിപ്പ്,,Pending,,
api.message.b54d5a8e0bd4,Version conflict.,പതിപ്പുകൾ തമ്മിൽ വൈരുദ്ധ്യം.,,Pending,,
Vertical document,Vertical document,ലംബ രേഖ,,Pending,,
Vertical sections,Vertical sections,ലംബ വിഭാഗങ്ങൾ,,Pending,,
View,View,കാണുക,,Pending,,
ui.view.analysis.4d2cce36,View analysis,വിശകലനം കാണുക,,Pending,,
ui.view.audit.history.c6481351,View audit history,ഓഡിറ്റ് ചരിത്രം കാണുക,,Pending,,
View name,View name,കാഴ്ചയുടെ പേര്,,Pending,,
api.message.498dd0882e44,View not available.,കാഴ്ച ലഭ്യമല്ല.,,Pending,,
"View, Edit and New each get their own container.","View, Edit and New each get their own container.","കാണുക, തിരുത്തുക, പുതിയത് എന്നിവയ്ക്ക് പ്രത്യേക കണ്ടെയ്നർ.",,Pending,,
ui.view.edit.and.new.records.bf236f03,"View, edit and new records","രേഖകൾ കാണുക, തിരുത്തുക, സൃഷ്ടിക്കുക",,Pending,,
ui.view.1d016dda,View:,കാഴ്ച:,,Pending,,
ui.visibility.is.filtered.by.your.current.role.branch.and.f.8c7ca791,"Visibility is filtered by your current role, branch and field-level permissions.","നിലവിലെ റോൾ, ശാഖ, ഫീൽഡ് അനുമതികൾ അനുസരിച്ചാണ് ദൃശ്യത.",,Pending,,
ui.visible.and.editable.fields.can.be.controlled.by.role.br.a623600c,"Visible and editable fields can be controlled by role, branch and record state.","കാണാവുന്നതും തിരുത്താവുന്നതുമായ ഫീൽഡുകൾ റോൾ, ശാഖ, രേഖാ നില അനുസരിച്ച് നിയന്ത്രിക്കാം.",,Pending,,
menu.healthcare.vitals-worklist.label,Vitals & Observations,ജീവസൂചകങ്ങളും നിരീക്ഷണങ്ങളും,,Pending,,
Vitals and measurements,Vitals and measurements,ജീവസൂചനകളും അളവുകളും,,Pending,,
Volume,Volume,അളവ്,,Pending,,
column.patient-master.ward.label,Ward,വാർഡ്,,Pending,,
column.product-master.warehouse.label,Warehouse,വെയർഹൗസ്,,Pending,,
menu.supply.warehouse-master.label,Warehouse Master,ഗോഡൗണുകളുടെ പട്ടിക,,Pending,,
Warm amber and clay,Warm amber and clay,ഊഷ്മള ആമ്പറും കളിമൺ നിറവും,,Pending,,
Warm boardroom neutral,Warm boardroom neutral,യോഗമുറിക്കുള്ള ഊഷ്മള നിഷ്പക്ഷ നിറം,,Pending,,
"Warm paper, low-glare accents","Warm paper, low-glare accents","ഊഷ്മള കടലാസ്, കുറഞ്ഞ തിളക്കമുള്ള നിറങ്ങൾ",,Pending,,
ui.warning.e981ddae,Warning,മുന്നറിയിപ്പ്,,Pending,,
Warning signs,Warning signs,മുന്നറിയിപ്പ് സൂചനകൾ,,Pending,,
Watch,Watch,നിരീക്ഷിക്കുക,,Pending,,
Week to date,Week to date,ഈ ആഴ്ച ഇതുവരെ,,Pending,,
Weekly,Weekly,പ്രതിവാരം,,Pending,,
Weight centile,Weight centile,ഭാരത്തിന്റെ പെർസെന്റൈൽ,,Pending,,
Weight-based medication review,Weight-based medication review,ഭാരാധിഷ്ഠിത മരുന്ന് പരിശോധന,,Pending,,
Weight-bearing ability,Weight-bearing ability,ഭാരം താങ്ങാനുള്ള കഴിവ്,,Pending,,
Weighted AED 41.8M,Weighted AED 41.8M,ഭാരിത മൂല്യം AED 41.8M,,Pending,,
ui.welcome.back.66212495,Welcome back,വീണ്ടും സ്വാഗതം,,Pending,,
Well-child and immunisation review,Well-child and immunisation review,ശിശു ആരോഗ്യവും പ്രതിരോധ കുത്തിവയ്പ്പും പരിശോധിക്കൽ,,Pending,,
Wellbeing and risk review,Wellbeing and risk review,ക്ഷേമവും അപകടസാധ്യതയും പരിശോധിക്കൽ,,Pending,,
page.dispense-history.subtitle,"What has been dispensed, when and by whom.","എന്ത് വിതരണം ചെയ്തു, എപ്പോൾ, ആരാണ് നൽകിയത്.",,Pending,,
ui.what.is.allowed.and.what.has.been.used.5a7bc7b9,"What is allowed, and what has been used.",അനുവദിച്ചതും ഉപയോഗിച്ചതും.,,Pending,,
section.consultation.presentation.description,"What the patient came with, in their terms and yours.","രോഗി വന്നതിന്റെ കാരണം, രോഗിയുടെയും നിങ്ങളുടെയും വാക്കുകളിൽ.",,Pending,,
Where a joint-specific instrument is configured.,Where a joint-specific instrument is configured.,സന്ധിക്കനുസരിച്ചുള്ള ഉപകരണം ക്രമീകരിച്ചിരിക്കുമ്പോൾ.,,Pending,,
Where a perinatal screening workflow is configured.,Where a perinatal screening workflow is configured.,പ്രസവകാല സ്ക്രീനിംഗ് പ്രവർത്തനക്രമം ക്രമീകരിച്ചിരിക്കുമ്പോൾ.,,Pending,,
Where anxiety assessment is clinically appropriate.,Where anxiety assessment is clinically appropriate.,ഉത്കണ്ഠ വിലയിരുത്തൽ ചികിത്സാപരമായി അനുയോജ്യമാകുമ്പോൾ.,,Pending,,
Where configured for this setting and age band.,Where configured for this setting and age band.,ഈ സാഹചര്യത്തിനും പ്രായവിഭാഗത്തിനും ക്രമീകരിച്ചിരിക്കുമ്പോൾ.,,Pending,,
ui.where.dispatch.sends.and.as.what.88c3fbaa,"Where dispatch sends, and as what.",അഭ്യർത്ഥന എവിടേക്കും ഏതു മോഡലിലൂടെയും അയയ്ക്കുന്നു.,,Pending,,
Where heart-failure symptom burden is being assessed.,Where heart-failure symptom burden is being assessed.,ഹൃദയപരാജയ ലക്ഷണങ്ങളുടെ ഭാരം വിലയിരുത്തുമ്പോൾ.,,Pending,,
Where screening or monitoring is clinically appropriate.,Where screening or monitoring is clinically appropriate.,സ്ക്രീനിംഗോ നിരീക്ഷണമോ ചികിത്സാപരമായി അനുയോജ്യമാകുമ്പോൾ.,,Pending,,
Where syncope or hypotension is part of the presentation.,Where syncope or hypotension is part of the presentation.,ബോധക്ഷയമോ കുറഞ്ഞ രക്തസമ്മർദ്ദമോ ലക്ഷണങ്ങളിൽ ഉൾപ്പെടുമ്പോൾ.,,Pending,,
ui.where.they.appear.how.long.they.stay.and.how.they.look.t.45d90d6b,"Where they appear, how long they stay, and how they look. Try one below.","അവ എവിടെ, എത്രനേരം, എങ്ങനെ കാണണം. താഴെ പരീക്ഷിക്കുക.",,Pending,,
ui.where.you.land.and.how.records.open.966655be,"Where you land, and how records open.","എവിടെ ആരംഭിക്കണം, രേഖകൾ എങ്ങനെ തുറക്കണം.",,Pending,,
ui.which.side.the.panel.slides.in.from.f9b767af,Which side the panel slides in from,പാനൽ ഏതു വശത്തുനിന്ന് തുറക്കണം,,Pending,,
section.consultation.encounter.description,"Who was seen, by whom, and under what cover.","ആരെയാണ് പരിശോധിച്ചത്, ആരാണ് പരിശോധിച്ചത്, ഏത് പരിരക്ഷയിൽ.",,Pending,,
Win rate,Win rate,വിജയ നിരക്ക്,,Pending,,
Within budget,Within budget,ബജറ്റിനുള്ളിൽ,,Pending,,
Wizard,Wizard,വിസാർഡ്,,Pending,,
Work of breathing,Work of breathing,ശ്വസന അധ്വാനം,,Pending,,
Workbook exported,Workbook exported,വർക്ക്ബുക്ക് എക്സ്പോർട്ട് ചെയ്തു,,Pending,,
Workbook imported,Workbook imported,വർക്ക്ബുക്ക് ഇംപോർട്ട് ചെയ്തു,,Pending,,
menu.hr.workforce-report.label,Workforce Analytics,ജീവനക്കാരുടെ വിശകലനം,,Pending,,
menu.hr.workforce.label,Workforce Events,ജീവനക്കാരുമായി ബന്ധപ്പെട്ട സംഭവങ്ങൾ,,Pending,,
Worklist,Worklist,പ്രവർത്തന പട്ടിക,,Pending,,
ui.worklist.result.view.cf59af18,Worklist result view,പ്രവർത്തന പട്ടിക ഫല കാഴ്ച,,Pending,,
ui.worklist.tables.and.card.grids.5a500f4e,Worklist tables and card grids.,പ്രവർത്തന പട്ടികകളും കാർഡ് ഗ്രിഡുകളും.,,Pending,,
Worklists,Worklists,പ്രവർത്തന പട്ടികകൾ,,Pending,,
ui.worklists.searching.filtering.previews.and.exports.92f2139f,"Worklists, searching, filtering, previews and exports.","പ്രവർത്തന പട്ടികകൾ, തിരച്ചിൽ, ഫിൽട്ടറിംഗ്, പ്രിവ്യൂകൾ, എക്സ്പോർട്ടുകൾ.",,Pending,,
Workspace,Workspace,വർക്ക്‌സ്‌പേസ്,,Pending,,
menu.library.workspace-tools.label,Workspace Tools,പ്രവർത്തനമേഖല ഉപകരണങ്ങൾ,,Pending,,
ui.workspace.and.organization.d397b4b0,Workspace and organization,വർക്ക്‌സ്‌പേസും സ്ഥാപനവും,,Pending,,
Workspace tabs,Workspace tabs,വർക്ക്‌സ്‌പേസ് ടാബുകൾ,,Pending,,
ui.wrap.long.text.0815b2b6,Wrap long text,നീണ്ട വാചകം വരികളായി കാണിക്കുക,,Pending,,
ui.write.a.reply.182fe0aa,Write a reply…,മറുപടി എഴുതുക…,,Pending,,
Write-only,Write-only,എഴുതാൻ മാത്രം,,Pending,,
ui.write.only.set.and.replaced.here.never.read.back.c6b23d5d,"Write-only — set and replaced here, never read back.","എഴുതാൻ മാത്രം — ഇവിടെ സജ്ജമാക്കാം, മാറ്റാം; തിരികെ വായിക്കാനാവില്ല.",,Pending,,
"Write-only. The value is never returned by any endpoint, so it cannot be shown here or checked by eye — the last four characters and a fingerprint are what distinguish one key from another. Use","Write-only. The value is never returned by any endpoint, so it cannot be shown here or checked by eye — the last four characters and a fingerprint are what distinguish one key from another. Use",എഴുതാൻ മാത്രം. എൻഡ്പോയിന്റുകൾ മൂല്യം തിരികെ നൽകില്ല; ഇവിടെ കാണിക്കാനോ കണ്ണുകൊണ്ട് പരിശോധിക്കാനോ കഴിയില്ല. അവസാന നാല് അക്ഷരങ്ങളും ഫിംഗർപ്രിന്റും കീകൾ തിരിച്ചറിയാൻ സഹായിക്കും. ഉപയോഗിക്കുക,,Pending,,
ui.write.only.the.value.is.never.returned.by.any.endpoint.s.b22264b9,"Write-only. The value is never returned by any endpoint, so it cannot be shown here or checked by eye — the last four characters and a fingerprint are what distinguish one key from another. Use ",എഴുതാൻ മാത്രം. എൻഡ്പോയിന്റുകൾ മൂല്യം തിരികെ നൽകില്ല; ഇവിടെ കാണിക്കാനോ കണ്ണുകൊണ്ട് പരിശോധിക്കാനോ കഴിയില്ല. അവസാന നാല് അക്ഷരങ്ങളും ഫിംഗർപ്രിന്റും കീകൾ തിരിച്ചറിയാൻ സഹായിക്കും. ഉപയോഗിക്കുക ,,Pending,,
Year to date,Year to date,ഈ വർഷം ഇതുവരെ,,Pending,,
ui.you.can.return.to.the.list.to.view.available.records.5482214b,You can return to the list to view available records.,ലഭ്യമായ രേഖകൾ കാണാൻ പട്ടികയിലേക്ക് മടങ്ങാം.,,Pending,,
api.message.56965921d180,You cannot archive this record.,ഈ റെക്കോർഡ് ആർക്കൈവ് ചെയ്യാൻ നിങ്ങൾക്ക് കഴിയില്ല.,,Pending,,
"You typed ""{mine}"". It now says ""{theirs}"". Your change was not saved.","You typed ""{mine}"". It now says ""{theirs}"". Your change was not saved.","നിങ്ങൾ ""{mine}"" നൽകി. ഇപ്പോഴത്തെ മൂല്യം ""{theirs}"" ആണ്. നിങ്ങളുടെ മാറ്റം സംരക്ഷിച്ചില്ല.",,Pending,,
ui.your.account.does.not.have.access.to.this.page.e10366ba,Your account does not have access to this page.,നിങ്ങളുടെ അക്കൗണ്ടിന് ഈ പേജിലേക്ക് പ്രവേശനമില്ല.,,Pending,,
ui.your.current.access.allows.reading.only.e3f1b863,Your current access allows reading only.,നിലവിലെ അനുമതി വായിക്കാൻ മാത്രമാണ്.,,Pending,,
ui.your.edits.1eaa375b,Your edits,നിങ്ങളുടെ മാറ്റങ്ങൾ,,Pending,,
ui.your.message.7a057bd9,Your message,നിങ്ങളുടെ സന്ദേശം,,Pending,,
api.message.78430f3b7add,Your role cannot change record panels.,നിങ്ങളുടെ റോളിന് റെക്കോർഡ് പാനലുകൾ മാറ്റാൻ അനുമതിയില്ല.,,Pending,,
api.message.7cfa1d1c6fe6,Your role cannot import records.,നിങ്ങളുടെ റോളിന് റെക്കോർഡുകൾ ഇറക്കുമതി ചെയ്യാൻ അനുമതിയില്ല.,,Pending,,
api.message.097943763f47,Your role cannot use approvals.,നിങ്ങളുടെ റോളിന് അംഗീകാരങ്ങൾ ഉപയോഗിക്കാൻ അനുമതിയില്ല.,,Pending,,
api.message.1970417725ab,Your session ended.,നിങ്ങളുടെ സെഷൻ അവസാനിച്ചു.,,Pending,,
Your session has ended,Your session has ended,നിങ്ങളുടെ സെഷൻ അവസാനിച്ചു,,Pending,,
ui.your.values.match.this.version.deecc49a,Your values match this version.,നിങ്ങളുടെ മൂല്യങ്ങൾ ഈ പതിപ്പുമായി പൊരുത്തപ്പെടുന്നു.,,Pending,,
ui.zebra.stripes.ad73773d,Zebra stripes,ഒന്നിടവിട്ട വരികളുടെ നിറം,,Pending,,
Zero rated,Zero rated,പൂജ്യം നിരക്ക്,,Pending,,
ago,ago,മുമ്പ്,,Pending,,
an unidentified user,an unidentified user,തിരിച്ചറിയാത്ത ഉപയോക്താവ്,,Pending,,
an unknown role,an unknown role,അറിയാത്ത റോൾ,,Pending,,
approve,approve,അംഗീകരിച്ചു,,Pending,,
approved,approved,അംഗീകരിച്ചു,,Pending,,
ui.by.decision.making.8638211d,by decision making,തീരുമാനത്തിന്റെ അടിസ്ഥാനത്തിൽ,,Pending,,
ui.by.time.2af7b471,by time,സമയത്തിന്റെ അടിസ്ഥാനത്തിൽ,,Pending,,
ui.cannot.be.put.in.a.link.save.a.view.to.share.this.b838f347,cannot be put in a link. Save a view to share this.,ലിങ്കിൽ ഉൾപ്പെടുത്താനാവില്ല. പങ്കിടാൻ കാഴ്ച സംരക്ഷിക്കുക.,,Pending,,
captured,captured,പകർത്തിയത്,,Pending,,
ui.carried.out.of.the.building.fe624e77,carried out of the building,കെട്ടിടത്തിന് പുറത്തേക്ക് കൊണ്ടുപോയത്,,Pending,,
ui.changed.d67e2e94,changed,മാറി,,Pending,,
changes-requested,changes-requested,മാറ്റങ്ങൾ ആവശ്യപ്പെട്ടു,,Pending,,
ui.clinical.98569e7e,clinical,ക്ലിനിക്കൽ,,Pending,,
clinical template,clinical template,ക്ലിനിക്കൽ ടെംപ്ലേറ്റ്,,Pending,,
combinations,combinations,കോമ്പിനേഷനുകൾ,,Pending,,
composed template,composed template,സംയോജിത ടെംപ്ലേറ്റ്,,Pending,,
ui.configured.20158224,configured,ക്രമീകരിച്ചത്,,Pending,,
ui.connecting.4b639453,connecting…,ബന്ധിപ്പിക്കുന്നു…,,Pending,,
ui.data.rows.the.first.row.supplies.column.headers.7533f307,data rows. The first row supplies column headers.,ഡാറ്റ വരികൾ. ആദ്യ വരി നിരകളുടെ തലക്കെട്ടുകളാണ്.,,Pending,,
days,days,ദിവസങ്ങൾ,,Pending,,
ui.defaults.in.use.9afc074e,defaults in use,ഡിഫോൾട്ടുകൾ ഉപയോഗിക്കുന്നു,,Pending,,
ui.disabled.17eb3c01,disabled,പ്രവർത്തനരഹിതം,,Pending,,
down,down,താഴേക്ക്,,Pending,,
ui.enabled.fb9cf756,enabled,സജീവം,,Pending,,
ui.enterprise.admin.c90de4a1,enterprise-admin,സ്ഥാപന അഡ്മിൻ,,Pending,,
ui.failed.5d28a90f,failed,പരാജയപ്പെട്ടു,,Pending,,
families,families,കുടുംബങ്ങൾ,,Pending,,
ui.field.c0d2856b,field,ഫീൽഡ്,,Pending,,
ui.fields.bfe5d697,fields,ഫീൽഡുകൾ,,Pending,,
ui.filter.dfc3376b,filter,ഫിൽട്ടർ,,Pending,,
final segment,final segment,അവസാന ഭാഗം,,Pending,,
finance-manager,finance-manager,ധനകാര്യ മാനേജർ,,Pending,,
for the commands available on this page.,for the commands available on this page.,ഈ പേജിൽ ലഭ്യമായ കമാൻഡുകൾക്കായി.,,Pending,,
ui.forwarded.8e12cac1,forwarded,കൈമാറിയത്,,Pending,,
gate. You will see exactly what is captured before anything is sent.,gate. You will see exactly what is captured before anything is sent.,. അയയ്ക്കുന്നതിനുമുമ്പ് എന്താണ് പകർത്തുന്നതെന്ന് കൃത്യമായി കാണാം.,,Pending,,
ui.healthy.87695fda,healthy,ആരോഗ്യകരം,,Pending,,
ui.in.my.preferences.to.skip.this.prompt.0e1972b0,in My Preferences to skip this prompt.,"എന്റെ മുൻഗണനകളിൽ, ഈ സന്ദേശം ഒഴിവാക്കാൻ.",,Pending,,
invalid,invalid,അസാധു,,Pending,,
"is resolved server-side at dispatch and is never sent to a browser, so it cannot be read, replayed or edited from here — changing one is a server deployment.","is resolved server-side at dispatch and is never sent to a browser, so it cannot be read, replayed or edited from here — changing one is a server deployment.","അയയ്ക്കുമ്പോൾ സെർവറിൽ നിർണയിക്കുന്നു, ബ്രൗസറിലേക്ക് അയയ്ക്കില്ല; ഇവിടെ നിന്ന് വായിക്കാനോ വീണ്ടും പ്രവർത്തിപ്പിക്കാനോ തിരുത്താനോ കഴിയില്ല. മാറ്റത്തിന് സെർവർ വിന്യാസം ആവശ്യമാണ്.",,Pending,,
is worth showing: 20 because someone chose 20 and 20 because nothing is configured look identical in the number alone.,is worth showing: 20 because someone chose 20 and 20 because nothing is configured look identical in the number alone.,കാണിക്കുന്നത് ഉപകാരപ്രദമാണ്: ഒരാൾ തിരഞ്ഞെടുത്ത 20-ഉം ഒന്നും ക്രമീകരിക്കാത്തതിനാൽ വന്ന 20-ഉം സംഖ്യയായി ഒരുപോലെ കാണാം.,,Pending,,
ui.it.is.outside.this.application.no.retention.rule.reaches.b3c815a5,"it is outside this application: no retention rule reaches it, and nobody is asked again when it is","ഇത് ആപ്പിന് പുറത്താണ്: സൂക്ഷിക്കൽ നിയമങ്ങൾ ബാധകമല്ല, വീണ്ടും ചോദിക്കില്ല, ഇത്",,Pending,,
ui.key.cbc3fdcb,key ····,കീ ····,,Pending,,
api.message.fbdc4d87103a,layout.columns must be an array.,layout.columns ഒരു അറേ ആയിരിക്കണം.,,Pending,,
left drawer,left drawer,ഇടത് പാനൽ,,Pending,,
line items •,line items •,ലൈൻ ഇനങ്ങൾ •,,Pending,,
messages,messages,സന്ദേശങ്ങൾ,,Pending,,
min ·,min ·,മിനിറ്റ് ·,,Pending,,
ui.navigation.d70d5a79,navigation,നാവിഗേഷൻ,,Pending,,
ui.never.6497e4b3,never,ഒരിക്കലുമില്ല,,Pending,,
ui.no.key.a199dc8c,no key,കീ ഇല്ല,,Pending,,
ui.not.set.1aef9399,not set,സജ്ജമാക്കിയിട്ടില്ല,,Pending,,
notifications,notifications,അറിയിപ്പുകൾ,,Pending,,
ui.of.28391d3b,of,ഇൽ,,Pending,,
open,open,തുറന്നത്,,Pending,,
operational,operational,പ്രവർത്തിക്കുന്നു,,Pending,,
operations-analyst,operations-analyst,ഓപ്പറേഷൻസ് അനലിസ്റ്റ്,,Pending,,
ui.or.7175517a,or,അല്ലെങ്കിൽ,,Pending,,
patient,patient,രോഗി,,Pending,,
ui.paused.a7a9dc5b,paused,താൽക്കാലികമായി നിർത്തി,,Pending,,
pending,pending,തീർപ്പാകാത്തത്,,Pending,,
ui.printed.dda3af6e,printed,പ്രിന്റ് ചെയ്തത്,,Pending,,
ui.printout.c05892a2,printout,പ്രിന്റ് പകർപ്പ്,,Pending,,
priority,priority,മുൻഗണന,,Pending,,
ui.priority.5f016d6d,priority ,മുൻഗണന ,,Pending,,
problem context,problem context,പ്രശ്നത്തിന്റെ സാഹചര്യം,,Pending,,
ui.records.a94e7bcf,records,രേഖകൾ,,Pending,,
ui.redacted.b68919af,redacted,മറച്ചത്,,Pending,,
registered,registered,രജിസ്റ്റർ ചെയ്തത്,,Pending,,
reject,reject,നിരസിച്ചു,,Pending,,
rejected,rejected,നിരസിച്ചു,,Pending,,
request-changes,request-changes,മാറ്റങ്ങൾ ആവശ്യപ്പെട്ടു,,Pending,,
ui.required.d0a36305,required,നിർബന്ധം,,Pending,,
"required sections. This measures whether the note is filled in, not whether it is clinically sufficient — and it is not a billing indicator.","required sections. This measures whether the note is filled in, not whether it is clinically sufficient — and it is not a billing indicator.","നിർബന്ധമായ വിഭാഗങ്ങൾ. കുറിപ്പ് പൂരിപ്പിച്ചോ എന്നാണ് അളക്കുന്നത്, ചികിത്സാപരമായി മതിയോ എന്നല്ല; ബില്ലിംഗ് സൂചകവുമല്ല.",,Pending,,
resubmitted,resubmitted,വീണ്ടും സമർപ്പിച്ചു,,Pending,,
right drawer,right drawer,വലത് പാനൽ,,Pending,,
risk layer,risk layer,അപകടസാധ്യതാ തലം,,Pending,,
rows,rows,വരികൾ,,Pending,,
ui.sections.4697ef32,sections,വിഭാഗങ്ങൾ,,Pending,,
"sections, ordered core → type → specialty → complaint → context. Each names its layer.","sections, ordered core → type → specialty → complaint → context. Each names its layer.",വിഭാഗങ്ങൾ: അടിസ്ഥാനം → തരം → സ്പെഷ്യാലിറ്റി → പരാതി → സാഹചര്യം. ഓരോന്നും അതിന്റെ തലം കാണിക്കുന്നു.,,Pending,,
ui.selected.d7cbbb68,selected,തിരഞ്ഞെടുത്തത്,,Pending,,
ui.skipped.not.attempted.59189ba9,"skipped, not attempted",ശ്രമിക്കാതെ ഒഴിവാക്കി,,Pending,,
ui.streaming.b304adc3,streaming,സ്ട്രീമിംഗ്,,Pending,,
submitted,submitted,സമർപ്പിച്ചു,,Pending,,
ui.succeeded.5cbc2fb4,succeeded ·,വിജയിച്ചു ·,,Pending,,
ui.success.aee40884,success,വിജയിച്ചു,,Pending,,
ui.text.982d9e3e,text,വാചകം,,Pending,,
ui.that.field.533d6c97,that field,ആ ഫീൽഡ്,,Pending,,
this view,this view,ഈ കാഴ്ച,,Pending,,
ui.those.fields.1ad330c4,those fields,ആ ഫീൽഡുകൾ,,Pending,,
to,to,വരെ,,Pending,,
to find out whether it still works.,to find out whether it still works.,ഇപ്പോഴും പ്രവർത്തിക്കുന്നുണ്ടോ എന്ന് അറിയാൻ.,,Pending,,
ui.total.time.not.by.counting.history.and.examination.bulle.4ca4c59a,"total time, not by counting history and examination bullets. US CPT guidance; it does not apply to this tenant's UAE billing.",മൊത്തം സമയം; ചരിത്രവും പരിശോധനാ പോയിന്റുകളും എണ്ണിയല്ല. യുഎസ് CPT മാർഗനിർദേശം ഈ ടെനന്റിന്റെ യുഎഇ ബില്ലിംഗിന് ബാധകമല്ല.,,Pending,,
"unavailable, so","unavailable, so","ലഭ്യമല്ല, അതിനാൽ",,Pending,,
unchanged,unchanged,മാറ്റമില്ല,,Pending,,
unknown,unknown,അറിയില്ല,,Pending,,
ui.unread.2cc1c371,unread,വായിക്കാത്തത്,,Pending,,
up,up,മുകളിലേക്ക്,,Pending,,
visit intent,visit intent,സന്ദർശന ഉദ്ദേശ്യം,,Pending,,
vs previous period,vs previous period,മുൻ കാലയളവുമായി താരതമ്യം,,Pending,,
ui.will.contain.8ae754fa,will contain,ഇതിൽ ഉൾപ്പെടും,,Pending,,
will look empty. Other fields are unaffected.,will look empty. Other fields are unaffected.,ശൂന്യമായി കാണും. മറ്റു ഫീൽഡുകളെ ബാധിക്കില്ല.,,Pending,,
ui.working.5aaf3b70,working…,പ്രവർത്തിക്കുന്നു…,,Pending,,
worklist,worklist,പ്രവൃത്തിപ്പട്ടിക,,Pending,,
{action} action,{action} action,{action} നടപടി,,Pending,,
{count} field captured,{count} field captured,പകർത്തിയ ഫീൽഡുകൾ: {count},,Pending,,
{count} field need attention.,{count} field need attention.,ശ്രദ്ധ ആവശ്യമുള്ള ഫീൽഡുകൾ: {count}.,,Pending,,
{count} fields captured,{count} fields captured,പകർത്തിയ ഫീൽഡുകൾ: {count},,Pending,,
{count} fields need attention.,{count} fields need attention.,ശ്രദ്ധ ആവശ്യമുള്ള ഫീൽഡുകൾ: {count}.,,Pending,,
{count} filter cannot be put in a link. Save a view to share this.,{count} filter cannot be put in a link. Save a view to share this.,ലിങ്കിൽ ഉൾപ്പെടുത്താനാകാത്ത ഫിൽട്ടറുകൾ: {count}. പങ്കിടാൻ കാഴ്ച സംരക്ഷിക്കുക.,,Pending,,
{count} filters cannot be put in a link. Save a view to share this.,{count} filters cannot be put in a link. Save a view to share this.,ലിങ്കിൽ ഉൾപ്പെടുത്താനാകാത്ത ഫിൽട്ടറുകൾ: {count}. പങ്കിടാൻ കാഴ്ച സംരക്ഷിക്കുക.,,Pending,,
{count} option,{count} option,ഓപ്ഷനുകൾ: {count},,Pending,,
{count} options,{count} options,ഓപ്ഷനുകൾ: {count},,Pending,,
{count} palettes. Each card is drawn with that theme's real tokens.,{count} palettes. Each card is drawn with that theme's real tokens.,{count} വർണ്ണപ്പട്ടികകൾ. ഓരോ കാർഡും ആ തീമിന്റെ യഥാർത്ഥ ഡിസൈൻ മൂല്യങ്ങൾ ഉപയോഗിക്കുന്നു.,,Pending,,
{count} rows loaded into Spreadsheet Studio.,{count} rows loaded into Spreadsheet Studio.,സ്പ്രെഡ്ഷീറ്റ് സ്റ്റുഡിയോയിൽ ലോഡ് ചെയ്ത വരികൾ: {count}.,,Pending,,
{decision} for {count} record(s)? Your comment will be added to each history.,{decision} for {count} record(s)? Your comment will be added to each history.,{count} രേഖകൾക്ക് {decision}? നിങ്ങളുടെ അഭിപ്രായം ഓരോ ചരിത്രത്തിലും ചേർക്കും.,,Pending,,
{field} cannot be empty.,{field} cannot be empty.,{field} ശൂന്യമാകരുത്.,,Pending,,
{field} cannot be negative.,{field} cannot be negative.,{field} നെഗറ്റീവ് ആകരുത്.,,Pending,,
{field} is required,{field} is required,{field} നിർബന്ധമാണ്,,Pending,,
{field} must be a number,{field} must be a number,{field} ഒരു സംഖ്യയായിരിക്കണം,,Pending,,
{field} must be a number.,{field} must be a number.,{field} സംഖ്യയായിരിക്കണം.,,Pending,,
{field} must be at least {value},{field} must be at least {value},{field} കുറഞ്ഞത് {value} ആയിരിക്കണം,,Pending,,
{field} must be at most {value},{field} must be at most {value},{field} പരമാവധി {value} ആയിരിക്കണം,,Pending,,
{field} was changed by someone else,{field} was changed by someone else,{field} മറ്റൊരാൾ മാറ്റിയിരിക്കുന്നു,,Pending,,
{label} ({count} unread),{label} ({count} unread),{label} ({count} വായിക്കാത്തവ),,Pending,,
{percent}% favorable,{percent}% favorable,{percent}% അനുകൂലം,,Pending,,
{provider} key,{provider} key,{provider} കീ,,Pending,,
{report} completed using the selected filters.,{report} completed using the selected filters.,തിരഞ്ഞെടുത്ത ഫിൽട്ടറുകൾ ഉപയോഗിച്ച് {report} പൂർത്തിയായി.,,Pending,,
{report} will be delivered to {count} recipients.,{report} will be delivered to {count} recipients.,{report} ലഭിക്കുന്നവരുടെ എണ്ണം: {count}.,,Pending,,
ui.requested.by.83e44ed5,· Requested by,· അഭ്യർത്ഥിച്ചത്,,Pending,,
"· audio is streamed, never stored · the transcript is not saved until you use it","· audio is streamed, never stored · the transcript is not saved until you use it","· ഓഡിയോ സ്ട്രീം ചെയ്യുന്നു, സൂക്ഷിക്കില്ല · ഉപയോഗിക്കുന്നതുവരെ ട്രാൻസ്ക്രിപ്റ്റ് സംരക്ഷിക്കില്ല",,Pending,,
ui.tenant.b34b287f,· tenant,· ടെനന്റ്,,Pending,,
— failing at call time would turn a configuration mistake into an outage in the middle of a consultation.,— failing at call time would turn a configuration mistake into an outage in the middle of a consultation.,— കോൾ സമയത്തെ പരാജയം ക്രമീകരണ പിശകിനെ പരിശോധനയ്ക്കിടയിലെ തടസ്സമാക്കും.,,Pending,,
ui.is.not.in.82f33b7f,” is not in,” ഇതിലില്ല,,Pending,,
ui.clear.the.search.to.go.back.to.tabs.abb33ccd,”. Clear the search to go back to tabs.,”. ടാബുകളിലേക്ക് മടങ്ങാൻ തിരച്ചിൽ മായ്ക്കുക.,,Pending,,
ui.back.aceb696a,← Back,← മടങ്ങുക,,Pending,,
api.message.eda4913ca4aa,Approval unavailable.,അംഗീകാരം ലഭ്യമല്ല.,,Pending,,
api.message.8bdf033a7cbe,Approval changed. Refresh and review again.,അംഗീകാരം മാറിയിരിക്കുന്നു. പുതുക്കി വീണ്ടും പരിശോധിക്കുക.,,Pending,,
api.message.4288840bf0c7,"Your role cannot decide this stage, or you are the requester.","നിങ്ങളുടെ റോളിന് ഈ ഘട്ടത്തിൽ തീരുമാനമെടുക്കാനാകില്ല, അല്ലെങ്കിൽ നിങ്ങളാണ് അഭ്യർത്ഥകൻ.",,Pending,,
api.message.edf9820feae1,Saved record changed. Ask the requester to resubmit it.,സംരക്ഷിച്ച റെക്കോർഡ് മാറിയിരിക്കുന്നു. വീണ്ടും സമർപ്പിക്കാൻ അഭ്യർത്ഥകനോട് ആവശ്യപ്പെടുക.,,Pending,,
ui.components.cards,Cards and grids,കാർഡുകളും ഗ്രിഡുകളും,,Pending,,Shared component registry
ui.components.cards.help,"Card sections, footers and configurable grids","കാർഡ് വിഭാഗങ്ങൾ, അടിക്കുറിപ്പുകൾ, ക്രമീകരിക്കാവുന്ന ഗ്രിഡുകൾ",,Pending,,Shared component registry
ui.components.tables,Tables,പട്ടികകൾ,,Pending,,Shared component registry
ui.components.tables.help,"Shared table structure, density, stripes and sticky headers","പൊതുവായ പട്ടിക ഘടന, വരികളുടെ സാന്ദ്രത, ഒന്നിടവിട്ട നിറങ്ങൾ, സ്ഥിരമായ തലക്കെട്ടുകൾ",,Pending,,Shared component registry
ui.components.dates,Date and time,തീയതിയും സമയവും,,Pending,,Shared component registry
ui.components.dates.help,"Calendar, date ranges and date/time inputs","കലണ്ടർ, തീയതി പരിധികൾ, തീയതി/സമയ ഇൻപുട്ടുകൾ",,Pending,,Shared component registry
ui.components.values,Data display,ഡാറ്റ പ്രദർശനം,,Pending,,Shared component registry
ui.components.values.help,Formatted values and labeled record details,ഫോർമാറ്റ് ചെയ്ത മൂല്യങ്ങളും ലേബലുകളുള്ള രേഖാ വിവരങ്ങളും,,Pending,,Shared component registry
Could not load language,Could not load language,ഭാഷ ലോഡ് ചെയ്യാനായില്ല,,Pending,,Engineering review follow-up
Your current language was kept. Please try again.,Your current language was kept. Please try again.,നിലവിലെ ഭാഷ നിലനിർത്തി. വീണ്ടും ശ്രമിക്കുക.,,Pending,,Engineering review follow-up
Use the eight costing-template column headers. Unknown or duplicate columns cannot be imported.,Use the eight costing-template column headers. Unknown or duplicate columns cannot be imported.,കോസ്റ്റിംഗ് ടെംപ്ലേറ്റിലെ എട്ട് കോളം തലക്കെട്ടുകൾ ഉപയോഗിക്കുക. അറിയാത്തതോ ആവർത്തിച്ചതോ ആയ കോളങ്ങൾ ഇറക്കുമതി ചെയ്യാനാകില്ല.,,Pending,,Engineering review follow-up
Import at most 500 costing rows.,Import at most 500 costing rows.,പരമാവധി 500 കോസ്റ്റിംഗ് വരികൾ ഇറക്കുമതി ചെയ്യുക.,,Pending,,Engineering review follow-up
Values outside the costing-template columns cannot be imported.,Values outside the costing-template columns cannot be imported.,കോസ്റ്റിംഗ് ടെംപ്ലേറ്റ് കോളങ്ങൾക്ക് പുറത്തുള്ള മൂല്യങ്ങൾ ഇറക്കുമതി ചെയ്യാനാകില്ല.,,Pending,,Engineering review follow-up
"Costing cells must contain text or finite numbers, up to 4000 characters.","Costing cells must contain text or finite numbers, up to 4000 characters.",കോസ്റ്റിംഗ് സെല്ലുകളിൽ 4000 അക്ഷരങ്ങൾ വരെയുള്ള വാചകമോ പരിമിത സംഖ്യകളോ ഉണ്ടായിരിക്കണം.,,Pending,,Engineering review follow-up
Costing amounts must be non-negative numbers; percentages must be between 0 and 100.,Costing amounts must be non-negative numbers; percentages must be between 0 and 100.,കോസ്റ്റിംഗ് തുകകൾ പൂജ്യമോ അതിൽ കൂടുതലോ ആയിരിക്കണം; ശതമാനങ്ങൾ 0 മുതൽ 100 വരെ ആയിരിക്കണം.,,Pending,,Engineering review follow-up
The costing export schema requires review before downloading.,The costing export schema requires review before downloading.,ഡൗൺലോഡ് ചെയ്യുന്നതിന് മുമ്പ് കോസ്റ്റിംഗ് കയറ്റുമതി സ്കീമ പരിശോധിക്കണം.,,Pending,,Engineering review follow-up
The export could not be recorded. Please retry.,The export could not be recorded. Please retry.,കയറ്റുമതി രേഖപ്പെടുത്താനായില്ല. വീണ്ടും ശ്രമിക്കുക.,,Pending,,Engineering review follow-up
Could not read workbook.,Could not read workbook.,വർക്ക്ബുക്ക് വായിക്കാനായില്ല.,,Pending,,Engineering review follow-up
api.security.3c964cd8b6e5,AI provider is not approved.,AI ദാതാവിന് അംഗീകാരമില്ല.,,Pending,,AI-authored; native review required
api.security.4dd9062361e3,Audit storage is unavailable.,ഓഡിറ്റ് സംഭരണം ലഭ്യമല്ല.,,Pending,,AI-authored; native review required
api.security.0c9544b75527,Origin is not allowed.,അഭ്യർത്ഥനയുടെ ഉറവിടം അനുവദനീയമല്ല.,,Pending,,AI-authored; native review required
api.security.2eefa1d8b871,Report is not available for this account.,ഈ അക്കൗണ്ടിന് റിപ്പോർട്ട് ലഭ്യമല്ല.,,Pending,,AI-authored; native review required
api.security.e5df7a3f454a,"Check the schedule name, frequency and start time.","ഷെഡ്യൂളിന്റെ പേര്, ആവൃത്തി, ആരംഭ സമയം എന്നിവ പരിശോധിക്കുക.",,Pending,,AI-authored; native review required
api.security.1abfc8632394,Report delivery is not ready.,റിപ്പോർട്ട് വിതരണത്തിന് തയ്യാറായിട്ടില്ല.,,Pending,,AI-authored; native review required
api.security.2dadd486ec63,Unknown report schedule action.,റിപ്പോർട്ട് ഷെഡ്യൂൾ നടപടി തിരിച്ചറിയാനായില്ല.,,Pending,,AI-authored; native review required
api.security.66db97bec1c7,Provider credential has expired. Rotate it before use.,ദാതാവിന്റെ പ്രവേശന വിവരങ്ങളുടെ കാലാവധി കഴിഞ്ഞു. ഉപയോഗിക്കുന്നതിന് മുമ്പ് മാറ്റുക.,,Pending,,AI-authored; native review required
api.security.44b095ad73e5,AI access is disabled for this request.,ഈ അഭ്യർത്ഥനയ്ക്ക് AI പ്രവേശനം പ്രവർത്തനരഹിതമാണ്.,,Pending,,AI-authored; native review required
api.security.f222b526aed8,AI context is not approved for this provider.,ഈ ദാതാവിന് AI സന്ദർഭം അയയ്ക്കാൻ അംഗീകാരമില്ല.,,Pending,,AI-authored; native review required
api.security.6cfc1a2964dc,Service is temporarily unavailable.,സേവനം താൽക്കാലികമായി ലഭ്യമല്ല.,,Pending,,AI-authored; native review required
api.security.e45696f265e5,Clinical speech delivery requires an approved provider contract.,ക്ലിനിക്കൽ ഓഡിയോ അയയ്ക്കാൻ അംഗീകൃത ദാതാവുമായുള്ള കരാർ ആവശ്യമാണ്.,,Pending,,AI-authored; native review required
Report request failed.,Report request failed.,റിപ്പോർട്ട് അഭ്യർത്ഥന പരാജയപ്പെട്ടു.,,Pending,,AI-authored; native review required
Scheduled demo summaries are delivered here as CSV. Times use UTC. Email delivery is not configured.,Scheduled demo summaries are delivered here as CSV. Times use UTC. Email delivery is not configured.,ഷെഡ്യൂൾ ചെയ്ത ഡെമോ സംഗ്രഹങ്ങൾ ഇവിടെ CSV ആയി ലഭിക്കും. സമയം UTC ആണ്. ഇമെയിൽ വിതരണം ക്രമീകരിച്ചിട്ടില്ല.,,Pending,,AI-authored; native review required
Delivery time (UTC),Delivery time (UTC),വിതരണ സമയം (UTC),,Pending,,AI-authored; native review required
Next run (UTC),Next run (UTC),അടുത്ത പ്രവർത്തനം (UTC),,Pending,,AI-authored; native review required
Delivered reports are retained for 30 days. Failed deliveries retry automatically up to five times.,Delivered reports are retained for 30 days. Failed deliveries retry automatically up to five times.,വിതരണം ചെയ്ത റിപ്പോർട്ടുകൾ 30 ദിവസം സൂക്ഷിക്കും. പരാജയപ്പെട്ട വിതരണങ്ങൾ സ്വയമേവ അഞ്ച് തവണ വരെ വീണ്ടും ശ്രമിക്കും.,,Pending,,AI-authored; native review required
Keyboard shortcuts,Keyboard shortcuts,കീബോർഡ് കുറുക്കുവഴികൾ,,Pending,,Tenant preference policy controls
Open records,Open records,റെക്കോർഡുകൾ തുറക്കുക,,Pending,,Tenant preference policy controls
Loading skeletons,Loading skeletons,ലോഡിംഗ് സൂചനകൾ,,Pending,,Tenant preference policy controls
Preference policies,Preference policies,മുൻഗണനാ നയങ്ങൾ,,Pending,,Tenant preference policy controls
Managed by your administrator,Managed by your administrator,അഡ്മിനിസ്ട്രേറ്റർ നിയന്ത്രിക്കുന്നത്,,Pending,,Tenant preference policy controls
Locked preferences were not changed.,Locked preferences were not changed.,ലോക്ക് ചെയ്ത മുൻഗണനകൾ മാറ്റിയിട്ടില്ല.,,Pending,,Tenant preference policy controls
Set defaults and lock settings for everyone in this tenant and application. Unlocking restores personal choices.,Set defaults and lock settings for everyone in this tenant and application. Unlocking restores personal choices.,ഈ സ്ഥാപനത്തിലെയും ആപ്പിലെയും എല്ലാവർക്കുമായി സ്ഥിരമൂല്യങ്ങൾ നിശ്ചയിക്കുകയും ക്രമീകരണങ്ങൾ ലോക്ക് ചെയ്യുകയും ചെയ്യുക. അൺലോക്ക് ചെയ്യുമ്പോൾ വ്യക്തിഗത തിരഞ്ഞെടുപ്പുകൾ പുനഃസ്ഥാപിക്കും.,,Pending,,Tenant preference policy controls
Could not load preference policy.,Could not load preference policy.,മുൻഗണനാ നയം ലോഡ് ചെയ്യാനായില്ല.,,Pending,,Tenant preference policy controls
Could not save preference policy.,Could not save preference policy.,മുൻഗണനാ നയം സംരക്ഷിക്കാനായില്ല.,,Pending,,Tenant preference policy controls
Preference policy changed. Reload before saving.,Preference policy changed. Reload before saving.,മുൻഗണനാ നയം മാറി. സംരക്ഷിക്കുന്നതിന് മുമ്പ് വീണ്ടും ലോഡ് ചെയ്യുക.,,Pending,,Tenant preference policy controls
Preference policy saved.,Preference policy saved.,മുൻഗണനാ നയം സംരക്ഷിച്ചു.,,Pending,,Tenant preference policy controls
Save policy,Save policy,നയം സംരക്ഷിക്കുക,,Pending,,Tenant preference policy controls
Preference,Preference,മുൻഗണന,,Pending,,Tenant preference policy controls
Default or locked value,Default or locked value,സ്ഥിരമൂല്യം അല്ലെങ്കിൽ ലോക്ക് ചെയ്ത മൂല്യം,,Pending,,Tenant preference policy controls
Use application default,Use application default,ആപ്പിന്റെ സ്ഥിരമൂല്യം ഉപയോഗിക്കുക,,Pending,,Tenant preference policy controls
Policy history,Policy history,നയ ചരിത്രം,,Pending,,Tenant preference policy controls
Reload preferences,Reload preferences,മുൻഗണനകൾ വീണ്ടും ലോഡ് ചെയ്യുക,,Pending,,Tenant preference policy controls
Could not refresh preferences.,Could not refresh preferences.,മുൻഗണനകൾ പുതുക്കാനായില്ല.,,Pending,,Tenant preference policy controls
Could not save preferences. Retry your changes.,Could not save preferences. Retry your changes.,മുൻഗണനകൾ സംരക്ഷിക്കാനായില്ല. മാറ്റങ്ങൾ വീണ്ടും ശ്രമിക്കുക.,,Pending,,Tenant preference policy controls
Preferences changed. The current administrator policy has been applied.,Preferences changed. The current administrator policy has been applied.,മുൻഗണനകൾ മാറി. നിലവിലെ അഡ്മിനിസ്ട്രേറ്റർ നയം പ്രയോഗിച്ചു.,,Pending,,Tenant preference policy controls
Only a tenant administrator can manage preference policies.,Only a tenant administrator can manage preference policies.,സ്ഥാപനത്തിന്റെ അഡ്മിനിസ്ട്രേറ്റർക്ക് മാത്രമേ മുൻഗണനാ നയങ്ങൾ നിയന്ത്രിക്കാനാകൂ.,,Pending,,Tenant preference policy controls
Invalid preference policy.,Invalid preference policy.,മുൻഗണനാ നയം അസാധുവാണ്.,,Pending,,Tenant preference policy controls
Invalid preference values.,Invalid preference values.,മുൻഗണനാ മൂല്യങ്ങൾ അസാധുവാണ്.,,Pending,,Tenant preference policy controls
This preference is managed by your administrator.,This preference is managed by your administrator.,ഈ മുൻഗണന അഡ്മിനിസ്ട്രേറ്റർ നിയന്ത്രിക്കുന്നു.,,Pending,,Tenant preference policy controls
Preferences changed in another session. Reload before saving.,Preferences changed in another session. Reload before saving.,മറ്റൊരു സെഷനിൽ മുൻഗണനകൾ മാറി. സംരക്ഷിക്കുന്നതിന് മുമ്പ് വീണ്ടും ലോഡ് ചെയ്യുക.,,Pending,,Tenant preference policy controls
preference.label.theme,Theme,തീം,,Pending,,Tenant preference policy controls
preference.label.formNavigation,Record form style,റെക്കോർഡ് ഫോം ശൈലി,,Pending,,Tenant preference policy controls
preference.option.formNavigation.rail,Rail,സൈഡ് റെയിൽ,,Pending,,Tenant preference policy controls
preference.option.formNavigation.tabs,Tabs,ടാബുകൾ,,Pending,,Tenant preference policy controls
preference.option.formNavigation.wizard,Wizard,വിസാർഡ്,,Pending,,Tenant preference policy controls
preference.label.resultView,Worklist result view,പ്രവർത്തന പട്ടിക ഫല കാഴ്ച,,Pending,,Tenant preference policy controls
preference.option.resultView.table,Table,പട്ടിക,,Pending,,Tenant preference policy controls
preference.option.resultView.cards,Card grid,കാർഡ് ഗ്രിഡ്,,Pending,,Tenant preference policy controls
preference.label.previewMode,Quick view style,ദ്രുത കാഴ്ച ശൈലി,,Pending,,Tenant preference policy controls
preference.option.previewMode.center-card,Centered record card,മധ്യത്തിലുള്ള റെക്കോർഡ് കാർഡ്,,Pending,,Tenant preference policy controls
preference.option.previewMode.center-modal,Center modal,മധ്യത്തിലെ ഡയലോഗ്,,Pending,,Tenant preference policy controls
preference.option.previewMode.left-drawer,Left side panel,ഇടത് പാനൽ,,Pending,,Tenant preference policy controls
preference.option.previewMode.right-drawer,Right side panel,വലത് പാനൽ,,Pending,,Tenant preference policy controls
preference.label.sidebarPlacement,Position,സ്ഥാനം,,Pending,,Tenant preference policy controls
preference.option.sidebarPlacement.left,Left,ഇടത്,,Pending,,Tenant preference policy controls
preference.option.sidebarPlacement.right,Right,വലത്,,Pending,,Tenant preference policy controls
preference.label.sidebarPinned,Pinned open,തുറന്ന നിലയിൽ പിൻ ചെയ്തു,,Pending,,Tenant preference policy controls
preference.label.density,Density,സാന്ദ്രത,,Pending,,Tenant preference policy controls
preference.option.density.compact,Compact,ഒതുക്കമുള്ളത്,,Pending,,Tenant preference policy controls
preference.option.density.comfortable,Comfortable,സൗകര്യപ്രദം,,Pending,,Tenant preference policy controls
preference.option.density.spacious,Spacious,വിശാലം,,Pending,,Tenant preference policy controls
preference.label.pageSize,Default rows per page,ഓരോ പേജിലെയും ഡിഫോൾട്ട് വരികൾ,,Pending,,Tenant preference policy controls
preference.option.pageSize.10,10,10,,Pending,,Tenant preference policy controls
preference.option.pageSize.20,20,20,,Pending,,Tenant preference policy controls
preference.option.pageSize.50,50,50,,Pending,,Tenant preference policy controls
preference.option.pageSize.100,100,100,,Pending,,Tenant preference policy controls
preference.label.fontFamily,Font family,ഫോണ്ട് കുടുംബം,,Pending,,Tenant preference policy controls
preference.option.fontFamily.inter,Inter (default),Inter (ഡിഫോൾട്ട്),,Pending,,Tenant preference policy controls
preference.option.fontFamily.system,System UI,സിസ്റ്റം യുഐ,,Pending,,Tenant preference policy controls
preference.option.fontFamily.georgia,Georgia (serif),Georgia (സെരിഫ്),,Pending,,Tenant preference policy controls
preference.label.fontSizeBase,Base font size,അടിസ്ഥാന ഫോണ്ട് വലുപ്പം,,Pending,,Tenant preference policy controls
preference.label.fontSizeForm,Form field size,ഫോം ഫീൽഡ് വലുപ്പം,,Pending,,Tenant preference policy controls
preference.label.fontSizeResult,Result / table size,ഫലം / പട്ടിക വലുപ്പം,,Pending,,Tenant preference policy controls
preference.label.toastPosition,Position,സ്ഥാനം,,Pending,,Tenant preference policy controls
preference.option.toastPosition.top-left,Top left,മുകളിൽ ഇടത്,,Pending,,Tenant preference policy controls
preference.option.toastPosition.top-center,Top center,മുകളിൽ മധ്യത്തിൽ,,Pending,,Tenant preference policy controls
preference.option.toastPosition.top-right,Top right,മുകളിൽ വലത്,,Pending,,Tenant preference policy controls
preference.option.toastPosition.bottom-left,Bottom left,താഴെ ഇടത്,,Pending,,Tenant preference policy controls
preference.option.toastPosition.bottom-center,Bottom center,താഴെ മധ്യത്തിൽ,,Pending,,Tenant preference policy controls
preference.option.toastPosition.bottom-right,Bottom right,താഴെ വലത്,,Pending,,Tenant preference policy controls
preference.label.toastDuration,Duration,ദൈർഘ്യം,,Pending,,Tenant preference policy controls
preference.option.toastDuration.2000,2 seconds,2 സെക്കൻഡ്,,Pending,,Tenant preference policy controls
preference.option.toastDuration.3500,3.5 seconds,3.5 സെക്കൻഡ്,,Pending,,Tenant preference policy controls
preference.option.toastDuration.5000,5 seconds,5 സെക്കൻഡ്,,Pending,,Tenant preference policy controls
preference.option.toastDuration.8000,8 seconds,8 സെക്കൻഡ്,,Pending,,Tenant preference policy controls
preference.label.toastStyle,Style,ശൈലി,,Pending,,Tenant preference policy controls
preference.option.toastStyle.solid,Solid — filled with its colour,നിറഞ്ഞത് — സ്വന്തം നിറത്തിൽ,,Pending,,Tenant preference policy controls
preference.option.toastStyle.light,Light — tinted icon on a surface,ഇളം — പശ്ചാത്തലത്തിൽ നിറമുള്ള ഐക്കൺ,,Pending,,Tenant preference policy controls
preference.label.helperEnabled,Help assistant button,സഹായ അസിസ്റ്റന്റ് ബട്ടൺ,,Pending,,Tenant preference policy controls
preference.label.documentationEnabled,Documentation panel on pages,പേജുകളിലെ ഡോക്യുമെന്റേഷൻ പാനൽ,,Pending,,Tenant preference policy controls
preference.label.reducedMotion,Animations,ആനിമേഷനുകൾ,,Pending,,Tenant preference policy controls
preference.label.language,Language,ഭാഷ,,Pending,,Tenant preference policy controls
preference.option.language.en,English,ഇംഗ്ലീഷ്,,Pending,,Tenant preference policy controls
preference.option.language.ar,Arabic,അറബിക്,,Pending,,Tenant preference policy controls
preference.option.language.hi,Hindi,ഹിന്ദി,,Pending,,Tenant preference policy controls
preference.option.language.ml,Malayalam,മലയാളം,,Pending,,Tenant preference policy controls
preference.label.billingLayout,Billing workspace layout,ബില്ലിംഗ് വർക്ക്‌സ്‌പേസ് വിന്യാസം,,Pending,,Tenant preference policy controls
preference.option.billingLayout.workspace,Workspace tabs,വർക്ക്‌സ്‌പേസ് ടാബുകൾ,,Pending,,Tenant preference policy controls
preference.option.billingLayout.vertical,Vertical sections,ലംബ വിഭാഗങ്ങൾ,,Pending,,Tenant preference policy controls
preference.option.billingLayout.split,Split header and lines,ഹെഡറും ലൈനുകളും വിഭജിക്കുക,,Pending,,Tenant preference policy controls
preference.label.globalSearchMode,Search matching,തിരച്ചിൽ പൊരുത്തം,,Pending,,Tenant preference policy controls
preference.option.globalSearchMode.contains,"Contains — the phrase, in any cell",ഉൾപ്പെടുന്നു — ഏതെങ്കിലും സെല്ലിൽ ആ വാചകം,,Pending,,Tenant preference policy controls
preference.option.globalSearchMode.starts-with,Starts with — a cell begins with it,ആരംഭിക്കുന്നത് — സെൽ ഇതിൽ തുടങ്ങുന്നു,,Pending,,Tenant preference policy controls
preference.option.globalSearchMode.smart,"Smart — every word, anywhere in the row",സ്മാർട്ട് — ഓരോ വാക്കും വരിയിൽ എവിടെയെങ്കിലും,,Pending,,Tenant preference policy controls
preference.label.rememberFilters,Remember filters and search,ഫിൽട്ടറുകളും തിരച്ചിലും ഓർത്തുവയ്ക്കുക,,Pending,,Tenant preference policy controls
preference.label.openRecordsInTabs,Open records in tabs,രേഖകൾ ടാബുകളിൽ തുറക്കുക,,Pending,,Tenant preference policy controls
preference.label.showKeyboardHints,Keyboard shortcut hints,കീബോർഡ് കുറുക്കുവഴി സൂചനകൾ,,Pending,,Tenant preference policy controls
preference.label.floatingWindows,Floating windows,ഫ്ലോട്ടിംഗ് വിൻഡോകൾ,,Pending,,Tenant preference policy controls
preference.label.openRecordsIn,Open records,റെക്കോർഡുകൾ തുറക്കുക,,Pending,,Tenant preference policy controls
preference.option.openRecordsIn.new-tab,Open records in a new tab,രേഖകൾ പുതിയ ടാബിൽ തുറക്കുക,,Pending,,Tenant preference policy controls
preference.option.openRecordsIn.same-tab,Open records in place,രേഖകൾ അതേ സ്ഥാനത്ത് തുറക്കുക,,Pending,,Tenant preference policy controls
preference.label.dateFormat,Date format,തീയതി ഫോർമാറ്റ്,,Pending,,Tenant preference policy controls
preference.option.dateFormat.iso,2026-09-03 — ISO,2026-09-03 — ISO ഫോർമാറ്റ്,,Pending,,Tenant preference policy controls
preference.option.dateFormat.dmy,03/09/2026 — day first,03/09/2026 — ദിവസം ആദ്യം,,Pending,,Tenant preference policy controls
preference.option.dateFormat.mdy,09/03/2026 — month first,09/03/2026 — മാസം ആദ്യം,,Pending,,Tenant preference policy controls
preference.option.dateFormat.medium,03 Sep 2026,03 സെപ്റ്റംബർ 2026,,Pending,,Tenant preference policy controls
preference.label.numberLocale,Number format,സംഖ്യാ ഫോർമാറ്റ്,,Pending,,Tenant preference policy controls
preference.option.numberLocale.en-US,"1,234,567.89","1,234,567.89",,Pending,,Tenant preference policy controls
preference.option.numberLocale.de-DE,"1.234.567,89","1.234.567,89",,Pending,,Tenant preference policy controls
preference.option.numberLocale.fr-FR,"1 234 567,89","1 234 567,89",,Pending,,Tenant preference policy controls
preference.option.numberLocale.en-IN,"12,34,567.89 — lakh/crore","12,34,567.89 — ലക്ഷം/കോടി",,Pending,,Tenant preference policy controls
preference.label.currencyCode,Currency,കറൻസി,,Pending,,Tenant preference policy controls
preference.option.currencyCode.AED,AED — UAE dirham,AED — യുഎഇ ദിർഹം,,Pending,,Tenant preference policy controls
preference.option.currencyCode.USD,USD — US dollar,USD — യുഎസ് ഡോളർ,,Pending,,Tenant preference policy controls
preference.option.currencyCode.EUR,EUR — Euro,EUR — യൂറോ,,Pending,,Tenant preference policy controls
preference.option.currencyCode.INR,INR — Indian rupee,INR — ഇന്ത്യൻ രൂപ,,Pending,,Tenant preference policy controls
preference.option.currencyCode.GBP,GBP — Pound sterling,GBP — പൗണ്ട് സ്റ്റെർലിംഗ്,,Pending,,Tenant preference policy controls
preference.label.decimalPlaces,Decimal places,ദശാംശ സ്ഥാനങ്ങൾ,,Pending,,Tenant preference policy controls
preference.option.decimalPlaces.0,"None — 1,200","ഒന്നുമില്ല — 1,200",,Pending,,Tenant preference policy controls
preference.option.decimalPlaces.2,"Two — 1,200.00","രണ്ട് — 1,200.00",,Pending,,Tenant preference policy controls
preference.option.decimalPlaces.3,"Three — 1,200.000","മൂന്ന് — 1,200.000",,Pending,,Tenant preference policy controls
preference.label.columnLayoutScope,Column layout is saved,നിരകളുടെ വിന്യാസം സംരക്ഷിച്ചു,,Pending,,Tenant preference policy controls
preference.option.columnLayoutScope.browser,For this browser only,ഈ ബ്രൗസറിന് മാത്രം,,Pending,,Tenant preference policy controls
preference.option.columnLayoutScope.account,To my account,എന്റെ അക്കൗണ്ടിലേക്ക്,,Pending,,Tenant preference policy controls
preference.label.sidebarExpandOn,Expands on,വികസിക്കുന്നത്,,Pending,,Tenant preference policy controls
preference.option.sidebarExpandOn.hover,Hover,മൗസ് മുകളിൽ വയ്ക്കൽ,,Pending,,Tenant preference policy controls
preference.option.sidebarExpandOn.click,Click,ക്ലിക്ക്,,Pending,,Tenant preference policy controls
preference.label.sidebarFocusExpand,Opens on keyboard focus,കീബോർഡ് ഫോക്കസിൽ തുറക്കുന്നു,,Pending,,Tenant preference policy controls
preference.label.keyboardShortcuts,Keyboard shortcuts,കീബോർഡ് കുറുക്കുവഴികൾ,,Pending,,Tenant preference policy controls
preference.label.loadingSkeletons,Loading skeletons,ലോഡിംഗ് സൂചനകൾ,,Pending,,Tenant preference policy controls
preference.label.sidebarTone,Rail tone,റെയിൽ വർണ്ണശൈലി,,Pending,,Tenant preference policy controls
preference.option.sidebarTone.surface,Match,പൊരുത്തം,,Pending,,Tenant preference policy controls
preference.option.sidebarTone.light,Light,ഇളംനിറം,,Pending,,Tenant preference policy controls
preference.option.sidebarTone.contrast,Deep,കടുംനിറം,,Pending,,Tenant preference policy controls
preference.label.sidebarTheme,Rail theme,റെയിൽ തീം,,Pending,,Tenant preference policy controls
preference.option.sidebarTheme.match,Match the page theme,പേജ് തീമുമായി പൊരുത്തപ്പെടുത്തുക,,Pending,,Tenant preference policy controls
preference.label.headerTone,Bar tone,ബാർ വർണ്ണശൈലി,,Pending,,Tenant preference policy controls
preference.option.headerTone.surface,Match,പൊരുത്തം,,Pending,,Tenant preference policy controls
preference.option.headerTone.light,Light,ഇളംനിറം,,Pending,,Tenant preference policy controls
preference.option.headerTone.contrast,Deep,കടുംനിറം,,Pending,,Tenant preference policy controls
preference.label.headerTheme,Bar theme,ബാർ തീം,,Pending,,Tenant preference policy controls
preference.option.headerTheme.match,Match the page theme,പേജ് തീമുമായി പൊരുത്തപ്പെടുത്തുക,,Pending,,Tenant preference policy controls
preference.label.maxVisibleToasts,On screen at once,ഒരേസമയം സ്ക്രീനിൽ,,Pending,,Tenant preference policy controls
preference.option.maxVisibleToasts.1,1 — newest only,1 — ഏറ്റവും പുതിയത് മാത്രം,,Pending,,Tenant preference policy controls
preference.option.maxVisibleToasts.3,3,3,,Pending,,Tenant preference policy controls
preference.option.maxVisibleToasts.5,5,5,,Pending,,Tenant preference policy controls
preference.label.timeFormat,Time format,സമയ ഫോർമാറ്റ്,,Pending,,Tenant preference policy controls
preference.option.timeFormat.12h,12-hour — 2:30 PM,12 മണിക്കൂർ — ഉച്ചയ്ക്ക് 2:30,,Pending,,Tenant preference policy controls
preference.option.timeFormat.24h,24-hour — 14:30,24 മണിക്കൂർ — 14:30,,Pending,,Tenant preference policy controls
preference.label.currencyDisplay,Currency shown as,കറൻസി കാണിക്കുന്നത്,,Pending,,Tenant preference policy controls
preference.option.currencyDisplay.symbol,"Symbol — د.إ1,200","ചിഹ്നം — د.إ1,200",,Pending,,Tenant preference policy controls
preference.option.currencyDisplay.code,"Code — AED 1,200","കോഡ് — AED 1,200",,Pending,,Tenant preference policy controls
preference.option.currencyDisplay.none,"Number only — 1,200","സംഖ്യ മാത്രം — 1,200",,Pending,,Tenant preference policy controls
preference.label.negativeStyle,Negative amounts,നെഗറ്റീവ് തുകകൾ,,Pending,,Tenant preference policy controls
preference.option.negativeStyle.minus,"Minus sign — -1,200","മൈനസ് ചിഹ്നം — -1,200",,Pending,,Tenant preference policy controls
preference.option.negativeStyle.parentheses,"Parentheses — (1,200)","ബ്രാക്കറ്റുകൾ — (1,200)",,Pending,,Tenant preference policy controls
preference.label.cornerRadius,Corner radius,കോണുകളുടെ വൃത്താകൃതി,,Pending,,Tenant preference policy controls
preference.label.landingPage,Start on,ആരംഭിക്കുന്നത്,,Pending,,Tenant preference policy controls
preference.option.landingPage.last-visited,The page I last had open,അവസാനം തുറന്ന പേജ്,,Pending,,Tenant preference policy controls
preference.option.landingPage.module-dashboard,The current module's dashboard,നിലവിലെ മൊഡ്യൂളിന്റെ ഡാഷ്ബോർഡ്,,Pending,,Tenant preference policy controls
preference.label.stickyTableHeader,Sticky header,സ്ഥിര ഹെഡർ,,Pending,,Tenant preference policy controls
preference.label.zebraStripes,Zebra stripes,ഒന്നിടവിട്ട വരികളുടെ നിറം,,Pending,,Tenant preference policy controls
preference.label.wrapCellText,Wrap long text,നീണ്ട വാചകം വരികളായി കാണിക്കുക,,Pending,,Tenant preference policy controls
preference.label.confirmBulkActions,Confirm bulk actions,കൂട്ടനടപടികൾ സ്ഥിരീകരിക്കുക,,Pending,,Tenant preference policy controls
preference.label.exportFormat,Export format,എക്സ്പോർട്ട് ഫോർമാറ്റ്,,Pending,,Tenant preference policy controls
preference.option.exportFormat.csv,CSV — opens anywhere,CSV — എവിടെയും തുറക്കാം,,Pending,,Tenant preference policy controls
preference.option.exportFormat.xlsx,Excel workbook (.xlsx),Excel വർക്ക്ബുക്ക് (.xlsx),,Pending,,Tenant preference policy controls
preference.label.clockSeconds,Show seconds,സെക്കൻഡുകൾ കാണിക്കുക,,Pending,,Tenant preference policy controls
preference.label.clockZone,Time zone,സമയ മേഖല,,Pending,,Tenant preference policy controls
preference.option.clockZone.browser,This device,ഈ ഉപകരണം,,Pending,,Tenant preference policy controls
preference.option.clockZone.branch,Selected branch,തിരഞ്ഞെടുത്ത ശാഖ,,Pending,,Tenant preference policy controls
preference.label.docsPosition,Documentation position,ഡോക്യുമെന്റേഷന്റെ സ്ഥാനം,,Pending,,Tenant preference policy controls
preference.option.docsPosition.left,Left,ഇടത്,,Pending,,Tenant preference policy controls
preference.option.docsPosition.right,Right,വലത്,,Pending,,Tenant preference policy controls
Some content is shown in English.,Some content is shown in English.,ചില ഉള്ളടക്കം ഇംഗ്ലീഷിൽ കാണിക്കുന്നു.,,Pending,,Documentation Center UI
Invalid documentation request.,Invalid documentation request.,അസാധുവായ ഡോക്യുമെന്റേഷൻ അഭ്യർത്ഥന.,,Pending,,Documentation Center UI
What's new,What's new,പുതിയ മാറ്റങ്ങൾ,,Pending,,Documentation Center UI
Page is unavailable.,Page is unavailable.,പേജ് ലഭ്യമല്ല.,,Pending,,Documentation Center UI
Guide coverage,Guide coverage,മാർഗ്ഗനിർദ്ദേശങ്ങളുടെ ലഭ്യത,,Pending,,Documentation Center UI
Could not load documentation.,Could not load documentation.,ഡോക്യുമെന്റേഷൻ ലോഡ് ചെയ്യാനായില്ല.,,Pending,,Documentation Center UI
Documentation version is unavailable.,Documentation version is unavailable.,ഡോക്യുമെന്റേഷൻ പതിപ്പ് ലഭ്യമല്ല.,,Pending,,Documentation Center UI
Offline copy. Reconnect to check for updates.,Offline copy. Reconnect to check for updates.,ഓഫ്‌ലൈൻ പകർപ്പ്. പുതുക്കലുകൾ പരിശോധിക്കാൻ വീണ്ടും ബന്ധിപ്പിക്കുക.,,Pending,,Documentation Center UI
Read explanation,Read explanation,വിശദീകരണം വായിക്കുക,,Pending,,Documentation Center UI
No published patches for this version.,No published patches for this version.,ഈ പതിപ്പിന് പ്രസിദ്ധീകരിച്ച പാച്ചുകളില്ല.,,Pending,,Documentation Center UI
Troubleshooting,Troubleshooting,പ്രശ്നപരിഹാരം,,Pending,,Documentation Center UI
Documentation Center,Documentation Center,ഡോക്യുമെന്റേഷൻ കേന്ദ്രം,,Pending,,Documentation Center UI
How to use this page,How to use this page,ഈ പേജ് എങ്ങനെ ഉപയോഗിക്കാം,,Pending,,Documentation Center UI
Acknowledged,Acknowledged,സ്ഥിരീകരിച്ചു,,Pending,,Documentation Center UI
Translation review pending.,Translation review pending.,പരിഭാഷയുടെ അവലോകനം പൂർത്തിയായിട്ടില്ല.,,Pending,,Documentation Center UI
Start tour,Start tour,ടൂർ ആരംഭിക്കുക,,Pending,,Documentation Center UI
Purpose,Purpose,ഉദ്ദേശ്യം,,Pending,,Documentation Center UI
Authored guides,Authored guides,തയ്യാറാക്കിയ മാർഗ്ഗനിർദ്ദേശങ്ങൾ,,Pending,,Documentation Center UI
Known issues,Known issues,അറിയപ്പെടുന്ന പ്രശ്നങ്ങൾ,,Pending,,Documentation Center UI
Patches,Patches,പാച്ചുകൾ,,Pending,,Documentation Center UI
Select a guide or release to read.,Select a guide or release to read.,വായിക്കാൻ ഒരു മാർഗ്ഗനിർദ്ദേശമോ പതിപ്പോ തിരഞ്ഞെടുക്കുക.,,Pending,,Documentation Center UI
Change notice changed. Reload before continuing.,Change notice changed. Reload before continuing.,അറിയിപ്പ് മാറിയിരിക്കുന്നു. തുടരുന്നതിന് മുമ്പ് പുതുക്കുക.,,Pending,,Documentation Center UI
Search documentation,Search documentation,ഡോക്യുമെന്റേഷൻ തിരയുക,,Pending,,Documentation Center UI
"Page guides, releases, patches and changes.","Page guides, releases, patches and changes.","പേജ് മാർഗ്ഗനിർദ്ദേശങ്ങൾ, പതിപ്പുകൾ, പാച്ചുകൾ, മാറ്റങ്ങൾ.",,Pending,,Documentation Center UI
Showing English for this document revision.,Showing English for this document revision.,ഈ രേഖയുടെ പതിപ്പ് ഇംഗ്ലീഷിൽ കാണിക്കുന്നു.,,Pending,,Documentation Center UI
Releases,Releases,പതിപ്പുകൾ,,Pending,,Documentation Center UI
Could not save reading status.,Could not save reading status.,വായനാ നില സംരക്ഷിക്കാനായില്ല.,,Pending,,Documentation Center UI
Reference guide; detailed workflow review pending.,Reference guide; detailed workflow review pending.,റഫറൻസ് മാർഗ്ഗനിർദ്ദേശം; വിശദമായ പ്രവർത്തനക്രമ അവലോകനം പൂർത്തിയായിട്ടില്ല.,,Pending,,Documentation Center UI
I understand,I understand,എനിക്ക് മനസ്സിലായി,,Pending,,Documentation Center UI
Change notice is unavailable.,Change notice is unavailable.,മാറ്റ അറിയിപ്പ് ലഭ്യമല്ല.,,Pending,,Documentation Center UI
Page guides,Page guides,പേജ് മാർഗ്ഗനിർദ്ദേശങ്ങൾ,,Pending,,Documentation Center UI
Distinct from first set: an incident usually turns on when it last changed.,Distinct from first set: an incident usually turns on when it last changed.,ആദ്യം സജ്ജമാക്കിയതിൽ നിന്ന് വ്യത്യസ്തം: പ്രശ്നപരിശോധനയിൽ അവസാന മാറ്റത്തിന്റെ സമയം പ്രധാനമാണ്.,,Pending,,Sentinel monitoring
Error Monitor,Error Monitor,പിശക് മോണിറ്റർ,,Pending,,Sentinel monitoring
Review sanitized application incidents.,Review sanitized application incidents.,സ്വകാര്യ വിവരങ്ങൾ ഒഴിവാക്കിയ ആപ്പ് സംഭവങ്ങൾ പരിശോധിക്കുക.,,Pending,,Sentinel monitoring
This page encountered an error. Please retry.,This page encountered an error. Please retry.,ഈ പേജിൽ പിശക് സംഭവിച്ചു. വീണ്ടും ശ്രമിക്കുക.,,Pending,,Sentinel monitoring
Invalid monitoring events.,Invalid monitoring events.,അസാധുവായ നിരീക്ഷണ സംഭവങ്ങൾ.,,Pending,,Sentinel monitoring
Monitoring rate limit reached.,Monitoring rate limit reached.,നിരീക്ഷണ നിരക്ക് പരിധി എത്തിയിരിക്കുന്നു.,,Pending,,Sentinel monitoring
Monitoring administrator permission is required.,Monitoring administrator permission is required.,നിരീക്ഷണ അഡ്മിനിസ്ട്രേറ്റർ അനുമതി ആവശ്യമാണ്.,,Pending,,Sentinel monitoring
Invalid monitoring filter.,Invalid monitoring filter.,അസാധുവായ നിരീക്ഷണ ഫിൽട്ടർ.,,Pending,,Sentinel monitoring
Monitoring incident is unavailable.,Monitoring incident is unavailable.,നിരീക്ഷണ സംഭവം ലഭ്യമല്ല.,,Pending,,Sentinel monitoring
Invalid monitoring update.,Invalid monitoring update.,അസാധുവായ നിരീക്ഷണ പുതുക്കൽ.,,Pending,,Sentinel monitoring
Monitoring incident changed. Reload before saving.,Monitoring incident changed. Reload before saving.,സംഭവം മാറിയിരിക്കുന്നു. സംരക്ഷിക്കുന്നതിന് മുമ്പ് പുതുക്കുക.,,Pending,,Sentinel monitoring
Could not load monitoring incidents.,Could not load monitoring incidents.,നിരീക്ഷണ സംഭവങ്ങൾ ലോഡ് ചെയ്യാനായില്ല.,,Pending,,Sentinel monitoring
Could not update monitoring incident.,Could not update monitoring incident.,നിരീക്ഷണ സംഭവം പുതുക്കാനായില്ല.,,Pending,,Sentinel monitoring
No incidents found.,No incidents found.,സംഭവങ്ങളൊന്നും കണ്ടെത്തിയില്ല.,,Pending,,Sentinel monitoring
Incident details,Incident details,സംഭവത്തിന്റെ വിശദാംശങ്ങൾ,,Pending,,Sentinel monitoring
Incident reference,Incident reference,സംഭവ റഫറൻസ്,,Pending,,Sentinel monitoring
sentinel.status.new,New,പുതിയത്,,Pending,,Sentinel monitoring
sentinel.status.investigating,Investigating,പരിശോധിക്കുന്നു,,Pending,,Sentinel monitoring
sentinel.status.resolved,Resolved,പരിഹരിച്ചു,,Pending,,Sentinel monitoring
sentinel.code.runtime-error,Runtime error,റൺടൈം പിശക്,,Pending,,Sentinel monitoring
sentinel.code.unhandled-rejection,Unhandled asynchronous failure,കൈകാര്യം ചെയ്യാത്ത അസിങ്ക്രണസ് പിശക്,,Pending,,Sentinel monitoring
sentinel.code.render-error,Page rendering error,പേജ് റെൻഡർ പിശക്,,Pending,,Sentinel monitoring
sentinel.code.request-failed,Service request failed,സേവന അഭ്യർത്ഥന പരാജയപ്പെട്ടു,,Pending,,Sentinel monitoring
sentinel.code.request-timeout,Request timed out,അഭ്യർത്ഥനയുടെ സമയപരിധി കഴിഞ്ഞു,,Pending,,Sentinel monitoring
sentinel.code.operation-failed,Operation failed,പ്രവർത്തനം പരാജയപ്പെട്ടു,,Pending,,Sentinel monitoring
sentinel.code.native-command-failed,Native command failed,ഡെസ്‌ക്‌ടോപ്പ് കമാൻഡ് പരാജയപ്പെട്ടു,,Pending,,Sentinel monitoring
sentinel.code.native-panic,Native application failure,നേറ്റീവ് ഡെസ്‌ക്‌ടോപ്പ് ആപ്പ് പിശക്,,Pending,,Sentinel monitoring
View details,View details,വിശദാംശങ്ങൾ കാണുക,,Pending,,Sentinel monitoring
History,History,ചരിത്രം,,Pending,,Sentinel monitoring
recovery.network,Check your connection. The result is not confirmed; check the record before starting a new operation.,കണക്ഷൻ പരിശോധിക്കുക. ഫലം സ്ഥിരീകരിച്ചിട്ടില്ല; പുതിയ പ്രവർത്തനം തുടങ്ങുന്നതിന് മുമ്പ് രേഖ പരിശോധിക്കുക.,,Pending,,User-facing recovery; native-speaker review required
recovery.timeout,The service did not respond in time. The operation may have completed; retry the same action to check its result.,സേവനം സമയത്തിനുള്ളിൽ പ്രതികരിച്ചില്ല. പ്രവർത്തനം പൂർത്തിയായിരിക്കാം; ഫലം പരിശോധിക്കാൻ അതേ പ്രവർത്തനം വീണ്ടും ശ്രമിക്കുക.,,Pending,,User-facing recovery; native-speaker review required
recovery.retained,Your values are still here. Keep this page open while recovering.,നിങ്ങൾ നൽകിയ വിവരങ്ങൾ ഇവിടെത്തന്നെയുണ്ട്. വീണ്ടെടുക്കുന്നതിനിടെ ഈ പേജ് തുറന്നുവയ്ക്കുക.,,Pending,,User-facing recovery; native-speaker review required
recovery.session,Sign in with the same account to continue with your unsaved work. Do not reload or close this window.,സേവ് ചെയ്യാത്ത ജോലി തുടരാൻ അതേ അക്കൗണ്ടിൽ സൈൻ ഇൻ ചെയ്യുക. ഈ വിൻഡോ റീലോഡ് ചെയ്യുകയോ അടയ്ക്കുകയോ അരുത്.,,Pending,,User-facing recovery; native-speaker review required
recovery.sameUser,Use the same account and access role to recover this work. Sign out to use a different account.,ഈ ജോലി വീണ്ടെടുക്കാൻ അതേ അക്കൗണ്ടും പ്രവേശന റോളും ഉപയോഗിക്കുക. മറ്റൊരു അക്കൗണ്ട് ഉപയോഗിക്കാൻ സൈൻ ഔട്ട് ചെയ്യുക.,,Pending,,User-facing recovery; native-speaker review required
recovery.return,Return to page,പേജിലേക്ക് മടങ്ങുക,,Pending,,User-facing recovery; native-speaker review required
recovery.discardSignOut,Discard unsaved work and sign out,സേവ് ചെയ്യാത്ത ജോലി ഉപേക്ഷിച്ച് സൈൻ ഔട്ട് ചെയ്യുക,,Pending,,User-facing recovery; native-speaker review required
recovery.discardConfirm,Discard the work kept in this window and sign out? Unsaved values may be lost.,ഈ വിൻഡോയിലെ ജോലി ഉപേക്ഷിച്ച് സൈൻ ഔട്ട് ചെയ്യണോ? സേവ് ചെയ്യാത്ത വിവരങ്ങൾ നഷ്ടപ്പെട്ടേക്കാം.,,Pending,,User-facing recovery; native-speaker review required
recovery.rateTitle,Too many requests,വളരെയധികം അഭ്യർത്ഥനകൾ,,Pending,,User-facing recovery; native-speaker review required
recovery.rate,"Wait a moment, then retry the same action.",അൽപ്പം കാത്തിരുന്ന് അതേ പ്രവർത്തനം വീണ്ടും ശ്രമിക്കുക.,,Pending,,User-facing recovery; native-speaker review required
recovery.exportAudit,"The file was generated, but its audit entry was not confirmed. Retry records the audit only; it does not download another file.","ഫയൽ സൃഷ്ടിച്ചു, പക്ഷേ ഓഡിറ്റ് രേഖ സ്ഥിരീകരിച്ചിട്ടില്ല. വീണ്ടും ശ്രമിക്കുമ്പോൾ ഓഡിറ്റ് മാത്രം രേഖപ്പെടുത്തും; മറ്റൊരു ഫയൽ ഡൗൺലോഡ് ചെയ്യില്ല.",,Pending,,User-facing recovery; native-speaker review required
recovery.resumeTitle,You are signed in again,വീണ്ടും സൈൻ ഇൻ ചെയ്തു,,Pending,,User-facing recovery; native-speaker review required
recovery.resume,Your work is still here. Retry the pending action when you are ready.,നിങ്ങളുടെ ജോലി ഇവിടെത്തന്നെയുണ്ട്. തയ്യാറാകുമ്പോൾ പൂർത്തിയാകാത്ത പ്രവർത്തനം വീണ്ടും ശ്രമിക്കുക.,,Pending,,User-facing recovery; native-speaker review required
recovery.signInUnavailable,Sign-in is temporarily unavailable. Please try again.,സൈൻ ഇൻ താൽക്കാലികമായി ലഭ്യമല്ല. വീണ്ടും ശ്രമിക്കുക.,,Pending,,User-facing recovery; native-speaker review required
recovery.signInFailed,Sign-in failed. Check your username and password.,സൈൻ ഇൻ പരാജയപ്പെട്ടു. ഉപയോക്തൃനാമവും പാസ്‌വേഡും പരിശോധിക്കുക.,,Pending,,User-facing recovery; native-speaker review required
recovery.exportTitle,The file could not be generated,ഫയൽ സൃഷ്ടിക്കാനായില്ല,,Pending,,User-facing recovery; native-speaker review required
recovery.exportFailed,"Check your browser downloads, then retry if the file is missing. Your selected rows are unchanged.",ബ്രൗസറിലെ ഡൗൺലോഡുകൾ പരിശോധിക്കുക. ഫയൽ ഇല്ലെങ്കിൽ വീണ്ടും ശ്രമിക്കുക. തിരഞ്ഞെടുത്ത വരികൾ മാറിയിട്ടില്ല.,,Pending,,User-facing recovery; native-speaker review required
 (full), (full), (പൂർണ്ണം),,Pending,,New shared catalog copy; native-speaker review required.
" (last {value0}, {value1})"," (last {value0}, {value1})"," (അവസാനം {value0}, {value1})",,Pending,,New shared catalog copy; native-speaker review required.
 (you), (you), (നിങ്ങൾ),,Pending,,New shared catalog copy; native-speaker review required.
 from cache, from cache, കാഷിൽ നിന്ന്,,Pending,,New shared catalog copy; native-speaker review required.
 · Account {value0} · Routing {value1}, · Account {value0} · Routing {value1}, · അക്കൗണ്ട് {value0} · റൂട്ടിംഗ് {value1},,Pending,,New shared catalog copy; native-speaker review required.
 · P H E L A R O T switch tools, · P H E L A R O T switch tools, · P H E L A R O T ടൂളുകൾ മാറ്റുക,,Pending,,New shared catalog copy; native-speaker review required.
 · Today, · Today, · ഇന്ന്,,Pending,,New shared catalog copy; native-speaker review required.
 · click a period to edit, · click a period to edit, · എഡിറ്റ് ചെയ്യാൻ ഒരു പിരീഡിൽ ക്ലിക്ക് ചെയ്യുക,,Pending,,New shared catalog copy; native-speaker review required.
 · last paid {value0} via {value1}, · last paid {value0} via {value1}," · അവസാനം അടച്ചത് {value0}, {value1} വഴി",,Pending,,New shared catalog copy; native-speaker review required.
 · use the bank details printed on your invoice, · use the bank details printed on your invoice, · നിങ്ങളുടെ ഇൻവോയ്‌സിൽ അച്ചടിച്ച ബാങ്ക് വിവരങ്ങൾ ഉപയോഗിക്കുക,,Pending,,New shared catalog copy; native-speaker review required.
 · ✅ you got it right, · ✅ you got it right, · ✅ നിങ്ങൾ ശരിയായി ഉത്തരം നൽകി,,Pending,,New shared catalog copy; native-speaker review required.
 · ❌ not quite, · ❌ not quite, · ❌ ശരിയായില്ല,,Pending,,New shared catalog copy; native-speaker review required.
% applies to the second child's tuition. Late payment attracts a,% applies to the second child's tuition. Late payment attracts a,% രണ്ടാമത്തെ കുട്ടിയുടെ ട്യൂഷൻ ഫീസിന് ബാധകമാണ്. വൈകി അടച്ചാൽ പിഴ ചുമത്തും,,Pending,,New shared catalog copy; native-speaker review required.
% occupancy,% occupancy,% ഓക്യുപൻസി,,Pending,,New shared catalog copy; native-speaker review required.
's team,'s team, ന്റെ ടീം,,Pending,,New shared catalog copy; native-speaker review required.
(max,(max,(പരമാവധി,,Pending,,New shared catalog copy; native-speaker review required.
(you),(you),(നിങ്ങൾ),,Pending,,New shared catalog copy; native-speaker review required.
", SWIFT",", SWIFT",", SWIFT",,Pending,,New shared catalog copy; native-speaker review required.
", about {rows} rows",", about {rows} rows",", ഏകദേശം {rows} വരികൾ",,Pending,,New shared catalog copy; native-speaker review required.
", and your {value0} class is live now.",", and your {value0} class is live now.",", കൂടാതെ നിങ്ങളുടെ {value0} ക്ലാസ് ഇപ്പോൾ ലൈവ് ആണ്.",,Pending,,New shared catalog copy; native-speaker review required.
", authorised signatory",", authorised signatory",", അധികാരപ്പെടുത്തിയ ഒപ്പുവയ്ക്കുന്നയാൾ",,Pending,,New shared catalog copy; native-speaker review required.
", oldest due first",", oldest due first",", ഏറ്റവും പഴയ കാലാവധി ആദ്യം",,Pending,,New shared catalog copy; native-speaker review required.
", roll",", roll",", റോൾ",,Pending,,New shared catalog copy; native-speaker review required.
", soonest due first",", soonest due first",", ഏറ്റവും അടുത്ത കാലാവധി ആദ്യം",,Pending,,New shared catalog copy; native-speaker review required.
", {rows} rows",", {rows} rows",", {rows} വരികൾ",,Pending,,New shared catalog copy; native-speaker review required.
. Check your camera and microphone before entering.,. Check your camera and microphone before entering.,. പ്രവേശിക്കുന്നതിന് മുമ്പ് നിങ്ങളുടെ ക്യാമറയും മൈക്രോഫോണും പരിശോധിക്കുക.,,Pending,,New shared catalog copy; native-speaker review required.
. You cannot undo this.,. You cannot undo this.,. ഇത് പഴയപടിയാക്കാൻ കഴിയില്ല.,,Pending,,New shared catalog copy; native-speaker review required.
. Your,. Your,. നിങ്ങളുടെ,,Pending,,New shared catalog copy; native-speaker review required.
"10+ characters with a capital, a number and a symbol","10+ characters with a capital, a number and a symbol","വലിയ അക്ഷരം, അക്കം, ചിഹ്നം എന്നിവയോടെ 10+ അക്ഷരങ്ങൾ",,Pending,,New shared catalog copy; native-speaker review required.
1096 days is three years.,1096 days is three years.,1096 ദിവസം മൂന്ന് വർഷമാണ്.,,Pending,,New shared catalog copy; native-speaker review required.
14-day loans,14-day loans,14 ദിവസത്തെ ലോൺ,,Pending,,New shared catalog copy; native-speaker review required.
2-step,2-step,2-ഘട്ടം,,Pending,,New shared catalog copy; native-speaker review required.
30-day readmissions,30-day readmissions,30 ദിവസത്തെ പുനഃപ്രവേശനങ്ങൾ,,Pending,,New shared catalog copy; native-speaker review required.
? This cannot be undone.,? This cannot be undone.,? ഇത് പഴയപടിയാക്കാൻ കഴിയില്ല.,,Pending,,New shared catalog copy; native-speaker review required.
A,A,A,,Pending,,New shared catalog copy; native-speaker review required.
"A key acts as you: same reports, branches and masking. Only reports with the API / BI action can be pulled.","A key acts as you: same reports, branches and masking. Only reports with the API / BI action can be pulled.","ഒരു കീ നിങ്ങളായി പ്രവർത്തിക്കുന്നു: അതേ റിപ്പോർട്ടുകൾ, ബ്രാഞ്ചുകൾ, മാസ്കിംഗ്. API / BI ആക്ഷൻ ഉള്ള റിപ്പോർട്ടുകൾ മാത്രമേ എടുക്കാൻ കഴിയൂ.",,Pending,,New shared catalog copy; native-speaker review required.
A production connector implements the source adapter against a read replica or warehouse and registers its datasets. Credentials belong in server-side configuration only.,A production connector implements the source adapter against a read replica or warehouse and registers its datasets. Credentials belong in server-side configuration only.,ഒരു പ്രൊഡക്ഷൻ കണക്ടർ സോഴ്‌സ് അഡാപ്റ്റർ ഒരു റീഡ് റെപ്ലിക്കയ്‌ക്കോ വെയർഹൗസിനോ എതിരെ നടപ്പിലാക്കുകയും അതിന്റെ ഡാറ്റാസെറ്റുകൾ രജിസ്റ്റർ ചെയ്യുകയും ചെയ്യുന്നു. ക്രെഡൻഷ്യലുകൾ സെർവർ-സൈഡ് കോൺഫിഗറേഷനിൽ മാത്രമേ ഉണ്ടാകാവൂ.,,Pending,,New shared catalog copy; native-speaker review required.
A role default applies to everyone in the role unless they set a personal default.,A role default applies to everyone in the role unless they set a personal default.,"വ്യക്തിഗത ഡിഫോൾട്ട് സജ്ജീകരിക്കാത്ത പക്ഷം, റോൾ ഡിഫോൾട്ട് ആ റോളിലെ എല്ലാവർക്കും ബാധകമാണ്.",,Pending,,New shared catalog copy; native-speaker review required.
API / BI,API / BI,API / ബിസിനസ് ഇന്റലിജൻസ്,,Pending,,New shared catalog copy; native-speaker review required.
API and BI tools,API and BI tools,"API, BI ടൂളുകൾ",,Pending,,New shared catalog copy; native-speaker review required.
API keys and BI,API keys and BI,API കീകളും BI-യും,,Pending,,New shared catalog copy; native-speaker review required.
AY 2027–28 intake,AY 2027–28 intake,അധ്യയനവർഷം 2027-28 പ്രവേശനം,,Pending,,New shared catalog copy; native-speaker review required.
About the report,About the report,റിപ്പോർട്ടിനെക്കുറിച്ച്,,Pending,,New shared catalog copy; native-speaker review required.
Absence policy,Absence policy,അസാന്നിധ്യ നയം,,Pending,,New shared catalog copy; native-speaker review required.
Absent,Absent,ഹാജരില്ല,,Pending,,New shared catalog copy; native-speaker review required.
Academic,Academic,അക്കാദമിക്,,Pending,,New shared catalog copy; native-speaker review required.
Academics,Academics,അക്കാദമിക്സ്,,Pending,,New shared catalog copy; native-speaker review required.
Accept,Accept,സ്വീകരിക്കുക,,Pending,,New shared catalog copy; native-speaker review required.
Accept email requests,Accept email requests,ഇമെയിൽ അഭ്യർത്ഥനകൾ സ്വീകരിക്കുക,,Pending,,New shared catalog copy; native-speaker review required.
Account,Account,അക്കൗണ്ട്,,Pending,,New shared catalog copy; native-speaker review required.
Account / IBAN,Account / IBAN,അക്കൗണ്ട് / IBAN,,Pending,,New shared catalog copy; native-speaker review required.
Account groups and ledgers,Account groups and ledgers,അക്കൗണ്ട് ഗ്രൂപ്പുകളും ലെഡ്ജറുകളും,,Pending,,New shared catalog copy; native-speaker review required.
Account no.,Account no.,അക്കൗണ്ട് നമ്പർ,,Pending,,New shared catalog copy; native-speaker review required.
Account type,Account type,അക്കൗണ്ട് തരം,,Pending,,New shared catalog copy; native-speaker review required.
Action,Action,പ്രവർത്തനം,,Pending,,New shared catalog copy; native-speaker review required.
Active sessions,Active sessions,സജീവ സെഷനുകൾ,,Pending,,New shared catalog copy; native-speaker review required.
Active students,Active students,സജീവ വിദ്യാർത്ഥികൾ,,Pending,,New shared catalog copy; native-speaker review required.
Activity by department,Activity by department,ഡിപ്പാർട്ട്മെന്റ് അനുസരിച്ചുള്ള പ്രവർത്തനം,,Pending,,New shared catalog copy; native-speaker review required.
"Activity, capacity, diagnostics and quality.","Activity, capacity, diagnostics and quality.","പ്രവർത്തനം, ശേഷി, ഡയഗ്നോസ്റ്റിക്സ്, ഗുണനിലവാരം.",,Pending,,New shared catalog copy; native-speaker review required.
Actual,Actual,യഥാർത്ഥം,,Pending,,New shared catalog copy; native-speaker review required.
Add a note for the requester (optional),Add a note for the requester (optional),അഭ്യർത്ഥിച്ച ആൾക്ക് ഒരു കുറിപ്പ് ചേർക്കുക (ഓപ്ഷണൽ),,Pending,,New shared catalog copy; native-speaker review required.
Add an update or reply,Add an update or reply,ഒരു അപ്ഡേറ്റോ മറുപടിയോ ചേർക്കുക,,Pending,,New shared catalog copy; native-speaker review required.
Add at least one line before saving,Add at least one line before saving,സേവ് ചെയ്യുന്നതിന് മുമ്പ് കുറഞ്ഞത് ഒരു വരിയെങ്കിലും ചേർക്കുക,,Pending,,New shared catalog copy; native-speaker review required.
Add at least one line first,Add at least one line first,ആദ്യം കുറഞ്ഞത് ഒരു വരിയെങ്കിലും ചേർക്കുക,,Pending,,New shared catalog copy; native-speaker review required.
Add book,Add book,പുസ്തകം ചേർക്കുക,,Pending,,New shared catalog copy; native-speaker review required.
Add book to catalogue,Add book to catalogue,കാറ്റലോഗിലേക്ക് പുസ്തകം ചേർക്കുക,,Pending,,New shared catalog copy; native-speaker review required.
Add calculated column,Add calculated column,കണക്കാക്കിയ കോളം ചേർക്കുക,,Pending,,New shared catalog copy; native-speaker review required.
Add calendar event,Add calendar event,കലണ്ടർ ഇവന്റ് ചേർക്കുക,,Pending,,New shared catalog copy; native-speaker review required.
Add child,Add child,കുട്ടിയെ ചേർക്കുക,,Pending,,New shared catalog copy; native-speaker review required.
Add class,Add class,ക്ലാസ് ചേർക്കുക,,Pending,,New shared catalog copy; native-speaker review required.
Add class section,Add class section,ക്ലാസ് സെക്ഷൻ ചേർക്കുക,,Pending,,New shared catalog copy; native-speaker review required.
"Add columns, then refresh the preview.","Add columns, then refresh the preview.","കോളങ്ങൾ ചേർക്കുക, തുടർന്ന് പ്രിവ്യൂ പുതുക്കുക.",,Pending,,New shared catalog copy; native-speaker review required.
Add event,Add event,ഇവന്റ് ചേർക്കുക,,Pending,,New shared catalog copy; native-speaker review required.
Add measure,Add measure,അളവ് ചേർക്കുക,,Pending,,New shared catalog copy; native-speaker review required.
Add option,Add option,ഓപ്ഷൻ ചേർക്കുക,,Pending,,New shared catalog copy; native-speaker review required.
"Add optional columns, remove ones you do not need and set their order. Save a view to keep the layout.","Add optional columns, remove ones you do not need and set their order. Save a view to keep the layout.","ഓപ്ഷണൽ കോളങ്ങൾ ചേർക്കുക, ആവശ്യമില്ലാത്തവ നീക്കം ചെയ്യുക, അവയുടെ ക്രമം സജ്ജമാക്കുക. ലേഔട്ട് സൂക്ഷിക്കാൻ ഒരു വ്യൂ സേവ് ചെയ്യുക.",,Pending,,New shared catalog copy; native-speaker review required.
Add question,Add question,ചോദ്യം ചേർക്കുക,,Pending,,New shared catalog copy; native-speaker review required.
Add subject,Add subject,വിഷയം ചേർക്കുക,,Pending,,New shared catalog copy; native-speaker review required.
Add the first one,Add the first one,ആദ്യത്തേത് ചേർക്കുക,,Pending,,New shared catalog copy; native-speaker review required.
Add top-level item,Add top-level item,ടോപ്പ്-ലെവൽ ഇനം ചേർക്കുക,,Pending,,New shared catalog copy; native-speaker review required.
Add under {value0},Add under {value0},{value0} എന്നതിന് കീഴിൽ ചേർക്കുക,,Pending,,New shared catalog copy; native-speaker review required.
Add user,Add user,ഉപയോക്താവിനെ ചേർക്കുക,,Pending,,New shared catalog copy; native-speaker review required.
Add widget,Add widget,വിജറ്റ് ചേർക്കുക,,Pending,,New shared catalog copy; native-speaker review required.
Administration,Administration,അഡ്മിനിസ്ട്രേഷൻ,,Pending,,New shared catalog copy; native-speaker review required.
Administrators always have every permission and every report. Assign this role sparingly.,Administrators always have every permission and every report. Assign this role sparingly.,അഡ്മിനിസ്ട്രേറ്റർമാർക്ക് എപ്പോഴും എല്ലാ അനുമതികളും എല്ലാ റിപ്പോർട്ടുകളും ഉണ്ടാകും. ഈ റോൾ ജാഗ്രതയോടെ നൽകുക.,,Pending,,New shared catalog copy; native-speaker review required.
"Administrators can test other senders, including unregistered ones.","Administrators can test other senders, including unregistered ones.",രജിസ്റ്റർ ചെയ്യാത്തവ ഉൾപ്പെടെ മറ്റ് അയക്കുന്നവരെ അഡ്മിനിസ്ട്രേറ്റർമാർക്ക് പരീക്ഷിക്കാം.,,Pending,,New shared catalog copy; native-speaker review required.
Admission ID,Admission ID,അഡ്മിഷൻ ഐഡി,,Pending,,New shared catalog copy; native-speaker review required.
Admission date,Admission date,പ്രവേശന തീയതി,,Pending,,New shared catalog copy; native-speaker review required.
Admissions by discharge status.,Admissions by discharge status.,ഡിസ്ചാർജ് സ്റ്റാറ്റസ് അനുസരിച്ചുള്ള അഡ്മിഷനുകൾ.,,Pending,,New shared catalog copy; native-speaker review required.
Admissions funnel,Admissions funnel,അഡ്മിഷൻ ഫണൽ,,Pending,,New shared catalog copy; native-speaker review required.
Admissions pipeline,Admissions pipeline,അഡ്മിഷൻ പൈപ്പ്‌ലൈൻ,,Pending,,New shared catalog copy; native-speaker review required.
Admissions register,Admissions register,അഡ്മിഷൻ രജിസ്റ്റർ,,Pending,,New shared catalog copy; native-speaker review required.
"Admissions, average length of stay and average bill.","Admissions, average length of stay and average bill.","അഡ്മിഷനുകൾ, ശരാശരി താമസ ദൈർഘ്യം, ശരാശരി ബിൽ.",,Pending,,New shared catalog copy; native-speaker review required.
Advance to,Advance to,മുന്നോട്ട് പോകുക,,Pending,,New shared catalog copy; native-speaker review required.
Advanced filter,Advanced filter,അഡ്വാൻസ്ഡ് ഫിൽട്ടർ,,Pending,,New shared catalog copy; native-speaker review required.
After search and filters,After search and filters,സെർച്ചിനും ഫിൽട്ടറുകൾക്കും ശേഷം,,Pending,,New shared catalog copy; native-speaker review required.
Again,Again,വീണ്ടും,,Pending,,New shared catalog copy; native-speaker review required.
Age,Age,പ്രായം,,Pending,,New shared catalog copy; native-speaker review required.
Age bucket,Age bucket,പ്രായ വിഭാഗം,,Pending,,New shared catalog copy; native-speaker review required.
Aging bucket,Aging bucket,പഴക്ക വിഭാഗം,,Pending,,New shared catalog copy; native-speaker review required.
All actions: {title},All actions: {title},എല്ലാ പ്രവർത്തനങ്ങളും: {title},,Pending,,New shared catalog copy; native-speaker review required.
All areas,All areas,എല്ലാ മേഖലകളും,,Pending,,New shared catalog copy; native-speaker review required.
All branches,All branches,എല്ലാ ബ്രാഞ്ചുകളും,,Pending,,New shared catalog copy; native-speaker review required.
All categories,All categories,എല്ലാ വിഭാഗങ്ങളും,,Pending,,New shared catalog copy; native-speaker review required.
All caught up,All caught up,എല്ലാം പൂർത്തിയായി,,Pending,,New shared catalog copy; native-speaker review required.
All classes,All classes,എല്ലാ ക്ലാസുകളും,,Pending,,New shared catalog copy; native-speaker review required.
All columns are shown.,All columns are shown.,എല്ലാ കോളങ്ങളും കാണിച്ചിരിക്കുന്നു.,,Pending,,New shared catalog copy; native-speaker review required.
All copies out,All copies out,എല്ലാ കോപ്പികളും വിതരണം ചെയ്തു,,Pending,,New shared catalog copy; native-speaker review required.
All custom reports,All custom reports,എല്ലാ കസ്റ്റം റിപ്പോർട്ടുകളും,,Pending,,New shared catalog copy; native-speaker review required.
All departments,All departments,എല്ലാ ഡിപ്പാർട്ട്മെന്റുകളും,,Pending,,New shared catalog copy; native-speaker review required.
All grades,All grades,എല്ലാ ഗ്രേഡുകളും,,Pending,,New shared catalog copy; native-speaker review required.
All my reports,All my reports,എന്റെ എല്ലാ റിപ്പോർട്ടുകളും,,Pending,,New shared catalog copy; native-speaker review required.
All orders,All orders,എല്ലാ ഓർഡറുകളും,,Pending,,New shared catalog copy; native-speaker review required.
All periods,All periods,എല്ലാ പിരീഡുകളും,,Pending,,New shared catalog copy; native-speaker review required.
All present,All present,എല്ലാവരും ഹാജർ,,Pending,,New shared catalog copy; native-speaker review required.
All records,All records,എല്ലാ റെക്കോർഡുകളും,,Pending,,New shared catalog copy; native-speaker review required.
All terms,All terms,എല്ലാ ടേമുകളും,,Pending,,New shared catalog copy; native-speaker review required.
All types,All types,എല്ലാ തരങ്ങളും,,Pending,,New shared catalog copy; native-speaker review required.
All work,All work,എല്ലാ ജോലികളും,,Pending,,New shared catalog copy; native-speaker review required.
All {parent} records,All {parent} records,എല്ലാ {parent} രേഖകളും,,Pending,,New shared catalog copy; native-speaker review required.
Allergies / alerts,Allergies / alerts,അലർജികൾ / അലേർട്ടുകൾ,,Pending,,New shared catalog copy; native-speaker review required.
Allow negative stock,Allow negative stock,നെഗറ്റീവ് സ്റ്റോക്ക് അനുവദിക്കുക,,Pending,,New shared catalog copy; native-speaker review required.
Allow-listed HTTPS endpoint with server-side token and row limits.,Allow-listed HTTPS endpoint with server-side token and row limits.,സെർവർ-സൈഡ് ടോക്കണും വരി പരിധികളും ഉള്ള അലൗ-ലിസ്റ്റഡ് HTTPS എൻഡ്‌പോയിന്റ്.,,Pending,,New shared catalog copy; native-speaker review required.
Allowed recipient domains,Allowed recipient domains,അനുവദനീയമായ സ്വീകർത്താവ് ഡൊമെയ്‌നുകൾ,,Pending,,New shared catalog copy; native-speaker review required.
Also waiting from,Also waiting from,ഇതിൽ നിന്നും കാത്തിരിക്കുന്നു,,Pending,,New shared catalog copy; native-speaker review required.
Amount ({value0}),Amount ({value0}),തുക ({value0}),,Pending,,New shared catalog copy; native-speaker review required.
Amount in words,Amount in words,തുക വാക്കുകളിൽ,,Pending,,New shared catalog copy; native-speaker review required.
Answer locked in. Waiting for the teacher to reveal…,Answer locked in. Waiting for the teacher to reveal…,ഉത്തരം ലോക്ക് ചെയ്തു. അധ്യാപകൻ വെളിപ്പെടുത്തുന്നതിനായി കാത്തിരിക്കുന്നു…,,Pending,,New shared catalog copy; native-speaker review required.
Answer review,Answer review,ഉത്തര അവലോകനം,,Pending,,New shared catalog copy; native-speaker review required.
Answer:,Answer:,ഉത്തരം:,,Pending,,New shared catalog copy; native-speaker review required.
Answered,Answered,ഉത്തരം നൽകി,,Pending,,New shared catalog copy; native-speaker review required.
Any,Any,ഏതെങ്കിലും,,Pending,,New shared catalog copy; native-speaker review required.
Any fees,Any fees,ഏതെങ്കിലും ഫീസ്,,Pending,,New shared catalog copy; native-speaker review required.
Any gender,Any gender,ഏതെങ്കിലും ലിംഗം,,Pending,,New shared catalog copy; native-speaker review required.
Any priority,Any priority,ഏതെങ്കിലും മുൻഗണന,,Pending,,New shared catalog copy; native-speaker review required.
Any status,Any status,ഏതെങ്കിലും സ്റ്റാറ്റസ്,,Pending,,New shared catalog copy; native-speaker review required.
Any type,Any type,ഏതെങ്കിലും തരം,,Pending,,New shared catalog copy; native-speaker review required.
Applicant name,Applicant name,അപേക്ഷകന്റെ പേര്,,Pending,,New shared catalog copy; native-speaker review required.
Application {value0} created,Application {value0} created,അപേക്ഷ {value0} സൃഷ്ടിച്ചു,,Pending,,New shared catalog copy; native-speaker review required.
Applies to,Applies to,ബാധകമാകുന്നത്,,Pending,,New shared catalog copy; native-speaker review required.
Applies to row-detail reports.,Applies to row-detail reports.,റോ-ഡീറ്റെയിൽ റിപ്പോർട്ടുകൾക്ക് ബാധകം.,,Pending,,New shared catalog copy; native-speaker review required.
Apply columns,Apply columns,കോളങ്ങൾ പ്രയോഗിക്കുക,,Pending,,New shared catalog copy; native-speaker review required.
Apply filters,Apply filters,ഫിൽട്ടറുകൾ പ്രയോഗിക്കുക,,Pending,,New shared catalog copy; native-speaker review required.
"Apply, track and approve leave","Apply, track and approve leave","അവധിക്ക് അപേക്ഷിക്കുക, ട്രാക്ക് ചെയ്യുക, അംഗീകരിക്കുക",,Pending,,New shared catalog copy; native-speaker review required.
Applying for,Applying for,അപേക്ഷിക്കുന്നത്,,Pending,,New shared catalog copy; native-speaker review required.
Appointment attendance,Appointment attendance,അപ്പോയിന്റ്മെന്റ് ഹാജർ,,Pending,,New shared catalog copy; native-speaker review required.
"Appointments, activity, diagnostics and inventory.","Appointments, activity, diagnostics and inventory.","അപ്പോയിന്റ്മെന്റുകൾ, പ്രവർത്തനം, ഡയഗ്നോസ്റ്റിക്സ്, ഇൻവെന്ററി.",,Pending,,New shared catalog copy; native-speaker review required.
Approval route,Approval route,അംഗീകാര പാത,,Pending,,New shared catalog copy; native-speaker review required.
Approval trail,Approval trail,അംഗീകാര ട്രെയിൽ,,Pending,,New shared catalog copy; native-speaker review required.
Approvals,Approvals,അംഗീകാരങ്ങൾ,,Pending,,New shared catalog copy; native-speaker review required.
Approvals inbox,Approvals inbox,അംഗീകാര ഇൻബോക്സ്,,Pending,,New shared catalog copy; native-speaker review required.
Approve all,Approve all,എല്ലാം അംഗീകരിക്കുക,,Pending,,New shared catalog copy; native-speaker review required.
Approved claims,Approved claims,അംഗീകരിച്ച ക്ലെയിമുകൾ,,Pending,,New shared catalog copy; native-speaker review required.
Area,Area,പ്രദേശം,,Pending,,New shared catalog copy; native-speaker review required.
Arrive 15 minutes early with your admit card and ID.,Arrive 15 minutes early with your admit card and ID.,നിങ്ങളുടെ അഡ്മിറ്റ് കാർഡും ഐഡിയുമായി 15 മിനിറ്റ് നേരത്തെ എത്തുക.,,Pending,,New shared catalog copy; native-speaker review required.
Arrow,Arrow,അമ്പ്,,Pending,,New shared catalog copy; native-speaker review required.
As on {value0},As on {value0},{value0} വരെ പ്രകാരം,,Pending,,New shared catalog copy; native-speaker review required.
Ask,Ask,ചോദിക്കുക,,Pending,,New shared catalog copy; native-speaker review required.
Assessment,Assessment,വിലയിരുത്തൽ,,Pending,,New shared catalog copy; native-speaker review required.
Asset class,Asset class,ആസ്തി വിഭാഗം,,Pending,,New shared catalog copy; native-speaker review required.
Assets,Assets,ആസ്തികൾ,,Pending,,New shared catalog copy; native-speaker review required.
Assign roles and branches. A user with several roles gets the combined access of all of them.,Assign roles and branches. A user with several roles gets the combined access of all of them.,റോളുകളും ബ്രാഞ്ചുകളും അസൈൻ ചെയ്യുക. ഒന്നിലധികം റോളുകളുള്ള ഉപയോക്താവിന് അവയുടെയെല്ലാം സംയോജിത ആക്‌സസ് ലഭിക്കും.,,Pending,,New shared catalog copy; native-speaker review required.
Assigned driver,Assigned driver,നിയോഗിക്കപ്പെട്ട ഡ്രൈവർ,,Pending,,New shared catalog copy; native-speaker review required.
Assignee,Assignee,അസൈൻ ചെയ്തയാൾ,,Pending,,New shared catalog copy; native-speaker review required.
Assignment published to {value0},Assignment published to {value0},അസൈൻമെന്റ് {value0}-ലേക്ക് പ്രസിദ്ധീകരിച്ചു,,Pending,,New shared catalog copy; native-speaker review required.
Assignments,Assignments,അസൈൻമെന്റുകൾ,,Pending,,New shared catalog copy; native-speaker review required.
Assignments due,Assignments due,അടയ്‌ക്കേണ്ട അസൈൻമെന്റുകൾ,,Pending,,New shared catalog copy; native-speaker review required.
Assignments pending,Assignments pending,തീർപ്പാക്കാത്ത അസൈൻമെന്റുകൾ,,Pending,,New shared catalog copy; native-speaker review required.
At least 10 characters,At least 10 characters,കുറഞ്ഞത് 10 അക്ഷരങ്ങൾ,,Pending,,New shared catalog copy; native-speaker review required.
At least 10 characters. Sign-in is handled by the host application; this demo directory does not store passwords.,At least 10 characters. Sign-in is handled by the host application; this demo directory does not store passwords.,കുറഞ്ഞത് 10 അക്ഷരങ്ങൾ. സൈൻ-ഇൻ ഹോസ്റ്റ് ആപ്ലിക്കേഷനാണ് കൈകാര്യം ചെയ്യുന്നത്; ഈ ഡെമോ ഡയറക്ടറി പാസ്‌വേഡുകൾ സൂക്ഷിക്കുന്നില്ല.,,Pending,,New shared catalog copy; native-speaker review required.
At least 5 characters,At least 5 characters,കുറഞ്ഞത് 5 അക്ഷരങ്ങൾ,,Pending,,New shared catalog copy; native-speaker review required.
Attach,Attach,അറ്റാച്ച് ചെയ്യുക,,Pending,,New shared catalog copy; native-speaker review required.
"Attach files (PDF, images, docs)","Attach files (PDF, images, docs)","ഫയലുകൾ അറ്റാച്ച് ചെയ്യുക (PDF, ചിത്രങ്ങൾ, ഡോക്സ്)",,Pending,,New shared catalog copy; native-speaker review required.
"Attach worksheet, rubric or reference files","Attach worksheet, rubric or reference files","വർക്ക്ഷീറ്റ്, റൂബ്രിക് അല്ലെങ്കിൽ റഫറൻസ് ഫയലുകൾ അറ്റാച്ച് ചെയ്യുക",,Pending,,New shared catalog copy; native-speaker review required.
Attachments:,Attachments:,അറ്റാച്ച്മെന്റുകൾ:,,Pending,,New shared catalog copy; native-speaker review required.
Attempts,Attempts,ശ്രമങ്ങൾ,,Pending,,New shared catalog copy; native-speaker review required.
Attendance,Attendance,ഹാജർ,,Pending,,New shared catalog copy; native-speaker review required.
Attendance (last 60 days),Attendance (last 60 days),ഹാജർ (കഴിഞ്ഞ 60 ദിവസം),,Pending,,New shared catalog copy; native-speaker review required.
Attendance defaulters,Attendance defaulters,ഹാജർ കുറവുള്ളവർ,,Pending,,New shared catalog copy; native-speaker review required.
Attendance for {value0},Attendance for {value0},{value0}-ന്റെ ഹാജർ,,Pending,,New shared catalog copy; native-speaker review required.
Attendance register,Attendance register,ഹാജർ രജിസ്റ്റർ,,Pending,,New shared catalog copy; native-speaker review required.
Attendance trend,Attendance trend,ഹാജർ ട്രെൻഡ്,,Pending,,New shared catalog copy; native-speaker review required.
"Attendance, last 20 school days","Attendance, last 20 school days","ഹാജർ, കഴിഞ്ഞ 20 സ്കൂൾ ദിവസങ്ങൾ",,Pending,,New shared catalog copy; native-speaker review required.
Attended,Attended,ഹാജരായവ,,Pending,,New shared catalog copy; native-speaker review required.
Audience,Audience,പ്രേക്ഷകർ,,Pending,,New shared catalog copy; native-speaker review required.
Audit log,Audit log,ഓഡിറ്റ് ലോഗ്,,Pending,,New shared catalog copy; native-speaker review required.
Author,Author,രചയിതാവ്,,Pending,,New shared catalog copy; native-speaker review required.
Auto,Auto,ഓട്ടോ,,Pending,,New shared catalog copy; native-speaker review required.
Auto-assign,Auto-assign,ഓട്ടോ-അസൈൻ,,Pending,,New shared catalog copy; native-speaker review required.
Available bed-days,Available bed-days,ലഭ്യമായ ബെഡ്-ദിനങ്ങൾ,,Pending,,New shared catalog copy; native-speaker review required.
Available now,Available now,ഇപ്പോൾ ലഭ്യം,,Pending,,New shared catalog copy; native-speaker review required.
Available only,Available only,ലഭ്യമായത് മാത്രം,,Pending,,New shared catalog copy; native-speaker review required.
Available to add,Available to add,ചേർക്കാൻ ലഭ്യം,,Pending,,New shared catalog copy; native-speaker review required.
Average,Average,ശരാശരി,,Pending,,New shared catalog copy; native-speaker review required.
Average GPA,Average GPA,ശരാശരി GPA,,Pending,,New shared catalog copy; native-speaker review required.
Average LOS (days),Average LOS (days),ശരാശരി ആശുപത്രിവാസം (ദിവസങ്ങൾ),,Pending,,New shared catalog copy; native-speaker review required.
Average Quarterly score by class,Average Quarterly score by class,ക്ലാസ് അനുസരിച്ചുള്ള ശരാശരി ക്വാർട്ടർലി സ്കോർ,,Pending,,New shared catalog copy; native-speaker review required.
Average TAT (hours),Average TAT (hours),ശരാശരി ടേൺഎറൗണ്ട് സമയം (മണിക്കൂർ),,Pending,,New shared catalog copy; native-speaker review required.
Average attendance,Average attendance,ശരാശരി ഹാജർ,,Pending,,New shared catalog copy; native-speaker review required.
Average bill,Average bill,ശരാശരി ബിൽ,,Pending,,New shared catalog copy; native-speaker review required.
Average on graded work,Average on graded work,ഗ്രേഡ് ചെയ്ത ജോലിയിലെ ശരാശരി,,Pending,,New shared catalog copy; native-speaker review required.
Average patient waiting time.,Average patient waiting time.,രോഗിയുടെ ശരാശരി കാത്തിരിപ്പ് സമയം.,,Pending,,New shared catalog copy; native-speaker review required.
Average rating,Average rating,ശരാശരി റേറ്റിംഗ്,,Pending,,New shared catalog copy; native-speaker review required.
Average score,Average score,ശരാശരി സ്കോർ,,Pending,,New shared catalog copy; native-speaker review required.
Average teaching load,Average teaching load,ശരാശരി അധ്യാപന ഭാരം,,Pending,,New shared catalog copy; native-speaker review required.
Average wait (min),Average wait (min),ശരാശരി കാത്തിരിപ്പ് (മിനിറ്റ്),,Pending,,New shared catalog copy; native-speaker review required.
Avg {amount} per row,Avg {amount} per row,ഓരോ വരിക്കും ശരാശരി {amount},,Pending,,New shared catalog copy; native-speaker review required.
B-204,B-204,B-204,,Pending,,New shared catalog copy; native-speaker review required.
Back to My reports,Back to My reports,എന്റെ റിപ്പോർട്ടുകളിലേക്ക് തിരികെ പോകുക,,Pending,,New shared catalog copy; native-speaker review required.
Back to list,Back to list,ലിസ്റ്റിലേക്ക് തിരികെ പോകുക,,Pending,,New shared catalog copy; native-speaker review required.
Back to live classes,Back to live classes,ലൈവ് ക്ലാസുകളിലേക്ക് തിരികെ പോകുക,,Pending,,New shared catalog copy; native-speaker review required.
Back to quizzes,Back to quizzes,ക്വിസുകളിലേക്ക് തിരികെ പോകുക,,Pending,,New shared catalog copy; native-speaker review required.
Back to students,Back to students,വിദ്യാർത്ഥികളിലേക്ക് തിരികെ പോകുക,,Pending,,New shared catalog copy; native-speaker review required.
Back to {value0},Back to {value0},{value0}-ലേക്ക് തിരികെ,,Pending,,New shared catalog copy; native-speaker review required.
Background report {id},Background report {id},ബാക്ക്ഗ്രൗണ്ട് റിപ്പോർട്ട് {id},,Pending,,New shared catalog copy; native-speaker review required.
Background reports,Background reports,ബാക്ക്ഗ്രൗണ്ട് റിപ്പോർട്ടുകൾ,,Pending,,New shared catalog copy; native-speaker review required.
"Background reports, scheduled runs and email requests. Results are kept for {hours} hours. You can run up to {max} at a time.","Background reports, scheduled runs and email requests. Results are kept for {hours} hours. You can run up to {max} at a time.","ബാക്ക്ഗ്രൗണ്ട് റിപ്പോർട്ടുകൾ, ഷെഡ്യൂൾ ചെയ്ത റണ്ണുകൾ, ഇമെയിൽ അഭ്യർത്ഥനകൾ. ഫലങ്ങൾ {hours} മണിക്കൂർ സൂക്ഷിക്കും. ഒരു സമയം {max} വരെ പ്രവർത്തിപ്പിക്കാം.",,Pending,,New shared catalog copy; native-speaker review required.
Balance check,Balance check,ബാലൻസ് ചെക്ക്,,Pending,,New shared catalog copy; native-speaker review required.
Balanced. Ready to post.,Balanced. Ready to post.,ബാലൻസ് ആയി. പോസ്റ്റ് ചെയ്യാൻ തയ്യാറാണ്.,,Pending,,New shared catalog copy; native-speaker review required.
Bank,Bank,ബാങ്ക്,,Pending,,New shared catalog copy; native-speaker review required.
Bank transfer,Bank transfer,ബാങ്ക് ട്രാൻസ്ഫർ,,Pending,,New shared catalog copy; native-speaker review required.
Bar,Bar,ബാർ,,Pending,,New shared catalog copy; native-speaker review required.
Bar chart of {series},Bar chart of {series},{series}-ന്റെ ബാർ ചാർട്ട്,,Pending,,New shared catalog copy; native-speaker review required.
"Bar: score, grey: class average","Bar: score, grey: class average","ബാർ: സ്കോർ, ചാര: ക്ലാസ് ശരാശരി",,Pending,,New shared catalog copy; native-speaker review required.
Base currency,Base currency,അടിസ്ഥാന കറൻസി,,Pending,,New shared catalog copy; native-speaker review required.
Batch,Batch,ബാച്ച്,,Pending,,New shared catalog copy; native-speaker review required.
Batch expiry warning (days),Batch expiry warning (days),ബാച്ച് കാലഹരണ മുന്നറിയിപ്പ് (ദിവസങ്ങൾ),,Pending,,New shared catalog copy; native-speaker review required.
Batch tracked,Batch tracked,ബാച്ച് ട്രാക്ക് ചെയ്തു,,Pending,,New shared catalog copy; native-speaker review required.
Bed occupancy trend,Bed occupancy trend,ബെഡ് ഓക്യുപൻസി ട്രെൻഡ്,,Pending,,New shared catalog copy; native-speaker review required.
Before you create,Before you create,സൃഷ്ടിക്കുന്നതിന് മുമ്പ്,,Pending,,New shared catalog copy; native-speaker review required.
Below 40%,Below 40%,40%-ൽ താഴെ,,Pending,,New shared catalog copy; native-speaker review required.
Below 85% attendance,Below 85% attendance,85%-ൽ താഴെ ഹാജർ,,Pending,,New shared catalog copy; native-speaker review required.
"Bigger files, and any file with unmasked sensitive data, are sent as a sign-in link.","Bigger files, and any file with unmasked sensitive data, are sent as a sign-in link.","വലിയ ഫയലുകളും, മാസ്ക് ചെയ്യാത്ത സെൻസിറ്റീവ് ഡാറ്റയുള്ള ഏതൊരു ഫയലും, സൈൻ-ഇൻ ലിങ്കായി അയയ്ക്കും.",,Pending,,New shared catalog copy; native-speaker review required.
Bill,Bill,ബിൽ,,Pending,,New shared catalog copy; native-speaker review required.
Bill of materials,Bill of materials,ബിൽ ഓഫ് മെറ്റീരിയൽസ്,,Pending,,New shared catalog copy; native-speaker review required.
Billed,Billed,ബിൽ ചെയ്തവ,,Pending,,New shared catalog copy; native-speaker review required.
Billed this year,Billed this year,ഈ വർഷം ബിൽ ചെയ്തത്,,Pending,,New shared catalog copy; native-speaker review required.
Billing email,Billing email,ബില്ലിംഗ് ഇമെയിൽ,,Pending,,New shared catalog copy; native-speaker review required.
"Billing, dues and collections","Billing, dues and collections","ബില്ലിംഗ്, കുടിശ്ശികകൾ, കളക്ഷനുകൾ",,Pending,,New shared catalog copy; native-speaker review required.
Blood group,Blood group,രക്തഗ്രൂപ്പ്,,Pending,,New shared catalog copy; native-speaker review required.
Board,Board,ബോർഡ്,,Pending,,New shared catalog copy; native-speaker review required.
Book meeting rooms and training halls,Book meeting rooms and training halls,മീറ്റിംഗ് റൂമുകളും ട്രെയിനിംഗ് ഹാളുകളും ബുക്ക് ചെയ്യുക,,Pending,,New shared catalog copy; native-speaker review required.
Book {value0} at {value1},Book {value0} at {value1},{value0} {value1}-ൽ ബുക്ക് ചെയ്യുക,,Pending,,New shared catalog copy; native-speaker review required.
Booked,Booked,ബുക്ക് ചെയ്തവ,,Pending,,New shared catalog copy; native-speaker review required.
Booked by,Booked by,ബുക്ക് ചെയ്തത്,,Pending,,New shared catalog copy; native-speaker review required.
"Booked, attended, cancelled and no-show appointments by department.","Booked, attended, cancelled and no-show appointments by department.","ഡിപ്പാർട്ട്മെന്റ് അനുസരിച്ച് ബുക്ക് ചെയ്ത, ഹാജരായ, റദ്ദാക്കിയ, നോ-ഷോ അപ്പോയിന്റ്മെന്റുകൾ.",,Pending,,New shared catalog copy; native-speaker review required.
Booking details,Booking details,ബുക്കിംഗ് വിശദാംശങ്ങൾ,,Pending,,New shared catalog copy; native-speaker review required.
Books with you,Books with you,നിങ്ങളുടെ പക്കലുള്ള പുസ്തകങ്ങൾ,,Pending,,New shared catalog copy; native-speaker review required.
Borrower type,Borrower type,ബോറോവർ തരം,,Pending,,New shared catalog copy; native-speaker review required.
Branch is always available as a filter.,Branch is always available as a filter.,ബ്രാഞ്ച് എപ്പോഴും ഒരു ഫിൽട്ടറായി ലഭ്യമാണ്.,,Pending,,New shared catalog copy; native-speaker review required.
Branches,Branches,ബ്രാഞ്ചുകൾ,,Pending,,New shared catalog copy; native-speaker review required.
Brand,Brand,ബ്രാൻഡ്,,Pending,,New shared catalog copy; native-speaker review required.
Breakdowns and planned maintenance jobs,Breakdowns and planned maintenance jobs,തകരാറുകളും ആസൂത്രിത മെയിന്റനൻസ് ജോലികളും,,Pending,,New shared catalog copy; native-speaker review required.
Browsing the saved result. Changing pages does not re-run the report.,Browsing the saved result. Changing pages does not re-run the report.,സേവ് ചെയ്ത ഫലം ബ്രൗസ് ചെയ്യുന്നു. പേജുകൾ മാറ്റുന്നത് റിപ്പോർട്ട് വീണ്ടും പ്രവർത്തിപ്പിക്കില്ല.,,Pending,,New shared catalog copy; native-speaker review required.
Budget versus actual,Budget versus actual,ബജറ്റ് vs യഥാർത്ഥം,,Pending,,New shared catalog copy; native-speaker review required.
Build a report,Build a report,ഒരു റിപ്പോർട്ട് നിർമ്മിക്കുക,,Pending,,New shared catalog copy; native-speaker review required.
Build custom reports,Build custom reports,ഇഷ്ടാനുസൃത റിപ്പോർട്ടുകൾ നിർമ്മിക്കുക,,Pending,,New shared catalog copy; native-speaker review required.
Build quiz,Build quiz,ക്വിസ് നിർമ്മിക്കുക,,Pending,,New shared catalog copy; native-speaker review required.
Build your first quiz,Build your first quiz,നിങ്ങളുടെ ആദ്യ ക്വിസ് നിർമ്മിക്കുക,,Pending,,New shared catalog copy; native-speaker review required.
Build your first report,Build your first report,നിങ്ങളുടെ ആദ്യ റിപ്പോർട്ട് നിർമ്മിക്കുക,,Pending,,New shared catalog copy; native-speaker review required.
Builds and exports reports; no patient identifiers.,Builds and exports reports; no patient identifiers.,റിപ്പോർട്ടുകൾ നിർമ്മിക്കുകയും എക്സ്പോർട്ട് ചെയ്യുകയും ചെയ്യുന്നു; രോഗിയുടെ ഐഡന്റിഫയറുകൾ ഇല്ല.,,Pending,,New shared catalog copy; native-speaker review required.
Buyer,Buyer,വാങ്ങുന്നയാൾ,,Pending,,New shared catalog copy; native-speaker review required.
By class,By class,ക്ലാസ് അനുസരിച്ച്,,Pending,,New shared catalog copy; native-speaker review required.
By rank,By rank,റാങ്ക് പ്രകാരം,,Pending,,New shared catalog copy; native-speaker review required.
By roll,By roll,റോൾ നമ്പർ പ്രകാരം,,Pending,,New shared catalog copy; native-speaker review required.
C,C,C,,Pending,,New shared catalog copy; native-speaker review required.
C-4,C-4,C-4,,Pending,,New shared catalog copy; native-speaker review required.
CSV,CSV,CSV,,Pending,,New shared catalog copy; native-speaker review required.
CVC,CVC,CVC,,Pending,,New shared catalog copy; native-speaker review required.
Calculate and post monthly payroll,Calculate and post monthly payroll,പ്രതിമാസ പേറോൾ കണക്കാക്കി പോസ്റ്റ് ചെയ്യുക,,Pending,,New shared catalog copy; native-speaker review required.
Calendar,Calendar,കലണ്ടർ,,Pending,,New shared catalog copy; native-speaker review required.
Call guardian,Call guardian,രക്ഷിതാവിനെ വിളിക്കുക,,Pending,,New shared catalog copy; native-speaker review required.
Camera,Camera,ക്യാമറ,,Pending,,New shared catalog copy; native-speaker review required.
"Camera, microphone, screen sharing, whiteboard and live polls — right in the browser.","Camera, microphone, screen sharing, whiteboard and live polls — right in the browser.","ക്യാമറ, മൈക്രോഫോൺ, സ്ക്രീൻ ഷെയറിംഗ്, വൈറ്റ്ബോർഡ്, ലൈവ് പോളുകൾ — ബ്രൗസറിൽ തന്നെ.",,Pending,,New shared catalog copy; native-speaker review required.
Cancel booking,Cancel booking,ബുക്കിംഗ് റദ്ദാക്കുക,,Pending,,New shared catalog copy; native-speaker review required.
Capacity,Capacity,ശേഷി,,Pending,,New shared catalog copy; native-speaker review required.
Capacity (kg),Capacity (kg),ശേഷി (കിലോഗ്രാം),,Pending,,New shared catalog copy; native-speaker review required.
Card,Card,കാർഡ്,,Pending,,New shared catalog copy; native-speaker review required.
Card number,Card number,കാർഡ് നമ്പർ,,Pending,,New shared catalog copy; native-speaker review required.
Card view,Card view,കാർഡ് കാഴ്ച,,Pending,,New shared catalog copy; native-speaker review required.
Carry forward,Carry forward,കാരി ഫോർവേഡ്,,Pending,,New shared catalog copy; native-speaker review required.
"Cash, claims and receivables for the finance team.","Cash, claims and receivables for the finance team.","ധനകാര്യ ടീമിനുള്ള പണം, ക്ലെയിമുകൾ, ലഭിക്കാനുള്ള തുകകൾ.",,Pending,,New shared catalog copy; native-speaker review required.
Catalogue,Catalogue,കാറ്റലോഗ്,,Pending,,New shared catalog copy; native-speaker review required.
Catalogue & circulation,Catalogue & circulation,കാറ്റലോഗും വിതരണവും,,Pending,,New shared catalog copy; native-speaker review required.
Category hierarchy used for reporting and pricing,Category hierarchy used for reporting and pricing,റിപ്പോർട്ടിംഗിനും വിലനിർണയത്തിനും ഉപയോഗിക്കുന്ന വിഭാഗ ശ്രേണി,,Pending,,New shared catalog copy; native-speaker review required.
Change,Change,മാറ്റുക,,Pending,,New shared catalog copy; native-speaker review required.
Change password,Change password,പാസ്‌വേഡ് മാറ്റുക,,Pending,,New shared catalog copy; native-speaker review required.
Change system settings,Change system settings,സിസ്റ്റം ക്രമീകരണങ്ങൾ മാറ്റുക,,Pending,,New shared catalog copy; native-speaker review required.
Changes,Changes,മാറ്റങ്ങൾ,,Pending,,New shared catalog copy; native-speaker review required.
"Changes apply to every report, schedule and API pull after saving.","Changes apply to every report, schedule and API pull after saving.",സേവ് ചെയ്ത ശേഷം മാറ്റങ്ങൾ എല്ലാ റിപ്പോർട്ടിനും ഷെഡ്യൂളിനും API പുള്ളിനും ബാധകമാകും.,,Pending,,New shared catalog copy; native-speaker review required.
Changes are validated against the dataset on save. Existing saved views and schedules keep working.,Changes are validated against the dataset on save. Existing saved views and schedules keep working.,സേവ് ചെയ്യുമ്പോൾ മാറ്റങ്ങൾ ഡാറ്റാസെറ്റിനെതിരെ സാധൂകരിക്കപ്പെടും. നിലവിലുള്ള സേവ് ചെയ്ത കാഴ്ചകളും ഷെഡ്യൂളുകളും പ്രവർത്തിക്കുന്നത് തുടരും.,,Pending,,New shared catalog copy; native-speaker review required.
Chart,Chart,ചാർട്ട്,,Pending,,New shared catalog copy; native-speaker review required.
Chart of accounts,Chart of accounts,അക്കൗണ്ട് ചാർട്ട്,,Pending,,New shared catalog copy; native-speaker review required.
Chart type,Chart type,ചാർട്ട് തരം,,Pending,,New shared catalog copy; native-speaker review required.
Chat,Chat,ചാറ്റ്,,Pending,,New shared catalog copy; native-speaker review required.
Check in,Check in,ചെക്ക് ഇൻ,,Pending,,New shared catalog copy; native-speaker review required.
"Check the address, or head back to the dashboard.","Check the address, or head back to the dashboard.","വിലാസം പരിശോധിക്കുക, അല്ലെങ്കിൽ ഡാഷ്‌ബോർഡിലേക്ക് തിരികെ പോകുക.",,Pending,,New shared catalog copy; native-speaker review required.
"Check the parameters, then start the run.","Check the parameters, then start the run.",പാരാമീറ്ററുകൾ പരിശോധിച്ച ശേഷം റൺ ആരംഭിക്കുക.,,Pending,,New shared catalog copy; native-speaker review required.
Check these before starting. They cannot change while the run is in progress.,Check these before starting. They cannot change while the run is in progress.,തുടങ്ങുന്നതിന് മുമ്പ് ഇവ പരിശോധിക്കുക. റൺ പുരോഗമിക്കുമ്പോൾ ഇവ മാറ്റാൻ കഴിയില്ല.,,Pending,,New shared catalog copy; native-speaker review required.
Choose,Choose,തിരഞ്ഞെടുക്കുക,,Pending,,New shared catalog copy; native-speaker review required.
Choose a grade first,Choose a grade first,ആദ്യം ഒരു ഗ്രേഡ് തിരഞ്ഞെടുക്കുക,,Pending,,New shared catalog copy; native-speaker review required.
Choose a recipient,Choose a recipient,ഒരു സ്വീകർത്താവിനെ തിരഞ്ഞെടുക്കുക,,Pending,,New shared catalog copy; native-speaker review required.
Choose a report to schedule,Choose a report to schedule,ഷെഡ്യൂൾ ചെയ്യാൻ ഒരു റിപ്പോർട്ട് തിരഞ്ഞെടുക്കുക,,Pending,,New shared catalog copy; native-speaker review required.
Choose branches,Choose branches,ബ്രാഞ്ചുകൾ തിരഞ്ഞെടുക്കുക,,Pending,,New shared catalog copy; native-speaker review required.
Choose child,Choose child,കുട്ടിയെ തിരഞ്ഞെടുക്കുക,,Pending,,New shared catalog copy; native-speaker review required.
Choose how you hear about each kind of update,Choose how you hear about each kind of update,ഓരോ തരം അപ്ഡേറ്റിനെക്കുറിച്ചും നിങ്ങൾ എങ്ങനെ അറിയണം എന്ന് തിരഞ്ഞെടുക്കുക,,Pending,,New shared catalog copy; native-speaker review required.
Choose one or more fields,Choose one or more fields,ഒന്നോ അതിലധികമോ ഫീൽഡുകൾ തിരഞ്ഞെടുക്കുക,,Pending,,New shared catalog copy; native-speaker review required.
Choose roles,Choose roles,റോളുകൾ തിരഞ്ഞെടുക്കുക,,Pending,,New shared catalog copy; native-speaker review required.
Choose {value0},Choose {value0},{value0} തിരഞ്ഞെടുക്കുക,,Pending,,New shared catalog copy; native-speaker review required.
Circulation,Circulation,വിതരണം,,Pending,,New shared catalog copy; native-speaker review required.
"Circulation, last 14 school days","Circulation, last 14 school days","വിതരണം, കഴിഞ്ഞ 14 സ്കൂൾ ദിവസങ്ങൾ",,Pending,,New shared catalog copy; native-speaker review required.
Claim value,Claim value,ക്ലെയിം മൂല്യം,,Pending,,New shared catalog copy; native-speaker review required.
Claims and denials by payer,Claims and denials by payer,പണമടയ്ക്കുന്ന സ്ഥാപനം അനുസരിച്ചുള്ള ക്ലെയിമുകളും നിരാകരണങ്ങളും,,Pending,,New shared catalog copy; native-speaker review required.
Clash: this teacher already teaches,Clash: this teacher already teaches,വൈരുദ്ധ്യം: ഈ അധ്യാപകൻ/അധ്യാപിക ഇതിനകം പഠിപ്പിക്കുന്നു,,Pending,,New shared catalog copy; native-speaker review required.
Class average,Class average,ക്ലാസ് ശരാശരി,,Pending,,New shared catalog copy; native-speaker review required.
Class avg,Class avg,ക്ലാസ് ശരാശരി,,Pending,,New shared catalog copy; native-speaker review required.
Class not chosen,Class not chosen,ക്ലാസ് തിരഞ്ഞെടുത്തിട്ടില്ല,,Pending,,New shared catalog copy; native-speaker review required.
Class teacher,Class teacher,ക്ലാസ് ടീച്ചർ,,Pending,,New shared catalog copy; native-speaker review required.
Class teacher of,Class teacher of,ഇതിന്റെ ക്ലാസ് ടീച്ചർ,,Pending,,New shared catalog copy; native-speaker review required.
Classes,Classes,ക്ലാസുകൾ,,Pending,,New shared catalog copy; native-speaker review required.
Classes & sections,Classes & sections,ക്ലാസുകളും ഡിവിഷനുകളും,,Pending,,New shared catalog copy; native-speaker review required.
"Classes, {value0}","Classes, {value0}","ക്ലാസുകൾ, {value0}",,Pending,,New shared catalog copy; native-speaker review required.
Clear all,Clear all,എല്ലാം മായ്ക്കുക,,Pending,,New shared catalog copy; native-speaker review required.
Clear page,Clear page,പേജ് മായ്ക്കുക,,Pending,,New shared catalog copy; native-speaker review required.
Clear search and filters,Clear search and filters,തിരയലും ഫിൽട്ടറുകളും മായ്ക്കുക,,Pending,,New shared catalog copy; native-speaker review required.
Click Pay to confirm you've made the transfer. It's marked paid once the bank confirms (demo: instant).,Click Pay to confirm you've made the transfer. It's marked paid once the bank confirms (demo: instant).,ട്രാൻസ്ഫർ പൂർത്തിയാക്കിയത് സ്ഥിരീകരിക്കാൻ 'പേ' ക്ലിക്ക് ചെയ്യുക. ബാങ്ക് സ്ഥിരീകരിച്ചാൽ ഇത് അടച്ചു എന്ന് അടയാളപ്പെടുത്തും (ഡെമോ: തൽക്ഷണം).,,Pending,,New shared catalog copy; native-speaker review required.
Clinical activity by department,Clinical activity by department,വകുപ്പ് അനുസരിച്ചുള്ള ക്ലിനിക്കൽ പ്രവർത്തനം,,Pending,,New shared catalog copy; native-speaker review required.
"Clinical, quality and diagnostics reporting including patient-level data.","Clinical, quality and diagnostics reporting including patient-level data.","രോഗി-തല ഡാറ്റ ഉൾപ്പെടെയുള്ള ക്ലിനിക്കൽ, ഗുണനിലവാര, ഡയഗ്നോസ്റ്റിക്സ് റിപ്പോർട്ടിംഗ്.",,Pending,,New shared catalog copy; native-speaker review required.
Close submissions,Close submissions,സമർപ്പണങ്ങൾ അടയ്ക്കുക,,Pending,,New shared catalog copy; native-speaker review required.
Closed,Closed,അടച്ചു,,Pending,,New shared catalog copy; native-speaker review required.
Closed – not submitted,Closed – not submitted,അടച്ചു – സമർപ്പിച്ചിട്ടില്ല,,Pending,,New shared catalog copy; native-speaker review required.
Closed — not attempted,Closed — not attempted,അടച്ചു — ശ്രമിച്ചിട്ടില്ല,,Pending,,New shared catalog copy; native-speaker review required.
Closing,Closing,ക്ലോസിംഗ്,,Pending,,New shared catalog copy; native-speaker review required.
Closing balance,Closing balance,ക്ലോസിംഗ് ബാലൻസ്,,Pending,,New shared catalog copy; native-speaker review required.
Closing balance (,Closing balance (,ക്ലോസിംഗ് ബാലൻസ് (,,Pending,,New shared catalog copy; native-speaker review required.
Closing qty,Closing qty,ക്ലോസിംഗ് അളവ്,,Pending,,New shared catalog copy; native-speaker review required.
Closing value,Closing value,ക്ലോസിംഗ് മൂല്യം,,Pending,,New shared catalog copy; native-speaker review required.
Code assigned on save,Code assigned on save,സേവ് ചെയ്യുമ്പോൾ കോഡ് നൽകപ്പെടും,,Pending,,New shared catalog copy; native-speaker review required.
Collapse all,Collapse all,എല്ലാം ചുരുക്കുക,,Pending,,New shared catalog copy; native-speaker review required.
Collect,Collect,പിരിക്കുക,,Pending,,New shared catalog copy; native-speaker review required.
Collect payment,Collect payment,പേയ്‌മെന്റ് പിരിക്കുക,,Pending,,New shared catalog copy; native-speaker review required.
Collected,Collected,പിരിച്ചെടുത്തു,,Pending,,New shared catalog copy; native-speaker review required.
Collection rate,Collection rate,പിരിവ് നിരക്ക്,,Pending,,New shared catalog copy; native-speaker review required.
Collection rate by class,Collection rate by class,ക്ലാസ് അനുസരിച്ചുള്ള പിരിവ് നിരക്ക്,,Pending,,New shared catalog copy; native-speaker review required.
Collections and payables.,Collections and payables.,പിരിവുകളും കൊടുക്കാനുള്ളവയും.,,Pending,,New shared catalog copy; native-speaker review required.
Collections by month,Collections by month,മാസം അനുസരിച്ചുള്ള പിരിവുകൾ,,Pending,,New shared catalog copy; native-speaker review required.
Collections ledger,Collections ledger,പിരിവ് ലെഡ്ജർ,,Pending,,New shared catalog copy; native-speaker review required.
Colour,Colour,നിറം,,Pending,,New shared catalog copy; native-speaker review required.
Colour {value0},Colour {value0},നിറം {value0},,Pending,,New shared catalog copy; native-speaker review required.
Column label,Column label,കോളം ലേബൽ,,Pending,,New shared catalog copy; native-speaker review required.
Column store for multi-year aggregates as volume grows.,Column store for multi-year aggregates as volume grows.,അളവ് വർദ്ധിക്കുന്നതിനനുസരിച്ച് ബഹുവർഷ സംഗ്രഹങ്ങൾക്കായുള്ള കോളം സ്റ്റോർ.,,Pending,,New shared catalog copy; native-speaker review required.
Columns with a lock contain sensitive data and appear masked for your role.,Columns with a lock contain sensitive data and appear masked for your role.,"ലോക്കുള്ള കോളങ്ങളിൽ സെൻസിറ്റീവ് ഡാറ്റയുണ്ട്, അവ നിങ്ങളുടെ റോളിന് മറച്ചുവെച്ചതായി കാണപ്പെടും.",,Pending,,New shared catalog copy; native-speaker review required.
Coming up,Coming up,വരാനിരിക്കുന്നത്,,Pending,,New shared catalog copy; native-speaker review required.
Comma-separated. Registered users and approved domains only.,Comma-separated. Registered users and approved domains only.,കോമ കൊണ്ട് വേർതിരിച്ചത്. രജിസ്റ്റർ ചെയ്ത ഉപയോക്താക്കളും അംഗീകൃത ഡൊമെയ്നുകളും മാത്രം.,,Pending,,New shared catalog copy; native-speaker review required.
Compact (recommended),Compact (recommended),കോംപാക്ട് (ശുപാർശ ചെയ്യുന്നത്),,Pending,,New shared catalog copy; native-speaker review required.
Company profile,Company profile,കമ്പനി പ്രൊഫൈൽ,,Pending,,New shared catalog copy; native-speaker review required.
Company settings,Company settings,കമ്പനി ക്രമീകരണങ്ങൾ,,Pending,,New shared catalog copy; native-speaker review required.
"Company, divisions, departments and teams","Company, divisions, departments and teams","കമ്പനി, ഡിവിഷനുകൾ, വകുപ്പുകൾ, ടീമുകൾ",,Pending,,New shared catalog copy; native-speaker review required.
Completed papers,Completed papers,പൂർത്തിയാക്കിയ പേപ്പറുകൾ,,Pending,,New shared catalog copy; native-speaker review required.
Components and quantities to build a product,Components and quantities to build a product,ഒരു ഉൽപ്പന്നം നിർമ്മിക്കാനുള്ള ഘടകങ്ങളും അളവുകളും,,Pending,,New shared catalog copy; native-speaker review required.
Confirm booking,Confirm booking,ബുക്കിംഗ് സ്ഥിരീകരിക്കുക,,Pending,,New shared catalog copy; native-speaker review required.
Confirm new password,Confirm new password,പുതിയ പാസ്‌വേഡ് സ്ഥിരീകരിക്കുക,,Pending,,New shared catalog copy; native-speaker review required.
Connect a BI tool,Connect a BI tool,ഒരു BI ടൂൾ ബന്ധിപ്പിക്കുക,,Pending,,New shared catalog copy; native-speaker review required.
Consultant,Consultant,കൺസൾട്ടന്റ്,,Pending,,New shared catalog copy; native-speaker review required.
Consultation fee,Consultation fee,കൺസൾട്ടേഷൻ ഫീസ്,,Pending,,New shared catalog copy; native-speaker review required.
Consultation fees,Consultation fees,കൺസൾട്ടേഷൻ ഫീസുകൾ,,Pending,,New shared catalog copy; native-speaker review required.
Contact person,Contact person,ബന്ധപ്പെടേണ്ട വ്യക്തി,,Pending,,New shared catalog copy; native-speaker review required.
Contains…,Contains…,ഇതിൽ അടങ്ങിയിരിക്കുന്നു…,,Pending,,New shared catalog copy; native-speaker review required.
Continue to reports,Continue to reports,റിപ്പോർട്ടുകളിലേക്ക് തുടരുക,,Pending,,New shared catalog copy; native-speaker review required.
Continue with single sign-on,Continue with single sign-on,സിംഗിൾ സൈൻ-ഓൺ ഉപയോഗിച്ച് തുടരുക,,Pending,,New shared catalog copy; native-speaker review required.
Controls whether this {value0} can be used on new transactions.,Controls whether this {value0} can be used on new transactions.,പുതിയ ഇടപാടുകളിൽ ഈ {value0} ഉപയോഗിക്കാൻ കഴിയുമോ എന്ന് ഇത് നിയന്ത്രിക്കുന്നു.,,Pending,,New shared catalog copy; native-speaker review required.
Conversation,Conversation,സംഭാഷണം,,Pending,,New shared catalog copy; native-speaker review required.
Copied as a new draft,Copied as a new draft,പുതിയ ഡ്രാഫ്റ്റായി പകർത്തി,,Pending,,New shared catalog copy; native-speaker review required.
Copied into a new draft,Copied into a new draft,പുതിയ ഡ്രാഫ്റ്റിലേക്ക് പകർത്തി,,Pending,,New shared catalog copy; native-speaker review required.
Copies,Copies,കോപ്പികൾ,,Pending,,New shared catalog copy; native-speaker review required.
Copy,Copy,പകർത്തുക,,Pending,,New shared catalog copy; native-speaker review required.
Copy this key now. It will not be shown again.,Copy this key now. It will not be shown again.,ഈ കീ ഇപ്പോൾ പകർത്തുക. ഇത് വീണ്ടും കാണിക്കില്ല.,,Pending,,New shared catalog copy; native-speaker review required.
Copy to new,Copy to new,പുതിയതിലേക്ക് പകർത്തുക,,Pending,,New shared catalog copy; native-speaker review required.
Core subjects,Core subjects,കോർ വിഷയങ്ങൾ,,Pending,,New shared catalog copy; native-speaker review required.
Correct answers are shown in green,Correct answers are shown in green,ശരിയായ ഉത്തരങ്ങൾ പച്ച നിറത്തിൽ കാണിക്കും,,Pending,,New shared catalog copy; native-speaker review required.
Cost center,Cost center,കോസ്റ്റ് സെന്റർ,,Pending,,New shared catalog copy; native-speaker review required.
Count,Count,എണ്ണം,,Pending,,New shared catalog copy; native-speaker review required.
"Countries, dialing codes and default currency","Countries, dialing codes and default currency","രാജ്യങ്ങൾ, ഡയലിംഗ് കോഡുകൾ, ഡിഫോൾട്ട് കറൻസി",,Pending,,New shared catalog copy; native-speaker review required.
Country master,Country master,രാജ്യ മാസ്റ്റർ,,Pending,,New shared catalog copy; native-speaker review required.
Create,Create,സൃഷ്ടിക്കുക,,Pending,,New shared catalog copy; native-speaker review required.
Create API keys for BI tools,Create API keys for BI tools,ബിഐ ടൂളുകൾക്കായി API കീകൾ സൃഷ്ടിക്കുക,,Pending,,New shared catalog copy; native-speaker review required.
Create and edit dashboards,Create and edit dashboards,ഡാഷ്ബോർഡുകൾ സൃഷ്ടിക്കുകയും എഡിറ്റ് ചെയ്യുകയും ചെയ്യുക,,Pending,,New shared catalog copy; native-speaker review required.
Create application,Create application,അപേക്ഷ സൃഷ്ടിക്കുക,,Pending,,New shared catalog copy; native-speaker review required.
Create class,Create class,ക്ലാസ് സൃഷ്ടിക്കുക,,Pending,,New shared catalog copy; native-speaker review required.
Create dashboard,Create dashboard,ഡാഷ്‌ബോർഡ് സൃഷ്ടിക്കുക,,Pending,,New shared catalog copy; native-speaker review required.
Create key,Create key,കീ സൃഷ്ടിക്കുക,,Pending,,New shared catalog copy; native-speaker review required.
"Create one here, or open any report and choose Schedule.","Create one here, or open any report and choose Schedule.","ഇവിടെ ഒന്ന് സൃഷ്ടിക്കുക, അല്ലെങ്കിൽ ഏതെങ്കിലും റിപ്പോർട്ട് തുറന്ന് ഷെഡ്യൂൾ തിരഞ്ഞെടുക്കുക.",,Pending,,New shared catalog copy; native-speaker review required.
"Create reports from approved datasets: pick grouping, measures and calculated columns, then share them with roles. Access, branch limits and masking still apply.","Create reports from approved datasets: pick grouping, measures and calculated columns, then share them with roles. Access, branch limits and masking still apply.","അംഗീകൃത ഡാറ്റാസെറ്റുകളിൽ നിന്ന് റിപ്പോർട്ടുകൾ സൃഷ്ടിക്കുക: ഗ്രൂപ്പിംഗ്, അളവുകൾ, കണക്കാക്കിയ കോളങ്ങൾ എന്നിവ തിരഞ്ഞെടുത്ത് അവ റോളുകളുമായി പങ്കിടുക. ആക്‌സസ്, ബ്രാഞ്ച് പരിധികൾ, മാസ്കിംഗ് എന്നിവ ഇപ്പോഴും ബാധകമാണ്.",,Pending,,New shared catalog copy; native-speaker review required.
Create role,Create role,റോൾ സൃഷ്ടിക്കുക,,Pending,,New shared catalog copy; native-speaker review required.
Created,Created,സൃഷ്ടിച്ചു,,Pending,,New shared catalog copy; native-speaker review required.
Creates an application in the Applied stage,Creates an application in the Applied stage,'അപേക്ഷിച്ചു' ഘട്ടത്തിൽ ഒരു അപേക്ഷ സൃഷ്ടിക്കുന്നു,,Pending,,New shared catalog copy; native-speaker review required.
Creating,Creating,സൃഷ്ടിക്കുന്നു,,Pending,,New shared catalog copy; native-speaker review required.
Credit,Credit,ക്രെഡിറ്റ്,,Pending,,New shared catalog copy; native-speaker review required.
Credits,Credits,ക്രെഡിറ്റുകൾ,,Pending,,New shared catalog copy; native-speaker review required.
Credits in period,Credits in period,കാലയളവിലെ ക്രെഡിറ്റുകൾ,,Pending,,New shared catalog copy; native-speaker review required.
Critical results,Critical results,ഗുരുതര ഫലങ്ങൾ,,Pending,,New shared catalog copy; native-speaker review required.
Ctrl + Enter to post,Ctrl + Enter to post,പോസ്റ്റ് ചെയ്യാൻ Ctrl + Enter,,Pending,,New shared catalog copy; native-speaker review required.
Ctrl Shift K,Ctrl Shift K,Ctrl Shift K,,Pending,,New shared catalog copy; native-speaker review required.
Currencies and exchange rates to base,Currencies and exchange rates to base,കറൻസികളും ബേസ് കറൻസിയിലേക്കുള്ള വിനിമയ നിരക്കുകളും,,Pending,,New shared catalog copy; native-speaker review required.
Currency master,Currency master,കറൻസി മാസ്റ്റർ,,Pending,,New shared catalog copy; native-speaker review required.
Current password,Current password,നിലവിലെ പാസ്‌വേഡ്,,Pending,,New shared catalog copy; native-speaker review required.
Custodian,Custodian,കസ്റ്റോഡിയൻ,,Pending,,New shared catalog copy; native-speaker review required.
Custom colour,Custom colour,കസ്റ്റം നിറം,,Pending,,New shared catalog copy; native-speaker review required.
Customer group,Customer group,കസ്റ്റമർ ഗ്രൂപ്പ്,,Pending,,New shared catalog copy; native-speaker review required.
Customer issues from new to resolved,Customer issues from new to resolved,പുതിയത് മുതൽ പരിഹരിച്ചത് വരെയുള്ള കസ്റ്റമർ പ്രശ്നങ്ങൾ,,Pending,,New shared catalog copy; native-speaker review required.
Customer ledger,Customer ledger,കസ്റ്റമർ ലെഡ്ജർ,,Pending,,New shared catalog copy; native-speaker review required.
Customer master,Customer master,കസ്റ്റമർ മാസ്റ്റർ,,Pending,,New shared catalog copy; native-speaker review required.
Customer orders from draft to delivery,Customer orders from draft to delivery,ഡ്രാഫ്റ്റ് മുതൽ ഡെലിവറി വരെയുള്ള കസ്റ്റമർ ഓർഡറുകൾ,,Pending,,New shared catalog copy; native-speaker review required.
Customer since,Customer since,കസ്റ്റമർ ആയത് മുതൽ,,Pending,,New shared catalog copy; native-speaker review required.
"Customers, contacts, credit and terms","Customers, contacts, credit and terms","കസ്റ്റമർമാർ, കോൺടാക്ടുകൾ, ക്രെഡിറ്റ്, നിബന്ധനകൾ",,Pending,,New shared catalog copy; native-speaker review required.
Daily attendance for the month,Daily attendance for the month,മാസത്തേക്കുള്ള ദൈനംദിന ഹാജർ,,Pending,,New shared catalog copy; native-speaker review required.
Daily overdue digest,Daily overdue digest,ദൈനംദിന കുടിശ്ശിക സംഗ്രഹം,,Pending,,New shared catalog copy; native-speaker review required.
Daily presence over 20 school days,Daily presence over 20 school days,20 സ്കൂൾ ദിവസങ്ങളിലെ ദൈനംദിന ഹാജർ,,Pending,,New shared catalog copy; native-speaker review required.
Daily revenue and collections,Daily revenue and collections,ദൈനംദിന വരുമാനവും പിരിവുകളും,,Pending,,New shared catalog copy; native-speaker review required.
Dashboard,Dashboard,ഡാഷ്‌ബോർഡ്,,Pending,,New shared catalog copy; native-speaker review required.
Dashboards,Dashboards,ഡാഷ്‌ബോർഡുകൾ,,Pending,,New shared catalog copy; native-speaker review required.
Data refreshed {when},Data refreshed {when},ഡാറ്റ {when} പുതുക്കി,,Pending,,New shared catalog copy; native-speaker review required.
Data sources,Data sources,ഡാറ്റ സ്രോതസ്സുകൾ,,Pending,,New shared catalog copy; native-speaker review required.
Dataset,Dataset,ഡാറ്റാസെറ്റ്,,Pending,,New shared catalog copy; native-speaker review required.
Date of joining,Date of joining,ജോയിനിംഗ് തീയതി,,Pending,,New shared catalog copy; native-speaker review required.
Date sheet,Date sheet,ഡേറ്റ് ഷീറ്റ്,,Pending,,New shared catalog copy; native-speaker review required.
Day,Day,ദിവസം,,Pending,,New shared catalog copy; native-speaker review required.
Day of month,Day of month,മാസത്തിലെ ദിവസം,,Pending,,New shared catalog copy; native-speaker review required.
Days,Days,ദിവസങ്ങൾ,,Pending,,New shared catalog copy; native-speaker review required.
Days / year,Days / year,ദിവസങ്ങൾ / വർഷം,,Pending,,New shared catalog copy; native-speaker review required.
Deactivate,Deactivate,നിർജ്ജീവമാക്കുക,,Pending,,New shared catalog copy; native-speaker review required.
Debit,Debit,ഡെബിറ്റ്,,Pending,,New shared catalog copy; native-speaker review required.
"Debit and credit movements by account for the period, with net balance. Totals should reconcile to zero.","Debit and credit movements by account for the period, with net balance. Totals should reconcile to zero.","കാലയളവിലെ അക്കൗണ്ട് അനുസരിച്ചുള്ള ഡെബിറ്റ്, ക്രെഡിറ്റ് നീക്കങ്ങൾ, നെറ്റ് ബാലൻസ് സഹിതം. ആകെത്തുകകൾ പൂജ്യത്തിലേക്ക് പൊരുത്തപ്പെടണം.",,Pending,,New shared catalog copy; native-speaker review required.
Debits and credits must match before posting,Debits and credits must match before posting,പോസ്റ്റ് ചെയ്യുന്നതിന് മുമ്പ് ഡെബിറ്റും ക്രെഡിറ്റും തുല്യമായിരിക്കണം,,Pending,,New shared catalog copy; native-speaker review required.
Debits in period,Debits in period,കാലയളവിലെ ഡെബിറ്റുകൾ,,Pending,,New shared catalog copy; native-speaker review required.
"Decide, per role, which reports can be viewed, exported, emailed, scheduled or pulled by BI tools. Every screen, export, schedule, email request and API call checks these rules on the server.","Decide, per role, which reports can be viewed, exported, emailed, scheduled or pulled by BI tools. Every screen, export, schedule, email request and API call checks these rules on the server.",ഓരോ റോളിനും ഏതൊക്കെ റിപ്പോർട്ടുകൾ കാണാനും എക്‌സ്‌പോർട്ട് ചെയ്യാനും ഇമെയിൽ ചെയ്യാനും ഷെഡ്യൂൾ ചെയ്യാനും BI ടൂളുകൾ വഴി വലിച്ചെടുക്കാനും കഴിയുമെന്ന് തീരുമാനിക്കുക. എല്ലാ സ്ക്രീനും എക്‌സ്‌പോർട്ടും ഷെഡ്യൂളും ഇമെയിൽ അഭ്യർത്ഥനയും API കോളും സെർവറിൽ ഈ നിയമങ്ങൾ പരിശോധിക്കുന്നു.,,Pending,,New shared catalog copy; native-speaker review required.
Decided. This request is,Decided. This request is,തീരുമാനിച്ചു. ഈ അഭ്യർത്ഥന,,Pending,,New shared catalog copy; native-speaker review required.
Decimals,Decimals,ദശാംശങ്ങൾ,,Pending,,New shared catalog copy; native-speaker review required.
Decline,Decline,നിരസിക്കുക,,Pending,,New shared catalog copy; native-speaker review required.
Default payment terms,Default payment terms,ഡിഫോൾട്ട് പേയ്‌മെന്റ് നിബന്ധനകൾ,,Pending,,New shared catalog copy; native-speaker review required.
Default period,Default period,ഡിഫോൾട്ട് കാലയളവ്,,Pending,,New shared catalog copy; native-speaker review required.
Default tax,Default tax,ഡിഫോൾട്ട് നികുതി,,Pending,,New shared catalog copy; native-speaker review required.
Default warehouse,Default warehouse,ഡിഫോൾട്ട് വെയർഹൗസ്,,Pending,,New shared catalog copy; native-speaker review required.
Default: {value0},Default: {value0},ഡിഫോൾട്ട്: {value0},,Pending,,New shared catalog copy; native-speaker review required.
Defaults for sales and purchase documents.,Defaults for sales and purchase documents.,"വിൽപ്പന, വാങ്ങൽ രേഖകൾക്കുള്ള ഡിഫോൾട്ടുകൾ.",,Pending,,New shared catalog copy; native-speaker review required.
"Delete ""{name}""?","Delete ""{name}""?","""{name}"" ഇല്ലാതാക്കണോ?",,Pending,,New shared catalog copy; native-speaker review required.
"Delete ""{title}""? Saved views and favorites for it are removed and its schedules are paused.","Delete ""{title}""? Saved views and favorites for it are removed and its schedules are paused.","""{title}"" ഇല്ലാതാക്കണോ? ഇതിനുള്ള സേവ് ചെയ്ത കാഴ്ചകളും പ്രിയപ്പെട്ടവയും നീക്കം ചെയ്യപ്പെടും, ഇതിന്റെ ഷെഡ്യൂളുകൾ താൽക്കാലികമായി നിർത്തും.",,Pending,,New shared catalog copy; native-speaker review required.
Delete dashboard,Delete dashboard,ഡാഷ്‌ബോർഡ് ഇല്ലാതാക്കുക,,Pending,,New shared catalog copy; native-speaker review required.
Delete notice?,Delete notice?,അറിയിപ്പ് ഇല്ലാതാക്കണോ?,,Pending,,New shared catalog copy; native-speaker review required.
Delete page,Delete page,പേജ് ഇല്ലാതാക്കുക,,Pending,,New shared catalog copy; native-speaker review required.
Delete report,Delete report,റിപ്പോർട്ട് ഇല്ലാതാക്കുക,,Pending,,New shared catalog copy; native-speaker review required.
Delete role,Delete role,റോൾ ഇല്ലാതാക്കുക,,Pending,,New shared catalog copy; native-speaker review required.
Delete schedule,Delete schedule,ഷെഡ്യൂൾ ഇല്ലാതാക്കുക,,Pending,,New shared catalog copy; native-speaker review required.
"Delete the dashboard ""{name}""?","Delete the dashboard ""{name}""?","""{name}"" ഡാഷ്‌ബോർഡ് ഇല്ലാതാക്കണോ?",,Pending,,New shared catalog copy; native-speaker review required.
Delete the role {name}? Its report access and role views are removed.,Delete the role {name}? Its report access and role views are removed.,{name} റോൾ ഇല്ലാതാക്കണോ? ഇതിന്റെ റിപ്പോർട്ട് ആക്‌സസും റോൾ കാഴ്ചകളും നീക്കം ചെയ്യപ്പെടും.,,Pending,,New shared catalog copy; native-speaker review required.
Delete this,Delete this,ഇത് ഇല്ലാതാക്കുക,,Pending,,New shared catalog copy; native-speaker review required.
Delete view {name},Delete view {name},{name} കാഴ്ച ഇല്ലാതാക്കുക,,Pending,,New shared catalog copy; native-speaker review required.
Delete view {value0},Delete view {value0},വ്യൂ {value0} ഇല്ലാതാക്കുക,,Pending,,New shared catalog copy; native-speaker review required.
Delete {value0}?,Delete {value0}?,{value0} ഇല്ലാതാക്കണോ?,,Pending,,New shared catalog copy; native-speaker review required.
Delete “{value0}”? Recipients will no longer see it.,Delete “{value0}”? Recipients will no longer see it.,“{value0}” ഇല്ലാതാക്കണോ? സ്വീകർത്താക്കൾക്ക് ഇനി ഇത് കാണാൻ കഴിയില്ല.,,Pending,,New shared catalog copy; native-speaker review required.
Delivery,Delivery,ഡെലിവറി,,Pending,,New shared catalog copy; native-speaker review required.
Delivery date,Delivery date,ഡെലിവറി തീയതി,,Pending,,New shared catalog copy; native-speaker review required.
"Demo data is synthetic and generated by the demo API. Email is recorded in the outbox, never sent.","Demo data is synthetic and generated by the demo API. Email is recorded in the outbox, never sent.","ഡെമോ ഡാറ്റ കൃത്രിമമാണ്, ഡെമോ API ഉപയോഗിച്ചാണ് സൃഷ്ടിക്കുന്നത്. ഇമെയിൽ ഔട്ട്‌ബോക്സിൽ രേഖപ്പെടുത്തും, ഒരിക്കലും അയക്കില്ല.",,Pending,,New shared catalog copy; native-speaker review required.
Demo host: these paths are served by the reference demo API behind the host session. A production deployment must publish its own authenticated BI endpoint.,Demo host: these paths are served by the reference demo API behind the host session. A production deployment must publish its own authenticated BI endpoint.,ഡെമോ ഹോസ്റ്റ്: ഹോസ്റ്റ് സെഷനുപിന്നിൽ റഫറൻസ് ഡെമോ API ആണ് ഈ പാതകൾ നൽകുന്നത്. ഒരു പ്രൊഡക്ഷൻ ഡിപ്ലോയ്‌മെന്റ് അതിന്റേതായ ഓതന്റിക്കേറ്റഡ് BI എൻഡ്‌പോയിന്റ് പ്രസിദ്ധീകരിക്കണം.,,Pending,,New shared catalog copy; native-speaker review required.
Demo mode: any email and a password of 4 or more characters will sign you in.,Demo mode: any email and a password of 4 or more characters will sign you in.,ഡെമോ മോഡ്: ഏതെങ്കിലും ഇമെയിലും 4 അല്ലെങ്കിൽ അതിലധികം അക്ഷരങ്ങളുള്ള പാസ്‌വേഡും നിങ്ങളെ സൈൻ ഇൻ ചെയ്യിക്കും.,,Pending,,New shared catalog copy; native-speaker review required.
Denial rate,Denial rate,നിരസിക്കൽ നിരക്ക്,,Pending,,New shared catalog copy; native-speaker review required.
Denial reason,Denial reason,നിരസിക്കാനുള്ള കാരണം,,Pending,,New shared catalog copy; native-speaker review required.
Denial reasons,Denial reasons,നിരാകരണ കാരണങ്ങൾ,,Pending,,New shared catalog copy; native-speaker review required.
Denials by payer,Denials by payer,പണമടയ്ക്കുന്ന സ്ഥാപനം അനുസരിച്ചുള്ള നിരാകരണങ്ങൾ,,Pending,,New shared catalog copy; native-speaker review required.
Denied,Denied,നിരസിച്ചു,,Pending,,New shared catalog copy; native-speaker review required.
Denied claims,Denied claims,നിരസിച്ച ക്ലെയിമുകൾ,,Pending,,New shared catalog copy; native-speaker review required.
Denied claims and value by main denial reason.,Denied claims and value by main denial reason.,പ്രധാന നിരാകരണ കാരണം അനുസരിച്ചുള്ള നിരസിച്ച ക്ലെയിമുകളും മൂല്യവും.,,Pending,,New shared catalog copy; native-speaker review required.
Denied value,Denied value,നിരസിച്ച മൂല്യം,,Pending,,New shared catalog copy; native-speaker review required.
Department master,Department master,വകുപ്പ് മാസ്റ്റർ,,Pending,,New shared catalog copy; native-speaker review required.
"Departments, heads and cost centers","Departments, heads and cost centers","വകുപ്പുകൾ, മേധാവികൾ, കോസ്റ്റ് സെന്ററുകൾ",,Pending,,New shared catalog copy; native-speaker review required.
Depreciation,Depreciation,മൂല്യത്തകർച്ച,,Pending,,New shared catalog copy; native-speaker review required.
Depreciation run,Depreciation run,മൂല്യത്തകർച്ച റൺ,,Pending,,New shared catalog copy; native-speaker review required.
Designation,Designation,ഉദ്യോഗപ്പേര്,,Pending,,New shared catalog copy; native-speaker review required.
Detail,Detail,വിശദാംശം,,Pending,,New shared catalog copy; native-speaker review required.
Detail: one row per record,Detail: one row per record,വിശദാംശം: ഓരോ റെക്കോർഡിനും ഒരു നിര,,Pending,,New shared catalog copy; native-speaker review required.
Diagnostics turnaround,Diagnostics turnaround,ഡയഗ്നോസ്റ്റിക്സ് ടേൺഎറൗണ്ട്,,Pending,,New shared catalog copy; native-speaker review required.
Diagnostics volume trend,Diagnostics volume trend,ഡയഗ്നോസ്റ്റിക്സ് അളവ് പ്രവണത,,Pending,,New shared catalog copy; native-speaker review required.
Dial code,Dial code,ഡയലിംഗ് കോഡ്,,Pending,,New shared catalog copy; native-speaker review required.
Difference,Difference,വ്യത്യാസം,,Pending,,New shared catalog copy; native-speaker review required.
Digits,Digits,അക്കങ്ങൾ,,Pending,,New shared catalog copy; native-speaker review required.
Direction,Direction,ദിശ,,Pending,,New shared catalog copy; native-speaker review required.
Directly under,Directly under,നേരിട്ട് ഇതിന് കീഴിൽ,,Pending,,New shared catalog copy; native-speaker review required.
Discard and switch,Discard and switch,ഉപേക്ഷിച്ച് മാറുക,,Pending,,New shared catalog copy; native-speaker review required.
Discard unsaved marks?,Discard unsaved marks?,സേവ് ചെയ്യാത്ത മാർക്കുകൾ ഉപേക്ഷിക്കണോ?,,Pending,,New shared catalog copy; native-speaker review required.
Discharge outcomes,Discharge outcomes,ഡിസ്ചാർജ് ഫലങ്ങൾ,,Pending,,New shared catalog copy; native-speaker review required.
Discharge status,Discharge status,ഡിസ്ചാർജ് നില,,Pending,,New shared catalog copy; native-speaker review required.
Doctor,Doctor,ഡോക്ടർ,,Pending,,New shared catalog copy; native-speaker review required.
Doctor master,Doctor master,ഡോക്ടർ മാസ്റ്റർ,,Pending,,New shared catalog copy; native-speaker review required.
Doctor schedules and patient bookings,Doctor schedules and patient bookings,ഡോക്ടറുടെ ഷെഡ്യൂളുകളും രോഗിയുടെ ബുക്കിംഗുകളും,,Pending,,New shared catalog copy; native-speaker review required.
Document,Document,രേഖ,,Pending,,New shared catalog copy; native-speaker review required.
Documents,Documents,രേഖകൾ,,Pending,,New shared catalog copy; native-speaker review required.
Documents received,Documents received,ലഭിച്ച രേഖകൾ,,Pending,,New shared catalog copy; native-speaker review required.
Domain,Domain,ഡൊമെയ്ൻ,,Pending,,New shared catalog copy; native-speaker review required.
Donut,Donut,ഡോനട്ട്,,Pending,,New shared catalog copy; native-speaker review required.
Donut chart of {series},Donut chart of {series},{series} ന്റെ ഡോനട്ട് ചാർട്ട്,,Pending,,New shared catalog copy; native-speaker review required.
Download PNG,Download PNG,PNG ഡൗൺലോഡ് ചെയ്യുക,,Pending,,New shared catalog copy; native-speaker review required.
Download {format},Download {format},{format} ഡൗൺലോഡ് ചെയ്യുക,,Pending,,New shared catalog copy; native-speaker review required.
Download {name},Download {name},{name} ഡൗൺലോഡ് ചെയ്യുക,,Pending,,New shared catalog copy; native-speaker review required.
Downloads are not available in this host.,Downloads are not available in this host.,ഈ ഹോസ്റ്റിൽ ഡൗൺലോഡുകൾ ലഭ്യമല്ല.,,Pending,,New shared catalog copy; native-speaker review required.
Drafts,Drafts,ഡ്രാഫ്റ്റുകൾ,,Pending,,New shared catalog copy; native-speaker review required.
"Drag cards between stages, or use the arrows","Drag cards between stages, or use the arrows","ഘട്ടങ്ങൾക്കിടയിൽ കാർഡുകൾ വലിച്ചിടുക, അല്ലെങ്കിൽ അമ്പടയാളങ്ങൾ ഉപയോഗിക്കുക",,Pending,,New shared catalog copy; native-speaker review required.
"Draw with mouse, touch or stylus · hold Shift for straight lines","Draw with mouse, touch or stylus · hold Shift for straight lines","മൗസ്, ടച്ച് അല്ലെങ്കിൽ സ്റ്റൈലസ് ഉപയോഗിച്ച് വരയ്ക്കുക · നേർരേഖകൾക്കായി Shift അമർത്തിപ്പിടിക്കുക",,Pending,,New shared catalog copy; native-speaker review required.
Drawing canvas,Drawing canvas,ഡ്രോയിംഗ് ക്യാൻവാസ്,,Pending,,New shared catalog copy; native-speaker review required.
Drop an application here,Drop an application here,ഒരു അപേക്ഷ ഇവിടെ ഇടുക,,Pending,,New shared catalog copy; native-speaker review required.
Drop items here,Drop items here,ഇനങ്ങൾ ഇവിടെ ഇടുക,,Pending,,New shared catalog copy; native-speaker review required.
Due,Due,കുടിശ്ശിക,,Pending,,New shared catalog copy; native-speaker review required.
Due back {value0},Due back {value0},തിരികെ നൽകേണ്ട തീയതി {value0},,Pending,,New shared catalog copy; native-speaker review required.
Due by,Due by,ഈ തീയതിക്കകം അടയ്‌ക്കേണ്ടത്,,Pending,,New shared catalog copy; native-speaker review required.
Due {date},Due {date},അവസാന തീയതി {date},,Pending,,New shared catalog copy; native-speaker review required.
Due {value0},Due {value0},അടയ്‌ക്കേണ്ടത് {value0},,Pending,,New shared catalog copy; native-speaker review required.
Duplicate,Duplicate,തനിപ്പകർപ്പ്,,Pending,,New shared catalog copy; native-speaker review required.
ED visits,ED visits,എമർജൻസി വിഭാഗം സന്ദർശനങ്ങൾ,,Pending,,New shared catalog copy; native-speaker review required.
Earnings,Earnings,വരുമാനം,,Pending,,New shared catalog copy; native-speaker review required.
Earnings and deductions by grade,Earnings and deductions by grade,ഗ്രേഡ് അനുസരിച്ചുള്ള വരുമാനവും കിഴിവുകളും,,Pending,,New shared catalog copy; native-speaker review required.
Edit {value0} · {value1} {value2},Edit {value0} · {value1} {value2},എഡിറ്റ് ചെയ്യുക {value0} · {value1} {value2},,Pending,,New shared catalog copy; native-speaker review required.
Edit: {title},Edit: {title},എഡിറ്റ് ചെയ്യുക: {title},,Pending,,New shared catalog copy; native-speaker review required.
Editing,Editing,എഡിറ്റ് ചെയ്യുന്നു,,Pending,,New shared catalog copy; native-speaker review required.
Electives & activities,Electives & activities,ഇലക്ടീവുകളും പ്രവർത്തനങ്ങളും,,Pending,,New shared catalog copy; native-speaker review required.
Ellipse,Ellipse,എലിപ്‌സ്,,Pending,,New shared catalog copy; native-speaker review required.
Email and in-app alerts,Email and in-app alerts,ഇമെയിലും ആപ്പിനുള്ളിലെ അലേർട്ടുകളും,,Pending,,New shared catalog copy; native-speaker review required.
Email approvers,Email approvers,അംഗീകാരം നൽകുന്നവർക്ക് ഇമെയിൽ ചെയ്യുക,,Pending,,New shared catalog copy; native-speaker review required.
Email delivery,Email delivery,ഇമെയിൽ ഡെലിവറി,,Pending,,New shared catalog copy; native-speaker review required.
Email it,Email it,ഇത് ഇമെയിൽ ചെയ്യുക,,Pending,,New shared catalog copy; native-speaker review required.
Email outbox,Email outbox,ഇമെയിൽ ഔട്ട്‌ബോക്സ്,,Pending,,New shared catalog copy; native-speaker review required.
Email requests,Email requests,ഇമെയിൽ അഭ്യർത്ഥനകൾ,,Pending,,New shared catalog copy; native-speaker review required.
Email requests are currently turned off by an administrator.,Email requests are currently turned off by an administrator.,ഇമെയിൽ അഭ്യർത്ഥനകൾ നിലവിൽ ഒരു അഡ്മിനിസ്ട്രേറ്റർ ഓഫ് ചെയ്തിരിക്കുന്നു.,,Pending,,New shared catalog copy; native-speaker review required.
Email to {to},Email to {to},{to} ലേക്ക് ഇമെയിൽ ചെയ്യുക,,Pending,,New shared catalog copy; native-speaker review required.
"Email, report id or detail","Email, report id or detail","ഇമെയിൽ, റിപ്പോർട്ട് ഐഡി അല്ലെങ്കിൽ വിശദാംശം",,Pending,,New shared catalog copy; native-speaker review required.
Emergency contact,Emergency contact,അടിയന്തര ബന്ധപ്പെടേണ്ട വ്യക്തി,,Pending,,New shared catalog copy; native-speaker review required.
Emergency phone,Emergency phone,അടിയന്തര ഫോൺ,,Pending,,New shared catalog copy; native-speaker review required.
Employee master,Employee master,ജീവനക്കാരൻ മാസ്റ്റർ,,Pending,,New shared catalog copy; native-speaker review required.
Employees,Employees,ജീവനക്കാർ,,Pending,,New shared catalog copy; native-speaker review required.
"Employees, roles, reporting and payroll details","Employees, roles, reporting and payroll details","ജീവനക്കാർ, റോളുകൾ, റിപ്പോർട്ടിംഗ്, പേറോൾ വിശദാംശങ്ങൾ",,Pending,,New shared catalog copy; native-speaker review required.
Employment type,Employment type,ജോലി തരം,,Pending,,New shared catalog copy; native-speaker review required.
End,End,അവസാനം,,Pending,,New shared catalog copy; native-speaker review required.
End date (optional),End date (optional),അവസാന തീയതി (ഓപ്ഷണൽ),,Pending,,New shared catalog copy; native-speaker review required.
Ends,Ends,അവസാനിക്കുന്നു,,Pending,,New shared catalog copy; native-speaker review required.
Enrol & register,Enrol & register,എൻറോൾ ചെയ്ത് രജിസ്റ്റർ ചെയ്യുക,,Pending,,New shared catalog copy; native-speaker review required.
Enrolment,Enrolment,എൻറോൾമെന്റ്,,Pending,,New shared catalog copy; native-speaker review required.
Enter debit and credit lines.,Enter debit and credit lines.,"ഡെബിറ്റ്, ക്രെഡിറ്റ് വരികൾ നൽകുക.",,Pending,,New shared catalog copy; native-speaker review required.
Enter marks between 0 and {value0},Enter marks between 0 and {value0},0-നും {value0}-നും ഇടയിൽ മാർക്ക് നൽകുക,,Pending,,New shared catalog copy; native-speaker review required.
Enter ↓ · ↑ · ← → to move between cells,Enter ↓ · ↑ · ← → to move between cells,സെല്ലുകൾക്കിടയിൽ നീങ്ങാൻ Enter ↓ · ↑ · ← →,,Pending,,New shared catalog copy; native-speaker review required.
Entrance test score,Entrance test score,പ്രവേശന പരീക്ഷാ സ്കോർ,,Pending,,New shared catalog copy; native-speaker review required.
Entry open · exam scheduled,Entry open · exam scheduled,പ്രവേശനം തുറന്നിരിക്കുന്നു · പരീക്ഷ ഷെഡ്യൂൾ ചെയ്തു,,Pending,,New shared catalog copy; native-speaker review required.
Eraser,Eraser,ഇറേസർ,,Pending,,New shared catalog copy; native-speaker review required.
Escalate to,Escalate to,ഇതിലേക്ക് എസ്കലേറ്റ് ചെയ്യുക,,Pending,,New shared catalog copy; native-speaker review required.
Event,Event,ഇവന്റ്,,Pending,,New shared catalog copy; native-speaker review required.
"Every order, voucher and payslip in one ledger you can trust.","Every order, voucher and payslip in one ledger you can trust.",വിശ്വസിക്കാവുന്ന ഒരു ലെഡ്ജറിൽ എല്ലാ ഓർഡറും വൗച്ചറും പേസ്ലിപ്പും.,,Pending,,New shared catalog copy; native-speaker review required.
Every parameter is within spec. Ready to accept.,Every parameter is within spec. Ready to accept.,എല്ലാ പാരാമീറ്ററുകളും നിർദ്ദിഷ്ട പരിധിക്കുള്ളിലാണ്. സ്വീകരിക്കാൻ തയ്യാറാണ്.,,Pending,,New shared catalog copy; native-speaker review required.
"Every report your role allows, from one place.","Every report your role allows, from one place.",നിങ്ങളുടെ റോൾ അനുവദിക്കുന്ന എല്ലാ റിപ്പോർട്ടും ഒരിടത്ത് നിന്ന്.,,Pending,,New shared catalog copy; native-speaker review required.
Every {parent},Every {parent},എല്ലാ {parent},,Pending,,New shared catalog copy; native-speaker review required.
Everyone,Everyone,എല്ലാവരും,,Pending,,New shared catalog copy; native-speaker review required.
Everyone in a role,Everyone in a role,ഒരു റോളിലെ എല്ലാവരും,,Pending,,New shared catalog copy; native-speaker review required.
Everything waiting on your decision,Everything waiting on your decision,നിങ്ങളുടെ തീരുമാനത്തിനായി കാത്തിരിക്കുന്നതെല്ലാം,,Pending,,New shared catalog copy; native-speaker review required.
Exam,Exam,പരീക്ഷ,,Pending,,New shared catalog copy; native-speaker review required.
Exam-day checklist,Exam-day checklist,പരീക്ഷാ ദിവസത്തെ ചെക്ക്‌ലിസ്റ്റ്,,Pending,,New shared catalog copy; native-speaker review required.
Examinations,Examinations,പരീക്ഷകൾ,,Pending,,New shared catalog copy; native-speaker review required.
Exams,Exams,പരീക്ഷകൾ,,Pending,,New shared catalog copy; native-speaker review required.
Exams can't be scheduled on a weekend.,Exams can't be scheduled on a weekend.,വാരാന്ത്യങ്ങളിൽ പരീക്ഷകൾ ഷെഡ്യൂൾ ചെയ്യാൻ കഴിയില്ല.,,Pending,,New shared catalog copy; native-speaker review required.
Excel,Excel,Excel,,Pending,,New shared catalog copy; native-speaker review required.
Excused,Excused,ഒഴിവാക്കിയത്,,Pending,,New shared catalog copy; native-speaker review required.
Existing documents keep their copy of this,Existing documents keep their copy of this,നിലവിലുള്ള രേഖകൾ ഇതിന്റെ പകർപ്പ് സൂക്ഷിക്കും,,Pending,,New shared catalog copy; native-speaker review required.
Expand all,Expand all,എല്ലാം വികസിപ്പിക്കുക,,Pending,,New shared catalog copy; native-speaker review required.
Expected by,Expected by,പ്രതീക്ഷിക്കുന്നത്,,Pending,,New shared catalog copy; native-speaker review required.
Expense,Expense,ചെലവ്,,Pending,,New shared catalog copy; native-speaker review required.
Expense by cost center,Expense by cost center,കോസ്റ്റ് സെന്റർ പ്രകാരമുള്ള ചെലവ്,,Pending,,New shared catalog copy; native-speaker review required.
Expense claims,Expense claims,ചെലവ് ക്ലെയിമുകൾ,,Pending,,New shared catalog copy; native-speaker review required.
Expense date,Expense date,ചെലവ് തീയതി,,Pending,,New shared catalog copy; native-speaker review required.
Expense postings by cost center.,Expense postings by cost center.,കോസ്റ്റ് സെന്റർ പ്രകാരമുള്ള ചെലവ് പോസ്റ്റിംഗുകൾ.,,Pending,,New shared catalog copy; native-speaker review required.
Experience (yrs),Experience (yrs),പരിചയം (വർഷം),,Pending,,New shared catalog copy; native-speaker review required.
Expiring in 30 days,Expiring in 30 days,30 ദിവസത്തിനുള്ളിൽ കാലാവധി തീരുന്നവ,,Pending,,New shared catalog copy; native-speaker review required.
Expiry,Expiry,കാലാവധി,,Pending,,New shared catalog copy; native-speaker review required.
Explanation (shown after submitting),Explanation (shown after submitting),വിശദീകരണം (സമർപ്പിച്ചതിനുശേഷം കാണിക്കും),,Pending,,New shared catalog copy; native-speaker review required.
Export not available,Export not available,എക്സ്പോർട്ട് ലഭ്യമല്ല,,Pending,,New shared catalog copy; native-speaker review required.
Export selected,Export selected,തിരഞ്ഞെടുത്തവ എക്സ്പോർട്ട് ചെയ്യുക,,Pending,,New shared catalog copy; native-speaker review required.
Extension,Extension,എക്സ്റ്റൻഷൻ,,Pending,,New shared catalog copy; native-speaker review required.
Extra filters,Extra filters,അധിക ഫിൽട്ടറുകൾ,,Pending,,New shared catalog copy; native-speaker review required.
Factor,Factor,ഘടകം,,Pending,,New shared catalog copy; native-speaker review required.
Failed runs,Failed runs,പരാജയപ്പെട്ട റണ്ണുകൾ,,Pending,,New shared catalog copy; native-speaker review required.
Family doctor,Family doctor,കുടുംബ ഡോക്ടർ,,Pending,,New shared catalog copy; native-speaker review required.
Favorites,Favorites,പ്രിയപ്പെട്ടവ,,Pending,,New shared catalog copy; native-speaker review required.
Fee,Fee,ഫീസ്,,Pending,,New shared catalog copy; native-speaker review required.
Fee collection by month,Fee collection by month,മാസം അനുസരിച്ചുള്ള ഫീസ് പിരിവ്,,Pending,,New shared catalog copy; native-speaker review required.
Fee defaulters,Fee defaulters,ഫീസ് കുടിശ്ശികക്കാർ,,Pending,,New shared catalog copy; native-speaker review required.
Fee due,Fee due,അടയ്ക്കാനുള്ള ഫീസ്,,Pending,,New shared catalog copy; native-speaker review required.
Fee head,Fee head,ഫീസ് ഹെഡ്,,Pending,,New shared catalog copy; native-speaker review required.
Fee heads,Fee heads,ഫീസ് ഹെഡുകൾ,,Pending,,New shared catalog copy; native-speaker review required.
Fee heads per program and term,Fee heads per program and term,പ്രോഗ്രാമും ടേമും അനുസരിച്ചുള്ള ഫീസ് ഹെഡുകൾ,,Pending,,New shared catalog copy; native-speaker review required.
Fee schedule by doctor and visit type,Fee schedule by doctor and visit type,ഡോക്ടറും വിസിറ്റ് തരവും അനുസരിച്ചുള്ള ഫീസ് ഷെഡ്യൂൾ,,Pending,,New shared catalog copy; native-speaker review required.
Fee status,Fee status,ഫീസ് നില,,Pending,,New shared catalog copy; native-speaker review required.
Fee structure,Fee structure,ഫീസ് ഘടന,,Pending,,New shared catalog copy; native-speaker review required.
Fee structure · AY {value0},Fee structure · AY {value0},ഫീസ് ഘടന · അധ്യയന വർഷം {value0},,Pending,,New shared catalog copy; native-speaker review required.
Fee structures,Fee structures,ഫീസ് ഘടനകൾ,,Pending,,New shared catalog copy; native-speaker review required.
Feedback for the student,Feedback for the student,വിദ്യാർത്ഥിക്കുള്ള ഫീഡ്‌ബാക്ക്,,Pending,,New shared catalog copy; native-speaker review required.
Fees,Fees,ഫീസ്,,Pending,,New shared catalog copy; native-speaker review required.
Fees & payments,Fees & payments,ഫീസും പേയ്‌മെന്റുകളും,,Pending,,New shared catalog copy; native-speaker review required.
Fees collected,Fees collected,പിരിച്ച ഫീസ്,,Pending,,New shared catalog copy; native-speaker review required.
Fees outstanding,Fees outstanding,ബാക്കിയുള്ള ഫീസ്,,Pending,,New shared catalog copy; native-speaker review required.
Fees overdue,Fees overdue,കാലാവധി കഴിഞ്ഞ ഫീസ്,,Pending,,New shared catalog copy; native-speaker review required.
Female,Female,സ്ത്രീ,,Pending,,New shared catalog copy; native-speaker review required.
Field keys: {keys},Field keys: {keys},ഫീൽഡ് കീകൾ: {keys},,Pending,,New shared catalog copy; native-speaker review required.
Fields marked * are required,Fields marked * are required,* അടയാളപ്പെടുത്തിയ ഫീൽഡുകൾ നിർബന്ധമാണ്,,Pending,,New shared catalog copy; native-speaker review required.
Fields marked * are required. Ctrl + S saves.,Fields marked * are required. Ctrl + S saves.,* അടയാളപ്പെടുത്തിയ ഫീൽഡുകൾ നിർബന്ധമാണ്. Ctrl + S സേവ് ചെയ്യും.,,Pending,,New shared catalog copy; native-speaker review required.
Files and saved results are deleted after this.,Files and saved results are deleted after this.,ഇതിനുശേഷം ഫയലുകളും സേവ് ചെയ്ത ഫലങ്ങളും ഇല്ലാതാക്കും.,,Pending,,New shared catalog copy; native-speaker review required.
"Files are kept for a limited time, then removed automatically.","Files are kept for a limited time, then removed automatically.",ഫയലുകൾ പരിമിതമായ സമയത്തേക്ക് സൂക്ഷിക്കുകയും പിന്നീട് സ്വയമേവ നീക്കം ചെയ്യുകയും ചെയ്യും.,,Pending,,New shared catalog copy; native-speaker review required.
Files larger than 1 MB cannot be attached.,Files larger than 1 MB cannot be attached.,1 MB-യിൽ കൂടുതലുള്ള ഫയലുകൾ അറ്റാച്ച് ചെയ്യാൻ കഴിയില്ല.,,Pending,,New shared catalog copy; native-speaker review required.
Fill rectangles and ellipses,Fill rectangles and ellipses,ചതുരങ്ങളും ദീർഘവൃത്തങ്ങളും നിറയ്ക്കുക,,Pending,,New shared catalog copy; native-speaker review required.
Filter reports,Filter reports,റിപ്പോർട്ടുകൾ ഫിൽട്ടർ ചെയ്യുക,,Pending,,New shared catalog copy; native-speaker review required.
Filters and sorting,Filters and sorting,ഫിൽട്ടറുകളും ക്രമീകരണവും,,Pending,,New shared catalog copy; native-speaker review required.
Final,Final,അന്തിമം,,Pending,,New shared catalog copy; native-speaker review required.
Finance office · AY,Finance office · AY,ഫിനാൻസ് ഓഫീസ് · അധ്യയന വർഷം,,Pending,,New shared catalog copy; native-speaker review required.
Financial year starts,Financial year starts,സാമ്പത്തിക വർഷം ആരംഭിക്കുന്നത്,,Pending,,New shared catalog copy; native-speaker review required.
Find a person,Find a person,ഒരു വ്യക്തിയെ കണ്ടെത്തുക,,Pending,,New shared catalog copy; native-speaker review required.
Find a report or page,Find a report or page,ഒരു റിപ്പോർട്ടോ പേജോ കണ്ടെത്തുക,,Pending,,New shared catalog copy; native-speaker review required.
Find an entry,Find an entry,ഒരു എൻട്രി കണ്ടെത്തുക,,Pending,,New shared catalog copy; native-speaker review required.
Find {value0},Find {value0},{value0} കണ്ടെത്തുക,,Pending,,New shared catalog copy; native-speaker review required.
Fines accrued,Fines accrued,ചുമത്തിയ പിഴകൾ,,Pending,,New shared catalog copy; native-speaker review required.
Fines accruing,Fines accruing,ശേഖരിച്ചുകൊണ്ടിരിക്കുന്ന പിഴകൾ,,Pending,,New shared catalog copy; native-speaker review required.
"First 25 rows for the default period, with your own access applied.","First 25 rows for the default period, with your own access applied.","സ്വന്തം ആക്‌സസ് പ്രയോഗിച്ച്, ഡിഫോൾട്ട് കാലയളവിലെ ആദ്യ 25 വരികൾ.",,Pending,,New shared catalog copy; native-speaker review required.
First name,First name,ആദ്യ പേര്,,Pending,,New shared catalog copy; native-speaker review required.
Flag,Flag,ഫ്ലാഗ് ചെയ്യുക,,Pending,,New shared catalog copy; native-speaker review required.
Flag payments above,Flag payments above,ഇതിന് മുകളിലുള്ള പേയ്‌മെന്റുകൾ ഫ്ലാഗ് ചെയ്യുക,,Pending,,New shared catalog copy; native-speaker review required.
Flagged,Flagged,ഫ്ലാഗ് ചെയ്തത്,,Pending,,New shared catalog copy; native-speaker review required.
"Fleet vehicles, drivers and compliance dates","Fleet vehicles, drivers and compliance dates","ഫ്ലീറ്റ് വാഹനങ്ങൾ, ഡ്രൈവർമാർ, കംപ്ലയൻസ് തീയതികൾ",,Pending,,New shared catalog copy; native-speaker review required.
"Follow your children's attendance, results and fees.","Follow your children's attendance, results and fees.","നിങ്ങളുടെ കുട്ടികളുടെ ഹാജർ, ഫലങ്ങൾ, ഫീസ് എന്നിവ പിന്തുടരുക.",,Pending,,New shared catalog copy; native-speaker review required.
Follow-up list for counsellors,Follow-up list for counsellors,കൗൺസിലർമാർക്കുള്ള ഫോളോ-അപ്പ് ലിസ്റ്റ്,,Pending,,New shared catalog copy; native-speaker review required.
For,For,വേണ്ടി,,Pending,,New shared catalog copy; native-speaker review required.
"For example en-IN, en-GB, en-US.","For example en-IN, en-GB, en-US.","ഉദാഹരണത്തിന് en-IN, en-GB, en-US.",,Pending,,New shared catalog copy; native-speaker review required.
For example: Discount by payer and branch,For example: Discount by payer and branch,ഉദാഹരണത്തിന്: പണമടയ്ക്കുന്നയാളും ബ്രാഞ്ചും അനുസരിച്ചുള്ള ഡിസ്‌കൗണ്ട്,,Pending,,New shared catalog copy; native-speaker review required.
For example: Month-end with discounts,For example: Month-end with discounts,ഉദാഹരണത്തിന്: ഡിസ്‌കൗണ്ടുകളോടുകൂടിയ മാസാവസാനം,,Pending,,New shared catalog copy; native-speaker review required.
For example: Power BI finance model,For example: Power BI finance model,ഉദാഹരണത്തിന്: Power BI ഫിനാൻസ് മോഡൽ,,Pending,,New shared catalog copy; native-speaker review required.
For example: Revenue cycle lead,For example: Revenue cycle lead,ഉദാഹരണത്തിന്: റവന്യൂ സൈക്കിൾ ലീഡ്,,Pending,,New shared catalog copy; native-speaker review required.
Forecast scenarios,Forecast scenarios,പ്രവചന സാഹചര്യങ്ങൾ,,Pending,,New shared catalog copy; native-speaker review required.
Forgot password?,Forgot password?,പാസ്‌വേഡ് മറന്നോ?,,Pending,,New shared catalog copy; native-speaker review required.
Format,Format,ഫോർമാറ്റ്,,Pending,,New shared catalog copy; native-speaker review required.
Formula,Formula,ഫോർമുല,,Pending,,New shared catalog copy; native-speaker review required.
Free,Free,സൗജന്യം,,Pending,,New shared catalog copy; native-speaker review required.
From,From,മുതൽ,,Pending,,New shared catalog copy; native-speaker review required.
Fuel,Fuel,ഇന്ധനം,,Pending,,New shared catalog copy; native-speaker review required.
"Full access to every report, setting and user.","Full access to every report, setting and user.",എല്ലാ റിപ്പോർട്ടിനും ക്രമീകരണത്തിനും ഉപയോക്താവിനും പൂർണ്ണ ആക്‌സസ്.,,Pending,,New shared catalog copy; native-speaker review required.
Full balance,Full balance,പൂർണ്ണ ബാലൻസ്,,Pending,,New shared catalog copy; native-speaker review required.
Full name,Full name,മുഴുവൻ പേര്,,Pending,,New shared catalog copy; native-speaker review required.
Full table,Full table,മുഴുവൻ ടേബിൾ,,Pending,,New shared catalog copy; native-speaker review required.
Full width,Full width,മുഴുവൻ വീതി,,Pending,,New shared catalog copy; native-speaker review required.
GPA,GPA,ജിപിഎ,,Pending,,New shared catalog copy; native-speaker review required.
GPA grade distribution,GPA grade distribution,ജിപിഎ ഗ്രേഡ് വിതരണം,,Pending,,New shared catalog copy; native-speaker review required.
GPA {value0},GPA {value0},ജിപിഎ {value0},,Pending,,New shared catalog copy; native-speaker review required.
Gallery,Gallery,ഗാലറി,,Pending,,New shared catalog copy; native-speaker review required.
Gender balance,Gender balance,ലിംഗ സന്തുലനം,,Pending,,New shared catalog copy; native-speaker review required.
General journal entries that must balance,General journal entries that must balance,ബാലൻസ് ചെയ്യേണ്ട ജനറൽ ജേണൽ എൻട്രികൾ,,Pending,,New shared catalog copy; native-speaker review required.
General ledger detail,General ledger detail,ജനറൽ ലെഡ്ജർ വിശദാംശം,,Pending,,New shared catalog copy; native-speaker review required.
Generated from live data and downloaded as CSV (opens in Excel or Google Sheets),Generated from live data and downloaded as CSV (opens in Excel or Google Sheets),തത്സമയ ഡാറ്റയിൽ നിന്ന് ജനറേറ്റ് ചെയ്ത് CSV ആയി ഡൗൺലോഡ് ചെയ്തത് (Excel അല്ലെങ്കിൽ Google Sheets ൽ തുറക്കും),,Pending,,New shared catalog copy; native-speaker review required.
Give dashboards and spreadsheets read-only access to the reports you are allowed to see.,Give dashboards and spreadsheets read-only access to the reports you are allowed to see.,നിങ്ങൾക്ക് കാണാൻ അനുവാദമുള്ള റിപ്പോർട്ടുകളിലേക്ക് ഡാഷ്ബോർഡുകൾക്കും സ്പ്രെഡ്ഷീറ്റുകൾക്കും റീഡ്-ഒൺലി ആക്‌സസ് നൽകുക.,,Pending,,New shared catalog copy; native-speaker review required.
Go to dashboard,Go to dashboard,ഡാഷ്ബോർഡിലേക്ക് പോകുക,,Pending,,New shared catalog copy; native-speaker review required.
Go to the report library,Go to the report library,റിപ്പോർട്ട് ലൈബ്രറിയിലേക്ക് പോകുക,,Pending,,New shared catalog copy; native-speaker review required.
Goes to {value0},Goes to {value0},{value0}-ലേക്ക് പോകുന്നു,,Pending,,New shared catalog copy; native-speaker review required.
Good,Good,നല്ലത്,,Pending,,New shared catalog copy; native-speaker review required.
Good effort,Good effort,നല്ല ശ്രമം,,Pending,,New shared catalog copy; native-speaker review required.
Goods receipts,Goods receipts,ഗുഡ്‌സ് റിസീപ്റ്റുകൾ,,Pending,,New shared catalog copy; native-speaker review required.
Grace (min),Grace (min),ഗ്രേസ് (മിനിറ്റ്),,Pending,,New shared catalog copy; native-speaker review required.
Grade,Grade,ഗ്രേഡ്,,Pending,,New shared catalog copy; native-speaker review required.
Grade {value0},Grade {value0},ഗ്രേഡ് {value0},,Pending,,New shared catalog copy; native-speaker review required.
Grade {value0}-{value1} created,Grade {value0}-{value1} created,ഗ്രേഡ് {value0}-{value1} സൃഷ്ടിച്ചു,,Pending,,New shared catalog copy; native-speaker review required.
Graded,Graded,ഗ്രേഡ് ചെയ്തത്,,Pending,,New shared catalog copy; native-speaker review required.
Graded {value0}: {value1}/{value2},Graded {value0}: {value1}/{value2},ഗ്രേഡ് ചെയ്തത് {value0}: {value1}/{value2},,Pending,,New shared catalog copy; native-speaker review required.
Grades,Grades,ഗ്രേഡുകൾ,,Pending,,New shared catalog copy; native-speaker review required.
Grades: A+ ≥90 · A ≥80 · B+ ≥70 · B ≥60 · C ≥50 · D ≥40 · F,Grades: A+ ≥90 · A ≥80 · B+ ≥70 · B ≥60 · C ≥50 · D ≥40 · F,ഗ്രേഡുകൾ: A+ ≥90 · A ≥80 · B+ ≥70 · B ≥60 · C ≥50 · D ≥40 · F,,Pending,,New shared catalog copy; native-speaker review required.
Grading scale,Grading scale,ഗ്രേഡിംഗ് സ്കെയിൽ,,Pending,,New shared catalog copy; native-speaker review required.
Great work,Great work,മികച്ച പ്രവർത്തനം,,Pending,,New shared catalog copy; native-speaker review required.
Grey bars show the class average,Grey bars show the class average,ചാര നിറത്തിലുള്ള ബാറുകൾ ക്ലാസ് ശരാശരി കാണിക്കുന്നു,,Pending,,New shared catalog copy; native-speaker review required.
Gross,Gross,ഗ്രോസ്,,Pending,,New shared catalog copy; native-speaker review required.
"Gross, discount, net and collected revenue for each service line.","Gross, discount, net and collected revenue for each service line.","ഓരോ സർവീസ് ലൈനിനും ഗ്രോസ്, ഡിസ്‌കൗണ്ട്, നെറ്റ്, പിരിച്ച വരുമാനം.",,Pending,,New shared catalog copy; native-speaker review required.
Group by,Group by,ഗ്രൂപ്പ് ചെയ്യുക,,Pending,,New shared catalog copy; native-speaker review required.
Group in library under,Group in library under,ലൈബ്രറിയിൽ ഇതിന് കീഴിൽ ഗ്രൂപ്പ് ചെയ്യുക,,Pending,,New shared catalog copy; native-speaker review required.
Group rows by,Group rows by,വരികൾ ഗ്രൂപ്പ് ചെയ്യുക,,Pending,,New shared catalog copy; native-speaker review required.
Grouping columns stay visible so each row is labelled.,Grouping columns stay visible so each row is labelled.,ഓരോ വരിയും ലേബൽ ചെയ്യപ്പെടാൻ ഗ്രൂപ്പിംഗ് കോളങ്ങൾ ദൃശ്യമായി തുടരും.,,Pending,,New shared catalog copy; native-speaker review required.
Guardian,Guardian,രക്ഷിതാവ്,,Pending,,New shared catalog copy; native-speaker review required.
Guardian email,Guardian email,രക്ഷിതാവിന്റെ ഇമെയിൽ,,Pending,,New shared catalog copy; native-speaker review required.
Guardian name,Guardian name,രക്ഷിതാവിന്റെ പേര്,,Pending,,New shared catalog copy; native-speaker review required.
Guardian phone,Guardian phone,രക്ഷിതാവിന്റെ ഫോൺ,,Pending,,New shared catalog copy; native-speaker review required.
Guardians of absent students receive an automatic SMS after the register is saved. Three unexplained absences in a month trigger a counsellor follow-up.,Guardians of absent students receive an automatic SMS after the register is saved. Three unexplained absences in a month trigger a counsellor follow-up.,രജിസ്റ്റർ സേവ് ചെയ്തതിനുശേഷം ഹാജരാകാത്ത വിദ്യാർത്ഥികളുടെ രക്ഷിതാക്കൾക്ക് സ്വയമേവ SMS ലഭിക്കും. ഒരു മാസത്തിൽ വിശദീകരിക്കാത്ത മൂന്ന് അസാന്നിധ്യങ്ങൾ കൗൺസിലർ ഫോളോ-അപ്പ് ട്രിഗർ ചെയ്യും.,,Pending,,New shared catalog copy; native-speaker review required.
HOST,HOST,HOST,,Pending,,New shared catalog copy; native-speaker review required.
HS code,HS code,HS കോഡ്,,Pending,,New shared catalog copy; native-speaker review required.
Half width,Half width,പകുതി വീതി,,Pending,,New shared catalog copy; native-speaker review required.
Has sensitive columns,Has sensitive columns,സെൻസിറ്റീവ് കോളങ്ങൾ ഉണ്ട്,,Pending,,New shared catalog copy; native-speaker review required.
Has sensitive columns: masked unless the role may see patient identifiers,Has sensitive columns: masked unless the role may see patient identifiers,സെൻസിറ്റീവ് കോളങ്ങൾ ഉണ്ട്: റോളിന് രോഗിയുടെ ഐഡന്റിഫയറുകൾ കാണാൻ അനുവാദമില്ലെങ്കിൽ മറച്ചുവയ്ക്കും,,Pending,,New shared catalog copy; native-speaker review required.
Head,Head,ഹെഡ്,,Pending,,New shared catalog copy; native-speaker review required.
Headcount,Headcount,ഹെഡ്കൗണ്ട്,,Pending,,New shared catalog copy; native-speaker review required.
"Headline revenue, collections, capacity and access measures.","Headline revenue, collections, capacity and access measures.","പ്രധാന വരുമാനം, പിരിവുകൾ, ശേഷി, ആക്‌സസ് അളവുകൾ.",,Pending,,New shared catalog copy; native-speaker review required.
Highest qualification,Highest qualification,ഉയർന്ന യോഗ്യത,,Pending,,New shared catalog copy; native-speaker review required.
Highlighter,Highlighter,ഹൈലൈറ്റർ,,Pending,,New shared catalog copy; native-speaker review required.
History appears after saving this document.,History appears after saving this document.,ഈ രേഖ സേവ് ചെയ്ത ശേഷം ചരിത്രം ദൃശ്യമാകും.,,Pending,,New shared catalog copy; native-speaker review required.
Hold,Hold,ഹോൾഡ്,,Pending,,New shared catalog copy; native-speaker review required.
Holiday,Holiday,അവധി,,Pending,,New shared catalog copy; native-speaker review required.
Holiday calendar,Holiday calendar,അവധി കലണ്ടർ,,Pending,,New shared catalog copy; native-speaker review required.
Home class,Home class,ഹോം ക്ലാസ്,,Pending,,New shared catalog copy; native-speaker review required.
Host,Host,ഹോസ്റ്റ്,,Pending,,New shared catalog copy; native-speaker review required.
Host account,Host account,ഹോസ്റ്റ് അക്കൗണ്ട്,,Pending,,New shared catalog copy; native-speaker review required.
Hosted by,Hosted by,ഹോസ്റ്റ് ചെയ്തത്,,Pending,,New shared catalog copy; native-speaker review required.
Hours logged,Hours logged,രേഖപ്പെടുത്തിയ മണിക്കൂറുകൾ,,Pending,,New shared catalog copy; native-speaker review required.
Hours logged per person for the week,Hours logged per person for the week,ആഴ്ചയിൽ ഓരോ വ്യക്തിക്കും ലോഗ് ചെയ്ത മണിക്കൂറുകൾ,,Pending,,New shared catalog copy; native-speaker review required.
House,House,ഹൗസ്,,Pending,,New shared catalog copy; native-speaker review required.
How to request a report by email,How to request a report by email,ഇമെയിൽ വഴി ഒരു റിപ്പോർട്ട് എങ്ങനെ അഭ്യർത്ഥിക്കാം,,Pending,,New shared catalog copy; native-speaker review required.
IFSC,IFSC,IFSC,,Pending,,New shared catalog copy; native-speaker review required.
ISBN,ISBN,ISBN,,Pending,,New shared catalog copy; native-speaker review required.
ISO code,ISO code,ISO കോഡ്,,Pending,,New shared catalog copy; native-speaker review required.
If guardian unreachable,If guardian unreachable,രക്ഷിതാവിനെ ബന്ധപ്പെടാൻ കഴിയുന്നില്ലെങ്കിൽ,,Pending,,New shared catalog copy; native-speaker review required.
"If it keeps happening, send the reference to your administrator.","If it keeps happening, send the reference to your administrator.","ഇത് തുടർന്നും സംഭവിക്കുകയാണെങ്കിൽ, റഫറൻസ് നിങ്ങളുടെ അഡ്മിനിസ്ട്രേറ്ററിന് അയയ്ക്കുക.",,Pending,,New shared catalog copy; native-speaker review required.
In,In,അകത്ത്,,Pending,,New shared catalog copy; native-speaker review required.
In stock,In stock,സ്റ്റോക്കിൽ ഉണ്ട്,,Pending,,New shared catalog copy; native-speaker review required.
"Inactive users cannot use reports, their schedules are skipped and email requests from them are ignored.","Inactive users cannot use reports, their schedules are skipped and email requests from them are ignored.","നിഷ്ക്രിയ ഉപയോക്താക്കൾക്ക് റിപ്പോർട്ടുകൾ ഉപയോഗിക്കാൻ കഴിയില്ല, അവരുടെ ഷെഡ്യൂളുകൾ ഒഴിവാക്കുകയും അവരിൽ നിന്നുള്ള ഇമെയിൽ അഭ്യർത്ഥനകൾ അവഗണിക്കുകയും ചെയ്യും.",,Pending,,New shared catalog copy; native-speaker review required.
Include arrears,Include arrears,കുടിശ്ശിക ഉൾപ്പെടുത്തുക,,Pending,,New shared catalog copy; native-speaker review required.
Income and expense summary,Income and expense summary,വരുമാനവും ചെലവും സംഗ്രഹം,,Pending,,New shared catalog copy; native-speaker review required.
"Incoming, in-process and final QC checks","Incoming, in-process and final QC checks","ഇൻകമിംഗ്, ഇൻ-പ്രോസസ്, ഫൈനൽ QC പരിശോധനകൾ",,Pending,,New shared catalog copy; native-speaker review required.
Inspection parameters,Inspection parameters,ഇൻസ്പെക്ഷൻ പാരാമീറ്ററുകൾ,,Pending,,New shared catalog copy; native-speaker review required.
Inspection sheet,Inspection sheet,ഇൻസ്പെക്ഷൻ ഷീറ്റ്,,Pending,,New shared catalog copy; native-speaker review required.
Inspector,Inspector,ഇൻസ്പെക്ടർ,,Pending,,New shared catalog copy; native-speaker review required.
Instalments,Instalments,ഗഡുക്കൾ,,Pending,,New shared catalog copy; native-speaker review required.
Instant class,Instant class,ഇൻസ്റ്റന്റ് ക്ലാസ്,,Pending,,New shared catalog copy; native-speaker review required.
Instructions,Instructions,നിർദ്ദേശങ്ങൾ,,Pending,,New shared catalog copy; native-speaker review required.
Insurance expiry,Insurance expiry,ഇൻഷുറൻസ് കാലാവധി,,Pending,,New shared catalog copy; native-speaker review required.
Insurer,Insurer,ഇൻഷുററർ,,Pending,,New shared catalog copy; native-speaker review required.
Invigilator,Invigilator,ഇൻവിജിലേറ്റർ,,Pending,,New shared catalog copy; native-speaker review required.
Invoice print,Invoice print,ഇൻവോയ്സ് പ്രിന്റ്,,Pending,,New shared catalog copy; native-speaker review required.
Invoice value by status,Invoice value by status,സ്റ്റാറ്റസ് അനുസരിച്ചുള്ള ഇൻവോയ്സ് മൂല്യം,,Pending,,New shared catalog copy; native-speaker review required.
Invoices,Invoices,ഇൻവോയ്സുകൾ,,Pending,,New shared catalog copy; native-speaker review required.
"Invoices with totals, grouping and export","Invoices with totals, grouping and export","ടോട്ടലുകൾ, ഗ്രൂപ്പിംഗ്, എക്സ്പോർട്ട് എന്നിവയോടുകൂടിയ ഇൻവോയ്സുകൾ",,Pending,,New shared catalog copy; native-speaker review required.
"Invoices, collections and outstanding balances.","Invoices, collections and outstanding balances.","ഇൻവോയ്സുകൾ, പിരിവുകൾ, ബാക്കിയുള്ള ബാലൻസുകൾ.",,Pending,,New shared catalog copy; native-speaker review required.
Inward,Inward,ഇൻവേഡ്,,Pending,,New shared catalog copy; native-speaker review required.
Issue,Issue,ഇഷ്യൂ,,Pending,,New shared catalog copy; native-speaker review required.
Issue book,Issue book,ബുക്ക് ഇഷ്യൂ ചെയ്യുക,,Pending,,New shared catalog copy; native-speaker review required.
Issue “{value0}”,Issue “{value0}”,“{value0}” നൽകുക,,Pending,,New shared catalog copy; native-speaker review required.
Issues,Issues,വിതരണങ്ങൾ,,Pending,,New shared catalog copy; native-speaker review required.
It starts private and empty. Add widgets with Edit.,It starts private and empty. Add widgets with Edit.,ഇത് സ്വകാര്യമായും ശൂന്യമായും ആരംഭിക്കുന്നു. എഡിറ്റ് ഉപയോഗിച്ച് വിജറ്റുകൾ ചേർക്കുക.,,Pending,,New shared catalog copy; native-speaker review required.
It will be prepared in the background and sent to you.,It will be prepared in the background and sent to you.,ഇത് പശ്ചാത്തലത്തിൽ തയ്യാറാക്കി നിങ്ങൾക്ക് അയയ്ക്കും.,,Pending,,New shared catalog copy; native-speaker review required.
Item master,Item master,ഐറ്റം മാസ്റ്റർ,,Pending,,New shared catalog copy; native-speaker review required.
Item prices per list with validity periods,Item prices per list with validity periods,സാധുതാ കാലയളവുകളോടുകൂടിയ ഓരോ ലിസ്റ്റിലെയും ഐറ്റം വിലകൾ,,Pending,,New shared catalog copy; native-speaker review required.
Items,Items,ഇനങ്ങൾ,,Pending,,New shared catalog copy; native-speaker review required.
J,J,J,,Pending,,New shared catalog copy; native-speaker review required.
JSON,JSON,JSON,,Pending,,New shared catalog copy; native-speaker review required.
Job {id}.,Job {id}.,ജോലി {id}.,,Pending,,New shared catalog copy; native-speaker review required.
Join,Join,ജോയിൻ ചെയ്യുക,,Pending,,New shared catalog copy; native-speaker review required.
Join a live class,Join a live class,ലൈവ് ക്ലാസ്സിൽ ചേരുക,,Pending,,New shared catalog copy; native-speaker review required.
Join as host,Join as host,ഹോസ്റ്റ് ആയി ചേരുക,,Pending,,New shared catalog copy; native-speaker review required.
"Join classes, submit work, take quizzes and track results.","Join classes, submit work, take quizzes and track results.","ക്ലാസുകളിൽ ചേരുക, വർക്ക് സമർപ്പിക്കുക, ക്വിസുകൾ എടുക്കുക, ഫലങ്ങൾ ട്രാക്ക് ചെയ്യുക.",,Pending,,New shared catalog copy; native-speaker review required.
Join lobby,Join lobby,ലോബിയിൽ ചേരുക,,Pending,,New shared catalog copy; native-speaker review required.
Join now,Join now,ഇപ്പോൾ ചേരുക,,Pending,,New shared catalog copy; native-speaker review required.
Join waitlist,Join waitlist,കാത്തിരിപ്പ് പട്ടികയിൽ ചേരുക,,Pending,,New shared catalog copy; native-speaker review required.
Joining,Joining,ജോയിനിംഗ്,,Pending,,New shared catalog copy; native-speaker review required.
Joining as,Joining as,ആയി ജോയിൻ ചെയ്യുന്നു,,Pending,,New shared catalog copy; native-speaker review required.
Joining date,Joining date,ജോയിനിംഗ് തീയതി,,Pending,,New shared catalog copy; native-speaker review required.
Journal no.,Journal no.,ജേണൽ നമ്പർ,,Pending,,New shared catalog copy; native-speaker review required.
Journal vouchers,Journal vouchers,ജേണൽ വൗച്ചറുകൾ,,Pending,,New shared catalog copy; native-speaker review required.
Just me,Just me,ഞാൻ മാത്രം,,Pending,,New shared catalog copy; native-speaker review required.
K,K,K,,Pending,,New shared catalog copy; native-speaker review required.
Keep it,Keep it,ഇത് സൂക്ഷിക്കുക,,Pending,,New shared catalog copy; native-speaker review required.
Keep it in My reports for download,Keep it in My reports for download,ഡൗൺലോഡിനായി ഇത് 'എന്റെ റിപ്പോർട്ടുകളിൽ' സൂക്ഷിക്കുക,,Pending,,New shared catalog copy; native-speaker review required.
Keep me signed in on this device,Keep me signed in on this device,ഈ ഉപകരണത്തിൽ എന്നെ സൈൻ ഇൻ ആയി സൂക്ഷിക്കുക,,Pending,,New shared catalog copy; native-speaker review required.
Keep practising,Keep practising,പരിശീലനം തുടരുക,,Pending,,New shared catalog copy; native-speaker review required.
Keep results for (hours),Keep results for (hours),ഫലങ്ങൾ സൂക്ഷിക്കുക (മണിക്കൂർ),,Pending,,New shared catalog copy; native-speaker review required.
Keep them,Keep them,അവ സൂക്ഷിക്കുക,,Pending,,New shared catalog copy; native-speaker review required.
Keep working,Keep working,ജോലി തുടരുക,,Pending,,New shared catalog copy; native-speaker review required.
"Keeps the current columns, filters and sort order.","Keeps the current columns, filters and sort order.","നിലവിലെ കോളങ്ങൾ, ഫിൽട്ടറുകൾ, ക്രമീകരണ ക്രമം എന്നിവ നിലനിർത്തുന്നു.",,Pending,,New shared catalog copy; native-speaker review required.
Key name,Key name,കീ പേര്,,Pending,,New shared catalog copy; native-speaker review required.
"Keyboard-friendly: Tab to a student, then use the arrow keys to choose P / A / L / E","Keyboard-friendly: Tab to a student, then use the arrow keys to choose P / A / L / E","കീബോർഡ്-ഫ്രണ്ട്‌ലി: Tab ഉപയോഗിച്ച് ഒരു വിദ്യാർത്ഥിയിലേക്ക് പോകുക, തുടർന്ന് P / A / L / E തിരഞ്ഞെടുക്കാൻ ആരോ കീകൾ ഉപയോഗിക്കുക",,Pending,,New shared catalog copy; native-speaker review required.
Keys: 1–,Keys: 1–,കീകൾ: 1–,,Pending,,New shared catalog copy; native-speaker review required.
L,L,L,,Pending,,New shared catalog copy; native-speaker review required.
LIVE,LIVE,തത്സമയം,,Pending,,New shared catalog copy; native-speaker review required.
Lab subjects,Lab subjects,ലാബ് വിഷയങ്ങൾ,,Pending,,New shared catalog copy; native-speaker review required.
Lab test master,Lab test master,ലാബ് ടെസ്റ്റ് മാസ്റ്റർ,,Pending,,New shared catalog copy; native-speaker review required.
Labels from,Labels from,ലേബലുകൾ ഇവിടെ നിന്ന്,,Pending,,New shared catalog copy; native-speaker review required.
Large reports are split into monthly chunks and processed on the server.,Large reports are split into monthly chunks and processed on the server.,വലിയ റിപ്പോർട്ടുകൾ പ്രതിമാസ ഭാഗങ്ങളായി വിഭജിച്ച് സെർവറിൽ പ്രോസസ്സ് ചെയ്യുന്നു.,,Pending,,New shared catalog copy; native-speaker review required.
Largest attachment (MB),Largest attachment (MB),ഏറ്റവും വലിയ അറ്റാച്ച്‌മെന്റ് (MB),,Pending,,New shared catalog copy; native-speaker review required.
Largest first,Largest first,ഏറ്റവും വലുത് ആദ്യം,,Pending,,New shared catalog copy; native-speaker review required.
Largest receivables,Largest receivables,ഏറ്റവും വലിയ റിസീവബിളുകൾ,,Pending,,New shared catalog copy; native-speaker review required.
Last 15 school days,Last 15 school days,അവസാന 15 സ്കൂൾ ദിവസങ്ങൾ,,Pending,,New shared catalog copy; native-speaker review required.
Last 20 school days,Last 20 school days,അവസാന 20 സ്കൂൾ ദിവസങ്ങൾ,,Pending,,New shared catalog copy; native-speaker review required.
Last name,Last name,അവസാന പേര്,,Pending,,New shared catalog copy; native-speaker review required.
Last refreshed,Last refreshed,അവസാനം പുതുക്കിയത്,,Pending,,New shared catalog copy; native-speaker review required.
Last run,Last run,അവസാന റൺ,,Pending,,New shared catalog copy; native-speaker review required.
Last visit,Last visit,അവസാന സന്ദർശനം,,Pending,,New shared catalog copy; native-speaker review required.
Late,Late,വൈകി,,Pending,,New shared catalog copy; native-speaker review required.
Latest payments,Latest payments,ഏറ്റവും പുതിയ പേയ്‌മെന്റുകൾ,,Pending,,New shared catalog copy; native-speaker review required.
Launch a question from the,Launch a question from the,ഇതിൽ നിന്ന് ഒരു ചോദ്യം ലോഞ്ച് ചെയ്യുക,,Pending,,New shared catalog copy; native-speaker review required.
Leaderboard,Leaderboard,ലീഡർബോർഡ്,,Pending,,New shared catalog copy; native-speaker review required.
Leadership view across all domains.,Leadership view across all domains.,എല്ലാ ഡൊമെയ്നുകളിലുമുള്ള ലീഡർഷിപ്പ് വ്യൂ.,,Pending,,New shared catalog copy; native-speaker review required.
Learning,Learning,ലേണിംഗ്,,Pending,,New shared catalog copy; native-speaker review required.
Leave,Leave,അവധി,,Pending,,New shared catalog copy; native-speaker review required.
Leave blank to auto-create a school address,Leave blank to auto-create a school address,സ്കൂൾ വിലാസം സ്വയമേവ സൃഷ്ടിക്കാൻ ശൂന്യമായി വിടുക,,Pending,,New shared catalog copy; native-speaker review required.
"Leave categories, entitlements and rules","Leave categories, entitlements and rules","അവധി വിഭാഗങ്ങൾ, അർഹതകൾ, നിയമങ്ങൾ",,Pending,,New shared catalog copy; native-speaker review required.
Leave request,Leave request,അവധി അപേക്ഷ,,Pending,,New shared catalog copy; native-speaker review required.
Leave requests,Leave requests,അവധി അപേക്ഷകൾ,,Pending,,New shared catalog copy; native-speaker review required.
Leave type,Leave type,അവധി തരം,,Pending,,New shared catalog copy; native-speaker review required.
Leave types,Leave types,അവധി തരങ്ങൾ,,Pending,,New shared catalog copy; native-speaker review required.
"Ledger, trial balance and revenue reporting.","Ledger, trial balance and revenue reporting.","ലെഡ്ജർ, ട്രയൽ ബാലൻസ്, വരുമാന റിപ്പോർട്ടിംഗ്.",,Pending,,New shared catalog copy; native-speaker review required.
"Legal details, defaults and preferences","Legal details, defaults and preferences","നിയമപരമായ വിശദാംശങ്ങൾ, ഡിഫോൾട്ടുകൾ, മുൻഗണനകൾ",,Pending,,New shared catalog copy; native-speaker review required.
Length of stay by department,Length of stay by department,ഡിപ്പാർട്ട്‌മെന്റ് അനുസരിച്ചുള്ള താമസ ദൈർഘ്യം,,Pending,,New shared catalog copy; native-speaker review required.
Library books,Library books,ലൈബ്രറി പുസ്തകങ്ങൾ,,Pending,,New shared catalog copy; native-speaker review required.
Library loans,Library loans,ലൈബ്രറി ലോണുകൾ,,Pending,,New shared catalog copy; native-speaker review required.
Library overdue,Library overdue,ലൈബ്രറി കാലാവധി കഴിഞ്ഞവ,,Pending,,New shared catalog copy; native-speaker review required.
Line,Line,ലൈൻ,,Pending,,New shared catalog copy; native-speaker review required.
Line chart of {series},Line chart of {series},{series} ന്റെ ലൈൻ ചാർട്ട്,,Pending,,New shared catalog copy; native-speaker review required.
Line note,Line note,ലൈൻ നോട്ട്,,Pending,,New shared catalog copy; native-speaker review required.
Lines,Lines,വരികൾ,,Pending,,New shared catalog copy; native-speaker review required.
List,List,ലിസ്റ്റ്,,Pending,,New shared catalog copy; native-speaker review required.
List and details side by side,List and details side by side,ലിസ്റ്റും വിശദാംശങ്ങളും അടുത്തടുത്ത്,,Pending,,New shared catalog copy; native-speaker review required.
List the reports you can pull,List the reports you can pull,നിങ്ങൾക്ക് ലഭ്യമാക്കാവുന്ന റിപ്പോർട്ടുകൾ പട്ടികപ്പെടുത്തുക,,Pending,,New shared catalog copy; native-speaker review required.
Live classes,Live classes,തത്സമയ ക്ലാസുകൾ,,Pending,,New shared catalog copy; native-speaker review required.
Live classroom,Live classroom,തത്സമയ ക്ലാസ്‌റൂം,,Pending,,New shared catalog copy; native-speaker review required.
Live now,Live now,ഇപ്പോൾ തത്സമയം,,Pending,,New shared catalog copy; native-speaker review required.
Live right now,Live right now,ഇപ്പോൾ തത്സമയം നടക്കുന്നു,,Pending,,New shared catalog copy; native-speaker review required.
Live sessions,Live sessions,തത്സമയ സെഷനുകൾ,,Pending,,New shared catalog copy; native-speaker review required.
Loading company details…,Loading company details…,കമ്പനി വിവരങ്ങൾ ലോഡ് ചെയ്യുന്നു…,,Pending,,New shared catalog copy; native-speaker review required.
Loading field values…,Loading field values…,ഫീൽഡ് മൂല്യങ്ങൾ ലോഡ് ചെയ്യുന്നു…,,Pending,,New shared catalog copy; native-speaker review required.
Loading options…,Loading options…,ഓപ്ഷനുകൾ ലോഡ് ചെയ്യുന്നു…,,Pending,,New shared catalog copy; native-speaker review required.
Loading record details…,Loading record details…,റെക്കോർഡ് വിവരങ്ങൾ ലോഡ് ചെയ്യുന്നു…,,Pending,,New shared catalog copy; native-speaker review required.
Loading run history…,Loading run history…,റൺ ചരിത്രം ലോഡ് ചെയ്യുന്നു…,,Pending,,New shared catalog copy; native-speaker review required.
Loading saved layout…,Loading saved layout…,സേവ് ചെയ്ത ലേഔട്ട് ലോഡ് ചെയ്യുന്നു…,,Pending,,New shared catalog copy; native-speaker review required.
Loading school data,Loading school data,സ്കൂൾ ഡാറ്റ ലോഡ് ചെയ്യുന്നു,,Pending,,New shared catalog copy; native-speaker review required.
Loads on first use,Loads on first use,ആദ്യ ഉപയോഗത്തിൽ ലോഡ് ചെയ്യുന്നു,,Pending,,New shared catalog copy; native-speaker review required.
Loan period,Loan period,ലോൺ കാലയളവ്,,Pending,,New shared catalog copy; native-speaker review required.
Location,Location,ലൊക്കേഷൻ,,Pending,,New shared catalog copy; native-speaker review required.
Long periods and large exports run here and can be emailed to you.,Long periods and large exports run here and can be emailed to you.,ദൈർഘ്യമേറിയ കാലയളവുകളും വലിയ എക്സ്പോർട്ടുകളും ഇവിടെ പ്രവർത്തിക്കുകയും നിങ്ങൾക്ക് ഇമെയിൽ ചെയ്യാൻ കഴിയുകയും ചെയ്യും.,,Pending,,New shared catalog copy; native-speaker review required.
Longest period (days),Longest period (days),ഏറ്റവും ദൈർഘ്യമേറിയ കാലയളവ് (ദിവസം),,Pending,,New shared catalog copy; native-speaker review required.
Longest period on screen (days),Longest period on screen (days),സ്ക്രീനിലെ ഏറ്റവും ദൈർഘ്യമേറിയ കാലയളവ് (ദിവസം),,Pending,,New shared catalog copy; native-speaker review required.
Lower all hands,Lower all hands,എല്ലാ കൈകളും താഴ്ത്തുക,,Pending,,New shared catalog copy; native-speaker review required.
Lowest attendance,Lowest attendance,ഏറ്റവും കുറഞ്ഞ ഹാജർ,,Pending,,New shared catalog copy; native-speaker review required.
Lumen Reports,Lumen Reports,Lumen Reports,,Pending,,New shared catalog copy; native-speaker review required.
MM/YY,MM/YY,MM/YY,,Pending,,New shared catalog copy; native-speaker review required.
MRN,MRN,മെഡിക്കൽ റെക്കോർഡ് നമ്പർ,,Pending,,New shared catalog copy; native-speaker review required.
Main campus,Main campus,പ്രധാന കാമ്പസ്,,Pending,,New shared catalog copy; native-speaker review required.
Maintenance requests,Maintenance requests,അറ്റകുറ്റപ്പണി അഭ്യർത്ഥനകൾ,,Pending,,New shared catalog copy; native-speaker review required.
Male,Male,പുരുഷൻ,,Pending,,New shared catalog copy; native-speaker review required.
Manage,Manage,നിയന്ത്രിക്കുക,,Pending,,New shared catalog copy; native-speaker review required.
Manage everyone's schedules,Manage everyone's schedules,എല്ലാവരുടെയും ഷെഡ്യൂളുകൾ കൈകാര്യം ചെയ്യുക,,Pending,,New shared catalog copy; native-speaker review required.
Manage roles and report access,Manage roles and report access,റോളുകളും റിപ്പോർട്ട് ആക്‌സസും കൈകാര്യം ചെയ്യുക,,Pending,,New shared catalog copy; native-speaker review required.
Manage schedules,Manage schedules,ഷെഡ്യൂളുകൾ നിയന്ത്രിക്കുക,,Pending,,New shared catalog copy; native-speaker review required.
"Manage the catalogue, circulation and fines.","Manage the catalogue, circulation and fines.","കാറ്റലോഗ്, സർക്കുലേഷൻ, പിഴകൾ എന്നിവ നിയന്ത്രിക്കുക.",,Pending,,New shared catalog copy; native-speaker review required.
Manage users,Manage users,ഉപയോക്താക്കളെ കൈകാര്യം ചെയ്യുക,,Pending,,New shared catalog copy; native-speaker review required.
Managed by the school,Managed by the school,സ്കൂൾ കൈകാര്യം ചെയ്യുന്നത്,,Pending,,New shared catalog copy; native-speaker review required.
Mark all present today,Mark all present today,ഇന്ന് എല്ലാവരെയും ഹാജരായി അടയാളപ്പെടുത്തുക,,Pending,,New shared catalog copy; native-speaker review required.
Mark as,Mark as,ഇങ്ങനെ അടയാളപ്പെടുത്തുക,,Pending,,New shared catalog copy; native-speaker review required.
Mark completed,Mark completed,പൂർത്തിയായതായി അടയാളപ്പെടുത്തുക,,Pending,,New shared catalog copy; native-speaker review required.
Mark list,Mark list,മാർക്ക് ലിസ്റ്റ്,,Pending,,New shared catalog copy; native-speaker review required.
Mark list & results,Mark list & results,മാർക്ക് ലിസ്റ്റും ഫലങ്ങളും,,Pending,,New shared catalog copy; native-speaker review required.
Mark lists,Mark lists,മാർക്ക് ലിസ്റ്റുകൾ,,Pending,,New shared catalog copy; native-speaker review required.
Mark on leave,Mark on leave,അവധിയിൽ എന്ന് അടയാളപ്പെടുത്തുക,,Pending,,New shared catalog copy; native-speaker review required.
Mark option {value0} correct,Mark option {value0} correct,ഓപ്ഷൻ {value0} ശരിയാണെന്ന് അടയാളപ്പെടുത്തുക,,Pending,,New shared catalog copy; native-speaker review required.
Mark returned,Mark returned,തിരികെ നൽകിയതായി അടയാളപ്പെടുത്തുക,,Pending,,New shared catalog copy; native-speaker review required.
Marked,Marked,അടയാളപ്പെടുത്തി,,Pending,,New shared catalog copy; native-speaker review required.
Marked as {value0},Marked as {value0},{value0} ആയി അടയാളപ്പെടുത്തി,,Pending,,New shared catalog copy; native-speaker review required.
Marks,Marks,മാർക്ക്,,Pending,,New shared catalog copy; native-speaker review required.
Marks entry,Marks entry,മാർക്ക് എൻട്രി,,Pending,,New shared catalog copy; native-speaker review required.
Marks must be between 0 and {value0},Marks must be between 0 and {value0},മാർക്ക് 0-നും {value0}-നും ഇടയിലായിരിക്കണം,,Pending,,New shared catalog copy; native-speaker review required.
Masked columns,Masked columns,മറച്ച കോളങ്ങൾ,,Pending,,New shared catalog copy; native-speaker review required.
"Masters, transactions and reports share one data model, so a customer created in the morning is on an invoice by lunch and in the aging report by close.","Masters, transactions and reports share one data model, so a customer created in the morning is on an invoice by lunch and in the aging report by close.","മാസ്റ്ററുകളും ഇടപാടുകളും റിപ്പോർട്ടുകളും ഒരേ ഡാറ്റ മോഡൽ പങ്കിടുന്നു, അതിനാൽ രാവിലെ സൃഷ്ടിച്ച ഒരു ഉപഭോക്താവ് ഉച്ചയോടെ ഒരു ഇൻവോയ്‌സിലും അടച്ചുപൂട്ടുന്നതോടെ ഏജിംഗ് റിപ്പോർട്ടിലും പ്രത്യക്ഷപ്പെടുന്നു.",,Pending,,New shared catalog copy; native-speaker review required.
Material cost,Material cost,മെറ്റീരിയൽ ചെലവ്,,Pending,,New shared catalog copy; native-speaker review required.
Material received against purchase orders,Material received against purchase orders,വാങ്ങൽ ഓർഡറുകൾക്കെതിരെ ലഭിച്ച മെറ്റീരിയൽ,,Pending,,New shared catalog copy; native-speaker review required.
Max,Max,പരമാവധി,,Pending,,New shared catalog copy; native-speaker review required.
Max marks,Max marks,പരമാവധി മാർക്ക്,,Pending,,New shared catalog copy; native-speaker review required.
Maximum,Maximum,കൂടിയത്,,Pending,,New shared catalog copy; native-speaker review required.
Mean score across exam subjects,Mean score across exam subjects,പരീക്ഷാ വിഷയങ്ങളിലെ ശരാശരി സ്കോർ,,Pending,,New shared catalog copy; native-speaker review required.
Measure,Measure,അളവ്,,Pending,,New shared catalog copy; native-speaker review required.
Medical conditions & notes,Medical conditions & notes,മെഡിക്കൽ അവസ്ഥകളും കുറിപ്പുകളും,,Pending,,New shared catalog copy; native-speaker review required.
Meeting rooms,Meeting rooms,മീറ്റിംഗ് മുറികൾ,,Pending,,New shared catalog copy; native-speaker review required.
Meetings,Meetings,മീറ്റിംഗുകൾ,,Pending,,New shared catalog copy; native-speaker review required.
Message,Message,സന്ദേശം,,Pending,,New shared catalog copy; native-speaker review required.
Message class teacher,Message class teacher,ക്ലാസ് ടീച്ചർക്ക് സന്ദേശം അയക്കുക,,Pending,,New shared catalog copy; native-speaker review required.
Message everyone,Message everyone,എല്ലാവർക്കും സന്ദേശം അയക്കുക,,Pending,,New shared catalog copy; native-speaker review required.
Message guardian,Message guardian,രക്ഷിതാവിന് സന്ദേശം അയക്കുക,,Pending,,New shared catalog copy; native-speaker review required.
Message not sent — {value0},Message not sent — {value0},സന്ദേശം അയച്ചില്ല — {value0},,Pending,,New shared catalog copy; native-speaker review required.
Message sent to {value0},Message sent to {value0},സന്ദേശം {value0}-ലേക്ക് അയച്ചു,,Pending,,New shared catalog copy; native-speaker review required.
Microphone,Microphone,മൈക്രോഫോൺ,,Pending,,New shared catalog copy; native-speaker review required.
Min,Min,കുറഞ്ഞത്,,Pending,,New shared catalog copy; native-speaker review required.
Min qty,Min qty,കുറഞ്ഞ അളവ്,,Pending,,New shared catalog copy; native-speaker review required.
Minimum,Minimum,കുറഞ്ഞത്,,Pending,,New shared catalog copy; native-speaker review required.
Minutes,Minutes,മിനിറ്റ്,,Pending,,New shared catalog copy; native-speaker review required.
Missing,Missing,കാണുന്നില്ല,,Pending,,New shared catalog copy; native-speaker review required.
Mobile,Mobile,മൊബൈൽ,,Pending,,New shared catalog copy; native-speaker review required.
Mode,Mode,മോഡ്,,Pending,,New shared catalog copy; native-speaker review required.
Monday,Monday,തിങ്കൾ,,Pending,,New shared catalog copy; native-speaker review required.
"Month-by-month net revenue, discounts and collections.","Month-by-month net revenue, discounts and collections.","മാസംതോറുമുള്ള അറ്റ വരുമാനം, കിഴിവുകൾ, പിരിവുകൾ.",,Pending,,New shared catalog copy; native-speaker review required.
Monthly CTC,Monthly CTC,പ്രതിമാസ CTC,,Pending,,New shared catalog copy; native-speaker review required.
Monthly depreciation across asset classes,Monthly depreciation across asset classes,അസറ്റ് ക്ലാസുകളിലെ പ്രതിമാസ മൂല്യത്തകർച്ച,,Pending,,New shared catalog copy; native-speaker review required.
Monthly diagnostic orders.,Monthly diagnostic orders.,പ്രതിമാസ ഡയഗ്നോസ്റ്റിക് ഓർഡറുകൾ.,,Pending,,New shared catalog copy; native-speaker review required.
Monthly gross,Monthly gross,പ്രതിമാസ മൊത്തം,,Pending,,New shared catalog copy; native-speaker review required.
Monthly no-show rate.,Monthly no-show rate.,പ്രതിമാസ നോ-ഷോ നിരക്ക്.,,Pending,,New shared catalog copy; native-speaker review required.
Monthly occupied and available bed-days with occupancy rate.,Monthly occupied and available bed-days with occupancy rate.,"ഒക്യുപൻസി നിരക്കോടുകൂടിയ പ്രതിമാസ ഒക്യുപൈഡ്, ലഭ്യമായ ബെഡ്-ദിനങ്ങൾ.",,Pending,,New shared catalog copy; native-speaker review required.
Monthly revenue trend,Monthly revenue trend,പ്രതിമാസ വരുമാന ട്രെൻഡ്,,Pending,,New shared catalog copy; native-speaker review required.
Monthly salary ({value0}),Monthly salary ({value0}),മാസ ശമ്പളം ({value0}),,Pending,,New shared catalog copy; native-speaker review required.
Monthly sales and purchases for the last twelve months,Monthly sales and purchases for the last twelve months,കഴിഞ്ഞ പന്ത്രണ്ട് മാസത്തെ പ്രതിമാസ വിൽപ്പനയും വാങ്ങലും,,Pending,,New shared catalog copy; native-speaker review required.
"Monthly scenario targets alongside actuals, including future months.","Monthly scenario targets alongside actuals, including future months.",ഭാവി മാസങ്ങൾ ഉൾപ്പെടെ യഥാർത്ഥ കണക്കുകൾക്കൊപ്പമുള്ള പ്രതിമാസ സാഹചര്യ ലക്ഷ്യങ്ങൾ.,,Pending,,New shared catalog copy; native-speaker review required.
More actions,More actions,കൂടുതൽ പ്രവർത്തനങ്ങൾ,,Pending,,New shared catalog copy; native-speaker review required.
Most borrowed,Most borrowed,ഏറ്റവും കൂടുതൽ കടം വാങ്ങിയത്,,Pending,,New shared catalog copy; native-speaker review required.
Most of the class has answered — pick one!,Most of the class has answered — pick one!,ക്ലാസിലെ ഭൂരിഭാഗം പേരും ഉത്തരം നൽകി — ഒന്ന് തിരഞ്ഞെടുക്കുക!,,Pending,,New shared catalog copy; native-speaker review required.
Most rows,Most rows,ഏറ്റവും കൂടുതൽ വരികൾ,,Pending,,New shared catalog copy; native-speaker review required.
Most rows on screen,Most rows on screen,സ്ക്രീനിലെ ഏറ്റവും കൂടുതൽ വരികൾ,,Pending,,New shared catalog copy; native-speaker review required.
Most rows per API page,Most rows per API page,ഓരോ API പേജിലും ഏറ്റവും കൂടുതൽ വരികൾ,,Pending,,New shared catalog copy; native-speaker review required.
Move back,Move back,പിന്നിലേക്ക് നീക്കുക,,Pending,,New shared catalog copy; native-speaker review required.
Move earlier,Move earlier,നേരത്തേക്ക് നീക്കുക,,Pending,,New shared catalog copy; native-speaker review required.
Move forward,Move forward,മുന്നോട്ട് നീക്കുക,,Pending,,New shared catalog copy; native-speaker review required.
Move later,Move later,പിന്നീട്ടേക്ക് നീക്കുക,,Pending,,New shared catalog copy; native-speaker review required.
Move or delete the {value0} items under {value1} first,Move or delete the {value0} items under {value1} first,ആദ്യം {value1}-ന് കീഴിലുള്ള {value0} ഇനങ്ങൾ നീക്കുകയോ ഇല്ലാതാക്കുകയോ ചെയ്യുക,,Pending,,New shared catalog copy; native-speaker review required.
Move to,Move to,ഇവിടേക്ക് നീക്കുക,,Pending,,New shared catalog copy; native-speaker review required.
Move {label} down,Move {label} down,{label} താഴേക്ക് നീക്കുക,,Pending,,New shared catalog copy; native-speaker review required.
Move {label} up,Move {label} up,{label} മുകളിലേക്ക് നീക്കുക,,Pending,,New shared catalog copy; native-speaker review required.
Mute,Mute,മ്യൂട്ട് ചെയ്യുക,,Pending,,New shared catalog copy; native-speaker review required.
Mute all,Mute all,എല്ലാവരെയും മ്യൂട്ട് ചെയ്യുക,,Pending,,New shared catalog copy; native-speaker review required.
My books,My books,എന്റെ പുസ്തകങ്ങൾ,,Pending,,New shared catalog copy; native-speaker review required.
My classes,My classes,എന്റെ ക്ലാസുകൾ,,Pending,,New shared catalog copy; native-speaker review required.
My duties,My duties,എന്റെ ചുമതലകൾ,,Pending,,New shared catalog copy; native-speaker review required.
My reports,My reports,എന്റെ റിപ്പോർട്ടുകൾ,,Pending,,New shared catalog copy; native-speaker review required.
N/A,N/A,ബാധകമല്ല,,Pending,,New shared catalog copy; native-speaker review required.
NOW,NOW,ഇപ്പോൾ,,Pending,,New shared catalog copy; native-speaker review required.
Name and city,Name and city,പേരും നഗരവും,,Pending,,New shared catalog copy; native-speaker review required.
Name on card,Name on card,കാർഡിലെ പേര്,,Pending,,New shared catalog copy; native-speaker review required.
Narration,Narration,വിവരണം,,Pending,,New shared catalog copy; native-speaker review required.
Narrow the list by any column,Narrow the list by any column,ഏതെങ്കിലും കോളം ഉപയോഗിച്ച് പട്ടിക പരിമിതപ്പെടുത്തുക,,Pending,,New shared catalog copy; native-speaker review required.
Nationality,Nationality,ദേശീയത,,Pending,,New shared catalog copy; native-speaker review required.
Nature,Nature,സ്വഭാവം,,Pending,,New shared catalog copy; native-speaker review required.
Near-expiry stock,Near-expiry stock,കാലാവധി തീരാറായ സ്റ്റോക്ക്,,Pending,,New shared catalog copy; native-speaker review required.
Needs,Needs,ആവശ്യങ്ങൾ,,Pending,,New shared catalog copy; native-speaker review required.
Needs attention,Needs attention,ശ്രദ്ധ ആവശ്യമാണ്,,Pending,,New shared catalog copy; native-speaker review required.
Needs grading,Needs grading,ഗ്രേഡിംഗ് ആവശ്യമാണ്,,Pending,,New shared catalog copy; native-speaker review required.
Needs review,Needs review,അവലോകനം ആവശ്യമാണ്,,Pending,,New shared catalog copy; native-speaker review required.
Net,Net,അറ്റം,,Pending,,New shared catalog copy; native-speaker review required.
Net (credit - debit),Net (credit - debit),നെറ്റ് (ക്രെഡിറ്റ് - ഡെബിറ്റ്),,Pending,,New shared catalog copy; native-speaker review required.
Net balance,Net balance,മൊത്തം ബാക്കി,,Pending,,New shared catalog copy; native-speaker review required.
"Net income and expense by account, the basis of a profit and loss view.","Net income and expense by account, the basis of a profit and loss view.","അക്കൗണ്ട് പ്രകാരമുള്ള അറ്റ വരുമാനവും ചെലവും, ലാഭനഷ്ട വീക്ഷണത്തിന്റെ അടിസ്ഥാനം.",,Pending,,New shared catalog copy; native-speaker review required.
Net pay,Net pay,അറ്റ ശമ്പളം,,Pending,,New shared catalog copy; native-speaker review required.
Net revenue,Net revenue,അറ്റ വരുമാനം,,Pending,,New shared catalog copy; native-speaker review required.
Net revenue and collections for each day in the period.,Net revenue and collections for each day in the period.,കാലയളവിലെ ഓരോ ദിവസത്തെയും അറ്റ വരുമാനവും പിരിവും.,,Pending,,New shared catalog copy; native-speaker review required.
New admission application,New admission application,പുതിയ അഡ്മിഷൻ അപേക്ഷ,,Pending,,New shared catalog copy; native-speaker review required.
New application,New application,പുതിയ അപേക്ഷ,,Pending,,New shared catalog copy; native-speaker review required.
New assignment,New assignment,പുതിയ അസൈൻമെന്റ്,,Pending,,New shared catalog copy; native-speaker review required.
New calculation,New calculation,പുതിയ കണക്കുകൂട്ടൽ,,Pending,,New shared catalog copy; native-speaker review required.
New dashboard,New dashboard,പുതിയ ഡാഷ്ബോർഡ്,,Pending,,New shared catalog copy; native-speaker review required.
New inspection,New inspection,പുതിയ പരിശോധന,,Pending,,New shared catalog copy; native-speaker review required.
New message,New message,പുതിയ സന്ദേശം,,Pending,,New shared catalog copy; native-speaker review required.
New page,New page,പുതിയ പേജ്,,Pending,,New shared catalog copy; native-speaker review required.
New password,New password,പുതിയ പാസ്‌വേഡ്,,Pending,,New shared catalog copy; native-speaker review required.
New question,New question,പുതിയ ചോദ്യം,,Pending,,New shared catalog copy; native-speaker review required.
New report,New report,പുതിയ റിപ്പോർട്ട്,,Pending,,New shared catalog copy; native-speaker review required.
New role,New role,പുതിയ റോൾ,,Pending,,New shared catalog copy; native-speaker review required.
New schedule,New schedule,പുതിയ ഷെഡ്യൂൾ,,Pending,,New shared catalog copy; native-speaker review required.
New student,New student,പുതിയ വിദ്യാർത്ഥി,,Pending,,New shared catalog copy; native-speaker review required.
New teacher,New teacher,പുതിയ അധ്യാപകൻ,,Pending,,New shared catalog copy; native-speaker review required.
New top-level item,New top-level item,പുതിയ ടോപ്പ്-ലെവൽ ഇനം,,Pending,,New shared catalog copy; native-speaker review required.
New {type},New {type},പുതിയ {type},,Pending,,New shared catalog copy; native-speaker review required.
New {value0},New {value0},പുതിയ {value0},,Pending,,New shared catalog copy; native-speaker review required.
Next day,Next day,അടുത്ത ദിവസം,,Pending,,New shared catalog copy; native-speaker review required.
Next due,Next due,അടുത്ത ഡ്യൂ,,Pending,,New shared catalog copy; native-speaker review required.
Next month,Next month,അടുത്ത മാസം,,Pending,,New shared catalog copy; native-speaker review required.
Next number,Next number,അടുത്ത നമ്പർ,,Pending,,New shared catalog copy; native-speaker review required.
Next paper,Next paper,അടുത്ത പേപ്പർ,,Pending,,New shared catalog copy; native-speaker review required.
Next period,Next period,അടുത്ത കാലയളവ്,,Pending,,New shared catalog copy; native-speaker review required.
Next question,Next question,അടുത്ത ചോദ്യം,,Pending,,New shared catalog copy; native-speaker review required.
Next record,Next record,അടുത്ത റെക്കോർഡ്,,Pending,,New shared catalog copy; native-speaker review required.
Next run {next}. Last run {last},Next run {next}. Last run {last},അടുത്ത റൺ {next}. അവസാന റൺ {last},,Pending,,New shared catalog copy; native-speaker review required.
Next run {when},Next run {when},അടുത്ത റൺ {when},,Pending,,New shared catalog copy; native-speaker review required.
No,No,ഇല്ല,,Pending,,New shared catalog copy; native-speaker review required.
No active schedules,No active schedules,സജീവ ഷെഡ്യൂളുകളൊന്നുമില്ല,,Pending,,New shared catalog copy; native-speaker review required.
No activity recorded for this record yet.,No activity recorded for this record yet.,ഈ റെക്കോർഡിന് ഇതുവരെ പ്രവർത്തനങ്ങളൊന്നും രേഖപ്പെടുത്തിയിട്ടില്ല.,,Pending,,New shared catalog copy; native-speaker review required.
No background reports,No background reports,ബാക്ക്ഗ്രൗണ്ട് റിപ്പോർട്ടുകളൊന്നുമില്ല,,Pending,,New shared catalog copy; native-speaker review required.
No background reports yet,No background reports yet,ഇതുവരെ ബാക്ക്ഗ്രൗണ്ട് റിപ്പോർട്ടുകളൊന്നുമില്ല,,Pending,,New shared catalog copy; native-speaker review required.
No bank questions for this subject yet.,No bank questions for this subject yet.,ഈ വിഷയത്തിന് ഇതുവരെ ബാങ്ക് ചോദ്യങ്ങളൊന്നുമില്ല.,,Pending,,New shared catalog copy; native-speaker review required.
No books match,No books match,പൊരുത്തപ്പെടുന്ന പുസ്തകങ്ങളൊന്നുമില്ല,,Pending,,New shared catalog copy; native-speaker review required.
No books on loan,No books on loan,കടം നൽകിയ പുസ്തകങ്ങളൊന്നുമില്ല,,Pending,,New shared catalog copy; native-speaker review required.
No chart,No chart,ചാർട്ട് ഇല്ല,,Pending,,New shared catalog copy; native-speaker review required.
No class teacher,No class teacher,ക്ലാസ് ടീച്ചർ ഇല്ല,,Pending,,New shared catalog copy; native-speaker review required.
No completed assessments yet.,No completed assessments yet.,ഇതുവരെ പൂർത്തിയായ വിലയിരുത്തലുകളൊന്നുമില്ല.,,Pending,,New shared catalog copy; native-speaker review required.
No conversations,No conversations,സംഭാഷണങ്ങളൊന്നുമില്ല,,Pending,,New shared catalog copy; native-speaker review required.
No custom reports yet,No custom reports yet,ഇതുവരെ കസ്റ്റം റിപ്പോർട്ടുകളൊന്നുമില്ല,,Pending,,New shared catalog copy; native-speaker review required.
No dashboards shared with you yet,No dashboards shared with you yet,ഇതുവരെ നിങ്ങളുമായി ഡാഷ്ബോർഡുകളൊന്നും പങ്കിട്ടിട്ടില്ല,,Pending,,New shared catalog copy; native-speaker review required.
No data to chart for this period.,No data to chart for this period.,ഈ കാലയളവിലേക്ക് ചാർട്ട് ചെയ്യാൻ ഡാറ്റയൊന്നുമില്ല.,,Pending,,New shared catalog copy; native-speaker review required.
No default sort,No default sort,ഡിഫോൾട്ട് സോർട്ട് ഇല്ല,,Pending,,New shared catalog copy; native-speaker review required.
No documents are stored for this record.,No documents are stored for this record.,ഈ റെക്കോർഡിന് രേഖകളൊന്നും സൂക്ഷിച്ചിട്ടില്ല.,,Pending,,New shared catalog copy; native-speaker review required.
No email requests yet,No email requests yet,ഇതുവരെ ഇമെയിൽ അഭ്യർത്ഥനകളൊന്നുമില്ല,,Pending,,New shared catalog copy; native-speaker review required.
No emails yet,No emails yet,ഇതുവരെ ഇമെയിലുകളൊന്നുമില്ല,,Pending,,New shared catalog copy; native-speaker review required.
No entries in this period,No entries in this period,ഈ കാലയളവിൽ എൻട്രികളൊന്നുമില്ല,,Pending,,New shared catalog copy; native-speaker review required.
No entries match.,No entries match.,പൊരുത്തപ്പെടുന്ന എൻട്രികളൊന്നുമില്ല.,,Pending,,New shared catalog copy; native-speaker review required.
No favorites yet,No favorites yet,ഇതുവരെ പ്രിയപ്പെട്ടവയൊന്നുമില്ല,,Pending,,New shared catalog copy; native-speaker review required.
No grouping,No grouping,ഗ്രൂപ്പിംഗ് ഇല്ല,,Pending,,New shared catalog copy; native-speaker review required.
No keys yet,No keys yet,ഇതുവരെ കീകളൊന്നുമില്ല,,Pending,,New shared catalog copy; native-speaker review required.
No lines yet.,No lines yet.,ഇതുവരെ വരികളൊന്നുമില്ല.,,Pending,,New shared catalog copy; native-speaker review required.
No mandatory fields. Fill what you know.,No mandatory fields. Fill what you know.,നിർബന്ധിത ഫീൽഡുകളൊന്നുമില്ല. അറിയാവുന്നത് പൂരിപ്പിക്കുക.,,Pending,,New shared catalog copy; native-speaker review required.
No matching records,No matching records,പൊരുത്തപ്പെടുന്ന റെക്കോർഡുകളൊന്നുമില്ല,,Pending,,New shared catalog copy; native-speaker review required.
No notices,No notices,അറിയിപ്പുകളൊന്നുമില്ല,,Pending,,New shared catalog copy; native-speaker review required.
No overtime,No overtime,ഓവർടൈം ഇല്ല,,Pending,,New shared catalog copy; native-speaker review required.
No periods scheduled,No periods scheduled,കാലയളവുകളൊന്നും ഷെഡ്യൂൾ ചെയ്തിട്ടില്ല,,Pending,,New shared catalog copy; native-speaker review required.
No poll yet. Your teacher will launch one during the class.,No poll yet. Your teacher will launch one during the class.,ഇതുവരെ പോൾ ഇല്ല. ക്ലാസിനിടയിൽ നിങ്ങളുടെ അധ്യാപകൻ ഒന്ന് ആരംഭിക്കും.,,Pending,,New shared catalog copy; native-speaker review required.
No quizzes match,No quizzes match,പൊരുത്തപ്പെടുന്ന ക്വിസുകളൊന്നുമില്ല,,Pending,,New shared catalog copy; native-speaker review required.
No recording,No recording,റെക്കോർഡിംഗ് ഇല്ല,,Pending,,New shared catalog copy; native-speaker review required.
No reports match,No reports match,പൊരുത്തപ്പെടുന്ന റിപ്പോർട്ടുകളൊന്നുമില്ല,,Pending,,New shared catalog copy; native-speaker review required.
No schedules yet,No schedules yet,ഇതുവരെ ഷെഡ്യൂളുകളൊന്നുമില്ല,,Pending,,New shared catalog copy; native-speaker review required.
No school on weekends. Pick a weekday.,No school on weekends. Pick a weekday.,വാരാന്ത്യങ്ങളിൽ സ്കൂൾ ഇല്ല. ഒരു പ്രവൃത്തി ദിവസം തിരഞ്ഞെടുക്കുക.,,Pending,,New shared catalog copy; native-speaker review required.
No show,No show,ഹാജരാകാതിരിക്കൽ,,Pending,,New shared catalog copy; native-speaker review required.
No teacher (self study),No teacher (self study),അധ്യാപകനില്ല (സ്വയം പഠനം),,Pending,,New shared catalog copy; native-speaker review required.
No work received,No work received,ജോലി ലഭിച്ചിട്ടില്ല,,Pending,,New shared catalog copy; native-speaker review required.
No-show rate,No-show rate,നോ-ഷോ നിരക്ക്,,Pending,,New shared catalog copy; native-speaker review required.
No-show trend,No-show trend,നോ-ഷോ ട്രെൻഡ്,,Pending,,New shared catalog copy; native-speaker review required.
No-shows,No-shows,ഹാജരാകാത്തവർ,,Pending,,New shared catalog copy; native-speaker review required.
Not a class teacher,Not a class teacher,ക്ലാസ് ടീച്ചർ അല്ല,,Pending,,New shared catalog copy; native-speaker review required.
Not answered,Not answered,ഉത്തരം നൽകിയിട്ടില്ല,,Pending,,New shared catalog copy; native-speaker review required.
Not published,Not published,പ്രസിദ്ധീകരിച്ചിട്ടില്ല,,Pending,,New shared catalog copy; native-speaker review required.
Not started,Not started,ആരംഭിച്ചിട്ടില്ല,,Pending,,New shared catalog copy; native-speaker review required.
Not submitted,Not submitted,സമർപ്പിച്ചിട്ടില്ല,,Pending,,New shared catalog copy; native-speaker review required.
Not submitted yet,Not submitted yet,ഇതുവരെ സമർപ്പിച്ചിട്ടില്ല,,Pending,,New shared catalog copy; native-speaker review required.
Note to requester,Note to requester,അഭ്യർത്ഥിച്ചയാൾക്കുള്ള കുറിപ്പ്,,Pending,,New shared catalog copy; native-speaker review required.
Note to the requester (optional),Note to the requester (optional),അഭ്യർത്ഥിച്ചയാൾക്കുള്ള കുറിപ്പ് (ഓപ്ഷണൽ),,Pending,,New shared catalog copy; native-speaker review required.
Nothing changed yet.,Nothing changed yet.,ഇതുവരെ ഒന്നും മാറിയിട്ടില്ല.,,Pending,,New shared catalog copy; native-speaker review required.
Nothing else booked. Click any free slot to add one.,Nothing else booked. Click any free slot to add one.,മറ്റൊന്നും ബുക്ക് ചെയ്തിട്ടില്ല. ഒന്ന് ചേർക്കാൻ ഏതെങ്കിലും ഒഴിഞ്ഞ സ്ലോട്ടിൽ ക്ലിക്ക് ചെയ്യുക.,,Pending,,New shared catalog copy; native-speaker review required.
Nothing else booked. Every slot is free.,Nothing else booked. Every slot is free.,മറ്റൊന്നും ബുക്ക് ചെയ്തിട്ടില്ല. എല്ലാ സ്ലോട്ടുകളും ഒഴിഞ്ഞതാണ്.,,Pending,,New shared catalog copy; native-speaker review required.
Nothing else pending from,Nothing else pending from,നിന്ന് മറ്റൊന്നും തീർപ്പാക്കാനില്ല,,Pending,,New shared catalog copy; native-speaker review required.
Nothing has run in this session yet.,Nothing has run in this session yet.,ഈ സെഷനിൽ ഇതുവരെ ഒന്നും പ്രവർത്തിച്ചിട്ടില്ല.,,Pending,,New shared catalog copy; native-speaker review required.
Nothing in the tree matches “,Nothing in the tree matches “,ട്രീയിൽ ഒന്നും പൊരുത്തപ്പെടുന്നില്ല “,,Pending,,New shared catalog copy; native-speaker review required.
Nothing matches “,Nothing matches “,ഒന്നും പൊരുത്തപ്പെടുന്നില്ല “,,Pending,,New shared catalog copy; native-speaker review required.
Nothing matches “{q}”. Reports you cannot access are not listed.,Nothing matches “{q}”. Reports you cannot access are not listed.,“{q}” എന്നതുമായി ഒന്നും പൊരുത്തപ്പെടുന്നില്ല. നിങ്ങൾക്ക് ആക്സസ് ചെയ്യാൻ കഴിയാത്ത റിപ്പോർട്ടുകൾ പട്ടികപ്പെടുത്തിയിട്ടില്ല.,,Pending,,New shared catalog copy; native-speaker review required.
Nothing run yet,Nothing run yet,ഇതുവരെ ഒന്നും പ്രവർത്തിച്ചിട്ടില്ല,,Pending,,New shared catalog copy; native-speaker review required.
Nothing scheduled,Nothing scheduled,ഒന്നും ഷെഡ്യൂൾ ചെയ്തിട്ടില്ല,,Pending,,New shared catalog copy; native-speaker review required.
Nothing scheduled.,Nothing scheduled.,ഒന്നും ഷെഡ്യൂൾ ചെയ്തിട്ടില്ല.,,Pending,,New shared catalog copy; native-speaker review required.
Nothing sits under this item yet.,Nothing sits under this item yet.,ഈ ഇനത്തിന് കീഴിൽ ഇതുവരെ ഒന്നുമില്ല.,,Pending,,New shared catalog copy; native-speaker review required.
Notice board,Notice board,നോട്ടീസ് ബോർഡ്,,Pending,,New shared catalog copy; native-speaker review required.
Notice posted to {value0},Notice posted to {value0},അറിയിപ്പ് {value0}-ലേക്ക് പോസ്റ്റ് ചെയ്തു,,Pending,,New shared catalog copy; native-speaker review required.
Notice:,Notice:,അറിയിപ്പ്:,,Pending,,New shared catalog copy; native-speaker review required.
Notices,Notices,അറിയിപ്പുകൾ,,Pending,,New shared catalog copy; native-speaker review required.
Notification settings,Notification settings,അറിയിപ്പ് സെറ്റിംഗുകൾ,,Pending,,New shared catalog copy; native-speaker review required.
Now,Now,ഇപ്പോൾ,,Pending,,New shared catalog copy; native-speaker review required.
Number and currency display on screen follows each person's preferences. Currency here labels exported files.,Number and currency display on screen follows each person's preferences. Currency here labels exported files.,സ്ക്രീനിലെ നമ്പറും കറൻസി പ്രദർശനവും ഓരോ വ്യക്തിയുടെയും മുൻഗണനകൾ പിന്തുടരുന്നു. ഇവിടെയുള്ള കറൻസി എക്സ്പോർട്ട് ചെയ്ത ഫയലുകളെ ലേബൽ ചെയ്യുന്നു.,,Pending,,New shared catalog copy; native-speaker review required.
Number assigned on save,Number assigned on save,സേവ് ചെയ്യുമ്പോൾ നമ്പർ നൽകപ്പെടും,,Pending,,New shared catalog copy; native-speaker review required.
Number format locale,Number format locale,നമ്പർ ഫോർമാറ്റ് ലൊക്കേൽ,,Pending,,New shared catalog copy; native-speaker review required.
Number is assigned when you save,Number is assigned when you save,സേവ് ചെയ്യുമ്പോൾ നമ്പർ നൽകപ്പെടുന്നു,,Pending,,New shared catalog copy; native-speaker review required.
Number series,Number series,നമ്പർ സീരീസ്,,Pending,,New shared catalog copy; native-speaker review required.
Number to show,Number to show,കാണിക്കേണ്ട എണ്ണം,,Pending,,New shared catalog copy; native-speaker review required.
OP visits,OP visits,OP സന്ദർശനങ്ങൾ,,Pending,,New shared catalog copy; native-speaker review required.
"OP visits, ED visits, admissions and discharges.","OP visits, ED visits, admissions and discharges.","OP സന്ദർശനങ്ങൾ, ED സന്ദർശനങ്ങൾ, അഡ്മിഷനുകൾ, ഡിസ്ചാർജുകൾ.",,Pending,,New shared catalog copy; native-speaker review required.
OPD days,OPD days,OPD ദിവസങ്ങൾ,,Pending,,New shared catalog copy; native-speaker review required.
Observe,Observe,നിരീക്ഷിക്കുക,,Pending,,New shared catalog copy; native-speaker review required.
Observed,Observed,നിരീക്ഷിച്ചു,,Pending,,New shared catalog copy; native-speaker review required.
Occupancy,Occupancy,ഒക്യുപൻസി നിരക്ക്,,Pending,,New shared catalog copy; native-speaker review required.
Occupancy by month,Occupancy by month,മാസം അനുസരിച്ചുള്ള ഒക്യുപൻസി,,Pending,,New shared catalog copy; native-speaker review required.
Occupation,Occupation,തൊഴിൽ,,Pending,,New shared catalog copy; native-speaker review required.
Occupied bed-days,Occupied bed-days,ഉപയോഗിച്ച ബെഡ്-ദിനങ്ങൾ,,Pending,,New shared catalog copy; native-speaker review required.
Odometer (km),Odometer (km),ഒഡോമീറ്റർ (കി.മീ),,Pending,,New shared catalog copy; native-speaker review required.
On leave,On leave,അവധിയിൽ,,Pending,,New shared catalog copy; native-speaker review required.
On loan,On loan,കടമായി നൽകിയത്,,Pending,,New shared catalog copy; native-speaker review required.
"On registration an admission number is issued, the guardian receives a parent-portal invite and a Term 2 fee invoice is generated.","On registration an admission number is issued, the guardian receives a parent-portal invite and a Term 2 fee invoice is generated.","രജിസ്ട്രേഷനിൽ ഒരു അഡ്മിഷൻ നമ്പർ നൽകുന്നു, രക്ഷിതാവിന് പേരന്റ്-പോർട്ടൽ ക്ഷണം ലഭിക്കുന്നു, കൂടാതെ ടേം 2 ഫീസ് ഇൻവോയ്‌സ് സൃഷ്ടിക്കപ്പെടുന്നു.",,Pending,,New shared catalog copy; native-speaker review required.
On the shelf,On the shelf,ഷെൽഫിൽ,,Pending,,New shared catalog copy; native-speaker review required.
On-screen limit {days} days,On-screen limit {days} days,ഓൺ-സ്ക്രീൻ പരിധി {days} ദിവസം,,Pending,,New shared catalog copy; native-speaker review required.
On-screen limits,On-screen limits,ഓൺ-സ്ക്രീൻ പരിധികൾ,,Pending,,New shared catalog copy; native-speaker review required.
On-screen limits for custom reports follow the global rules in Settings and rules.,On-screen limits for custom reports follow the global rules in Settings and rules.,കസ്റ്റം റിപ്പോർട്ടുകൾക്കുള്ള ഓൺ-സ്ക്രീൻ പരിധികൾ ക്രമീകരണങ്ങളും നിയമങ്ങളും എന്നതിലെ ആഗോള നിയമങ്ങൾ പിന്തുടരുന്നു.,,Pending,,New shared catalog copy; native-speaker review required.
"One per person at a time, for fairness.","One per person at a time, for fairness.","നീതിക്കുവേണ്ടി, ഒരു സമയത്ത് ഒരാൾക്ക് ഒന്ന്.",,Pending,,New shared catalog copy; native-speaker review required.
Online lessons use the same bell schedule. Join from the live classes page when your teacher starts the session.,Online lessons use the same bell schedule. Join from the live classes page when your teacher starts the session.,ഓൺലൈൻ പാഠങ്ങൾ അതേ ബെൽ ഷെഡ്യൂൾ ഉപയോഗിക്കുന്നു. നിങ്ങളുടെ അധ്യാപകൻ സെഷൻ ആരംഭിക്കുമ്പോൾ ലൈവ് ക്ലാസുകൾ പേജിൽ നിന്ന് ചേരുക.,,Pending,,New shared catalog copy; native-speaker review required.
Only approved datasets are available. Sensitive fields stay masked for roles that cannot see them.,Only approved datasets are available. Sensitive fields stay masked for roles that cannot see them.,അംഗീകൃത ഡാറ്റാസെറ്റുകൾ മാത്രമേ ലഭ്യമാകൂ. കാണാൻ കഴിയാത്ത റോളുകൾക്ക് സെൻസിറ്റീവ് ഫീൽഡുകൾ മറച്ചുവെച്ചിരിക്കും.,,Pending,,New shared catalog copy; native-speaker review required.
Only me,Only me,ഞാൻ മാത്രം,,Pending,,New shared catalog copy; native-speaker review required.
Only reports your role may schedule are listed.,Only reports your role may schedule are listed.,നിങ്ങളുടെ റോളിന് ഷെഡ്യൂൾ ചെയ്യാൻ കഴിയുന്ന റിപ്പോർട്ടുകൾ മാത്രമേ പട്ടികപ്പെടുത്തിയിട്ടുള്ളൂ.,,Pending,,New shared catalog copy; native-speaker review required.
Only transparent pencil cases and approved calculators.,Only transparent pencil cases and approved calculators.,സുതാര്യമായ പെൻസിൽ കെയ്‌സുകളും അംഗീകൃത കാൽക്കുലേറ്ററുകളും മാത്രം.,,Pending,,New shared catalog copy; native-speaker review required.
Open My reports,Open My reports,എന്റെ റിപ്പോർട്ടുകൾ തുറക്കുക,,Pending,,New shared catalog copy; native-speaker review required.
"Open a report and choose Schedule to have it emailed daily, weekly or monthly.","Open a report and choose Schedule to have it emailed daily, weekly or monthly.",ഒരു റിപ്പോർട്ട് തുറന്ന് ദിവസേനയോ ആഴ്ചതോറുമോ മാസംതോറുമോ ഇമെയിൽ ചെയ്യാൻ ഷെഡ്യൂൾ തിരഞ്ഞെടുക്കുക.,,Pending,,New shared catalog copy; native-speaker review required.
Open fees,Open fees,തുറന്ന ഫീസ്,,Pending,,New shared catalog copy; native-speaker review required.
Open inbox,Open inbox,ഇൻബോക്സ് തുറക്കുക,,Pending,,New shared catalog copy; native-speaker review required.
Open report,Open report,റിപ്പോർട്ട് തുറക്കുക,,Pending,,New shared catalog copy; native-speaker review required.
Open report library,Open report library,റിപ്പോർട്ട് ലൈബ്രറി തുറക്കുക,,Pending,,New shared catalog copy; native-speaker review required.
Open schedule,Open schedule,ഷെഡ്യൂൾ തുറക്കുക,,Pending,,New shared catalog copy; native-speaker review required.
Open tickets,Open tickets,തുറന്ന ടിക്കറ്റുകൾ,,Pending,,New shared catalog copy; native-speaker review required.
Open {value0},Open {value0},{value0} തുറക്കുക,,Pending,,New shared catalog copy; native-speaker review required.
Open-ended,Open-ended,തുറന്ന ചോദ്യം,,Pending,,New shared catalog copy; native-speaker review required.
Opened,Opened,തുറന്നു,,Pending,,New shared catalog copy; native-speaker review required.
Opening,Opening,ആരംഭം,,Pending,,New shared catalog copy; native-speaker review required.
Opening balance,Opening balance,ആരംഭ ബാലൻസ്,,Pending,,New shared catalog copy; native-speaker review required.
Opening your portal,Opening your portal,നിങ്ങളുടെ പോർട്ടൽ തുറക്കുന്നു,,Pending,,New shared catalog copy; native-speaker review required.
"Opening, movement and closing stock by item","Opening, movement and closing stock by item","ഇനം അനുസരിച്ചുള്ള ആരംഭ, ചലന, അവസാന സ്റ്റോക്ക്",,Pending,,New shared catalog copy; native-speaker review required.
Opens {value0},Opens {value0},{value0} തുറക്കുന്നു,,Pending,,New shared catalog copy; native-speaker review required.
Option {value0},Option {value0},ഓപ്ഷൻ {value0},,Pending,,New shared catalog copy; native-speaker review required.
"Optional, for multi-day events","Optional, for multi-day events","ഓപ്ഷണൽ, ഒന്നിലധികം ദിവസത്തെ ഇവന്റുകൾക്ക്",,Pending,,New shared catalog copy; native-speaker review required.
Optional. Sent with your decision.,Optional. Sent with your decision.,ഓപ്ഷണൽ. നിങ്ങളുടെ തീരുമാനത്തോടൊപ്പം അയക്കുന്നു.,,Pending,,New shared catalog copy; native-speaker review required.
Options · click the letter to mark the correct answer,Options · click the letter to mark the correct answer,ഓപ്ഷനുകൾ · ശരിയായ ഉത്തരം അടയാളപ്പെടുത്താൻ അക്ഷരത്തിൽ ക്ലിക്ക് ചെയ്യുക,,Pending,,New shared catalog copy; native-speaker review required.
Order ref.,Order ref.,ഓർഡർ റഫറൻസ്,,Pending,,New shared catalog copy; native-speaker review required.
Orders placed with suppliers,Orders placed with suppliers,വിതരണക്കാർക്ക് നൽകിയ ഓർഡറുകൾ,,Pending,,New shared catalog copy; native-speaker review required.
"Orders, completion and average turnaround time by test group.","Orders, completion and average turnaround time by test group.","ടെസ്റ്റ് ഗ്രൂപ്പ് അനുസരിച്ചുള്ള ഓർഡറുകൾ, പൂർത്തീകരണം, ശരാശരി ടേൺഎറൗണ്ട് സമയം.",,Pending,,New shared catalog copy; native-speaker review required.
Organisation,Organisation,ഓർഗനൈസേഷൻ,,Pending,,New shared catalog copy; native-speaker review required.
"Organisation defaults, on-screen limits, background processing, delivery and email request rules.","Organisation defaults, on-screen limits, background processing, delivery and email request rules.","ഓർഗനൈസേഷൻ ഡിഫോൾട്ടുകൾ, ഓൺ-സ്ക്രീൻ പരിധികൾ, ബാക്ക്ഗ്രൗണ്ട് പ്രോസസിംഗ്, ഡെലിവറി, ഇമെയിൽ അഭ്യർത്ഥന നിയമങ്ങൾ.",,Pending,,New shared catalog copy; native-speaker review required.
Organisation name,Organisation name,ഓർഗനൈസേഷൻ പേര്,,Pending,,New shared catalog copy; native-speaker review required.
Organisation structure,Organisation structure,ഓർഗനൈസേഷൻ ഘടന,,Pending,,New shared catalog copy; native-speaker review required.
Original,Original,യഥാർത്ഥം,,Pending,,New shared catalog copy; native-speaker review required.
Out of 100,Out of 100,100-ൽ,,Pending,,New shared catalog copy; native-speaker review required.
Out on loan,Out on loan,കടമായി പുറത്ത്,,Pending,,New shared catalog copy; native-speaker review required.
Output qty,Output qty,ഔട്ട്പുട്ട് അളവ്,,Pending,,New shared catalog copy; native-speaker review required.
Outstanding approved claim value by aging bucket.,Outstanding approved claim value by aging bucket.,ഏജിംഗ് ബക്കറ്റ് അനുസരിച്ചുള്ള കുടിശ്ശികയായ അംഗീകൃത ക്ലെയിം മൂല്യം.,,Pending,,New shared catalog copy; native-speaker review required.
Outstanding invoices by age bucket,Outstanding invoices by age bucket,പ്രായ ബക്കറ്റ് അനുസരിച്ചുള്ള കുടിശ്ശിക ഇൻവോയ്‌സുകൾ,,Pending,,New shared catalog copy; native-speaker review required.
Outstanding!,Outstanding!,അസാധാരണം!,,Pending,,New shared catalog copy; native-speaker review required.
Outward,Outward,പുറത്തേക്ക്,,Pending,,New shared catalog copy; native-speaker review required.
Overdue,Overdue,കാലാവധി കഴിഞ്ഞത്,,Pending,,New shared catalog copy; native-speaker review required.
Overdue & fines,Overdue & fines,കാലാവധി കഴിഞ്ഞതും പിഴകളും,,Pending,,New shared catalog copy; native-speaker review required.
Overdue accounts,Overdue accounts,കാലാവധി കഴിഞ്ഞ അക്കൗണ്ടുകൾ,,Pending,,New shared catalog copy; native-speaker review required.
Overdue invoices,Overdue invoices,കാലാവധി കഴിഞ്ഞ ഇൻവോയ്‌സുകൾ,,Pending,,New shared catalog copy; native-speaker review required.
Overdue loans,Overdue loans,കാലാവധി കഴിഞ്ഞ കടമുകൾ,,Pending,,New shared catalog copy; native-speaker review required.
Owner: {name},Owner: {name},ഉടമ: {name},,Pending,,New shared catalog copy; native-speaker review required.
"Owns revenue, revenue cycle, accounting and planning reports.","Owns revenue, revenue cycle, accounting and planning reports.","വരുമാനം, വരുമാന ചക്രം, അക്കൗണ്ടിംഗ്, ആസൂത്രണ റിപ്പോർട്ടുകൾ എന്നിവയുടെ ഉടമസ്ഥത.",,Pending,,New shared catalog copy; native-speaker review required.
P,P,P,,Pending,,New shared catalog copy; native-speaker review required.
"PDF, images or spreadsheets up to 10 MB","PDF, images or spreadsheets up to 10 MB","PDF, ചിത്രങ്ങൾ അല്ലെങ്കിൽ സ്പ്രെഡ്ഷീറ്റുകൾ 10 MB വരെ",,Pending,,New shared catalog copy; native-speaker review required.
PO date,PO date,PO തീയതി,,Pending,,New shared catalog copy; native-speaker review required.
PO ref.,PO ref.,PO റഫറൻസ്,,Pending,,New shared catalog copy; native-speaker review required.
PSY,PSY,PSY,,Pending,,New shared catalog copy; native-speaker review required.
Page not found,Page not found,പേജ് കണ്ടെത്തിയില്ല,,Pending,,New shared catalog copy; native-speaker review required.
Paid from,Paid from,നിന്ന് അടച്ചത്,,Pending,,New shared catalog copy; native-speaker review required.
Paid this year,Paid this year,ഈ വർഷം അടച്ചത്,,Pending,,New shared catalog copy; native-speaker review required.
Papers this term,Papers this term,ഈ ടേമിലെ പേപ്പറുകൾ,,Pending,,New shared catalog copy; native-speaker review required.
Parameter,Parameter,പാരാമീറ്റർ,,Pending,,New shared catalog copy; native-speaker review required.
Parameters,Parameters,പാരാമീറ്ററുകൾ,,Pending,,New shared catalog copy; native-speaker review required.
Parent,Parent,രക്ഷിതാവ്,,Pending,,New shared catalog copy; native-speaker review required.
Parent / guardian,Parent / guardian,രക്ഷിതാവ് / സംരക്ഷകൻ,,Pending,,New shared catalog copy; native-speaker review required.
Parent portal invite goes here,Parent portal invite goes here,രക്ഷിതാവ് പോർട്ടൽ ക്ഷണം ഇവിടെ വരും,,Pending,,New shared catalog copy; native-speaker review required.
Parent:,Parent:,രക്ഷിതാവ്:,,Pending,,New shared catalog copy; native-speaker review required.
Participants get a calendar invite and a reminder 10 minutes before,Participants get a calendar invite and a reminder 10 minutes before,പങ്കാളികൾക്ക് ഒരു കലണ്ടർ ക്ഷണവും 10 മിനിറ്റ് മുമ്പ് ഒരു ഓർമ്മപ്പെടുത്തലും ലഭിക്കും,,Pending,,New shared catalog copy; native-speaker review required.
Passed all subjects,Passed all subjects,എല്ലാ വിഷയങ്ങളിലും വിജയിച്ചു,,Pending,,New shared catalog copy; native-speaker review required.
Past & recordings,Past & recordings,കഴിഞ്ഞവയും റെക്കോർഡിംഗുകളും,,Pending,,New shared catalog copy; native-speaker review required.
"Past due, still open","Past due, still open","കാലാവധി കഴിഞ്ഞു, ഇപ്പോഴും തുറന്നിരിക്കുന്നു",,Pending,,New shared catalog copy; native-speaker review required.
"Patient demographics, insurance and clinical flags","Patient demographics, insurance and clinical flags","രോഗിയുടെ ജനസംഖ്യാശാസ്ത്രം, ഇൻഷുറൻസ്, ക്ലിനിക്കൽ ഫ്ലാഗുകൾ",,Pending,,New shared catalog copy; native-speaker review required.
Patient master,Patient master,രോഗി മാസ്റ്റർ,,Pending,,New shared catalog copy; native-speaker review required.
Patient-level admissions. Patient identifiers are masked unless your role may see them.,Patient-level admissions. Patient identifiers are masked unless your role may see them.,രോഗി-തല അഡ്മിഷനുകൾ. നിങ്ങളുടെ റോളിന് കാണാൻ അനുവാദമില്ലെങ്കിൽ രോഗി തിരിച്ചറിയൽ വിവരങ്ങൾ മറച്ചുവെക്കും.,,Pending,,New shared catalog copy; native-speaker review required.
Patients,Patients,രോഗികൾ,,Pending,,New shared catalog copy; native-speaker review required.
Pay,Pay,പണമടയ്ക്കുക,,Pending,,New shared catalog copy; native-speaker review required.
Pay date,Pay date,പണമടയ്ക്കൽ തീയതി,,Pending,,New shared catalog copy; native-speaker review required.
Pay period,Pay period,പേ പിരീഡ്,,Pending,,New shared catalog copy; native-speaker review required.
Pay to,Pay to,അടയ്ക്കേണ്ടത്,,Pending,,New shared catalog copy; native-speaker review required.
Pay {value0},Pay {value0},{value0} അടയ്ക്കുക,,Pending,,New shared catalog copy; native-speaker review required.
Payable,Payable,അടയ്ക്കേണ്ടത്,,Pending,,New shared catalog copy; native-speaker review required.
Payee,Payee,പണം സ്വീകരിക്കുന്നയാൾ,,Pending,,New shared catalog copy; native-speaker review required.
Payer mix,Payer mix,പണം അടയ്ക്കുന്നവരുടെ മിശ്രിതം,,Pending,,New shared catalog copy; native-speaker review required.
Payment method,Payment method,പണമടയ്ക്കൽ രീതി,,Pending,,New shared catalog copy; native-speaker review required.
Payment methods,Payment methods,പണമടയ്ക്കൽ രീതികൾ,,Pending,,New shared catalog copy; native-speaker review required.
Payment received alert,Payment received alert,പണം ലഭിച്ചതിനുള്ള അലേർട്ട്,,Pending,,New shared catalog copy; native-speaker review required.
Payment vouchers,Payment vouchers,പേയ്‌മെന്റ് വൗച്ചറുകൾ,,Pending,,New shared catalog copy; native-speaker review required.
Payments are processed securely. This is a demo — no real charge is made.,Payments are processed securely. This is a demo — no real charge is made.,പണമിടപാടുകൾ സുരക്ഷിതമായി പ്രോസസ്സ് ചെയ്യുന്നു. ഇതൊരു ഡെമോ ആണ് — യഥാർത്ഥ ചാർജ് ഈടാക്കുന്നില്ല.,,Pending,,New shared catalog copy; native-speaker review required.
Payments to suppliers and parties,Payments to suppliers and parties,സപ്ലയർമാർക്കും കക്ഷികൾക്കുമുള്ള പണമടയ്ക്കലുകൾ,,Pending,,New shared catalog copy; native-speaker review required.
Pen,Pen,പേന,,Pending,,New shared catalog copy; native-speaker review required.
"Per term, in {value0}. Transport is billed only to students using a school route.","Per term, in {value0}. Transport is billed only to students using a school route.","ഓരോ ടേമിലും, {value0}-ൽ. സ്കൂൾ റൂട്ട് ഉപയോഗിക്കുന്ന വിദ്യാർത്ഥികൾക്ക് മാത്രമേ ട്രാൻസ്പോർട്ട് ഫീസ് ഈടാക്കൂ.",,Pending,,New shared catalog copy; native-speaker review required.
Percent of billed amount received,Percent of billed amount received,ബിൽ ചെയ്ത തുകയിൽ ലഭിച്ച ശതമാനം,,Pending,,New shared catalog copy; native-speaker review required.
"Percent, all examined subjects","Percent, all examined subjects","ശതമാനം, പരീക്ഷിച്ച എല്ലാ വിഷയങ്ങളും",,Pending,,New shared catalog copy; native-speaker review required.
Period,Period,കാലയളവ്,,Pending,,New shared catalog copy; native-speaker review required.
Period for all widgets,Period for all widgets,എല്ലാ വിജറ്റുകൾക്കുമുള്ള കാലയളവ്,,Pending,,New shared catalog copy; native-speaker review required.
Period in each run,Period in each run,ഓരോ റണ്ണിലെയും കാലയളവ്,,Pending,,New shared catalog copy; native-speaker review required.
Period {from} to {to} ({days} days). Ran in {ms} ms{cached}.,Period {from} to {to} ({days} days). Ran in {ms} ms{cached}.,കാലയളവ് {from} മുതൽ {to} വരെ ({days} ദിവസം). {ms} ms-ൽ പ്രവർത്തിച്ചു{cached}.,,Pending,,New shared catalog copy; native-speaker review required.
Periods / week,Periods / week,പിരീഡുകൾ / ആഴ്ച,,Pending,,New shared catalog copy; native-speaker review required.
Periods longer than the on-screen limit are refused. Use a schedule for bulk extracts.,Periods longer than the on-screen limit are refused. Use a schedule for bulk extracts.,സ്ക്രീനിലെ പരിധിയേക്കാൾ ദൈർഘ്യമേറിയ കാലയളവുകൾ നിരസിക്കപ്പെടും. ബൾക്ക് എക്‌സ്ട്രാക്റ്റുകൾക്ക് ഒരു ഷെഡ്യൂൾ ഉപയോഗിക്കുക.,,Pending,,New shared catalog copy; native-speaker review required.
Periods {value0},Periods {value0},പിരീഡുകൾ {value0},,Pending,,New shared catalog copy; native-speaker review required.
Periods/wk,Periods/wk,പിരീഡുകൾ/ആഴ്ച,,Pending,,New shared catalog copy; native-speaker review required.
Permissions control features. Report access below controls which reports and actions the role may use.,Permissions control features. Report access below controls which reports and actions the role may use.,അനുമതികൾ ഫീച്ചറുകൾ നിയന്ത്രിക്കുന്നു. താഴെയുള്ള റിപ്പോർട്ട് ആക്‌സസ് റോളിന് ഉപയോഗിക്കാവുന്ന റിപ്പോർട്ടുകളും പ്രവർത്തനങ്ങളും നിയന്ത്രിക്കുന്നു.,,Pending,,New shared catalog copy; native-speaker review required.
Permit expiry,Permit expiry,പെർമിറ്റ് കാലാവധി,,Pending,,New shared catalog copy; native-speaker review required.
Personal,Personal,വ്യക്തിഗതം,,Pending,,New shared catalog copy; native-speaker review required.
Petty cash vouchers,Petty cash vouchers,പെറ്റി ക്യാഷ് വൗച്ചറുകൾ,,Pending,,New shared catalog copy; native-speaker review required.
Phones are handed to the invigilator before the paper.,Phones are handed to the invigilator before the paper.,പേപ്പറിന് മുമ്പ് ഫോണുകൾ ഇൻവിജിലേറ്ററെ ഏൽപ്പിക്കണം.,,Pending,,New shared catalog copy; native-speaker review required.
Pick a document to preview,Pick a document to preview,പ്രിവ്യൂ ചെയ്യാൻ ഒരു ഡോക്യുമെന്റ് തിരഞ്ഞെടുക്കുക,,Pending,,New shared catalog copy; native-speaker review required.
Pick a record,Pick a record,ഒരു റെക്കോർഡ് തിരഞ്ഞെടുക്കുക,,Pending,,New shared catalog copy; native-speaker review required.
Pick a structure,Pick a structure,ഒരു ഘടന തിരഞ്ഞെടുക്കുക,,Pending,,New shared catalog copy; native-speaker review required.
Pick an inspection,Pick an inspection,ഒരു പരിശോധന തിരഞ്ഞെടുക്കുക,,Pending,,New shared catalog copy; native-speaker review required.
Pick both dates to see the number of days,Pick both dates to see the number of days,ദിവസങ്ങളുടെ എണ്ണം കാണാൻ രണ്ട് തീയതികളും തിരഞ്ഞെടുക്കുക,,Pending,,New shared catalog copy; native-speaker review required.
Pick both dates to see the number of days.,Pick both dates to see the number of days.,ദിവസങ്ങളുടെ എണ്ണം കാണാൻ രണ്ട് തീയതികളും തിരഞ്ഞെടുക്കുക.,,Pending,,New shared catalog copy; native-speaker review required.
"Pick up where you left off, or find a report in the library.","Pick up where you left off, or find a report in the library.","നിർത്തിയിടത്ത് നിന്ന് തുടരുക, അല്ലെങ്കിൽ ലൈബ്രറിയിൽ ഒരു റിപ്പോർട്ട് കണ്ടെത്തുക.",,Pending,,New shared catalog copy; native-speaker review required.
Pin,Pin,പിൻ ചെയ്യുക,,Pending,,New shared catalog copy; native-speaker review required.
Pin to top,Pin to top,മുകളിൽ പിൻ ചെയ്യുക,,Pending,,New shared catalog copy; native-speaker review required.
Pinned,Pinned,പിൻ ചെയ്തത്,,Pending,,New shared catalog copy; native-speaker review required.
Plan a lesson or sketch an explanation. The same board opens inside every live class for everyone in the room.,Plan a lesson or sketch an explanation. The same board opens inside every live class for everyone in the room.,ഒരു പാഠം ആസൂത്രണം ചെയ്യുക അല്ലെങ്കിൽ ഒരു വിശദീകരണം വരയ്ക്കുക. ഇതേ ബോർഡ് ഓരോ ലൈവ് ക്ലാസ്സിലും മുറിയിലുള്ള എല്ലാവർക്കുമായി തുറക്കും.,,Pending,,New shared catalog copy; native-speaker review required.
Points,Points,പോയിന്റുകൾ,,Pending,,New shared catalog copy; native-speaker review required.
Policy no.,Policy no.,പോളിസി നമ്പർ,,Pending,,New shared catalog copy; native-speaker review required.
Polls,Polls,പോളുകൾ,,Pending,,New shared catalog copy; native-speaker review required.
Position in hierarchy,Position in hierarchy,ശ്രേണിയിലെ സ്ഥാനം,,Pending,,New shared catalog copy; native-speaker review required.
Post,Post,പോസ്റ്റ് ചെയ്യുക,,Pending,,New shared catalog copy; native-speaker review required.
Post a notice,Post a notice,ഒരു അറിയിപ്പ് പോസ്റ്റ് ചെയ്യുക,,Pending,,New shared catalog copy; native-speaker review required.
Post journal automatically,Post journal automatically,ജേണൽ യാന്ത്രികമായി പോസ്റ്റ് ചെയ്യുക,,Pending,,New shared catalog copy; native-speaker review required.
Post notice,Post notice,അറിയിപ്പ് പോസ്റ്റ് ചെയ്യുക,,Pending,,New shared catalog copy; native-speaker review required.
Post update,Post update,അപ്ഡേറ്റ് പോസ്റ്റ് ചെയ്യുക,,Pending,,New shared catalog copy; native-speaker review required.
Postcode,Postcode,പോസ്റ്റ്കോഡ്,,Pending,,New shared catalog copy; native-speaker review required.
Posted by,Posted by,പോസ്റ്റ് ചെയ്തത്,,Pending,,New shared catalog copy; native-speaker review required.
Posted journal lines. Long periods run in the background.,Posted journal lines. Long periods run in the background.,പോസ്റ്റ് ചെയ്ത ജേണൽ ലൈനുകൾ. നീണ്ട കാലയളവുകൾ പശ്ചാത്തലത്തിൽ പ്രവർത്തിക്കും.,,Pending,,New shared catalog copy; native-speaker review required.
Posted journals and financial periods for trial balance and statements.,Posted journals and financial periods for trial balance and statements.,ട്രയൽ ബാലൻസിനും സ്റ്റേറ്റ്മെന്റുകൾക്കുമുള്ള പോസ്റ്റ് ചെയ്ത ജേണലുകളും സാമ്പത്തിക കാലയളവുകളും.,,Pending,,New shared catalog copy; native-speaker review required.
"Power BI and Excel: Get data, From Web, Advanced. Paste the URL and add an HTTP header named Authorization with the value Bearer and your key.","Power BI and Excel: Get data, From Web, Advanced. Paste the URL and add an HTTP header named Authorization with the value Bearer and your key.","Power BI, Excel: ഡാറ്റ നേടുക, വെബിൽ നിന്ന്, അഡ്വാൻസ്ഡ്. URL പേസ്റ്റ് ചെയ്യുക, Bearer എന്ന മൂല്യവും നിങ്ങളുടെ കീയും ഉള്ള Authorization എന്ന HTTP ഹെഡർ ചേർക്കുക.",,Pending,,New shared catalog copy; native-speaker review required.
"Practitioners, specialities and consultation fees","Practitioners, specialities and consultation fees","ഡോക്ടർമാർ, സ്പെഷ്യാലിറ്റികൾ, കൺസൾട്ടേഷൻ ഫീസ്",,Pending,,New shared catalog copy; native-speaker review required.
Prefix,Prefix,പ്രിഫിക്സ്,,Pending,,New shared catalog copy; native-speaker review required.
Prefixes and counters for document numbers,Prefixes and counters for document numbers,ഡോക്യുമെന്റ് നമ്പറുകൾക്കുള്ള പ്രിഫിക്സുകളും കൗണ്ടറുകളും,,Pending,,New shared catalog copy; native-speaker review required.
Prepared by,Prepared by,തയ്യാറാക്കിയത്,,Pending,,New shared catalog copy; native-speaker review required.
Present,Present,ഹാജർ,,Pending,,New shared catalog copy; native-speaker review required.
Present on,Present on,ഹാജരായ തീയതി,,Pending,,New shared catalog copy; native-speaker review required.
Press Enter to save. Esc closes without saving.,Press Enter to save. Esc closes without saving.,സേവ് ചെയ്യാൻ Enter അമർത്തുക. സേവ് ചെയ്യാതെ അടയ്ക്കാൻ Esc അമർത്തുക.,,Pending,,New shared catalog copy; native-speaker review required.
Preview mode — answers are not recorded.,Preview mode — answers are not recorded.,പ്രിവ്യൂ മോഡ് — ഉത്തരങ്ങൾ രേഖപ്പെടുത്തുന്നില്ല.,,Pending,,New shared catalog copy; native-speaker review required.
Preview — not recorded,Preview — not recorded,പ്രിവ്യൂ — രേഖപ്പെടുത്തിയിട്ടില്ല,,Pending,,New shared catalog copy; native-speaker review required.
Previous day,Previous day,മുൻ ദിവസം,,Pending,,New shared catalog copy; native-speaker review required.
Previous employer,Previous employer,മുൻ തൊഴിൽദാതാവ്,,Pending,,New shared catalog copy; native-speaker review required.
Previous record,Previous record,മുൻ റെക്കോർഡ്,,Pending,,New shared catalog copy; native-speaker review required.
Previous school,Previous school,മുൻ സ്കൂൾ,,Pending,,New shared catalog copy; native-speaker review required.
Price list,Price list,വില പട്ടിക,,Pending,,New shared catalog copy; native-speaker review required.
Price lists,Price lists,വില പട്ടികകൾ,,Pending,,New shared catalog copy; native-speaker review required.
Primary doctor,Primary doctor,പ്രാഥമിക ഡോക്ടർ,,Pending,,New shared catalog copy; native-speaker review required.
Print admit card,Print admit card,അഡ്മിറ്റ് കാർഡ് പ്രിന്റ് ചെയ്യുക,,Pending,,New shared catalog copy; native-speaker review required.
Print or save PDF,Print or save PDF,പ്രിന്റ് ചെയ്യുക അല്ലെങ്കിൽ PDF സേവ് ചെയ്യുക,,Pending,,New shared catalog copy; native-speaker review required.
Print preview,Print preview,പ്രിന്റ് പ്രിവ്യൂ,,Pending,,New shared catalog copy; native-speaker review required.
Print-ready invoice preview,Print-ready invoice preview,പ്രിന്റിന് തയ്യാറായ ഇൻവോയ്സ് പ്രിവ്യൂ,,Pending,,New shared catalog copy; native-speaker review required.
Process due schedules now,Process due schedules now,കാലാവധിയായ ഷെഡ്യൂളുകൾ ഇപ്പോൾ പ്രോസസ്സ് ചെയ്യുക,,Pending,,New shared catalog copy; native-speaker review required.
Processed in last run,Processed in last run,അവസാന റണ്ണിൽ പ്രോസസ്സ് ചെയ്തത്,,Pending,,New shared catalog copy; native-speaker review required.
Product,Product,ഉൽപ്പന്നം,,Pending,,New shared catalog copy; native-speaker review required.
Product categories,Product categories,ഉൽപ്പന്ന വിഭാഗങ്ങൾ,,Pending,,New shared catalog copy; native-speaker review required.
"Products, pricing, stock levels and tracking","Products, pricing, stock levels and tracking","ഉൽപ്പന്നങ്ങൾ, വില, സ്റ്റോക്ക് ലെവലുകൾ, ട്രാക്കിംഗ്",,Pending,,New shared catalog copy; native-speaker review required.
Program,Program,പ്രോഗ്രാം,,Pending,,New shared catalog copy; native-speaker review required.
Progress shows in My reports.,Progress shows in My reports.,പുരോഗതി എന്റെ റിപ്പോർട്ടുകളിൽ കാണിക്കും.,,Pending,,New shared catalog copy; native-speaker review required.
Project,Project,പ്രോജക്റ്റ്,,Pending,,New shared catalog copy; native-speaker review required.
Properties,Properties,പ്രോപ്പർട്ടികൾ,,Pending,,New shared catalog copy; native-speaker review required.
"Public, optional and company holidays","Public, optional and company holidays","പൊതു, ഓപ്ഷണൽ, കമ്പനി അവധി ദിനങ്ങൾ",,Pending,,New shared catalog copy; native-speaker review required.
Publish,Publish,പ്രസിദ്ധീകരിക്കുക,,Pending,,New shared catalog copy; native-speaker review required.
Publisher,Publisher,പ്രസാധകൻ,,Pending,,New shared catalog copy; native-speaker review required.
Pull data as CSV or JSON,Pull data as CSV or JSON,CSV അല്ലെങ്കിൽ JSON ആയി ഡാറ്റ എടുക്കുക,,Pending,,New shared catalog copy; native-speaker review required.
Purchase orders,Purchase orders,പർച്ചേസ് ഓർഡറുകൾ,,Pending,,New shared catalog copy; native-speaker review required.
Purchase orders by supplier and status,Purchase orders by supplier and status,സപ്ലയറും സ്റ്റാറ്റസും അനുസരിച്ചുള്ള പർച്ചേസ് ഓർഡറുകൾ,,Pending,,New shared catalog copy; native-speaker review required.
Purchase price,Purchase price,വാങ്ങൽ വില,,Pending,,New shared catalog copy; native-speaker review required.
Purchase register,Purchase register,പർച്ചേസ് രജിസ്റ്റർ,,Pending,,New shared catalog copy; native-speaker review required.
Purchases,Purchases,വാങ്ങലുകൾ,,Pending,,New shared catalog copy; native-speaker review required.
Qs ·,Qs ·,ചോദ്യങ്ങൾ ·,,Pending,,New shared catalog copy; native-speaker review required.
Qualification,Qualification,യോഗ്യത,,Pending,,New shared catalog copy; native-speaker review required.
Quality inspections,Quality inspections,ഗുണനിലവാര പരിശോധനകൾ,,Pending,,New shared catalog copy; native-speaker review required.
Quarterly average,Quarterly average,ത്രൈമാസ ശരാശരി,,Pending,,New shared catalog copy; native-speaker review required.
Quarterly average by class,Quarterly average by class,ക്ലാസ് അനുസരിച്ചുള്ള ത്രൈമാസ ശരാശരി,,Pending,,New shared catalog copy; native-speaker review required.
Quarterly exam,Quarterly exam,ത്രൈമാസ പരീക്ഷ,,Pending,,New shared catalog copy; native-speaker review required.
Quarterly results by subject,Quarterly results by subject,വിഷയം അനുസരിച്ചുള്ള ത്രൈമാസ ഫലങ്ങൾ,,Pending,,New shared catalog copy; native-speaker review required.
Question,Question,ചോദ്യം,,Pending,,New shared catalog copy; native-speaker review required.
Question bank,Question bank,ചോദ്യ ബാങ്ക്,,Pending,,New shared catalog copy; native-speaker review required.
Question palette,Question palette,ചോദ്യ പാലറ്റ്,,Pending,,New shared catalog copy; native-speaker review required.
Question {value0}{value1}{value2},Question {value0}{value1}{value2},ചോദ്യം {value0}{value1}{value2},,Pending,,New shared catalog copy; native-speaker review required.
Questions,Questions,ചോദ്യങ്ങൾ,,Pending,,New shared catalog copy; native-speaker review required.
Queued as,Queued as,ക്യൂവിൽ ഇട്ടിരിക്കുന്നത്,,Pending,,New shared catalog copy; native-speaker review required.
Quiz,Quiz,ക്വിസ്,,Pending,,New shared catalog copy; native-speaker review required.
Quiz builder,Quiz builder,ക്വിസ് ബിൽഡർ,,Pending,,New shared catalog copy; native-speaker review required.
Quiz published to {value0},Quiz published to {value0},ക്വിസ് {value0}-ലേക്ക് പ്രസിദ്ധീകരിച്ചു,,Pending,,New shared catalog copy; native-speaker review required.
Quiz settings,Quiz settings,ക്വിസ് സെറ്റിംഗുകൾ,,Pending,,New shared catalog copy; native-speaker review required.
Quizzes,Quizzes,ക്വിസുകൾ,,Pending,,New shared catalog copy; native-speaker review required.
Quizzes available,Quizzes available,ലഭ്യമായ ക്വിസുകൾ,,Pending,,New shared catalog copy; native-speaker review required.
Quizzes can also be launched as live polls inside a live class.,Quizzes can also be launched as live polls inside a live class.,ക്വിസുകൾ ലൈവ് ക്ലാസിനുള്ളിൽ ലൈവ് പോളുകളായും ആരംഭിക്കാം.,,Pending,,New shared catalog copy; native-speaker review required.
R,R,R,,Pending,,New shared catalog copy; native-speaker review required.
REC,REC,REC,,Pending,,New shared catalog copy; native-speaker review required.
Raise hand,Raise hand,കൈ ഉയർത്തുക,,Pending,,New shared catalog copy; native-speaker review required.
Rank,Rank,റാങ്ക്,,Pending,,New shared catalog copy; native-speaker review required.
Rank is computed on the total across all examined subjects. Marks below 40% are shown in red.,Rank is computed on the total across all examined subjects. Marks below 40% are shown in red.,പരീക്ഷിച്ച എല്ലാ വിഷയങ്ങളിലെയും ആകെ മാർക്കിന്റെ അടിസ്ഥാനത്തിലാണ് റാങ്ക് കണക്കാക്കുന്നത്. 40%-ൽ താഴെയുള്ള മാർക്കുകൾ ചുവപ്പ് നിറത്തിൽ കാണിക്കും.,,Pending,,New shared catalog copy; native-speaker review required.
Rate to USD,Rate to USD,USD-ലേക്കുള്ള നിരക്ക്,,Pending,,New shared catalog copy; native-speaker review required.
Rating,Rating,റേറ്റിംഗ്,,Pending,,New shared catalog copy; native-speaker review required.
Rating (1–5),Rating (1–5),റേറ്റിംഗ് (1–5),,Pending,,New shared catalog copy; native-speaker review required.
Reactions,Reactions,റിയാക്ഷനുകൾ,,Pending,,New shared catalog copy; native-speaker review required.
Reactivate,Reactivate,വീണ്ടും സജീവമാക്കുക,,Pending,,New shared catalog copy; native-speaker review required.
Read-only replica of the hospital management system. Reports must never query the live primary.,Read-only replica of the hospital management system. Reports must never query the live primary.,ഹോസ്പിറ്റൽ മാനേജ്മെന്റ് സിസ്റ്റത്തിന്റെ റീഡ്-ഒൺലി പകർപ്പ്. റിപ്പോർട്ടുകൾ ലൈവ് പ്രൈമറിയിൽ ഒരിക്കലും ക്വറി ചെയ്യരുത്.,,Pending,,New shared catalog copy; native-speaker review required.
Reading,Reading,വായന,,Pending,,New shared catalog copy; native-speaker review required.
Readmission count and rate by department.,Readmission count and rate by department.,വകുപ്പ് അനുസരിച്ചുള്ള റീഅഡ്മിഷൻ കൗണ്ടും നിരക്കും.,,Pending,,New shared catalog copy; native-speaker review required.
Readmission rate,Readmission rate,റീഅഡ്മിഷൻ നിരക്ക്,,Pending,,New shared catalog copy; native-speaker review required.
Readmissions,Readmissions,വീണ്ടും അഡ്മിഷനുകൾ,,Pending,,New shared catalog copy; native-speaker review required.
Readmitted,Readmitted,വീണ്ടും അഡ്മിറ്റ് ചെയ്തവ,,Pending,,New shared catalog copy; native-speaker review required.
Reason,Reason,കാരണം,,Pending,,New shared catalog copy; native-speaker review required.
Receipt {value0}{value1}. ,Receipt {value0}{value1}. ,രസീത് {value0}{value1}. ,,Pending,,New shared catalog copy; native-speaker review required.
Receipts,Receipts,സ്വീകരണങ്ങൾ,,Pending,,New shared catalog copy; native-speaker review required.
"Receipts, issues and closing value by store and category. Use a single day for closing figures.","Receipts, issues and closing value by store and category. Use a single day for closing figures.","സ്റ്റോറും വിഭാഗവും അനുസരിച്ചുള്ള രസീതുകൾ, ഇഷ്യൂകൾ, ക്ലോസിംഗ് മൂല്യം. ക്ലോസിംഗ് കണക്കുകൾക്ക് ഒരൊറ്റ ദിവസം ഉപയോഗിക്കുക.",,Pending,,New shared catalog copy; native-speaker review required.
Receivables aging,Receivables aging,സ്വീകാര്യ തുകകളുടെ പ്രായം,,Pending,,New shared catalog copy; native-speaker review required.
Received,Received,ലഭിച്ചു,,Pending,,New shared catalog copy; native-speaker review required.
Received by,Received by,സ്വീകരിച്ചത്,,Pending,,New shared catalog copy; native-speaker review required.
Received on,Received on,ലഭിച്ച തീയതി,,Pending,,New shared catalog copy; native-speaker review required.
Recent activity,Recent activity,സമീപകാല പ്രവർത്തനം,,Pending,,New shared catalog copy; native-speaker review required.
Recent sales orders,Recent sales orders,സമീപകാല സെയിൽസ് ഓർഡറുകൾ,,Pending,,New shared catalog copy; native-speaker review required.
Recently run,Recently run,അടുത്തിടെ പ്രവർത്തിപ്പിച്ചത്,,Pending,,New shared catalog copy; native-speaker review required.
Recipients get an in-app notification and an email digest,Recipients get an in-app notification and an email digest,സ്വീകർത്താക്കൾക്ക് ഒരു ഇൻ-ആപ്പ് അറിയിപ്പും ഇമെയിൽ ഡൈജസ്റ്റും ലഭിക്കും,,Pending,,New shared catalog copy; native-speaker review required.
Record,Record,റെക്കോർഡ്,,Pending,,New shared catalog copy; native-speaker review required.
Recordings,Recordings,റെക്കോർഡിംഗുകൾ,,Pending,,New shared catalog copy; native-speaker review required.
Recordings stream from your media storage in production.,Recordings stream from your media storage in production.,പ്രൊഡക്ഷനിൽ നിങ്ങളുടെ മീഡിയ സ്റ്റോറേജിൽ നിന്ന് റെക്കോർഡിംഗുകൾ സ്ട്രീം ചെയ്യും.,,Pending,,New shared catalog copy; native-speaker review required.
Records in view,Records in view,കാഴ്ചയിലെ റെക്കോർഡുകൾ,,Pending,,New shared catalog copy; native-speaker review required.
Rectangle,Rectangle,ചതുരം,,Pending,,New shared catalog copy; native-speaker review required.
Redo,Redo,വീണ്ടും ചെയ്യുക,,Pending,,New shared catalog copy; native-speaker review required.
Reduce motion and animations,Reduce motion and animations,ചലനവും ആനിമേഷനുകളും കുറയ്ക്കുക,,Pending,,New shared catalog copy; native-speaker review required.
Refresh preview,Refresh preview,പ്രിവ്യൂ പുതുക്കുക,,Pending,,New shared catalog copy; native-speaker review required.
Region,Region,മേഖല,,Pending,,New shared catalog copy; native-speaker review required.
Regional defaults,Regional defaults,പ്രാദേശിക ഡിഫോൾട്ടുകൾ,,Pending,,New shared catalog copy; native-speaker review required.
Register,Register,രജിസ്റ്റർ,,Pending,,New shared catalog copy; native-speaker review required.
Register saved,Register saved,രജിസ്റ്റർ സേവ് ചെയ്തു,,Pending,,New shared catalog copy; native-speaker review required.
Register student,Register student,വിദ്യാർത്ഥിയെ രജിസ്റ്റർ ചെയ്യുക,,Pending,,New shared catalog copy; native-speaker review required.
Register teacher,Register teacher,അധ്യാപകനെ രജിസ്റ്റർ ചെയ്യുക,,Pending,,New shared catalog copy; native-speaker review required.
Registered office address.,Registered office address.,രജിസ്റ്റർ ചെയ്ത ഓഫീസ് വിലാസം.,,Pending,,New shared catalog copy; native-speaker review required.
Registered users can always receive reports. Other addresses must be in these domains.,Registered users can always receive reports. Other addresses must be in these domains.,രജിസ്റ്റർ ചെയ്ത ഉപയോക്താക്കൾക്ക് എപ്പോഴും റിപ്പോർട്ടുകൾ സ്വീകരിക്കാം. മറ്റ് വിലാസങ്ങൾ ഈ ഡൊമെയ്നുകളിൽ ആയിരിക്കണം.,,Pending,,New shared catalog copy; native-speaker review required.
"Registered users can email the reports mailbox and receive the result by return email, even for very long periods.","Registered users can email the reports mailbox and receive the result by return email, even for very long periods.",രജിസ്റ്റർ ചെയ്ത ഉപയോക്താക്കൾക്ക് റിപ്പോർട്ട് മെയിൽബോക്സിലേക്ക് ഇമെയിൽ ചെയ്ത് വളരെ ദൈർഘ്യമേറിയ കാലയളവുകൾക്ക് പോലും റിട്ടേൺ ഇമെയിൽ വഴി ഫലം ലഭിക്കും.,,Pending,,New shared catalog copy; native-speaker review required.
Registered users can request reports by emailing the reports mailbox.,Registered users can request reports by emailing the reports mailbox.,രജിസ്റ്റർ ചെയ്ത ഉപയോക്താക്കൾക്ക് റിപ്പോർട്ട് മെയിൽബോക്സിലേക്ക് ഇമെയിൽ ചെയ്ത് റിപ്പോർട്ടുകൾ ആവശ്യപ്പെടാം.,,Pending,,New shared catalog copy; native-speaker review required.
Registration,Registration,രജിസ്ട്രേഷൻ,,Pending,,New shared catalog copy; native-speaker review required.
Registration summary,Registration summary,രജിസ്ട്രേഷൻ സംഗ്രഹം,,Pending,,New shared catalog copy; native-speaker review required.
Reimbursement requests with approvals,Reimbursement requests with approvals,അംഗീകാരങ്ങളോടെയുള്ള റീഇംബേഴ്സ്മെന്റ് അഭ്യർത്ഥനകൾ,,Pending,,New shared catalog copy; native-speaker review required.
Reject all,Reject all,എല്ലാം നിരസിക്കുക,,Pending,,New shared catalog copy; native-speaker review required.
"Reject email unless DMARC, or both SPF and DKIM, pass. Keep this on in production.","Reject email unless DMARC, or both SPF and DKIM, pass. Keep this on in production.","DMARC, അല്ലെങ്കിൽ SPF, DKIM രണ്ടും പാസ്സാകുന്നില്ലെങ്കിൽ ഇമെയിൽ നിരസിക്കുക. പ്രൊഡക്ഷനിൽ ഇത് ഓണായി സൂക്ഷിക്കുക.",,Pending,,New shared catalog copy; native-speaker review required.
Rejoin as host,Rejoin as host,ഹോസ്റ്റ് ആയി വീണ്ടും ചേരുക,,Pending,,New shared catalog copy; native-speaker review required.
Rejoin live class,Rejoin live class,ലൈവ് ക്ലാസിൽ വീണ്ടും ചേരുക,,Pending,,New shared catalog copy; native-speaker review required.
Relationship,Relationship,ബന്ധം,,Pending,,New shared catalog copy; native-speaker review required.
Remarks,Remarks,പരാമർശങ്ങൾ,,Pending,,New shared catalog copy; native-speaker review required.
Remind all,Remind all,എല്ലാവരെയും ഓർമ്മിപ്പിക്കുക,,Pending,,New shared catalog copy; native-speaker review required.
Reminder after (hours),Reminder after (hours),ഓർമ്മപ്പെടുത്തൽ ഇത്ര മണിക്കൂർ കഴിഞ്ഞ്,,Pending,,New shared catalog copy; native-speaker review required.
Reminders sent to {value0} families by email and SMS,Reminders sent to {value0} families by email and SMS,"{value0} കുടുംബങ്ങൾക്ക് ഇമെയിൽ, SMS വഴി ഓർമ്മപ്പെടുത്തലുകൾ അയച്ചു",,Pending,,New shared catalog copy; native-speaker review required.
Remove line {value0},Remove line {value0},വരി {value0} നീക്കം ചെയ്യുക,,Pending,,New shared catalog copy; native-speaker review required.
Remove option,Remove option,ഓപ്ഷൻ നീക്കം ചെയ്യുക,,Pending,,New shared catalog copy; native-speaker review required.
Remove widget,Remove widget,വിജറ്റ് നീക്കം ചെയ്യുക,,Pending,,New shared catalog copy; native-speaker review required.
Remove {label},Remove {label},{label} നീക്കം ചെയ്യുക,,Pending,,New shared catalog copy; native-speaker review required.
Remove {name},Remove {name},{name} നീക്കം ചെയ്യുക,,Pending,,New shared catalog copy; native-speaker review required.
Remove {value0},Remove {value0},{value0} നീക്കം ചെയ്യുക,,Pending,,New shared catalog copy; native-speaker review required.
Remove {value0} filter,Remove {value0} filter,{value0} ഫിൽട്ടർ നീക്കം ചെയ്യുക,,Pending,,New shared catalog copy; native-speaker review required.
Renew,Renew,പുതുക്കുക,,Pending,,New shared catalog copy; native-speaker review required.
Renewed until {value0},Renewed until {value0},{value0} വരെ പുതുക്കി,,Pending,,New shared catalog copy; native-speaker review required.
Reopen,Reopen,വീണ്ടും തുറക്കുക,,Pending,,New shared catalog copy; native-speaker review required.
Reorder level alert,Reorder level alert,റീഓർഡർ ലെവൽ അലേർട്ട്,,Pending,,New shared catalog copy; native-speaker review required.
Report,Report,റിപ്പോർട്ട്,,Pending,,New shared catalog copy; native-speaker review required.
Report absence / request leave,Report absence / request leave,അസാന്നിധ്യം റിപ്പോർട്ട് ചെയ്യുക / അവധിക്ക് അപേക്ഷിക്കുക,,Pending,,New shared catalog copy; native-speaker review required.
Report access for {name},Report access for {name},{name}-ന്റെ റിപ്പോർട്ട് ആക്‌സസ്,,Pending,,New shared catalog copy; native-speaker review required.
Report builder,Report builder,റിപ്പോർട്ട് ബിൽഡർ,,Pending,,New shared catalog copy; native-speaker review required.
Report card,Report card,റിപ്പോർട്ട് കാർഡ്,,Pending,,New shared catalog copy; native-speaker review required.
Report categories,Report categories,റിപ്പോർട്ട് വിഭാഗങ്ങൾ,,Pending,,New shared catalog copy; native-speaker review required.
Report default,Report default,റിപ്പോർട്ട് ഡിഫോൾട്ട്,,Pending,,New shared catalog copy; native-speaker review required.
Report defaults,Report defaults,റിപ്പോർട്ട് ഡിഫോൾട്ടുകൾ,,Pending,,New shared catalog copy; native-speaker review required.
Report library,Report library,റിപ്പോർട്ട് ലൈബ്രറി,,Pending,,New shared catalog copy; native-speaker review required.
Report result,Report result,റിപ്പോർട്ട് ഫലം,,Pending,,New shared catalog copy; native-speaker review required.
Report type,Report type,റിപ്പോർട്ട് തരം,,Pending,,New shared catalog copy; native-speaker review required.
Report-specific limits,Report-specific limits,റിപ്പോർട്ട്-നിർദ്ദിഷ്ട പരിധികൾ,,Pending,,New shared catalog copy; native-speaker review required.
Reported,Reported,റിപ്പോർട്ട് ചെയ്തു,,Pending,,New shared catalog copy; native-speaker review required.
Reporting time zone,Reporting time zone,റിപ്പോർട്ടിംഗ് ടൈം സോൺ,,Pending,,New shared catalog copy; native-speaker review required.
Reports & analytics,Reports & analytics,റിപ്പോർട്ടുകളും അനലിറ്റിക്സും,,Pending,,New shared catalog copy; native-speaker review required.
Reports access is turned off,Reports access is turned off,റിപ്പോർട്ട് ആക്‌സസ് ഓഫാണ്,,Pending,,New shared catalog copy; native-speaker review required.
Reports available,Reports available,ലഭ്യമായ റിപ്പോർട്ടുകൾ,,Pending,,New shared catalog copy; native-speaker review required.
Reports delivered by email on a timetable. Each run covers a moving period and never sends the same run twice.,Reports delivered by email on a timetable. Each run covers a moving period and never sends the same run twice.,"ഒരു ടൈംടേബിൾ അനുസരിച്ച് ഇമെയിൽ വഴി ഡെലിവർ ചെയ്യുന്ന റിപ്പോർട്ടുകൾ. ഓരോ റണ്ണും ചലിക്കുന്ന ഒരു കാലയളവ് ഉൾക്കൊള്ളുന്നു, ഒരേ റൺ ഒരിക്കലും രണ്ട് തവണ അയക്കില്ല.",,Pending,,New shared catalog copy; native-speaker review required.
Reports in progress per person,Reports in progress per person,ഓരോ വ്യക്തിയുടെയും പുരോഗതിയിലുള്ള റിപ്പോർട്ടുകൾ,,Pending,,New shared catalog copy; native-speaker review required.
Reports mailbox,Reports mailbox,റിപ്പോർട്ട് മെയിൽബോക്സ്,,Pending,,New shared catalog copy; native-speaker review required.
Reports processed at once (server),Reports processed at once (server),ഒരേ സമയം പ്രോസസ്സ് ചെയ്യുന്ന റിപ്പോർട്ടുകൾ (സെർവർ),,Pending,,New shared catalog copy; native-speaker review required.
Reports running in the background,Reports running in the background,പശ്ചാത്തലത്തിൽ പ്രവർത്തിക്കുന്ന റിപ്പോർട്ടുകൾ,,Pending,,New shared catalog copy; native-speaker review required.
Reports to,Reports to,റിപ്പോർട്ട് ചെയ്യുന്നത്,,Pending,,New shared catalog copy; native-speaker review required.
Reports you can pull:,Reports you can pull:,നിങ്ങൾക്ക് എടുക്കാവുന്ന റിപ്പോർട്ടുകൾ:,,Pending,,New shared catalog copy; native-speaker review required.
Reports you open appear here so you can return to them in one click.,Reports you open appear here so you can return to them in one click.,"നിങ്ങൾ തുറക്കുന്ന റിപ്പോർട്ടുകൾ ഇവിടെ കാണിക്കും, അതിനാൽ ഒറ്റ ക്ലിക്കിൽ അവയിലേക്ക് മടങ്ങാം.",,Pending,,New shared catalog copy; native-speaker review required.
Request,Request,അഭ്യർത്ഥന,,Pending,,New shared catalog copy; native-speaker review required.
Request details,Request details,അഭ്യർത്ഥന വിശദാംശങ്ങൾ,,Pending,,New shared catalog copy; native-speaker review required.
Request leave,Request leave,അവധിക്ക് അപേക്ഷിക്കുക,,Pending,,New shared catalog copy; native-speaker review required.
Requested,Requested,അഭ്യർത്ഥിച്ചു,,Pending,,New shared catalog copy; native-speaker review required.
Requested by,Requested by,അഭ്യർത്ഥിച്ചത്,,Pending,,New shared catalog copy; native-speaker review required.
Requests above these limits are not loaded in the browser. People are offered a background run that is emailed or saved to My reports. Individual reports can set tighter limits.,Requests above these limits are not loaded in the browser. People are offered a background run that is emailed or saved to My reports. Individual reports can set tighter limits.,ഈ പരിധികൾക്ക് മുകളിലുള്ള അഭ്യർത്ഥനകൾ ബ്രൗസറിൽ ലോഡ് ചെയ്യില്ല. ഇമെയിൽ ചെയ്യുകയോ എന്റെ റിപ്പോർട്ടുകളിൽ സേവ് ചെയ്യുകയോ ചെയ്യുന്ന ഒരു ബാക്ക്ഗ്രൗണ്ട് റൺ ആളുകൾക്ക് നൽകും. വ്യക്തിഗത റിപ്പോർട്ടുകൾക്ക് കൂടുതൽ കർശനമായ പരിധികൾ സെറ്റ് ചെയ്യാം.,,Pending,,New shared catalog copy; native-speaker review required.
"Requests from unknown or unverified senders are dropped without a reply. Results are only ever sent back to the sender, with your role, branches and masking applied.","Requests from unknown or unverified senders are dropped without a reply. Results are only ever sent back to the sender, with your role, branches and masking applied.","അജ്ഞാതരോ പരിശോധിക്കാത്തവരോ ആയ അയക്കുന്നവരിൽ നിന്നുള്ള അഭ്യർത്ഥനകൾ മറുപടിയില്ലാതെ ഒഴിവാക്കും. ഫലങ്ങൾ എപ്പോഴും അയച്ചയാൾക്ക് മാത്രമേ തിരിച്ചയക്കൂ, നിങ്ങളുടെ റോൾ, ബ്രാഞ്ചുകൾ, മാസ്കിംഗ് എന്നിവ പ്രയോഗിച്ചുകൊണ്ട്.",,Pending,,New shared catalog copy; native-speaker review required.
Requests per person per hour,Requests per person per hour,ഓരോ വ്യക്തിക്കും മണിക്കൂറിൽ അഭ്യർത്ഥനകൾ,,Pending,,New shared catalog copy; native-speaker review required.
Require approval above,Require approval above,ഇതിന് മുകളിൽ അംഗീകാരം ആവശ്യമാണ്,,Pending,,New shared catalog copy; native-speaker review required.
Require sender authentication,Require sender authentication,അയച്ചയാളുടെ ഓതന്റിക്കേഷൻ ആവശ്യമാണ്,,Pending,,New shared catalog copy; native-speaker review required.
Reschedule,Reschedule,വീണ്ടും ഷെഡ്യൂൾ ചെയ്യുക,,Pending,,New shared catalog copy; native-speaker review required.
Reserve,Reserve,റിസർവ് ചെയ്യുക,,Pending,,New shared catalog copy; native-speaker review required.
Reset to report default,Reset to report default,റിപ്പോർട്ട് ഡിഫോൾട്ടിലേക്ക് റീസെറ്റ് ചെയ്യുക,,Pending,,New shared catalog copy; native-speaker review required.
Resets,Resets,റീസെറ്റുകൾ,,Pending,,New shared catalog copy; native-speaker review required.
Resolve,Resolve,പരിഹരിക്കുക,,Pending,,New shared catalog copy; native-speaker review required.
Result,Result,ഫലം,,Pending,,New shared catalog copy; native-speaker review required.
Result type,Result type,ഫല തരം,,Pending,,New shared catalog copy; native-speaker review required.
Results & report card,Results & report card,ഫലങ്ങളും റിപ്പോർട്ട് കാർഡും,,Pending,,New shared catalog copy; native-speaker review required.
Results appear here when the report has finished. Current status: {status}.,Results appear here when the report has finished. Current status: {status}.,റിപ്പോർട്ട് പൂർത്തിയാകുമ്പോൾ ഫലങ്ങൾ ഇവിടെ കാണിക്കും. നിലവിലെ സ്റ്റാറ്റസ്: {status}.,,Pending,,New shared catalog copy; native-speaker review required.
Results saved,Results saved,ഫലങ്ങൾ സേവ് ചെയ്തു,,Pending,,New shared catalog copy; native-speaker review required.
Retry grade,Retry grade,ഗ്രേഡിംഗ് വീണ്ടും ശ്രമിക്കുക,,Pending,,New shared catalog copy; native-speaker review required.
Retry upload,Retry upload,അപ്‌ലോഡ് വീണ്ടും ശ്രമിക്കുക,,Pending,,New shared catalog copy; native-speaker review required.
Return,Return,തിരികെ നൽകുക,,Pending,,New shared catalog copy; native-speaker review required.
Returned,Returned,തിരികെ നൽകി,,Pending,,New shared catalog copy; native-speaker review required.
Reveal answer,Reveal answer,ഉത്തരം വെളിപ്പെടുത്തുക,,Pending,,New shared catalog copy; native-speaker review required.
Revenue and collections by month,Revenue and collections by month,മാസം അനുസരിച്ചുള്ള വരുമാനവും കളക്ഷനുകളും,,Pending,,New shared catalog copy; native-speaker review required.
Revenue by service line,Revenue by service line,സേവന ലൈൻ അനുസരിച്ച് വരുമാനം,,Pending,,New shared catalog copy; native-speaker review required.
Revenue transaction detail,Revenue transaction detail,വരുമാന ഇടപാട് വിശദാംശം,,Pending,,New shared catalog copy; native-speaker review required.
Revoke,Revoke,റദ്ദാക്കുക,,Pending,,New shared catalog copy; native-speaker review required.
"Revoke ""{name}""? Tools using it stop working immediately.","Revoke ""{name}""? Tools using it stop working immediately.","""{name}"" റദ്ദാക്കണോ? ഇത് ഉപയോഗിക്കുന്ന ടൂളുകൾ ഉടൻ പ്രവർത്തനം നിർത്തും.",,Pending,,New shared catalog copy; native-speaker review required.
Revoke key,Revoke key,കീ റദ്ദാക്കുക,,Pending,,New shared catalog copy; native-speaker review required.
Role,Role,റോൾ,,Pending,,New shared catalog copy; native-speaker review required.
Role details and permissions,Role details and permissions,റോൾ വിശദാംശങ്ങളും അനുമതികളും,,Pending,,New shared catalog copy; native-speaker review required.
Role name,Role name,റോളിന്റെ പേര്,,Pending,,New shared catalog copy; native-speaker review required.
Role {name} created. Give it report access below.,Role {name} created. Give it report access below.,റോൾ {name} സൃഷ്ടിച്ചു. താഴെ ഇതിന് റിപ്പോർട്ട് ആക്‌സസ് നൽകുക.,,Pending,,New shared catalog copy; native-speaker review required.
Role: {role},Role: {role},റോൾ: {role},,Pending,,New shared catalog copy; native-speaker review required.
Roles,Roles,റോളുകൾ,,Pending,,New shared catalog copy; native-speaker review required.
Roles and access,Roles and access,റോളുകളും ആക്‌സസും,,Pending,,New shared catalog copy; native-speaker review required.
Roles decide which reports and actions are available. Branches limit which rows the user sees in every report.,Roles decide which reports and actions are available. Branches limit which rows the user sees in every report.,ഏതെല്ലാം റിപ്പോർട്ടുകളും പ്രവർത്തനങ്ങളും ലഭ്യമാണെന്ന് റോളുകൾ തീരുമാനിക്കുന്നു. ഓരോ റിപ്പോർട്ടിലും ഉപയോക്താവ് കാണുന്ന വരികൾ ബ്രാഞ്ചുകൾ പരിമിതപ്പെടുത്തുന്നു.,,Pending,,New shared catalog copy; native-speaker review required.
Roll,Roll,റോൾ നമ്പർ,,Pending,,New shared catalog copy; native-speaker review required.
Room,Room,മുറി,,Pending,,New shared catalog copy; native-speaker review required.
Roster,Roster,റോസ്റ്റർ,,Pending,,New shared catalog copy; native-speaker review required.
Round off totals,Round off totals,ആകെ തുക റൗണ്ട് ഓഫ് ചെയ്യുക,,Pending,,New shared catalog copy; native-speaker review required.
Row detail,Row detail,വരി വിശദാംശം,,Pending,,New shared catalog copy; native-speaker review required.
Row-level billed revenue. Long periods run in the background and are delivered as a file.,Row-level billed revenue. Long periods run in the background and are delivered as a file.,വരി തലത്തിലുള്ള ബിൽ ചെയ്ത വരുമാനം. ദൈർഘ്യമേറിയ കാലയളവുകൾ പശ്ചാത്തലത്തിൽ പ്രവർത്തിക്കുകയും ഫയലായി നൽകുകയും ചെയ്യും.,,Pending,,New shared catalog copy; native-speaker review required.
Rows,Rows,വരികൾ,,Pending,,New shared catalog copy; native-speaker review required.
Rows loaded,Rows loaded,ലോഡ് ചെയ്ത വരികൾ,,Pending,,New shared catalog copy; native-speaker review required.
Run,Run,റൺ ചെയ്യുക,,Pending,,New shared catalog copy; native-speaker review required.
"Run a report in the background with email delivery, or try an email request.","Run a report in the background with email delivery, or try an email request.","ഇമെയിൽ ഡെലിവറിയോടെ ഒരു റിപ്പോർട്ട് പശ്ചാത്തലത്തിൽ പ്രവർത്തിപ്പിക്കുക, അല്ലെങ്കിൽ ഒരു ഇമെയിൽ അഭ്യർത്ഥന പരീക്ഷിക്കുക.",,Pending,,New shared catalog copy; native-speaker review required.
Run by,Run by,പ്രവർത്തിപ്പിച്ചത്,,Pending,,New shared catalog copy; native-speaker review required.
Run details,Run details,റൺ വിശദാംശം,,Pending,,New shared catalog copy; native-speaker review required.
"Run finance, clinical and operations reports on screen. Long periods run in the background and arrive by email. Schedules, email requests and exports follow the same access rules.","Run finance, clinical and operations reports on screen. Long periods run in the background and arrive by email. Schedules, email requests and exports follow the same access rules.","ഫിനാൻസ്, ക്ലിനിക്കൽ, ഓപ്പറേഷൻസ് റിപ്പോർട്ടുകൾ സ്ക്രീനിൽ പ്രവർത്തിപ്പിക്കുക. ദൈർഘ്യമേറിയ കാലയളവുകൾ പശ്ചാത്തലത്തിൽ പ്രവർത്തിക്കുകയും ഇമെയിൽ വഴി എത്തുകയും ചെയ്യും. ഷെഡ്യൂളുകൾ, ഇമെയിൽ അഭ്യർത്ഥനകൾ, എക്സ്പോർട്ടുകൾ എന്നിവ ഒരേ ആക്‌സസ് നിയമങ്ങൾ പാലിക്കുന്നു.",,Pending,,New shared catalog copy; native-speaker review required.
Run in background,Run in background,പശ്ചാത്തലത്തിൽ പ്രവർത്തിപ്പിക്കുക,,Pending,,New shared catalog copy; native-speaker review required.
Run in background…,Run in background…,പശ്ചാത്തലത്തിൽ പ്രവർത്തിപ്പിക്കുന്നു...,,Pending,,New shared catalog copy; native-speaker review required.
"Run it in the background: it is processed month by month, saved to My reports, and emailed if you choose.","Run it in the background: it is processed month by month, saved to My reports, and emailed if you choose.","ഇത് പശ്ചാത്തലത്തിൽ പ്രവർത്തിപ്പിക്കുക: ഇത് മാസം തോറും പ്രോസസ് ചെയ്യപ്പെടുകയും, ""എന്റെ റിപ്പോർട്ടുകളിൽ"" സേവ് ചെയ്യപ്പെടുകയും, നിങ്ങൾ തിരഞ്ഞെടുത്താൽ ഇമെയിൽ ചെയ്യപ്പെടുകയും ചെയ്യും.",,Pending,,New shared catalog copy; native-speaker review required.
Run log,Run log,റൺ ലോഗ്,,Pending,,New shared catalog copy; native-speaker review required.
Run now,Run now,ഇപ്പോൾ പ്രവർത്തിപ്പിക്കുക,,Pending,,New shared catalog copy; native-speaker review required.
Run on,Run on,പ്രവർത്തിപ്പിച്ച തീയതി,,Pending,,New shared catalog copy; native-speaker review required.
Run parameters,Run parameters,റൺ പാരാമീറ്ററുകൾ,,Pending,,New shared catalog copy; native-speaker review required.
"Run the whole school: people, academics, finance and reporting.","Run the whole school: people, academics, finance and reporting.","മുഴുവൻ സ്കൂളും പ്രവർത്തിപ്പിക്കുക: ആളുകൾ, അക്കാദമിക്സ്, ധനകാര്യം, റിപ്പോർട്ടിംഗ്.",,Pending,,New shared catalog copy; native-speaker review required.
Running,Running,പ്രവർത്തിക്കുന്നു,,Pending,,New shared catalog copy; native-speaker review required.
Running balance statement for a customer,Running balance statement for a customer,ഒരു ഉപഭോക്താവിന്റെ റണ്ണിംഗ് ബാലൻസ് സ്റ്റേറ്റ്‌മെന്റ്,,Pending,,New shared catalog copy; native-speaker review required.
Running…,Running…,പ്രവർത്തിക്കുന്നു...,,Pending,,New shared catalog copy; native-speaker review required.
Runs on record,Runs on record,രേഖപ്പെടുത്തിയ റണ്ണുകൾ,,Pending,,New shared catalog copy; native-speaker review required.
Salary bank,Salary bank,ശമ്പള ബാങ്ക്,,Pending,,New shared catalog copy; native-speaker review required.
Salary structures,Salary structures,ശമ്പള ഘടനകൾ,,Pending,,New shared catalog copy; native-speaker review required.
Sale price,Sale price,വിൽപ്പന വില,,Pending,,New shared catalog copy; native-speaker review required.
"Sales and purchases, last 12 months","Sales and purchases, last 12 months","വിൽപ്പനയും വാങ്ങലും, കഴിഞ്ഞ 12 മാസം",,Pending,,New shared catalog copy; native-speaker review required.
Sales invoices,Sales invoices,വിൽപ്പന ഇൻവോയ്സുകൾ,,Pending,,New shared catalog copy; native-speaker review required.
Sales orders,Sales orders,വിൽപ്പന ഓർഡറുകൾ,,Pending,,New shared catalog copy; native-speaker review required.
Sales register,Sales register,വിൽപ്പന രജിസ്റ്റർ,,Pending,,New shared catalog copy; native-speaker review required.
"Sales, cash and approvals at a glance","Sales, cash and approvals at a glance","വിൽപ്പന, ക്യാഷ്, അംഗീകാരങ്ങൾ ഒറ്റനോട്ടത്തിൽ",,Pending,,New shared catalog copy; native-speaker review required.
Salesperson,Salesperson,സെയിൽസ് പേഴ്സൺ,,Pending,,New shared catalog copy; native-speaker review required.
Sample,Sample,സാമ്പിൾ,,Pending,,New shared catalog copy; native-speaker review required.
Save access,Save access,ആക്‌സസ് സേവ് ചെയ്യുക,,Pending,,New shared catalog copy; native-speaker review required.
Save and add another,Save and add another,സേവ് ചെയ്ത് മറ്റൊന്ന് ചേർക്കുക,,Pending,,New shared catalog copy; native-speaker review required.
Save and resubmit,Save and resubmit,സേവ് ചെയ്ത് വീണ്ടും സമർപ്പിക്കുക,,Pending,,New shared catalog copy; native-speaker review required.
Save current view…,Save current view…,നിലവിലെ കാഴ്ച സേവ് ചെയ്യുക...,,Pending,,New shared catalog copy; native-speaker review required.
Save dashboard,Save dashboard,ഡാഷ്‌ബോർഡ് സേവ് ചെയ്യുക,,Pending,,New shared catalog copy; native-speaker review required.
Save marks,Save marks,മാർക്ക് സേവ് ചെയ്യുക,,Pending,,New shared catalog copy; native-speaker review required.
Save period,Save period,കാലയളവ് സേവ് ചെയ്യുക,,Pending,,New shared catalog copy; native-speaker review required.
Save register,Save register,രജിസ്റ്റർ സേവ് ചെയ്യുക,,Pending,,New shared catalog copy; native-speaker review required.
Save settings,Save settings,ക്രമീകരണങ്ങൾ സേവ് ചെയ്യുക,,Pending,,New shared catalog copy; native-speaker review required.
Save the current search and filters,Save the current search and filters,നിലവിലെ തിരയലും ഫിൽട്ടറുകളും സേവ് ചെയ്യുക,,Pending,,New shared catalog copy; native-speaker review required.
"Saved access for {name}. It applies on the next request, including schedules and the API.","Saved access for {name}. It applies on the next request, including schedules and the API.","{name}-ന് ആക്‌സസ് സേവ് ചെയ്തു. ഷെഡ്യൂളുകളും API-യും ഉൾപ്പെടെ, അടുത്ത അഭ്യർത്ഥനയിൽ ഇത് ബാധകമാകും.",,Pending,,New shared catalog copy; native-speaker review required.
Saved to your account by the host application,Saved to your account by the host application,ഹോസ്റ്റ് ആപ്ലിക്കേഷൻ വഴി നിങ്ങളുടെ അക്കൗണ്ടിൽ സേവ് ചെയ്തു,,Pending,,New shared catalog copy; native-speaker review required.
Scenario,Scenario,സാഹചര്യം,,Pending,,New shared catalog copy; native-speaker review required.
Scenario target,Scenario target,സാഹചര്യ ലക്ഷ്യം,,Pending,,New shared catalog copy; native-speaker review required.
Schedule a live session,Schedule a live session,ലൈവ് സെഷൻ ഷെഡ്യൂൾ ചെയ്യുക,,Pending,,New shared catalog copy; native-speaker review required.
Schedule exam paper,Schedule exam paper,പരീക്ഷാ പേപ്പർ ഷെഡ്യൂൾ ചെയ്യുക,,Pending,,New shared catalog copy; native-speaker review required.
Schedule paper,Schedule paper,പേപ്പർ ഷെഡ്യൂൾ ചെയ്യുക,,Pending,,New shared catalog copy; native-speaker review required.
Schedule this report,Schedule this report,ഈ റിപ്പോർട്ട് ഷെഡ്യൂൾ ചെയ്യുക,,Pending,,New shared catalog copy; native-speaker review required.
"Schedule, {value0}","Schedule, {value0}","ഷെഡ്യൂൾ, {value0}",,Pending,,New shared catalog copy; native-speaker review required.
Scheduled,Scheduled,ഷെഡ്യൂൾ ചെയ്തു,,Pending,,New shared catalog copy; native-speaker review required.
Scheduled runs are not counted.,Scheduled runs are not counted.,ഷെഡ്യൂൾ ചെയ്ത റണ്ണുകൾ കണക്കാക്കില്ല.,,Pending,,New shared catalog copy; native-speaker review required.
Schedules,Schedules,ഷെഡ്യൂളുകൾ,,Pending,,New shared catalog copy; native-speaker review required.
School,School,സ്കൂൾ,,Pending,,New shared catalog copy; native-speaker review required.
School Accountant,School Accountant,സ്കൂൾ അക്കൗണ്ടന്റ്,,Pending,,New shared catalog copy; native-speaker review required.
School Admin,School Admin,സ്കൂൾ അഡ്മിൻ,,Pending,,New shared catalog copy; native-speaker review required.
School Librarian,School Librarian,സ്കൂൾ ലൈബ്രേറിയൻ,,Pending,,New shared catalog copy; native-speaker review required.
School Parent,School Parent,സ്കൂൾ രക്ഷിതാവ്,,Pending,,New shared catalog copy; native-speaker review required.
School Student,School Student,സ്കൂൾ വിദ്യാർത്ഥി,,Pending,,New shared catalog copy; native-speaker review required.
School Teacher,School Teacher,സ്കൂൾ അധ്യാപകൻ,,Pending,,New shared catalog copy; native-speaker review required.
School calendar,School calendar,സ്കൂൾ കലണ്ടർ,,Pending,,New shared catalog copy; native-speaker review required.
School-wide attendance,School-wide attendance,സ്കൂൾ വ്യാപകമായ ഹാജർ,,Pending,,New shared catalog copy; native-speaker review required.
Scored {value0}/{value1} · class avg {value2},Scored {value0}/{value1} · class avg {value2},സ്കോർ {value0}/{value1} · ക്ലാസ് ശരാശരി {value2},,Pending,,New shared catalog copy; native-speaker review required.
"Search applicant, parent, app no.","Search applicant, parent, app no.","അപേക്ഷകൻ, രക്ഷിതാവ്, അപേക്ഷാ നമ്പർ എന്നിവ തിരയുക",,Pending,,New shared catalog copy; native-speaker review required.
"Search by name, topic or tag, for example: denial, occupancy, ledger","Search by name, topic or tag, for example: denial, occupancy, ledger","പേര്, വിഷയം അല്ലെങ്കിൽ ടാഗ് ഉപയോഗിച്ച് തിരയുക, ഉദാഹരണത്തിന്: ഡിനയൽ, ഒക്യുപൻസി, ലെഡ്ജർ",,Pending,,New shared catalog copy; native-speaker review required.
"Search by person, reference or department","Search by person, reference or department","വ്യക്തി, റഫറൻസ് അല്ലെങ്കിൽ വകുപ്പ് അനുസരിച്ച് തിരയുക",,Pending,,New shared catalog copy; native-speaker review required.
Search conversations,Search conversations,സംഭാഷണങ്ങൾ തിരയുക,,Pending,,New shared catalog copy; native-speaker review required.
Search notices,Search notices,അറിയിപ്പുകൾ തിരയുക,,Pending,,New shared catalog copy; native-speaker review required.
Search reports,Search reports,റിപ്പോർട്ടുകൾ തിരയുക,,Pending,,New shared catalog copy; native-speaker review required.
Search requests,Search requests,അഭ്യർത്ഥനകൾ തിരയുക,,Pending,,New shared catalog copy; native-speaker review required.
Search table,Search table,പട്ടിക തിരയുക,,Pending,,New shared catalog copy; native-speaker review required.
Search the tree,Search the tree,ട്രീ തിരയുക,,Pending,,New shared catalog copy; native-speaker review required.
Search {field},Search {field},{field} തിരയുക,,Pending,,New shared catalog copy; native-speaker review required.
Search {value0},Search {value0},{value0} തിരയുക,,Pending,,New shared catalog copy; native-speaker review required.
Second language,Second language,രണ്ടാം ഭാഷ,,Pending,,New shared catalog copy; native-speaker review required.
Security,Security,സുരക്ഷ,,Pending,,New shared catalog copy; native-speaker review required.
See sensitive columns unmasked,See sensitive columns unmasked,സെൻസിറ്റീവ് കോളങ്ങൾ മറയ്ക്കാതെ കാണുക,,Pending,,New shared catalog copy; native-speaker review required.
Select a conversation,Select a conversation,ഒരു സംഭാഷണം തിരഞ്ഞെടുക്കുക,,Pending,,New shared catalog copy; native-speaker review required.
Select a notice,Select a notice,ഒരു അറിയിപ്പ് തിരഞ്ഞെടുക്കുക,,Pending,,New shared catalog copy; native-speaker review required.
Select an item in the tree,Select an item in the tree,ട്രീയിൽ ഒരു ഇനം തിരഞ്ഞെടുക്കുക,,Pending,,New shared catalog copy; native-speaker review required.
Select grade,Select grade,ഗ്രേഡ് തിരഞ്ഞെടുക്കുക,,Pending,,New shared catalog copy; native-speaker review required.
Select section,Select section,സെക്ഷൻ തിരഞ്ഞെടുക്കുക,,Pending,,New shared catalog copy; native-speaker review required.
Selected files,Selected files,തിരഞ്ഞെടുത്ത ഫയലുകൾ,,Pending,,New shared catalog copy; native-speaker review required.
Selected on this screen only — not uploaded or saved.,Selected on this screen only — not uploaded or saved.,ഈ സ്ക്രീനിൽ മാത്രം തിരഞ്ഞെടുത്തത് — അപ്‌ലോഡ് ചെയ്യുകയോ സേവ് ചെയ്യുകയോ ചെയ്തിട്ടില്ല.,,Pending,,New shared catalog copy; native-speaker review required.
Selected roles,Selected roles,തിരഞ്ഞെടുത്ത റോളുകൾ,,Pending,,New shared catalog copy; native-speaker review required.
Self study,Self study,സ്വയം പഠനം,,Pending,,New shared catalog copy; native-speaker review required.
Send an email to,Send an email to,ഇമെയിൽ അയയ്ക്കുക,,Pending,,New shared catalog copy; native-speaker review required.
Send test email,Send test email,ടെസ്റ്റ് ഇമെയിൽ അയയ്ക്കുക,,Pending,,New shared catalog copy; native-speaker review required.
"Sender passes SPF, DKIM and DMARC","Sender passes SPF, DKIM and DMARC","അയച്ചയാൾ SPF, DKIM, DMARC എന്നിവ പാസാകുന്നു",,Pending,,New shared catalog copy; native-speaker review required.
Sensitive columns,Sensitive columns,സെൻസിറ്റീവ് കോളങ്ങൾ,,Pending,,New shared catalog copy; native-speaker review required.
Sensitive columns are masked for your role: {columns}.,Sensitive columns are masked for your role: {columns}.,നിങ്ങളുടെ റോളിനായി സെൻസിറ്റീവ് കോളങ്ങൾ മറച്ചിരിക്കുന്നു: {columns}.,,Pending,,New shared catalog copy; native-speaker review required.
Sent,Sent,അയച്ചു,,Pending,,New shared catalog copy; native-speaker review required.
Sent to the class teacher for approval,Sent to the class teacher for approval,അംഗീകാരത്തിനായി ക്ലാസ് ടീച്ചർക്ക് അയച്ചു,,Pending,,New shared catalog copy; native-speaker review required.
Separate addresses with commas. Only registered users and approved domains are allowed. Large or sensitive files are sent as a secure link.,Separate addresses with commas. Only registered users and approved domains are allowed. Large or sensitive files are sent as a secure link.,വിലാസങ്ങൾ കോമകൾ കൊണ്ട് വേർതിരിക്കുക. രജിസ്റ്റർ ചെയ്ത ഉപയോക്താക്കൾക്കും അംഗീകൃത ഡൊമെയ്നുകൾക്കും മാത്രമേ അനുമതിയുള്ളൂ. വലുതോ സെൻസിറ്റീവോ ആയ ഫയലുകൾ സുരക്ഷിത ലിങ്കായി അയയ്ക്കും.,,Pending,,New shared catalog copy; native-speaker review required.
Service line,Service line,സേവന വിഭാഗം,,Pending,,New shared catalog copy; native-speaker review required.
Service line growth,Service line growth,സേവന ലൈൻ വളർച്ച,,Pending,,New shared catalog copy; native-speaker review required.
"Set a search or filter, then save it here","Set a search or filter, then save it here",ഒരു തിരയലോ ഫിൽട്ടറോ സജ്ജമാക്കി ഇവിടെ സേവ് ചെയ്യുക,,Pending,,New shared catalog copy; native-speaker review required.
Set by the school calendar,Set by the school calendar,സ്കൂൾ കലണ്ടർ പ്രകാരം നിശ്ചയിച്ചത്,,Pending,,New shared catalog copy; native-speaker review required.
Settings and rules,Settings and rules,ക്രമീകരണങ്ങളും നിയമങ്ങളും,,Pending,,New shared catalog copy; native-speaker review required.
Settings sections,Settings sections,ക്രമീകരണ വിഭാഗങ്ങൾ,,Pending,,New shared catalog copy; native-speaker review required.
Setup,Setup,സെറ്റപ്പ്,,Pending,,New shared catalog copy; native-speaker review required.
"Several reports on one page, sharing one period. Each widget respects the viewer's own report access.","Several reports on one page, sharing one period. Each widget respects the viewer's own report access.","ഒരു കാലയളവ് പങ്കിടുന്ന, ഒരു പേജിൽ ഒന്നിലധികം റിപ്പോർട്ടുകൾ. ഓരോ വിജറ്റും കാഴ്ചക്കാരന്റെ സ്വന്തം റിപ്പോർട്ട് ആക്‌സസ് മാനിക്കുന്നു.",,Pending,,New shared catalog copy; native-speaker review required.
Share,Share,പങ്കിടുക,,Pending,,New shared catalog copy; native-speaker review required.
Share custom reports with roles,Share custom reports with roles,ഇഷ്ടാനുസൃത റിപ്പോർട്ടുകൾ റോളുകളുമായി പങ്കിടുക,,Pending,,New shared catalog copy; native-speaker review required.
Share of net revenue by payer type.,Share of net revenue by payer type.,പേയർ തരം അനുസരിച്ച് അറ്റ വരുമാനത്തിന്റെ വിഹിതം.,,Pending,,New shared catalog copy; native-speaker review required.
Share of students present,Share of students present,ഹാജരായ വിദ്യാർത്ഥികളുടെ പങ്ക്,,Pending,,New shared catalog copy; native-speaker review required.
Share screen,Share screen,സ്ക്രീൻ പങ്കിടുക,,Pending,,New shared catalog copy; native-speaker review required.
Shared with,Shared with,പങ്കിട്ടത്,,Pending,,New shared catalog copy; native-speaker review required.
Shelf,Shelf,ഷെൽഫ്,,Pending,,New shared catalog copy; native-speaker review required.
Shift,Shift,ഷിഫ്റ്റ്,,Pending,,New shared catalog copy; native-speaker review required.
Shift master,Shift master,ഷിഫ്റ്റ് മാസ്റ്റർ,,Pending,,New shared catalog copy; native-speaker review required.
Ship to,Ship to,ഷിപ്പ് ടു,,Pending,,New shared catalog copy; native-speaker review required.
Short bio,Short bio,ഹ്രസ്വ ബയോ,,Pending,,New shared catalog copy; native-speaker review required.
Shorter months run on their last day.,Shorter months run on their last day.,കുറഞ്ഞ ദിവസങ്ങളുള്ള മാസങ്ങൾ അവയുടെ അവസാന ദിവസം പ്രവർത്തിക്കും.,,Pending,,New shared catalog copy; native-speaker review required.
Show all dates,Show all dates,എല്ലാ തീയതികളും കാണിക്കുക,,Pending,,New shared catalog copy; native-speaker review required.
Show answers after submit,Show answers after submit,സമർപ്പിച്ചതിന് ശേഷം ഉത്തരങ്ങൾ കാണിക്കുക,,Pending,,New shared catalog copy; native-speaker review required.
Show as,Show as,ഇപ്രകാരം കാണിക്കുക,,Pending,,New shared catalog copy; native-speaker review required.
Show columns,Show columns,കോളങ്ങൾ കാണിക്കുക,,Pending,,New shared catalog copy; native-speaker review required.
Show everyone's reports,Show everyone's reports,എല്ലാവരുടെയും റിപ്പോർട്ടുകൾ കാണിക്കുക,,Pending,,New shared catalog copy; native-speaker review required.
Show terms,Show terms,ടേമുകൾ കാണിക്കുക,,Pending,,New shared catalog copy; native-speaker review required.
Shown,Shown,കാണിച്ചത്,,Pending,,New shared catalog copy; native-speaker review required.
"Shown on invoices, letters and the login page.","Shown on invoices, letters and the login page.",ഇൻവോയ്സുകളിലും കത്തുകളിലും ലോഗിൻ പേജിലും കാണിക്കും.,,Pending,,New shared catalog copy; native-speaker review required.
Shown on the teacher profile visible to parents,Shown on the teacher profile visible to parents,രക്ഷിതാക്കൾക്ക് ദൃശ്യമാകുന്ന അധ്യാപക പ്രൊഫൈലിൽ കാണിക്കുന്നു,,Pending,,New shared catalog copy; native-speaker review required.
"Shown, in order","Shown, in order",ക്രമത്തിൽ കാണിച്ചത്,,Pending,,New shared catalog copy; native-speaker review required.
Shuffle question order,Shuffle question order,ചോദ്യങ്ങളുടെ ക്രമം ഷഫിൾ ചെയ്യുക,,Pending,,New shared catalog copy; native-speaker review required.
Sibling discount of,Sibling discount of,സഹോദര കിഴിവ്,,Pending,,New shared catalog copy; native-speaker review required.
Sign-in is handled by this application. Reports uses the account you are already signed in with.,Sign-in is handled by this application. Reports uses the account you are already signed in with.,സൈൻ-ഇൻ ഈ ആപ്ലിക്കേഷൻ കൈകാര്യം ചെയ്യുന്നു. നിങ്ങൾ ഇതിനകം സൈൻ ഇൻ ചെയ്തിരിക്കുന്ന അക്കൗണ്ട് റിപ്പോർട്ടുകൾ ഉപയോഗിക്കുന്നു.,,Pending,,New shared catalog copy; native-speaker review required.
Simulates an incoming email and runs the real processing. Replies appear in the email outbox.,Simulates an incoming email and runs the real processing. Replies appear in the email outbox.,ഒരു ഇൻകമിംഗ് ഇമെയിൽ അനുകരിക്കുകയും യഥാർത്ഥ പ്രോസസ്സിംഗ് പ്രവർത്തിപ്പിക്കുകയും ചെയ്യുന്നു. മറുപടികൾ ഇമെയിൽ ഔട്ട്‌ബോക്സിൽ ദൃശ്യമാകും.,,Pending,,New shared catalog copy; native-speaker review required.
Size,Size,വലുപ്പം,,Pending,,New shared catalog copy; native-speaker review required.
Small,Small,ചെറുത്,,Pending,,New shared catalog copy; native-speaker review required.
Small office expenses paid in cash,Small office expenses paid in cash,ക്യാഷിൽ അടച്ച ചെറിയ ഓഫീസ് ചെലവുകൾ,,Pending,,New shared catalog copy; native-speaker review required.
Smallest first,Smallest first,ഏറ്റവും ചെറുത് ആദ്യം,,Pending,,New shared catalog copy; native-speaker review required.
Some marks are out of range,Some marks are out of range,ചില മാർക്കുകൾ പരിധിക്ക് പുറത്താണ്,,Pending,,New shared catalog copy; native-speaker review required.
Sort by,Sort by,അടുക്കുക,,Pending,,New shared catalog copy; native-speaker review required.
Specialisation,Specialisation,സ്പെഷ്യലൈസേഷൻ,,Pending,,New shared catalog copy; native-speaker review required.
Speciality,Speciality,സ്പെഷ്യാലിറ്റി,,Pending,,New shared catalog copy; native-speaker review required.
Staff record preview,Staff record preview,സ്റ്റാഫ് റെക്കോർഡ് പ്രിവ്യൂ,,Pending,,New shared catalog copy; native-speaker review required.
Stage,Stage,ഘട്ടം,,Pending,,New shared catalog copy; native-speaker review required.
Standard reports,Standard reports,സ്റ്റാൻഡേർഡ് റിപ്പോർട്ടുകൾ,,Pending,,New shared catalog copy; native-speaker review required.
Star a report in the library to pin it here.,Star a report in the library to pin it here.,ഇവിടെ പിൻ ചെയ്യാൻ ലൈബ്രറിയിലെ ഒരു റിപ്പോർട്ട് സ്റ്റാർ ചെയ്യുക.,,Pending,,New shared catalog copy; native-speaker review required.
Start,Start,ആരംഭിക്കുക,,Pending,,New shared catalog copy; native-speaker review required.
Start a live class,Start a live class,ലൈവ് ക്ലാസ് ആരംഭിക്കുക,,Pending,,New shared catalog copy; native-speaker review required.
"Start from a dataset such as revenue, claims or admissions. You can preview results before saving.","Start from a dataset such as revenue, claims or admissions. You can preview results before saving.","വരുമാനം, ക്ലെയിമുകൾ അല്ലെങ്കിൽ അഡ്മിഷനുകൾ പോലുള്ള ഡാറ്റാസെറ്റിൽ നിന്ന് ആരംഭിക്കുക. സേവ് ചെയ്യുന്നതിന് മുമ്പ് നിങ്ങൾക്ക് ഫലങ്ങൾ പ്രിവ്യൂ ചെയ്യാം.",,Pending,,New shared catalog copy; native-speaker review required.
Start instant class,Start instant class,ഇൻസ്റ്റന്റ് ക്ലാസ് ആരംഭിക്കുക,,Pending,,New shared catalog copy; native-speaker review required.
Start new run,Start new run,പുതിയ റൺ ആരംഭിക്കുക,,Pending,,New shared catalog copy; native-speaker review required.
Start now,Start now,ഇപ്പോൾ ആരംഭിക്കുക,,Pending,,New shared catalog copy; native-speaker review required.
Start preview,Start preview,പ്രിവ്യൂ ആരംഭിക്കുക,,Pending,,New shared catalog copy; native-speaker review required.
Start quiz,Start quiz,ക്വിസ് ആരംഭിക്കുക,,Pending,,New shared catalog copy; native-speaker review required.
Start reviewing,Start reviewing,അവലോകനം ആരംഭിക്കുക,,Pending,,New shared catalog copy; native-speaker review required.
Start run,Start run,റൺ ആരംഭിക്കുക,,Pending,,New shared catalog copy; native-speaker review required.
Start session,Start session,സെഷൻ ആരംഭിക്കുക,,Pending,,New shared catalog copy; native-speaker review required.
Start time,Start time,ആരംഭ സമയം,,Pending,,New shared catalog copy; native-speaker review required.
Starts,Starts,ആരംഭിക്കുന്നു,,Pending,,New shared catalog copy; native-speaker review required.
State / province,State / province,സംസ്ഥാനം / പ്രവിശ്യ,,Pending,,New shared catalog copy; native-speaker review required.
State master,State master,സ്റ്റേറ്റ് മാസ്റ്റർ,,Pending,,New shared catalog copy; native-speaker review required.
"States and provinces, grouped by country","States and provinces, grouped by country",രാജ്യം അനുസരിച്ച് ഗ്രൂപ്പ് ചെയ്ത സംസ്ഥാനങ്ങളും പ്രവിശ്യകളും,,Pending,,New shared catalog copy; native-speaker review required.
Status changed to {value0},Status changed to {value0},സ്റ്റാറ്റസ് {value0} ആയി മാറ്റി,,Pending,,New shared catalog copy; native-speaker review required.
Steps,Steps,ഘട്ടങ്ങൾ,,Pending,,New shared catalog copy; native-speaker review required.
Stock by category,Stock by category,വിഭാഗം അനുസരിച്ച് സ്റ്റോക്ക്,,Pending,,New shared catalog copy; native-speaker review required.
Stock health alerts.,Stock health alerts.,സ്റ്റോക്ക് ആരോഗ്യ അലേർട്ടുകൾ.,,Pending,,New shared catalog copy; native-speaker review required.
Stock position,Stock position,സ്റ്റോക്ക് സ്ഥിതി,,Pending,,New shared catalog copy; native-speaker review required.
Stock summary,Stock summary,സ്റ്റോക്ക് സംഗ്രഹം,,Pending,,New shared catalog copy; native-speaker review required.
Stock value,Stock value,സ്റ്റോക്ക് മൂല്യം,,Pending,,New shared catalog copy; native-speaker review required.
Stop rec,Stop rec,റെക്കോർഡിംഗ് നിർത്തുക,,Pending,,New shared catalog copy; native-speaker review required.
Stop sharing,Stop sharing,പങ്കിടൽ നിർത്തുക,,Pending,,New shared catalog copy; native-speaker review required.
Store,Store,സ്റ്റോർ,,Pending,,New shared catalog copy; native-speaker review required.
Stream,Stream,സ്ട്രീം,,Pending,,New shared catalog copy; native-speaker review required.
Street,Street,തെരുവ്,,Pending,,New shared catalog copy; native-speaker review required.
Street address,Street address,തെരുവ് വിലാസം,,Pending,,New shared catalog copy; native-speaker review required.
Stroke {value0},Stroke {value0},സ്ട്രോക്ക് {value0},,Pending,,New shared catalog copy; native-speaker review required.
Structure,Structure,ഘടന,,Pending,,New shared catalog copy; native-speaker review required.
Student,Student,വിദ്യാർത്ഥി,,Pending,,New shared catalog copy; native-speaker review required.
Student email,Student email,വിദ്യാർത്ഥിയുടെ ഇമെയിൽ,,Pending,,New shared catalog copy; native-speaker review required.
Student master,Student master,സ്റ്റുഡന്റ് മാസ്റ്റർ,,Pending,,New shared catalog copy; native-speaker review required.
Student phone,Student phone,വിദ്യാർത്ഥിയുടെ ഫോൺ,,Pending,,New shared catalog copy; native-speaker review required.
Student register,Student register,വിദ്യാർത്ഥി രജിസ്റ്റർ,,Pending,,New shared catalog copy; native-speaker review required.
Student registration,Student registration,വിദ്യാർത്ഥി രജിസ്ട്രേഷൻ,,Pending,,New shared catalog copy; native-speaker review required.
Students,Students,വിദ്യാർത്ഥികൾ,,Pending,,New shared catalog copy; native-speaker review required.
Students and parents see it on their date sheet immediately,Students and parents see it on their date sheet immediately,വിദ്യാർത്ഥികളും രക്ഷിതാക്കളും ഇത് അവരുടെ ഡേറ്റ് ഷീറ്റിൽ ഉടൻ കാണും,,Pending,,New shared catalog copy; native-speaker review required.
Students are notified when it is published,Students are notified when it is published,ഇത് പ്രസിദ്ധീകരിക്കുമ്പോൾ വിദ്യാർത്ഥികളെ അറിയിക്കും,,Pending,,New shared catalog copy; native-speaker review required.
Students per grade,Students per grade,ഓരോ ഗ്രേഡിലെയും വിദ്യാർത്ഥികൾ,,Pending,,New shared catalog copy; native-speaker review required.
"Students, guardians, fees and attendance","Students, guardians, fees and attendance","വിദ്യാർത്ഥികൾ, രക്ഷിതാക്കൾ, ഫീസ്, ഹാജർ",,Pending,,New shared catalog copy; native-speaker review required.
Subject,Subject,വിഷയം,,Pending,,New shared catalog copy; native-speaker review required.
Subject name,Subject name,വിഷയത്തിന്റെ പേര്,,Pending,,New shared catalog copy; native-speaker review required.
Subjects,Subjects,വിഷയങ്ങൾ,,Pending,,New shared catalog copy; native-speaker review required.
Subjects & teachers,Subjects & teachers,വിഷയങ്ങളും അധ്യാപകരും,,Pending,,New shared catalog copy; native-speaker review required.
Subjects offered,Subjects offered,വാഗ്ദാനം ചെയ്യുന്ന വിഷയങ്ങൾ,,Pending,,New shared catalog copy; native-speaker review required.
Subjects qualified to teach,Subjects qualified to teach,പഠിപ്പിക്കാൻ യോഗ്യതയുള്ള വിഷയങ്ങൾ,,Pending,,New shared catalog copy; native-speaker review required.
Submission rate,Submission rate,സമർപ്പണ നിരക്ക്,,Pending,,New shared catalog copy; native-speaker review required.
Submit,Submit,സമർപ്പിക്കുക,,Pending,,New shared catalog copy; native-speaker review required.
Submit now,Submit now,ഇപ്പോൾ സമർപ്പിക്കുക,,Pending,,New shared catalog copy; native-speaker review required.
Submit quiz?,Submit quiz?,ക്വിസ് സമർപ്പിക്കണോ?,,Pending,,New shared catalog copy; native-speaker review required.
Submit request,Submit request,അഭ്യർത്ഥന സമർപ്പിക്കുക,,Pending,,New shared catalog copy; native-speaker review required.
Submit: {value0},Submit: {value0},സമർപ്പിക്കുക: {value0},,Pending,,New shared catalog copy; native-speaker review required.
Submitted,Submitted,സമർപ്പിച്ചു,,Pending,,New shared catalog copy; native-speaker review required.
Submitted {value0},Submitted {value0},സമർപ്പിച്ചത് {value0},,Pending,,New shared catalog copy; native-speaker review required.
"Submitted, approved and denied claims with denial rate and value.","Submitted, approved and denied claims with denial rate and value.","സമർപ്പിച്ചതും അംഗീകരിച്ചതും നിരസിച്ചതുമായ ക്ലെയിമുകൾ, നിരസന നിരക്കും മൂല്യവും സഹിതം.",,Pending,,New shared catalog copy; native-speaker review required.
Submitting your answers…,Submitting your answers…,നിങ്ങളുടെ ഉത്തരങ്ങൾ സമർപ്പിക്കുന്നു…,,Pending,,New shared catalog copy; native-speaker review required.
Summary: grouped totals,Summary: grouped totals,സംഗ്രഹം: ഗ്രൂപ്പ് ചെയ്ത ആകെത്തുക,,Pending,,New shared catalog copy; native-speaker review required.
Superset and Metabase: load the JSON endpoint into your warehouse on a schedule and model it there.,Superset and Metabase: load the JSON endpoint into your warehouse on a schedule and model it there.,"Superset, Metabase: JSON എൻഡ്‌പോയിന്റ് ഒരു ഷെഡ്യൂളിൽ നിങ്ങളുടെ വെയർഹൗസിലേക്ക് ലോഡ് ചെയ്ത് അവിടെ മോഡൽ ചെയ്യുക.",,Pending,,New shared catalog copy; native-speaker review required.
Supplier master,Supplier master,സപ്ലയർ മാസ്റ്റർ,,Pending,,New shared catalog copy; native-speaker review required.
Support tickets,Support tickets,സപ്പോർട്ട് ടിക്കറ്റുകൾ,,Pending,,New shared catalog copy; native-speaker review required.
Symbol,Symbol,ചിഹ്നം,,Pending,,New shared catalog copy; native-speaker review required.
"Synthetic, deterministic data for ten years across four branches. Not real business data.","Synthetic, deterministic data for ten years across four branches. Not real business data.","നാല് ബ്രാഞ്ചുകളിലായി പത്ത് വർഷത്തെ സിന്തറ്റിക്, ഡിറ്റർമിനിസ്റ്റിക് ഡാറ്റ. യഥാർത്ഥ ബിസിനസ് ഡാറ്റയല്ല.",,Pending,,New shared catalog copy; native-speaker review required.
"Tableau, Power BI, Superset, Qlik and Excel can read report data over HTTPS.","Tableau, Power BI, Superset, Qlik and Excel can read report data over HTTPS.","Tableau, Power BI, Superset, Qlik, Excel എന്നിവയ്ക്ക് HTTPS വഴി റിപ്പോർട്ട് ഡാറ്റ വായിക്കാൻ കഴിയും.",,Pending,,New shared catalog copy; native-speaker review required.
Tableau: use the Web Data Connector or a scheduled extract script that saves the CSV URL.,Tableau: use the Web Data Connector or a scheduled extract script that saves the CSV URL.,Tableau: വെബ് ഡാറ്റ കണക്ടർ അല്ലെങ്കിൽ CSV URL സേവ് ചെയ്യുന്ന ഒരു ഷെഡ്യൂൾ ചെയ്ത എക്‌സ്ട്രാക്റ്റ് സ്ക്രിപ്റ്റ് ഉപയോഗിക്കുക.,,Pending,,New shared catalog copy; native-speaker review required.
Take attendance,Take attendance,ഹാജർ എടുക്കുക,,Pending,,New shared catalog copy; native-speaker review required.
Target,Target,ലക്ഷ്യം,,Pending,,New shared catalog copy; native-speaker review required.
Target and actual net revenue by service line with variance.,Target and actual net revenue by service line with variance.,വ്യതിയാനത്തോടെ സേവന ലൈൻ അനുസരിച്ച് ലക്ഷ്യവും യഥാർത്ഥ അറ്റ വരുമാനവും.,,Pending,,New shared catalog copy; native-speaker review required.
Target margin,Target margin,ലക്ഷ്യ മാർജിൻ,,Pending,,New shared catalog copy; native-speaker review required.
Tax ID,Tax ID,ടാക്സ് ഐഡി,,Pending,,New shared catalog copy; native-speaker review required.
Tax codes with effective dates,Tax codes with effective dates,പ്രാബല്യ തീയതികളോടെയുള്ള ടാക്സ് കോഡുകൾ,,Pending,,New shared catalog copy; native-speaker review required.
Tax invoice,Tax invoice,ടാക്സ് ഇൻവോയ്സ്,,Pending,,New shared catalog copy; native-speaker review required.
Tax rates,Tax rates,ടാക്സ് നിരക്കുകൾ,,Pending,,New shared catalog copy; native-speaker review required.
Tax reg.,Tax reg.,നികുതി രജിസ്ട്രേഷൻ,,Pending,,New shared catalog copy; native-speaker review required.
Tax region code,Tax region code,ടാക്സ് പ്രദേശ കോഡ്,,Pending,,New shared catalog copy; native-speaker review required.
Tax registration no.,Tax registration no.,ടാക്സ് രജിസ്ട്രേഷൻ നമ്പർ,,Pending,,New shared catalog copy; native-speaker review required.
"Teach live, set work, take attendance and enter marks.","Teach live, set work, take attendance and enter marks.","തത്സമയം പഠിപ്പിക്കുക, ജോലി നൽകുക, ഹാജർ എടുക്കുക, മാർക്ക് നൽകുക.",,Pending,,New shared catalog copy; native-speaker review required.
Teacher,Teacher,അധ്യാപകൻ,,Pending,,New shared catalog copy; native-speaker review required.
Teacher registration,Teacher registration,അധ്യാപക രജിസ്ട്രേഷൻ,,Pending,,New shared catalog copy; native-speaker review required.
Teacher workload,Teacher workload,അധ്യാപകന്റെ ജോലിഭാരം,,Pending,,New shared catalog copy; native-speaker review required.
Teachers,Teachers,അധ്യാപകർ,,Pending,,New shared catalog copy; native-speaker review required.
Teaching,Teaching,അധ്യാപനം,,Pending,,New shared catalog copy; native-speaker review required.
Teaching staff,Teaching staff,അധ്യാപന ജീവനക്കാർ,,Pending,,New shared catalog copy; native-speaker review required.
Technician,Technician,ടെക്നീഷ്യൻ,,Pending,,New shared catalog copy; native-speaker review required.
Tell approvers when something needs them.,Tell approvers when something needs them.,എന്തെങ്കിലും ആവശ്യമുള്ളപ്പോൾ അംഗീകാരികളെ അറിയിക്കുക.,,Pending,,New shared catalog copy; native-speaker review required.
Term,Term,ടേം,,Pending,,New shared catalog copy; native-speaker review required.
Term 1,Term 1,ടേം 1,,Pending,,New shared catalog copy; native-speaker review required.
Term 2,Term 2,ടേം 2,,Pending,,New shared catalog copy; native-speaker review required.
Term scores by subject,Term scores by subject,വിഷയം അനുസരിച്ച് ടേം സ്കോറുകൾ,,Pending,,New shared catalog copy; native-speaker review required.
Terms,Terms,ടേമുകൾ,,Pending,,New shared catalog copy; native-speaker review required.
Test,Test,ടെസ്റ്റ്,,Pending,,New shared catalog copy; native-speaker review required.
Test group,Test group,ടെസ്റ്റ് ഗ്രൂപ്പ്,,Pending,,New shared catalog copy; native-speaker review required.
"Tests, samples, turnaround and pricing","Tests, samples, turnaround and pricing","ടെസ്റ്റുകൾ, സാമ്പിളുകൾ, ടേണറൗണ്ട്, വിലനിർണ്ണയം",,Pending,,New shared catalog copy; native-speaker review required.
Text,Text,ടെക്സ്റ്റ്,,Pending,,New shared catalog copy; native-speaker review required.
Text to place on the board,Text to place on the board,ബോർഡിൽ വയ്ക്കേണ്ട ടെക്സ്റ്റ്,,Pending,,New shared catalog copy; native-speaker review required.
Thank you!,Thank you!,നന്ദി!,,Pending,,New shared catalog copy; native-speaker review required.
That page needs a permission your role does not have.,That page needs a permission your role does not have.,ആ പേജിന് നിങ്ങളുടെ റോളിന് ഇല്ലാത്ത ഒരു അനുമതി ആവശ്യമാണ്.,,Pending,,New shared catalog copy; native-speaker review required.
The end date is before the start date,The end date is before the start date,അവസാന തീയതി ആരംഭ തീയതിക്ക് മുമ്പാണ്,,Pending,,New shared catalog copy; native-speaker review required.
The file is emailed when it is ready.,The file is emailed when it is ready.,ഫയൽ തയ്യാറാകുമ്പോൾ ഇമെയിൽ ചെയ്യും.,,Pending,,New shared catalog copy; native-speaker review required.
"The link may be old, or the item may have been deleted or not shared with your role.","The link may be old, or the item may have been deleted or not shared with your role.","ലിങ്ക് പഴയതാകാം, അല്ലെങ്കിൽ ഇനം ഇല്ലാതാക്കിയതോ നിങ്ങളുടെ റോളുമായി പങ്കിടാത്തതോ ആകാം.",,Pending,,New shared catalog copy; native-speaker review required.
The report total for the period.,The report total for the period.,കാലയളവിലെ റിപ്പോർട്ട് ആകെത്തുക.,,Pending,,New shared catalog copy; native-speaker review required.
The run log appears here once you start.,The run log appears here once you start.,നിങ്ങൾ ആരംഭിച്ചുകഴിഞ്ഞാൽ റൺ ലോഗ് ഇവിടെ ദൃശ്യമാകും.,,Pending,,New shared catalog copy; native-speaker review required.
"The same rules apply on screen, in exports, schedules, email requests and the API.","The same rules apply on screen, in exports, schedules, email requests and the API.","സ്ക്രീനിലും, എക്സ്പോർട്ടുകളിലും, ഷെഡ്യൂളുകളിലും, ഇമെയിൽ അഭ്യർത്ഥനകളിലും, API-യിലും ഇതേ നിയമങ്ങൾ ബാധകമാണ്.",,Pending,,New shared catalog copy; native-speaker review required.
The timer starts when you press Start and the quiz submits automatically when it reaches zero.,The timer starts when you press Start and the quiz submits automatically when it reaches zero.,നിങ്ങൾ Start അമർത്തുമ്പോൾ ടൈമർ ആരംഭിക്കുകയും അത് പൂജ്യത്തിലെത്തുമ്പോൾ ക്വിസ് സ്വയമേവ സമർപ്പിക്കുകയും ചെയ്യും.,,Pending,,New shared catalog copy; native-speaker review required.
The {value0} portal doesn't include this page. Go back to your dashboard.,The {value0} portal doesn't include this page. Go back to your dashboard.,{value0} പോർട്ടലിൽ ഈ പേജ് ഇല്ല. നിങ്ങളുടെ ഡാഷ്ബോർഡിലേക്ക് മടങ്ങുക.,,Pending,,New shared catalog copy; native-speaker review required.
"These reports set their own on-screen limits, usually because they return one row per record.","These reports set their own on-screen limits, usually because they return one row per record.","ഈ റിപ്പോർട്ടുകൾ അവയുടെ സ്വന്തം ഓൺ-സ്ക്രീൻ പരിധികൾ സജ്ജീകരിക്കുന്നു, സാധാരണയായി ഓരോ റെക്കോർഡിനും ഒരു വരി തിരികെ നൽകുന്നതിനാൽ.",,Pending,,New shared catalog copy; native-speaker review required.
This area isn't part of your portal,This area isn't part of your portal,ഈ ഭാഗം നിങ്ങളുടെ പോർട്ടലിന്റെ ഭാഗമല്ല,,Pending,,New shared catalog copy; native-speaker review required.
This device · {value0},This device · {value0},ഈ ഉപകരണം · {value0},,Pending,,New shared catalog copy; native-speaker review required.
This is a computer-generated invoice.,This is a computer-generated invoice.,ഇത് കമ്പ്യൂട്ടർ സൃഷ്ടിച്ച ഇൻവോയ്സാണ്.,,Pending,,New shared catalog copy; native-speaker review required.
This page could not load,This page could not load,ഈ പേജ് ലോഡ് ചെയ്യാനായില്ല,,Pending,,New shared catalog copy; native-speaker review required.
This page does not exist,This page does not exist,ഈ പേജ് നിലവിലില്ല,,Pending,,New shared catalog copy; native-speaker review required.
This page does not exist or you cannot open it,This page does not exist or you cannot open it,ഈ പേജ് നിലവിലില്ല അല്ലെങ്കിൽ നിങ്ങൾക്ക് ഇത് തുറക്കാൻ കഴിയില്ല,,Pending,,New shared catalog copy; native-speaker review required.
This quiz has no questions,This quiz has no questions,ഈ ക്വിസിൽ ചോദ്യങ്ങളൊന്നുമില്ല,,Pending,,New shared catalog copy; native-speaker review required.
This record page does not exist,This record page does not exist,ഈ റെക്കോർഡ് പേജ് നിലവിലില്ല,,Pending,,New shared catalog copy; native-speaker review required.
This removes the selected records from the list. Linked documents keep their copy of the data.,This removes the selected records from the list. Linked documents keep their copy of the data.,ഇത് തിരഞ്ഞെടുത്ത റെക്കോർഡുകൾ ലിസ്റ്റിൽ നിന്ന് നീക്കം ചെയ്യുന്നു. ലിങ്ക് ചെയ്ത ഡോക്യുമെന്റുകൾ അവയുടെ ഡാറ്റയുടെ പകർപ്പ് നിലനിർത്തുന്നു.,,Pending,,New shared catalog copy; native-speaker review required.
This report has no chart. Show it as a table instead.,This report has no chart. Show it as a table instead.,ഈ റിപ്പോർട്ടിന് ചാർട്ട് ഇല്ല. പകരം ഇത് ഒരു പട്ടികയായി കാണിക്കുക.,,Pending,,New shared catalog copy; native-speaker review required.
This request is too large to show on screen,This request is too large to show on screen,ഈ അഭ്യർത്ഥന സ്ക്രീനിൽ കാണിക്കാൻ വളരെ വലുതാണ്,,Pending,,New shared catalog copy; native-speaker review required.
This school page does not exist.,This school page does not exist.,ഈ സ്കൂൾ പേജ് നിലവിലില്ല.,,Pending,,New shared catalog copy; native-speaker review required.
This session has ended.,This session has ended.,ഈ സെഷൻ അവസാനിച്ചു.,,Pending,,New shared catalog copy; native-speaker review required.
Thousands,Thousands,ആയിരങ്ങൾ,,Pending,,New shared catalog copy; native-speaker review required.
Tick the actions this role may take on each report. Removing View removes everything else. Branch limits are set per user.,Tick the actions this role may take on each report. Removing View removes everything else. Branch limits are set per user.,"ഓരോ റിപ്പോർട്ടിലും ഈ റോളിന് ചെയ്യാൻ കഴിയുന്ന പ്രവർത്തനങ്ങൾ ടിക് ചെയ്യുക. ""കാണുക"" നീക്കം ചെയ്താൽ മറ്റെല്ലാം നീക്കം ചെയ്യപ്പെടും. ബ്രാഞ്ച് പരിധികൾ ഓരോ ഉപയോക്താവിനും അനുസരിച്ച് സജ്ജമാക്കിയിരിക്കുന്നു.",,Pending,,New shared catalog copy; native-speaker review required.
Time limit,Time limit,സമയ പരിധി,,Pending,,New shared catalog copy; native-speaker review required.
Time taken,Time taken,എടുത്ത സമയം,,Pending,,New shared catalog copy; native-speaker review required.
Times shown in {zone},Times shown in {zone},{zone}-ൽ സമയങ്ങൾ കാണിച്ചിരിക്കുന്നു,,Pending,,New shared catalog copy; native-speaker review required.
Timesheets,Timesheets,ടൈംഷീറ്റുകൾ,,Pending,,New shared catalog copy; native-speaker review required.
Timetable,Timetable,ടൈംടേബിൾ,,Pending,,New shared catalog copy; native-speaker review required.
Tip: press Ctrl + S to save.,Tip: press Ctrl + S to save.,നുറുങ്ങ്: സേവ് ചെയ്യാൻ Ctrl + S അമർത്തുക.,,Pending,,New shared catalog copy; native-speaker review required.
Title,Title,ശീർഷകം,,Pending,,New shared catalog copy; native-speaker review required.
Title (optional),Title (optional),ശീർഷകം (ഓപ്ഷണൽ),,Pending,,New shared catalog copy; native-speaker review required.
"Title, author or ISBN","Title, author or ISBN","ശീർഷകം, രചയിതാവ് അല്ലെങ്കിൽ ISBN",,Pending,,New shared catalog copy; native-speaker review required.
Titles,Titles,ശീർഷകങ്ങൾ,,Pending,,New shared catalog copy; native-speaker review required.
To,To,വരെ,,Pending,,New shared catalog copy; native-speaker review required.
To do,To do,ചെയ്യേണ്ടത്,,Pending,,New shared catalog copy; native-speaker review required.
To grade,To grade,ഗ്രേഡ് ചെയ്യാനുള്ളത്,,Pending,,New shared catalog copy; native-speaker review required.
To {to},To {to},{to} വരെ,,Pending,,New shared catalog copy; native-speaker review required.
Today,Today,ഇന്ന്,,Pending,,New shared catalog copy; native-speaker review required.
Today is not in this period,Today is not in this period,ഇന്ന് ഈ കാലയളവിൽ ഇല്ല,,Pending,,New shared catalog copy; native-speaker review required.
Toggle camera,Toggle camera,ക്യാമറ ടോഗിൾ ചെയ്യുക,,Pending,,New shared catalog copy; native-speaker review required.
Toggle grid,Toggle grid,ഗ്രിഡ് ടോഗിൾ ചെയ്യുക,,Pending,,New shared catalog copy; native-speaker review required.
Toggle microphone,Toggle microphone,മൈക്രോഫോൺ ടോഗിൾ ചെയ്യുക,,Pending,,New shared catalog copy; native-speaker review required.
Top,Top,മുകളിൽ,,Pending,,New shared catalog copy; native-speaker review required.
Top performing classes,Top performing classes,മികച്ച പ്രകടനം കാഴ്ചവയ്ക്കുന്ന ക്ലാസുകൾ,,Pending,,New shared catalog copy; native-speaker review required.
Total credit,Total credit,മൊത്തം ക്രെഡിറ്റ്,,Pending,,New shared catalog copy; native-speaker review required.
Total debit,Total debit,മൊത്തം ഡെബിറ്റ്,,Pending,,New shared catalog copy; native-speaker review required.
Total due,Total due,മൊത്തം കുടിശ്ശിക,,Pending,,New shared catalog copy; native-speaker review required.
Total fee,Total fee,മൊത്തം ഫീസ്,,Pending,,New shared catalog copy; native-speaker review required.
Total {field},Total {field},മൊത്തം {field},,Pending,,New shared catalog copy; native-speaker review required.
Total · % · Rank,Total · % · Rank,മൊത്തം · % · റാങ്ക്,,Pending,,New shared catalog copy; native-speaker review required.
Transaction or cheque number,Transaction or cheque number,ഇടപാട് അല്ലെങ്കിൽ ചെക്ക് നമ്പർ,,Pending,,New shared catalog copy; native-speaker review required.
Transfer to,Transfer to,ട്രാൻസ്ഫർ ചെയ്യുക,,Pending,,New shared catalog copy; native-speaker review required.
Transport,Transport,ഗതാഗതം,,Pending,,New shared catalog copy; native-speaker review required.
Trial balance,Trial balance,ട്രയൽ ബാലൻസ്,,Pending,,New shared catalog copy; native-speaker review required.
"Try a different word, or choose All reports. Reports your role cannot open are not listed.","Try a different word, or choose All reports. Reports your role cannot open are not listed.","മറ്റൊരു വാക്ക് പരീക്ഷിക്കുക, അല്ലെങ്കിൽ എല്ലാ റിപ്പോർട്ടുകളും തിരഞ്ഞെടുക്കുക. നിങ്ങളുടെ റോളിന് തുറക്കാൻ കഴിയാത്ത റിപ്പോർട്ടുകൾ പട്ടികപ്പെടുത്തിയിട്ടില്ല.",,Pending,,New shared catalog copy; native-speaker review required.
Try it here,Try it here,ഇവിടെ പരീക്ഷിക്കുക,,Pending,,New shared catalog copy; native-speaker review required.
Turn in,Turn in,സമർപ്പിക്കുക,,Pending,,New shared catalog copy; native-speaker review required.
Turn off to see how a spoofed email is rejected.,Turn off to see how a spoofed email is rejected.,വ്യാജ ഇമെയിൽ എങ്ങനെ നിരസിക്കപ്പെടുന്നുവെന്ന് കാണാൻ ഓഫ് ചെയ്യുക.,,Pending,,New shared catalog copy; native-speaker review required.
Turnaround (hrs),Turnaround (hrs),ടേണറൗണ്ട് (മണിക്കൂർ),,Pending,,New shared catalog copy; native-speaker review required.
Two-step verification,Two-step verification,രണ്ട്-ഘട്ട സ്ഥിരീകരണം,,Pending,,New shared catalog copy; native-speaker review required.
Type a name or ID (2+ characters),Type a name or ID (2+ characters),ഒരു പേര് അല്ലെങ്കിൽ ID ടൈപ്പ് ചെയ്യുക (2+ അക്ഷരങ്ങൾ),,Pending,,New shared catalog copy; native-speaker review required.
"Type a report name, category or page","Type a report name, category or page","ഒരു റിപ്പോർട്ട് പേര്, വിഭാഗം അല്ലെങ്കിൽ പേജ് ടൈപ്പ് ചെയ്യുക",,Pending,,New shared catalog copy; native-speaker review required.
Type or pick {value0},Type or pick {value0},{value0} ടൈപ്പ് ചെയ്യുക അല്ലെങ്കിൽ തിരഞ്ഞെടുക്കുക,,Pending,,New shared catalog copy; native-speaker review required.
Type the question…,Type the question…,ചോദ്യം ടൈപ്പ് ചെയ്യുക…,,Pending,,New shared catalog copy; native-speaker review required.
"Type, Enter to place","Type, Enter to place","ടൈപ്പ് ചെയ്യുക, സ്ഥാപിക്കാൻ Enter അമർത്തുക",,Pending,,New shared catalog copy; native-speaker review required.
Under {value0},Under {value0},{value0} ന് കീഴിൽ,,Pending,,New shared catalog copy; native-speaker review required.
Undo,Undo,പഴയപടിയാക്കുക,,Pending,,New shared catalog copy; native-speaker review required.
Unit,Unit,യൂണിറ്റ്,,Pending,,New shared catalog copy; native-speaker review required.
Unit of measure,Unit of measure,അളവ് യൂണിറ്റ്,,Pending,,New shared catalog copy; native-speaker review required.
"Units used on items, orders and stock","Units used on items, orders and stock","ഇനങ്ങൾ, ഓർഡറുകൾ, സ്റ്റോക്ക് എന്നിവയിൽ ഉപയോഗിക്കുന്ന യൂണിറ്റുകൾ",,Pending,,New shared catalog copy; native-speaker review required.
Unknown,Unknown,അജ്ഞാതം,,Pending,,New shared catalog copy; native-speaker review required.
Unsaved,Unsaved,സേവ് ചെയ്തിട്ടില്ല,,Pending,,New shared catalog copy; native-speaker review required.
Unsaved results,Unsaved results,സേവ് ചെയ്യാത്ത ഫലങ്ങൾ,,Pending,,New shared catalog copy; native-speaker review required.
Untick “Shown” to make a column optional: people can add it from the Columns button when they need it.,Untick “Shown” to make a column optional: people can add it from the Columns button when they need it.,"ഒരു കോളം ഓപ്ഷണൽ ആക്കാൻ ""കാണിച്ചിരിക്കുന്നു"" അൺടിക് ചെയ്യുക: ആവശ്യമുള്ളപ്പോൾ ആളുകൾക്ക് കോളംസ് ബട്ടണിൽ നിന്ന് ഇത് ചേർക്കാം.",,Pending,,New shared catalog copy; native-speaker review required.
Untitled question,Untitled question,ശീർഷകമില്ലാത്ത ചോദ്യം,,Pending,,New shared catalog copy; native-speaker review required.
Up next today,Up next today,ഇന്ന് അടുത്തത്,,Pending,,New shared catalog copy; native-speaker review required.
Upcoming,Upcoming,വരാനിരിക്കുന്നത്,,Pending,,New shared catalog copy; native-speaker review required.
Upcoming exams,Upcoming exams,വരാനിരിക്കുന്ന പരീക്ഷകൾ,,Pending,,New shared catalog copy; native-speaker review required.
Upcoming schedules,Upcoming schedules,വരാനിരിക്കുന്ന ഷെഡ്യൂളുകൾ,,Pending,,New shared catalog copy; native-speaker review required.
Update password,Update password,പാസ്‌വേഡ് അപ്ഡേറ്റ് ചെയ്യുക,,Pending,,New shared catalog copy; native-speaker review required.
Updates as you type,Updates as you type,നിങ്ങൾ ടൈപ്പ് ചെയ്യുമ്പോൾ അപ്ഡേറ്റ് ചെയ്യുന്നു,,Pending,,New shared catalog copy; native-speaker review required.
Upload,Upload,അപ്‌ലോഡ് ചെയ്യുക,,Pending,,New shared catalog copy; native-speaker review required.
Uploaded,Uploaded,അപ്‌ലോഡ് ചെയ്തു,,Pending,,New shared catalog copy; native-speaker review required.
Uploading…,Uploading…,അപ്‌ലോഡ് ചെയ്യുന്നു…,,Pending,,New shared catalog copy; native-speaker review required.
Use in a live class,Use in a live class,തത്സമയ ക്ലാസിൽ ഉപയോഗിക്കുക,,Pending,,New shared catalog copy; native-speaker review required.
Use your work account.,Use your work account.,നിങ്ങളുടെ ജോലി അക്കൗണ്ട് ഉപയോഗിക്കുക.,,Pending,,New shared catalog copy; native-speaker review required.
Use “Add line” to start.,Use “Add line” to start.,"ആരംഭിക്കാൻ ""വരി ചേർക്കുക"" ഉപയോഗിക്കുക.",,Pending,,New shared catalog copy; native-speaker review required.
Used by API pulls and as the service default. Screens follow each person's page-size preference.,Used by API pulls and as the service default. Screens follow each person's page-size preference.,API പുള്ളുകളും സേവനത്തിന്റെ ഡിഫോൾട്ടും ആയി ഉപയോഗിക്കുന്നു. സ്ക്രീനുകൾ ഓരോ വ്യക്തിയുടെയും പേജ്-സൈസ് മുൻഗണന പിന്തുടരുന്നു.,,Pending,,New shared catalog copy; native-speaker review required.
Used to resolve periods such as yesterday.,Used to resolve periods such as yesterday.,ഇന്നലെ പോലുള്ള കാലയളവുകൾ പരിഹരിക്കാൻ ഉപയോഗിക്കുന്നു.,,Pending,,New shared catalog copy; native-speaker review required.
Used when a document does not specify its own.,Used when a document does not specify its own.,ഒരു ഡോക്യുമെന്റ് സ്വന്തമായി വ്യക്തമാക്കാത്തപ്പോൾ ഉപയോഗിക്കുന്നു.,,Pending,,New shared catalog copy; native-speaker review required.
Users,Users,ഉപയോക്താക്കൾ,,Pending,,New shared catalog copy; native-speaker review required.
Uses the current columns and filters. The period moves with each run.,Uses the current columns and filters. The period moves with each run.,നിലവിലെ കോളങ്ങളും ഫിൽട്ടറുകളും ഉപയോഗിക്കുന്നു. ഓരോ റണ്ണിനൊപ്പവും കാലയളവ് നീങ്ങുന്നു.,,Pending,,New shared catalog copy; native-speaker review required.
Valid on,Valid on,സാധുവായത്,,Pending,,New shared catalog copy; native-speaker review required.
Validity,Validity,സാധുത,,Pending,,New shared catalog copy; native-speaker review required.
Value,Value,മൂല്യം,,Pending,,New shared catalog copy; native-speaker review required.
"Value of stock expiring within 30 days, by branch and category.","Value of stock expiring within 30 days, by branch and category.","ബ്രാഞ്ച്, വിഭാഗം എന്നിവ പ്രകാരം, 30 ദിവസത്തിനുള്ളിൽ കാലഹരണപ്പെടുന്ന സ്റ്റോക്കിന്റെ മൂല്യം.",,Pending,,New shared catalog copy; native-speaker review required.
Values,Values,മൂല്യങ്ങൾ,,Pending,,New shared catalog copy; native-speaker review required.
Variance %,Variance %,വ്യതിയാനം %,,Pending,,New shared catalog copy; native-speaker review required.
Vehicle,Vehicle,വാഹനം,,Pending,,New shared catalog copy; native-speaker review required.
Vehicle master,Vehicle master,വാഹന മാസ്റ്റർ,,Pending,,New shared catalog copy; native-speaker review required.
"Vendors, ratings, lead times and bank details","Vendors, ratings, lead times and bank details","വെണ്ടർമാർ, റേറ്റിംഗുകൾ, ലീഡ് ടൈമുകൾ, ബാങ്ക് വിവരങ്ങൾ",,Pending,,New shared catalog copy; native-speaker review required.
Verified,Verified,സ്ഥിരീകരിച്ചു,,Pending,,New shared catalog copy; native-speaker review required.
View and manage data sources,View and manage data sources,ഡാറ്റ സ്രോതസ്സുകൾ കാണുകയും കൈകാര്യം ചെയ്യുകയും ചെയ്യുക,,Pending,,New shared catalog copy; native-speaker review required.
View audit log and outbox,View audit log and outbox,ഓഡിറ്റ് ലോഗും ഔട്ട്ബോക്സും കാണുക,,Pending,,New shared catalog copy; native-speaker review required.
View results,View results,ഫലങ്ങൾ കാണുക,,Pending,,New shared catalog copy; native-speaker review required.
View saved,View saved,സേവ് ചെയ്തവ കാണുക,,Pending,,New shared catalog copy; native-speaker review required.
View saved for the {role} role.,View saved for the {role} role.,{role} റോളിനായി വ്യൂ സേവ് ചെയ്തു.,,Pending,,New shared catalog copy; native-speaker review required.
Viewers only see widgets for reports their own role can open.,Viewers only see widgets for reports their own role can open.,കാഴ്ചക്കാർക്ക് അവരുടെ സ്വന്തം റോളിന് തുറക്കാൻ കഴിയുന്ന റിപ്പോർട്ടുകളുടെ വിജറ്റുകൾ മാത്രമേ കാണാൻ കഴിയൂ.,,Pending,,New shared catalog copy; native-speaker review required.
Views,Views,വ്യൂകൾ,,Pending,,New shared catalog copy; native-speaker review required.
Visibility,Visibility,ദൃശ്യപരത,,Pending,,New shared catalog copy; native-speaker review required.
Visible to,Visible to,ദൃശ്യമാകുന്നത്,,Pending,,New shared catalog copy; native-speaker review required.
"Visible to colleagues and, for teachers, to parents of your students","Visible to colleagues and, for teachers, to parents of your students","സഹപ്രവർത്തകർക്കും, അധ്യാപകർക്ക്, നിങ്ങളുടെ വിദ്യാർത്ഥികളുടെ രക്ഷിതാക്കൾക്കും ദൃശ്യമാണ്",,Pending,,New shared catalog copy; native-speaker review required.
Visible to finance only,Visible to finance only,ഫിനാൻസിന് മാത്രം ദൃശ്യമാണ്,,Pending,,New shared catalog copy; native-speaker review required.
Visit type,Visit type,സന്ദർശന തരം,,Pending,,New shared catalog copy; native-speaker review required.
Waiting,Waiting,കാത്തിരിക്കുന്നു,,Pending,,New shared catalog copy; native-speaker review required.
Waiting for grading,Waiting for grading,ഗ്രേഡിംഗിനായി കാത്തിരിക്കുന്നു,,Pending,,New shared catalog copy; native-speaker review required.
Waiting now,Waiting now,ഇപ്പോൾ കാത്തിരിക്കുന്നു,,Pending,,New shared catalog copy; native-speaker review required.
Waiting on me,Waiting on me,എന്നെ കാത്തിരിക്കുന്നു,,Pending,,New shared catalog copy; native-speaker review required.
Waiting on you{value0},Waiting on you{value0},നിങ്ങൾക്കായി കാത്തിരിക്കുന്നു{value0},,Pending,,New shared catalog copy; native-speaker review required.
Waiting time by department,Waiting time by department,വകുപ്പ് അനുസരിച്ചുള്ള കാത്തിരിപ്പ് സമയം,,Pending,,New shared catalog copy; native-speaker review required.
Waiting to be graded,Waiting to be graded,ഗ്രേഡ് ചെയ്യാൻ കാത്തിരിക്കുന്നു,,Pending,,New shared catalog copy; native-speaker review required.
Website,Website,വെബ്സൈറ്റ്,,Pending,,New shared catalog copy; native-speaker review required.
Week starts on,Week starts on,ആഴ്ച ആരംഭിക്കുന്നത്,,Pending,,New shared catalog copy; native-speaker review required.
Weekly load,Weekly load,പ്രതിവാര ലോഡ്,,Pending,,New shared catalog copy; native-speaker review required.
Weekly stock digest,Weekly stock digest,പ്രതിവാര സ്റ്റോക്ക് ഡൈജസ്റ്റ്,,Pending,,New shared catalog copy; native-speaker review required.
Weekly timetable,Weekly timetable,പ്രതിവാര ടൈംടേബിൾ,,Pending,,New shared catalog copy; native-speaker review required.
"Welcome back, {value0}","Welcome back, {value0}","വീണ്ടും സ്വാഗതം, {value0}",,Pending,,New shared catalog copy; native-speaker review required.
"What should students do? Mention the textbook pages, format and how it will be marked.","What should students do? Mention the textbook pages, format and how it will be marked.","വിദ്യാർത്ഥികൾ എന്ത് ചെയ്യണം? പാഠപുസ്തക പേജുകൾ, ഫോർമാറ്റ്, ഇത് എങ്ങനെ മാർക്ക് ചെയ്യും എന്നിവ പരാമർശിക്കുക.",,Pending,,New shared catalog copy; native-speaker review required.
"What the report answers, in one sentence.","What the report answers, in one sentence.","റിപ്പോർട്ട് എന്തിന് ഉത്തരം നൽകുന്നു, ഒരു വാക്യത്തിൽ.",,Pending,,New shared catalog copy; native-speaker review required.
When,When,എപ്പോൾ,,Pending,,New shared catalog copy; native-speaker review required.
"When a period is too long for the screen, choose Run in background on the report. Scheduled and emailed reports also appear here.","When a period is too long for the screen, choose Run in background on the report. Scheduled and emailed reports also appear here.","ഒരു കാലയളവ് സ്ക്രീനിന് വളരെ ദൈർഘ്യമേറിയതാകുമ്പോൾ, റിപ്പോർട്ടിൽ ""ബാക്ക്ഗ്രൗണ്ടിൽ പ്രവർത്തിപ്പിക്കുക"" തിരഞ്ഞെടുക്കുക. ഷെഡ്യൂൾ ചെയ്തതും ഇമെയിൽ ചെയ്തതുമായ റിപ്പോർട്ടുകളും ഇവിടെ ദൃശ്യമാകും.",,Pending,,New shared catalog copy; native-speaker review required.
When it is ready,When it is ready,ഇത് തയ്യാറാകുമ്പോൾ,,Pending,,New shared catalog copy; native-speaker review required.
"Where reports read from. Reports only run read-only queries against approved datasets, never against a live transactional database.","Where reports read from. Reports only run read-only queries against approved datasets, never against a live transactional database.","റിപ്പോർട്ടുകൾ എവിടെ നിന്ന് വായിക്കുന്നു. റിപ്പോർട്ടുകൾ അംഗീകൃത ഡാറ്റാസെറ്റുകൾക്കെതിരെ മാത്രം റീഡ്-ഒൺലി ക്വറികൾ പ്രവർത്തിപ്പിക്കുന്നു, ലൈവ് ട്രാൻസാക്ഷണൽ ഡാറ്റാബേസിനെതിരെ ഒരിക്കലുമില്ല.",,Pending,,New shared catalog copy; native-speaker review required.
Whiteboard,Whiteboard,വൈറ്റ്ബോർഡ്,,Pending,,New shared catalog copy; native-speaker review required.
Whiteboard tools,Whiteboard tools,വൈറ്റ്ബോർഡ് ടൂളുകൾ,,Pending,,New shared catalog copy; native-speaker review required.
Who,Who,ആരാണ്,,Pending,,New shared catalog copy; native-speaker review required.
Who can sign in and what they can do,Who can sign in and what they can do,"ആർക്കൊക്കെ സൈൻ ഇൻ ചെയ്യാം, അവർക്ക് എന്തൊക്കെ ചെയ്യാം",,Pending,,New shared catalog copy; native-speaker review required.
Who can use it,Who can use it,ആർക്കൊക്കെ ഇത് ഉപയോഗിക്കാം,,Pending,,New shared catalog copy; native-speaker review required.
Who is this view for?,Who is this view for?,ഈ വ്യൂ ആർക്കുവേണ്ടിയാണ്?,,Pending,,New shared catalog copy; native-speaker review required.
"Who ran, exported, emailed, scheduled or changed what. The newest 500 matching entries are shown.","Who ran, exported, emailed, scheduled or changed what. The newest 500 matching entries are shown.","ആര് എന്ത് പ്രവർത്തിപ്പിച്ചു, എക്സ്പോർട്ട് ചെയ്തു, ഇമെയിൽ ചെയ്തു, ഷെഡ്യൂൾ ചെയ്തു അല്ലെങ്കിൽ മാറ്റി. ഏറ്റവും പുതിയ 500 പൊരുത്തപ്പെടുന്ന എൻട്രികൾ കാണിച്ചിരിക്കുന്നു.",,Pending,,New shared catalog copy; native-speaker review required.
Why is this the right answer?,Why is this the right answer?,ഇത് എന്തുകൊണ്ട് ശരിയായ ഉത്തരമാണ്?,,Pending,,New shared catalog copy; native-speaker review required.
Why this entry is being made,Why this entry is being made,ഈ എൻട്രി എന്തുകൊണ്ട് ചെയ്യുന്നു,,Pending,,New shared catalog copy; native-speaker review required.
Widget size,Widget size,വിജറ്റ് വലുപ്പം,,Pending,,New shared catalog copy; native-speaker review required.
Widget title,Widget title,വിജറ്റ് ശീർഷകം,,Pending,,New shared catalog copy; native-speaker review required.
Widgets use the dashboard period and each viewer's own access.,Widgets use the dashboard period and each viewer's own access.,വിജറ്റുകൾ ഡാഷ്ബോർഡ് കാലയളവും ഓരോ കാഴ്ചക്കാരന്റെയും സ്വന്തം ആക്സസും ഉപയോഗിക്കുന്നു.,,Pending,,New shared catalog copy; native-speaker review required.
Withdraw,Withdraw,പിൻവലിക്കുക,,Pending,,New shared catalog copy; native-speaker review required.
Withdrawn,Withdrawn,പിൻവലിച്ചു,,Pending,,New shared catalog copy; native-speaker review required.
Work email,Work email,വർക്ക് ഇമെയിൽ,,Pending,,New shared catalog copy; native-speaker review required.
Working shifts and grace periods,Working shifts and grace periods,വർക്ക് ഷിഫ്റ്റുകളും ഗ്രേസ് പിരീഡുകളും,,Pending,,New shared catalog copy; native-speaker review required.
"Write a message — Enter to send, Shift+Enter for a new line","Write a message — Enter to send, Shift+Enter for a new line","ഒരു സന്ദേശം എഴുതുക — അയയ്ക്കാൻ Enter, പുതിയ വരിക്ക് Shift+Enter",,Pending,,New shared catalog copy; native-speaker review required.
Write an update or reply to the customer,Write an update or reply to the customer,ഉപഭോക്താവിന് ഒരു അപ്ഡേറ്റ് അല്ലെങ്കിൽ മറുപടി എഴുതുക,,Pending,,New shared catalog copy; native-speaker review required.
Year,Year,വർഷം,,Pending,,New shared catalog copy; native-speaker review required.
Yearly net revenue across ten years.,Yearly net revenue across ten years.,പത്ത് വർഷത്തെ വാർഷിക അറ്റ വരുമാനം.,,Pending,,New shared catalog copy; native-speaker review required.
Years exp.,Years exp.,വർഷത്തെ പരിചയം,,Pending,,New shared catalog copy; native-speaker review required.
Years of experience,Years of experience,പരിചയമുള്ള വർഷങ്ങൾ,,Pending,,New shared catalog copy; native-speaker review required.
Yes,Yes,അതെ,,Pending,,New shared catalog copy; native-speaker review required.
You,You,നിങ്ങൾ,,Pending,,New shared catalog copy; native-speaker review required.
You are presenting,You are presenting,നിങ്ങൾ അവതരിപ്പിക്കുന്നു,,Pending,,New shared catalog copy; native-speaker review required.
You can edit,You can edit,നിങ്ങൾക്ക് എഡിറ്റ് ചെയ്യാം,,Pending,,New shared catalog copy; native-speaker review required.
You can move between questions and flag any you want to revisit.,You can move between questions and flag any you want to revisit.,നിങ്ങൾക്ക് ചോദ്യങ്ങൾക്കിടയിൽ നീങ്ങാനും വീണ്ടും സന്ദർശിക്കാൻ ആഗ്രഹിക്കുന്നവ ഫ്ലാഗ് ചെയ്യാനും കഴിയും.,,Pending,,New shared catalog copy; native-speaker review required.
You can't take attendance for a future date.,You can't take attendance for a future date.,ഭാവി തീയതിക്കുള്ള ഹാജർ രേഖപ്പെടുത്താൻ കഴിയില്ല.,,Pending,,New shared catalog copy; native-speaker review required.
You do not have access to that report. Ask an administrator if you need it.,You do not have access to that report. Ask an administrator if you need it.,ആ റിപ്പോർട്ടിലേക്ക് നിങ്ങൾക്ക് ആക്സസ് ഇല്ല. ആവശ്യമെങ്കിൽ ഒരു അഡ്മിനിസ്ട്രേറ്ററോട് ചോദിക്കുക.,,Pending,,New shared catalog copy; native-speaker review required.
You get one attempt. Answers and explanations are shown after you submit.,You get one attempt. Answers and explanations are shown after you submit.,നിങ്ങൾക്ക് ഒരു ശ്രമം ലഭിക്കും. സമർപ്പിച്ചതിന് ശേഷം ഉത്തരങ്ങളും വിശദീകരണങ്ങളും കാണിക്കും.,,Pending,,New shared catalog copy; native-speaker review required.
You have answered,You have answered,നിങ്ങൾ ഉത്തരം നൽകി,,Pending,,New shared catalog copy; native-speaker review required.
You haven't borrowed any books yet,You haven't borrowed any books yet,നിങ്ങൾ ഇതുവരെ പുസ്തകങ്ങളൊന്നും കടം വാങ്ങിയിട്ടില്ല,,Pending,,New shared catalog copy; native-speaker review required.
You're on the waitlist for “{value0}”. We'll notify you when a copy is returned.,You're on the waitlist for “{value0}”. We'll notify you when a copy is returned.,"""{value0}"" എന്നതിന്റെ കാത്തിരിപ്പ് പട്ടികയിലാണ് നിങ്ങൾ. ഒരു കോപ്പി തിരികെ ലഭിക്കുമ്പോൾ ഞങ്ങൾ അറിയിക്കും.",,Pending,,New shared catalog copy; native-speaker review required.
You: ,You: ,നിങ്ങൾ: ,,Pending,,New shared catalog copy; native-speaker review required.
Your API keys,Your API keys,നിങ്ങളുടെ API കീകൾ,,Pending,,New shared catalog copy; native-speaker review required.
Your access,Your access,നിങ്ങളുടെ ആക്സസ്,,Pending,,New shared catalog copy; native-speaker review required.
Your access is limited to {branches}. Other branches are never included.,Your access is limited to {branches}. Other branches are never included.,നിങ്ങളുടെ ആക്സസ് {branches}-ൽ പരിമിതമാണ്. മറ്റ് ബ്രാഞ്ചുകൾ ഒരിക്കലും ഉൾപ്പെടുത്തിയിട്ടില്ല.,,Pending,,New shared catalog copy; native-speaker review required.
Your account has no school portal role in this workspace. Ask an administrator to grant one.,Your account has no school portal role in this workspace. Ask an administrator to grant one.,ഈ വർക്ക്‌സ്‌പേസിൽ നിങ്ങളുടെ അക്കൗണ്ടിന് സ്കൂൾ പോർട്ടൽ റോൾ ഇല്ല. ഒരെണ്ണം അനുവദിക്കാൻ ഒരു അഡ്മിനിസ്ട്രേറ്ററോട് ആവശ്യപ്പെടുക.,,Pending,,New shared catalog copy; native-speaker review required.
Your answer or notes for the teacher,Your answer or notes for the teacher,അധ്യാപകനുള്ള നിങ്ങളുടെ ഉത്തരം അല്ലെങ്കിൽ കുറിപ്പുകൾ,,Pending,,New shared catalog copy; native-speaker review required.
Your answers are not graded yet,Your answers are not graded yet,നിങ്ങളുടെ ഉത്തരങ്ങൾ ഇതുവരെ വിലയിരുത്തിയിട്ടില്ല,,Pending,,New shared catalog copy; native-speaker review required.
Your average,Your average,നിങ്ങളുടെ ശരാശരി,,Pending,,New shared catalog copy; native-speaker review required.
Your balances,Your balances,നിങ്ങളുടെ ബാലൻസുകൾ,,Pending,,New shared catalog copy; native-speaker review required.
Your branches ({count}),Your branches ({count}),നിങ്ങളുടെ ബ്രാഞ്ചുകൾ ({count}),,Pending,,New shared catalog copy; native-speaker review required.
Your classes,Your classes,നിങ്ങളുടെ ക്ലാസുകൾ,,Pending,,New shared catalog copy; native-speaker review required.
Your decision,Your decision,നിങ്ങളുടെ തീരുമാനം,,Pending,,New shared catalog copy; native-speaker review required.
Your manager is notified as soon as you submit.,Your manager is notified as soon as you submit.,നിങ്ങൾ സമർപ്പിച്ചയുടനെ നിങ്ങളുടെ മാനേജറെ അറിയിക്കും.,,Pending,,New shared catalog copy; native-speaker review required.
Your personal scratch board for working out problems. Pages stay until you leave the page; download a PNG to keep them.,Your personal scratch board for working out problems. Pages stay until you leave the page; download a PNG to keep them.,പ്രശ്നങ്ങൾ പരിഹരിക്കാനുള്ള നിങ്ങളുടെ സ്വകാര്യ സ്ക്രാച്ച് ബോർഡ്. പേജ് വിടുന്നതുവരെ പേജുകൾ നിലനിൽക്കും; അവ സൂക്ഷിക്കാൻ PNG ഡൗൺലോഡ് ചെയ്യുക.,,Pending,,New shared catalog copy; native-speaker review required.
Your result appears when the school has graded them.,Your result appears when the school has graded them.,സ്കൂൾ വിലയിരുത്തിയ ശേഷം നിങ്ങളുടെ ഫലം ദൃശ്യമാകും.,,Pending,,New shared catalog copy; native-speaker review required.
Your role can view this report on screen but cannot export or email it. Ask an administrator for export access.,Your role can view this report on screen but cannot export or email it. Ask an administrator for export access.,"നിങ്ങളുടെ റോളിന് ഈ റിപ്പോർട്ട് സ്ക്രീനിൽ കാണാൻ കഴിയും, പക്ഷേ എക്സ്പോർട്ട് ചെയ്യാനോ ഇമെയിൽ ചെയ്യാനോ കഴിയില്ല. എക്സ്പോർട്ട് ആക്സസിനായി ഒരു അഡ്മിനിസ്ട്രേറ്ററോട് ചോദിക്കുക.",,Pending,,New shared catalog copy; native-speaker review required.
Your role cannot see this report.,Your role cannot see this report.,നിങ്ങളുടെ റോളിന് ഈ റിപ്പോർട്ട് കാണാൻ കഴിയില്ല.,,Pending,,New shared catalog copy; native-speaker review required.
Zoom in,Zoom in,സൂം ഇൻ,,Pending,,New shared catalog copy; native-speaker review required.
Zoom out,Zoom out,സൂം ഔട്ട്,,Pending,,New shared catalog copy; native-speaker review required.
accepted,accepted,അംഗീകരിച്ചു,,Pending,,New shared catalog copy; native-speaker review required.
accounts,accounts,അക്കൗണ്ടുകൾ,,Pending,,New shared catalog copy; native-speaker review required.
across all work,across all work,എല്ലാ ജോലികളിലും,,Pending,,New shared catalog copy; native-speaker review required.
across {value0} classes,across {value0} classes,{value0} ക്ലാസുകളിലായി,,Pending,,New shared catalog copy; native-speaker review required.
active,active,സജീവം,,Pending,,New shared catalog copy; native-speaker review required.
added so far,added so far,ഇതുവരെ ചേർത്തത്,,Pending,,New shared catalog copy; native-speaker review required.
afternoon,afternoon,ഉച്ചയ്ക്ക് ശേഷം,,Pending,,New shared catalog copy; native-speaker review required.
all quizzes,all quizzes,എല്ലാ ക്വിസുകളും,,Pending,,New shared catalog copy; native-speaker review required.
already has a,already has a,ഇതിനകം ഉണ്ട്,,Pending,,New shared catalog copy; native-speaker review required.
answer · ← → move · F flag,answer · ← → move · F flag,ഉത്തരം · ← → നീക്കുക · F ഫ്ലാഗ്,,Pending,,New shared catalog copy; native-speaker review required.
answers are kept on this screen and nothing was recorded.,answers are kept on this screen and nothing was recorded.,"ഉത്തരങ്ങൾ ഈ സ്ക്രീനിൽ മാത്രം സൂക്ഷിക്കുന്നു, ഒന്നും രേഖപ്പെടുത്തിയിട്ടില്ല.",,Pending,,New shared catalog copy; native-speaker review required.
api.reference.0105edb165d1,This link was sent to someone else.,ഈ ലിങ്ക് മറ്റൊരാൾക്ക് അയച്ചതാണ്.,,Pending,,New shared catalog copy; native-speaker review required.
api.reference.04221d714915,Some fields are invalid.,ചില ഫീൽഡുകൾ അസാധുവാണ്.,,Pending,,New shared catalog copy; native-speaker review required.
api.reference.09913558784a,View not found.,വ്യൂ കണ്ടെത്തിയില്ല.,,Pending,,New shared catalog copy; native-speaker review required.
api.reference.110ac91f2097,Application and branch scope are required.,ആപ്ലിക്കേഷനും ബ്രാഞ്ച് സ്കോപ്പും ആവശ്യമാണ്.,,Pending,,New shared catalog copy; native-speaker review required.
api.reference.11e6070535e1,Your access to reports has been deactivated by an administrator.,ഒരു അഡ്മിനിസ്ട്രേറ്റർ നിങ്ങളുടെ റിപ്പോർട്ട് ആക്‌സസ് നിർജ്ജീവമാക്കിയിരിക്കുന്നു.,,Pending,,New shared catalog copy; native-speaker review required.
api.reference.120ef9defe2d,No report role is authorized for this account.,ഈ അക്കൗണ്ടിന് ഒരു റിപ്പോർട്ട് റോളും അംഗീകൃതമല്ല.,,Pending,,New shared catalog copy; native-speaker review required.
api.reference.18b3a4fc1227,You cannot delete this view.,നിങ്ങൾക്ക് ഈ വ്യൂ ഇല്ലാതാക്കാൻ കഴിയില്ല.,,Pending,,New shared catalog copy; native-speaker review required.
api.reference.2fd80b46b037,Unknown role.,അജ്ഞാത റോൾ.,,Pending,,New shared catalog copy; native-speaker review required.
api.reference.328b324cb8fc,Role not found.,റോൾ കണ്ടെത്തിയില്ല.,,Pending,,New shared catalog copy; native-speaker review required.
api.reference.37ac9c2e7879,Administrators always have every action.,അഡ്മിനിസ്ട്രേറ്റർമാർക്ക് എപ്പോഴും എല്ലാ പ്രവർത്തനങ്ങളും ഉണ്ട്.,,Pending,,New shared catalog copy; native-speaker review required.
api.reference.37e691dc514d,Send a valid API key: Authorization: Bearer lmn_…,സാധുവായ API കീ അയയ്ക്കുക: Authorization: Bearer lmn_…,,Pending,,New shared catalog copy; native-speaker review required.
api.reference.3aed24954371,A role with this name already exists.,ഈ പേരിലുള്ള ഒരു റോൾ നിലവിലുണ്ട്.,,Pending,,New shared catalog copy; native-speaker review required.
api.reference.3d8a577325bb,This page does not exist or you cannot open it.,ഈ പേജ് നിലവിലില്ല അല്ലെങ്കിൽ നിങ്ങൾക്ക് ഇത് തുറക്കാൻ കഴിയില്ല.,,Pending,,New shared catalog copy; native-speaker review required.
api.reference.484d8393d86e,Choose a role.,ഒരു റോൾ തിരഞ്ഞെടുക്കുക.,,Pending,,New shared catalog copy; native-speaker review required.
api.reference.4c7bbe94277b,Results are available once the job has completed.,ജോലി പൂർത്തിയായ ശേഷം ഫലങ്ങൾ ലഭ്യമാകും.,,Pending,,New shared catalog copy; native-speaker review required.
api.reference.4fbd7c356d7b,A valid cron secret or an administrator session is required.,സാധുവായ ഒരു ക്രോൺ സീക്രട്ട് അല്ലെങ്കിൽ അഡ്മിനിസ്ട്രേറ്റർ സെഷൻ ആവശ്യമാണ്.,,Pending,,New shared catalog copy; native-speaker review required.
api.reference.50f5099b95f8,Request body must be JSON.,അഭ്യർത്ഥന ബോഡി JSON ആയിരിക്കണം.,,Pending,,New shared catalog copy; native-speaker review required.
api.reference.51023c3264bb,The end date is before the first run.,അവസാന തീയതി ആദ്യ റണ്ണിന് മുമ്പാണ്.,,Pending,,New shared catalog copy; native-speaker review required.
api.reference.51264d9dc9f1,Module is unavailable.,മൊഡ്യൂൾ ലഭ്യമല്ല.,,Pending,,New shared catalog copy; native-speaker review required.
api.reference.5129ee3ad366,You cannot deactivate yourself or remove your own administrator role.,നിങ്ങൾക്ക് സ്വയം നിർജ്ജീവമാക്കാനോ സ്വന്തം അഡ്മിനിസ്ട്രേറ്റർ റോൾ നീക്കം ചെയ്യാനോ കഴിയില്ല.,,Pending,,New shared catalog copy; native-speaker review required.
api.reference.54baa9e742f4,Invalid inbound secret.,അസാധുവായ ഇൻബൗണ്ട് സീക്രട്ട്.,,Pending,,New shared catalog copy; native-speaker review required.
api.reference.578500fd3584,Only the owner can change this report.,ഉടമയ്ക്ക് മാത്രമേ ഈ റിപ്പോർട്ട് മാറ്റാൻ കഴിയൂ.,,Pending,,New shared catalog copy; native-speaker review required.
api.reference.62433f280eb4,Only administrators can grant the administrator role.,അഡ്മിനിസ്ട്രേറ്റർമാർക്ക് മാത്രമേ അഡ്മിനിസ്ട്രേറ്റർ റോൾ നൽകാൻ കഴിയൂ.,,Pending,,New shared catalog copy; native-speaker review required.
api.reference.654a56e95f9e,Branch is unavailable.,ബ്രാഞ്ച് ലഭ്യമല്ല.,,Pending,,New shared catalog copy; native-speaker review required.
api.reference.66c75351655e,These results have expired.,ഈ ഫലങ്ങളുടെ കാലാവധി കഴിഞ്ഞു.,,Pending,,New shared catalog copy; native-speaker review required.
api.reference.6a643a39675f,Dashboard not found.,ഡാഷ്ബോർഡ് കണ്ടെത്തിയില്ല.,,Pending,,New shared catalog copy; native-speaker review required.
api.reference.6c74a095b31f,Custom report not found.,ഇഷ്ടാനുസൃത റിപ്പോർട്ട് കണ്ടെത്തിയില്ല.,,Pending,,New shared catalog copy; native-speaker review required.
api.reference.70c53a1f69ef,Your role cannot share dashboards. Keep it private.,നിങ്ങളുടെ റോളിന് ഡാഷ്ബോർഡുകൾ പങ്കിടാൻ കഴിയില്ല. ഇത് സ്വകാര്യമായി സൂക്ഷിക്കുക.,,Pending,,New shared catalog copy; native-speaker review required.
api.reference.73ab7af6e5a6,Sign-in is handled by the host application.,സൈൻ-ഇൻ ഹോസ്റ്റ് ആപ്ലിക്കേഷനാണ് കൈകാര്യം ചെയ്യുന്നത്.,,Pending,,New shared catalog copy; native-speaker review required.
api.reference.73c27c81d398,Sign in to continue.,തുടരാൻ സൈൻ ഇൻ ചെയ്യുക.,,Pending,,New shared catalog copy; native-speaker review required.
api.reference.795ebb904a6c,Choose the chart label column.,ചാർട്ട് ലേബൽ കോളം തിരഞ്ഞെടുക്കുക.,,Pending,,New shared catalog copy; native-speaker review required.
api.reference.818a91268d14,Choose a category.,ഒരു വിഭാഗം തിരഞ്ഞെടുക്കുക.,,Pending,,New shared catalog copy; native-speaker review required.
api.reference.82b6f7690551,Choose a dataset.,ഒരു ഡാറ്റാസെറ്റ് തിരഞ്ഞെടുക്കുക.,,Pending,,New shared catalog copy; native-speaker review required.
api.reference.86e1d33d28ef,This report does not exist or was deleted.,ഈ റിപ്പോർട്ട് നിലവിലില്ല അല്ലെങ്കിൽ ഇല്ലാതാക്കിയിരിക്കുന്നു.,,Pending,,New shared catalog copy; native-speaker review required.
api.reference.8a6a599d993c,Key not found.,കീ കണ്ടെത്തിയില്ല.,,Pending,,New shared catalog copy; native-speaker review required.
api.reference.8d8cd490f1c7,Remove this role from all users first.,ആദ്യം എല്ലാ ഉപയോക്താക്കളിൽ നിന്നും ഈ റോൾ നീക്കം ചെയ്യുക.,,Pending,,New shared catalog copy; native-speaker review required.
api.reference.8ef9cb704aa7,Sign-out is handled by the host application.,സൈൻ-ഔട്ട് ഹോസ്റ്റ് ആപ്ലിക്കേഷനാണ് കൈകാര്യം ചെയ്യുന്നത്.,,Pending,,New shared catalog copy; native-speaker review required.
api.reference.9229c0e59d5c,You do not have access to that report. Ask an administrator if you need it.,ആ റിപ്പോർട്ടിലേക്ക് നിങ്ങൾക്ക് പ്രവേശനമില്ല. ആവശ്യമെങ്കിൽ ഒരു അഡ്മിനിസ്ട്രേറ്ററോട് ചോദിക്കുക.,,Pending,,New shared catalog copy; native-speaker review required.
api.reference.96e11dc9c31a,Schedule not found.,ഷെഡ്യൂൾ കണ്ടെത്തിയില്ല.,,Pending,,New shared catalog copy; native-speaker review required.
api.reference.989171a35c54,Use at most 20 recipients.,പരമാവധി 20 സ്വീകർത്താക്കളെ ഉപയോഗിക്കുക.,,Pending,,New shared catalog copy; native-speaker review required.
api.reference.9a699b546915,This download link has expired or is invalid.,ഈ ഡൗൺലോഡ് ലിങ്കിന്റെ കാലാവധി കഴിഞ്ഞു അല്ലെങ്കിൽ ഇത് അസാധുവാണ്.,,Pending,,New shared catalog copy; native-speaker review required.
api.reference.9bcc2f382ac6,That page needs a permission your role does not have.,ആ പേജിന് നിങ്ങളുടെ റോളിനില്ലാത്ത ഒരു അനുമതി ആവശ്യമാണ്.,,Pending,,New shared catalog copy; native-speaker review required.
api.reference.9e6f9cdff1f7,Your role cannot email this report.,നിങ്ങളുടെ റോളിന് ഈ റിപ്പോർട്ട് ഇമെയിൽ ചെയ്യാൻ കഴിയില്ല.,,Pending,,New shared catalog copy; native-speaker review required.
api.reference.9e939349e174,Something went wrong on the server. Check the server log for details.,സെർവറിൽ എന്തോ പിഴവ് സംഭവിച്ചു. വിശദാംശങ്ങൾക്ക് സെർവർ ലോഗ് പരിശോധിക്കുക.,,Pending,,New shared catalog copy; native-speaker review required.
api.reference.a9c3e627d425,Job not found.,ജോലി കണ്ടെത്തിയില്ല.,,Pending,,New shared catalog copy; native-speaker review required.
api.reference.aa8ca5297863,This file has expired or is not ready yet.,ഈ ഫയലിന്റെ കാലാവധി കഴിഞ്ഞു അല്ലെങ്കിൽ ഇത് ഇതുവരെ തയ്യാറായിട്ടില്ല.,,Pending,,New shared catalog copy; native-speaker review required.
api.reference.adf2a52574d8,Your role can build reports but not share them. Save it as private.,നിങ്ങളുടെ റോളിന് റിപ്പോർട്ടുകൾ നിർമ്മിക്കാൻ കഴിയും എന്നാൽ പങ്കിടാൻ കഴിയില്ല. ഇത് സ്വകാര്യമായി സേവ് ചെയ്യുക.,,Pending,,New shared catalog copy; native-speaker review required.
api.reference.b1eeaec717a9,Report not found.,റിപ്പോർട്ട് കണ്ടെത്തിയില്ല.,,Pending,,New shared catalog copy; native-speaker review required.
api.reference.bcf21f0899b0,Only administrators can change on-screen limits.,അഡ്മിനിസ്ട്രേറ്റർമാർക്ക് മാത്രമേ സ്ക്രീനിലെ പരിധികൾ മാറ്റാൻ കഴിയൂ.,,Pending,,New shared catalog copy; native-speaker review required.
api.reference.bd2823c463c6,System roles cannot be deleted.,സിസ്റ്റം റോളുകൾ ഇല്ലാതാക്കാൻ കഴിയില്ല.,,Pending,,New shared catalog copy; native-speaker review required.
api.reference.c8e95969b429,You do not have access to this report.,ഈ റിപ്പോർട്ടിലേക്ക് നിങ്ങൾക്ക് പ്രവേശനമില്ല.,,Pending,,New shared catalog copy; native-speaker review required.
api.reference.cfe4be6a9de8,Unknown branch.,അജ്ഞാത ബ്രാഞ്ച്.,,Pending,,New shared catalog copy; native-speaker review required.
api.reference.d1d559825811,The Administrator role always has every permission.,അഡ്മിനിസ്ട്രേറ്റർ റോളിന് എപ്പോഴും എല്ലാ അനുമതികളും ഉണ്ട്.,,Pending,,New shared catalog copy; native-speaker review required.
api.reference.d59f2215f934,Only the owner can edit this dashboard.,ഉടമയ്ക്ക് മാത്രമേ ഈ ഡാഷ്ബോർഡ് എഡിറ്റ് ചെയ്യാൻ കഴിയൂ.,,Pending,,New shared catalog copy; native-speaker review required.
api.reference.dd5f6d225174,Only people who manage access can save views for a whole role.,ആക്‌സസ് കൈകാര്യം ചെയ്യുന്നവർക്ക് മാത്രമേ ഒരു മുഴുവൻ റോളിനായി വ്യൂകൾ സേവ് ചെയ്യാൻ കഴിയൂ.,,Pending,,New shared catalog copy; native-speaker review required.
api.reference.e197d52fc59e,Only the owner can delete this dashboard.,ഉടമയ്ക്ക് മാത്രമേ ഈ ഡാഷ്ബോർഡ് ഇല്ലാതാക്കാൻ കഴിയൂ.,,Pending,,New shared catalog copy; native-speaker review required.
api.reference.e3ae34604501,Your role does not allow this action.,നിങ്ങളുടെ റോൾ ഈ പ്രവർത്തനം അനുവദിക്കുന്നില്ല.,,Pending,,New shared catalog copy; native-speaker review required.
api.reference.e9484b5a38b4,from and to must both be dates like 2025-01-31.,from ഉം to ഉം 2025-01-31 പോലുള്ള തീയതികൾ ആയിരിക്കണം.,,Pending,,New shared catalog copy; native-speaker review required.
api.reference.f412be43147c,User not found.,ഉപയോക്താവിനെ കണ്ടെത്തിയില്ല.,,Pending,,New shared catalog copy; native-speaker review required.
api.reference.f5226eb5bd0f,Choose at least one chart value column.,ചാർട്ടിനായി കുറഞ്ഞത് ഒരു മൂല്യ കോളമെങ്കിലും തിരഞ്ഞെടുക്കുക.,,Pending,,New shared catalog copy; native-speaker review required.
api.reference.f5e95acd2646,Only queued or running jobs can be cancelled.,ക്യൂവിലുള്ളതോ പ്രവർത്തിക്കുന്നതോ ആയ ജോലികൾ മാത്രമേ റദ്ദാക്കാൻ കഴിയൂ.,,Pending,,New shared catalog copy; native-speaker review required.
api.reference.f734bb67137c,A user with this email already exists.,ഈ ഇമെയിലുള്ള ഒരു ഉപയോക്താവ് നിലവിലുണ്ട്.,,Pending,,New shared catalog copy; native-speaker review required.
applications,applications,അപ്ലിക്കേഷനുകൾ,,Pending,,New shared catalog copy; native-speaker review required.
"approve,","approve,","അംഗീകരിക്കുക,",,Pending,,New shared catalog copy; native-speaker review required.
approved leave,approved leave,അംഗീകരിച്ച അവധി,,Pending,,New shared catalog copy; native-speaker review required.
arrivals,arrivals,വരവുകൾ,,Pending,,New shared catalog copy; native-speaker review required.
at the lowest level,at the lowest level,ഏറ്റവും താഴ്ന്ന തലത്തിൽ,,Pending,,New shared catalog copy; native-speaker review required.
at this time. Pick another slot or,at this time. Pick another slot or,ഈ സമയത്ത്. മറ്റൊരു സ്ലോട്ട് തിരഞ്ഞെടുക്കുക അല്ലെങ്കിൽ,,Pending,,New shared catalog copy; native-speaker review required.
attempts,attempts,ശ്രമങ്ങൾ,,Pending,,New shared catalog copy; native-speaker review required.
available to replay,available to replay,വീണ്ടും പ്ലേ ചെയ്യാൻ ലഭ്യമാണ്,,Pending,,New shared catalog copy; native-speaker review required.
avg,avg,ശരാശരി,,Pending,,New shared catalog copy; native-speaker review required.
bank. Students answer on their devices and a leaderboard builds as you go.,bank. Students answer on their devices and a leaderboard builds as you go.,"ബാങ്ക്. വിദ്യാർത്ഥികൾ അവരുടെ ഉപകരണങ്ങളിൽ ഉത്തരം നൽകുന്നു, മുന്നോട്ട് പോകുമ്പോൾ ഒരു ലീഡർബോർഡ് നിർമ്മിക്കപ്പെടുന്നു.",,Pending,,New shared catalog copy; native-speaker review required.
booked,booked,ബുക്ക് ചെയ്തു,,Pending,,New shared catalog copy; native-speaker review required.
by,by,വഴി,,Pending,,New shared catalog copy; native-speaker review required.
"checked,","checked,","പരിശോധിച്ചു,",,Pending,,New shared catalog copy; native-speaker review required.
close or extend,close or extend,അടയ്ക്കുക അല്ലെങ്കിൽ നീട്ടുക,,Pending,,New shared catalog copy; native-speaker review required.
collected,collected,ശേഖരിച്ചു,,Pending,,New shared catalog copy; native-speaker review required.
completed,completed,പൂർത്തിയായി,,Pending,,New shared catalog copy; native-speaker review required.
computed,computed,കണക്കാക്കിയത്,,Pending,,New shared catalog copy; native-speaker review required.
conversion,conversion,പരിവർത്തനം,,Pending,,New shared catalog copy; native-speaker review required.
copies on shelf,copies on shelf,ഷെൽഫിലെ കോപ്പികൾ,,Pending,,New shared catalog copy; native-speaker review required.
copy,copy,പകർപ്പ്,,Pending,,New shared catalog copy; native-speaker review required.
correct,correct,ശരി,,Pending,,New shared catalog copy; native-speaker review required.
cover arranged,cover arranged,കവർ ക്രമീകരിച്ചു,,Pending,,New shared catalog copy; native-speaker review required.
"created {created}, last used {used}","created {created}, last used {used}","{created}-ന് സൃഷ്ടിച്ചു, അവസാനമായി {used}-ന് ഉപയോഗിച്ചു",,Pending,,New shared catalog copy; native-speaker review required.
"curl -H ""Authorization: Bearer lmn_…"" \
  {value0}/api/v1/reports","curl -H ""Authorization: Bearer lmn_…"" \
  {value0}/api/v1/reports","curl -H ""Authorization: Bearer lmn_…"" \
  {value0}/api/v1/reports",,Pending,,New shared catalog copy; native-speaker review required.
currency,currency,കറൻസി,,Pending,,New shared catalog copy; native-speaker review required.
d,d,ദിവസം,,Pending,,New shared catalog copy; native-speaker review required.
days to go,days to go,ദിവസങ്ങൾ ബാക്കി,,Pending,,New shared catalog copy; native-speaker review required.
days.,days.,ദിവസങ്ങൾ.,,Pending,,New shared catalog copy; native-speaker review required.
default,default,ഡിഫോൾട്ട്,,Pending,,New shared catalog copy; native-speaker review required.
"direct,","direct,","നേരിട്ട്,",,Pending,,New shared catalog copy; native-speaker review required.
draft,draft,കരട്,,Pending,,New shared catalog copy; native-speaker review required.
due,due,അടയ്ക്കേണ്ടത്,,Pending,,New shared catalog copy; native-speaker review required.
due {value0},due {value0},{value0} ന് നൽകേണ്ടത്,,Pending,,New shared catalog copy; native-speaker review required.
e.g. Applied mathematics,e.g. Applied mathematics,ഉദാ. അപ്ലൈഡ് മാത്തമാറ്റിക്സ്,,Pending,,New shared catalog copy; native-speaker review required.
e.g. Chapter 4 checkpoint,e.g. Chapter 4 checkpoint,ഉദാ. ചാപ്റ്റർ 4 ചെക്ക്പോയിന്റ്,,Pending,,New shared catalog copy; native-speaker review required.
e.g. Medical appointment,e.g. Medical appointment,ഉദാ. മെഡിക്കൽ അപ്പോയിന്റ്മെന്റ്,,Pending,,New shared catalog copy; native-speaker review required.
"e.g. Peanuts, penicillin","e.g. Peanuts, penicillin","ഉദാ. നിലക്കടല, പെൻസിലിൻ",,Pending,,New shared catalog copy; native-speaker review required.
e.g. Probability – revision before UT2,e.g. Probability – revision before UT2,ഉദാ. പ്രോബബിലിറ്റി – UT2-ന് മുമ്പുള്ള റിവിഷൻ,,Pending,,New shared catalog copy; native-speaker review required.
e.g. Quadratic equations – practice set 3,e.g. Quadratic equations – practice set 3,ഉദാ. ക്വാഡ്രാറ്റിക് സമവാക്യങ്ങൾ – പ്രാക്ടീസ് സെറ്റ് 3,,Pending,,New shared catalog copy; native-speaker review required.
e.g. Spanish,e.g. Spanish,ഉദാ. സ്പാനിഷ്,,Pending,,New shared catalog copy; native-speaker review required.
e.g. {value0},e.g. {value0},ഉദാ. {value0},,Pending,,New shared catalog copy; native-speaker review required.
ended,ended,അവസാനിച്ചു,,Pending,,New shared catalog copy; native-speaker review required.
entries),entries),എൻട്രികൾ),,Pending,,New shared catalog copy; native-speaker review required.
erp.branchMismatch,You do not have access to this branch.,ഈ ബ്രാഞ്ചിലേക്ക് നിങ്ങൾക്ക് പ്രവേശനമില്ല.,,Pending,,New shared catalog copy; native-speaker review required.
erp.invalidApplication,The application scope is invalid or missing.,ആപ്ലിക്കേഷൻ സ്കോപ്പ് അസാധുവാണ് അല്ലെങ്കിൽ കാണുന്നില്ല.,,Pending,,New shared catalog copy; native-speaker review required.
erp.invalidBranch,The branch scope is invalid or missing.,ബ്രാഞ്ച് സ്കോപ്പ് അസാധുവാണ് അല്ലെങ്കിൽ കാണുന്നില്ല.,,Pending,,New shared catalog copy; native-speaker review required.
erp.invalidFields,Some fields are invalid.,ചില ഫീൽഡുകൾ അസാധുവാണ്.,,Pending,,New shared catalog copy; native-speaker review required.
erp.invalidLine,One or more line items are invalid.,ഒന്നോ അതിലധികമോ ലൈൻ ഇനങ്ങൾ അസാധുവാണ്.,,Pending,,New shared catalog copy; native-speaker review required.
erp.invalidTenant,The tenant for this account is invalid or missing.,ഈ അക്കൗണ്ടിന്റെ ടെനന്റ് അസാധുവാണ് അല്ലെങ്കിൽ കാണുന്നില്ല.,,Pending,,New shared catalog copy; native-speaker review required.
erp.invalidUser,The signed-in user's identity is invalid or missing.,സൈൻ-ഇൻ ചെയ്ത ഉപയോക്താവിന്റെ ഐഡന്റിറ്റി അസാധുവാണ് അല്ലെങ്കിൽ കാണുന്നില്ല.,,Pending,,New shared catalog copy; native-speaker review required.
erp.invalidUserBranch,The user's assigned branch is invalid or missing.,ഉപയോക്താവിന് നൽകിയ ബ്രാഞ്ച് അസാധുവാണ് അല്ലെങ്കിൽ കാണുന്നില്ല.,,Pending,,New shared catalog copy; native-speaker review required.
erp.invalidViewStateKey,That view setting is not recognized.,ആ വ്യൂ സെറ്റിംഗ് തിരിച്ചറിയാൻ കഴിയുന്നില്ല.,,Pending,,New shared catalog copy; native-speaker review required.
erp.invalidViewStateValue,That value is not valid for this view setting.,ഈ വ്യൂ സെറ്റിംഗിന് ഈ മൂല്യം സാധുവല്ല.,,Pending,,New shared catalog copy; native-speaker review required.
erp.malformedBody,Request body must be an object.,അഭ്യർത്ഥന ബോഡി ഒരു ഒബ്ജക്റ്റ് ആയിരിക്കണം.,,Pending,,New shared catalog copy; native-speaker review required.
erp.malformedValue,That value could not be saved.,ആ മൂല്യം സേവ് ചെയ്യാൻ കഴിഞ്ഞില്ല.,,Pending,,New shared catalog copy; native-speaker review required.
erp.methodNotAllowed,This method is not allowed for this endpoint.,ഈ എൻഡ്‌പോയിന്റിന് ഈ രീതി അനുവദനീയമല്ല.,,Pending,,New shared catalog copy; native-speaker review required.
erp.missingParams,Both an entity and a page are required.,ഒരു എന്റിറ്റിയും ഒരു പേജും ആവശ്യമാണ്.,,Pending,,New shared catalog copy; native-speaker review required.
erp.missingValue,A value is required.,ഒരു മൂല്യം ആവശ്യമാണ്.,,Pending,,New shared catalog copy; native-speaker review required.
erp.notFound,Record not found.,റെക്കോർഡ് കണ്ടെത്തിയില്ല.,,Pending,,New shared catalog copy; native-speaker review required.
erp.operationConflict,This request was already submitted with different data.,ഈ അഭ്യർത്ഥന നേരത്തെ വ്യത്യസ്ത ഡാറ്റയോടെ സമർപ്പിച്ചിരുന്നു.,,Pending,,New shared catalog copy; native-speaker review required.
erp.pageEntityMismatch,This entity does not belong to that page.,ഈ എന്റിറ്റി ആ പേജിൽ പെടുന്നില്ല.,,Pending,,New shared catalog copy; native-speaker review required.
erp.roleDenied,Your role does not have access to this application.,നിങ്ങളുടെ റോളിന് ഈ ആപ്ലിക്കേഷനിലേക്ക് പ്രവേശനമില്ല.,,Pending,,New shared catalog copy; native-speaker review required.
erp.unbalanced,Total debit and total credit must be equal.,മൊത്തം ഡെബിറ്റും മൊത്തം ക്രെഡിറ്റും തുല്യമായിരിക്കണം.,,Pending,,New shared catalog copy; native-speaker review required.
erp.unknownEntity,That entity does not exist.,ആ എന്റിറ്റി നിലവിലില്ല.,,Pending,,New shared catalog copy; native-speaker review required.
erp.unknownPage,That page does not exist.,ആ പേജ് നിലവിലില്ല.,,Pending,,New shared catalog copy; native-speaker review required.
erp.unknownProcess,That process does not exist.,ആ പ്രോസസ്സ് നിലവിലില്ല.,,Pending,,New shared catalog copy; native-speaker review required.
erp.unknownRoute,That address does not exist.,ആ വിലാസം നിലവിലില്ല.,,Pending,,New shared catalog copy; native-speaker review required.
erp.valueTooLarge,That value is too large to save.,ആ മൂല്യം സേവ് ചെയ്യാൻ വളരെ വലുതാണ്.,,Pending,,New shared catalog copy; native-speaker review required.
erp.versionConflict,This record has changed since you last loaded it. Refresh and try again.,നിങ്ങൾ അവസാനം ലോഡ് ചെയ്തതിനുശേഷം ഈ റെക്കോർഡ് മാറിയിട്ടുണ്ട്. പുതുക്കി വീണ്ടും ശ്രമിക്കുക.,,Pending,,New shared catalog copy; native-speaker review required.
erp.writeDenied,Your role cannot make changes to this record.,നിങ്ങളുടെ റോളിന് ഈ റെക്കോർഡിൽ മാറ്റങ്ങൾ വരുത്താൻ കഴിയില്ല.,,Pending,,New shared catalog copy; native-speaker review required.
examined every term,examined every term,ഓരോ ടേമിലും പരിശോധിക്കുന്നു,,Pending,,New shared catalog copy; native-speaker review required.
excused,excused,ഒഴിവാക്കിയത്,,Pending,,New shared catalog copy; native-speaker review required.
fail,fail,പരാജയം,,Pending,,New shared catalog copy; native-speaker review required.
fee after,fee after,ഇതിനുശേഷമുള്ള ഫീസ്,,Pending,,New shared catalog copy; native-speaker review required.
flagged for follow-up,flagged for follow-up,ഫോളോ-അപ്പിനായി ഫ്ലാഗ് ചെയ്തു,,Pending,,New shared catalog copy; native-speaker review required.
for {amount},for {amount},{amount} ന് വേണ്ടി,,Pending,,New shared catalog copy; native-speaker review required.
from,from,മുതൽ,,Pending,,New shared catalog copy; native-speaker review required.
from your registered address. Put the command in the subject.,from your registered address. Put the command in the subject.,നിങ്ങളുടെ രജിസ്റ്റർ ചെയ്ത അഡ്രസിൽ നിന്ന്. കമാൻഡ് സബ്ജക്ടിൽ ഇടുക.,,Pending,,New shared catalog copy; native-speaker review required.
graded,graded,വിലയിരുത്തി,,Pending,,New shared catalog copy; native-speaker review required.
grades 6–12,grades 6–12,ഗ്രേഡുകൾ 6–12,,Pending,,New shared catalog copy; native-speaker review required.
h,h,മണിക്കൂർ,,Pending,,New shared catalog copy; native-speaker review required.
house. Class teacher,house. Class teacher,ഹൗസ്. ക്ലാസ് ടീച്ചർ,,Pending,,New shared catalog copy; native-speaker review required.
in room,in room,മുറിയിൽ,,Pending,,New shared catalog copy; native-speaker review required.
in this period.,in this period.,ഈ കാലയളവിൽ.,,Pending,,New shared catalog copy; native-speaker review required.
in total,in total,മൊത്തം,,Pending,,New shared catalog copy; native-speaker review required.
integer,integer,പൂർണ്ണസംഖ്യ,,Pending,,New shared catalog copy; native-speaker review required.
is required,is required,ആവശ്യമാണ്,,Pending,,New shared catalog copy; native-speaker review required.
"items,","items,","ഇനങ്ങൾ,",,Pending,,New shared catalog copy; native-speaker review required.
joined,joined,ചേർന്നത്,,Pending,,New shared catalog copy; native-speaker review required.
last 60 school days,last 60 school days,അവസാന 60 സ്കൂൾ ദിവസങ്ങൾ,,Pending,,New shared catalog copy; native-speaker review required.
late ·,late ·,വൈകി ·,,Pending,,New shared catalog copy; native-speaker review required.
latest school day,latest school day,ഏറ്റവും പുതിയ സ്കൂൾ ദിവസം,,Pending,,New shared catalog copy; native-speaker review required.
leaf nodes,leaf nodes,ലീഫ് നോഡുകൾ,,Pending,,New shared catalog copy; native-speaker review required.
left,left,ശേഷിക്കുന്നത്,,Pending,,New shared catalog copy; native-speaker review required.
left of,left of,ബാക്കി,,Pending,,New shared catalog copy; native-speaker review required.
limit 3,limit 3,പരിധി 3,,Pending,,New shared catalog copy; native-speaker review required.
line,line,വരി,,Pending,,New shared catalog copy; native-speaker review required.
live,live,തത്സമയം,,Pending,,New shared catalog copy; native-speaker review required.
live now,live now,ഇപ്പോൾ തത്സമയം,,Pending,,New shared catalog copy; native-speaker review required.
m,m,മിനിറ്റ്,,Pending,,New shared catalog copy; native-speaker review required.
marks,marks,മാർക്ക്,,Pending,,New shared catalog copy; native-speaker review required.
marks in the mark list,marks in the mark list,മാർക്ക് ലിസ്റ്റിലെ മാർക്കുകൾ,,Pending,,New shared catalog copy; native-speaker review required.
masked,masked,മറച്ചുവെച്ചത്,,Pending,,New shared catalog copy; native-speaker review required.
masked for your role,masked for your role,നിങ്ങളുടെ റോളിനായി മറച്ചുവെച്ചത്,,Pending,,New shared catalog copy; native-speaker review required.
min,min,മിനിറ്റ്,,Pending,,New shared catalog copy; native-speaker review required.
"minutes,","minutes,","മിനിറ്റുകൾ,",,Pending,,New shared catalog copy; native-speaker review required.
more,more,കൂടുതൽ,,Pending,,New shared catalog copy; native-speaker review required.
morning,morning,രാവിലെ,,Pending,,New shared catalog copy; native-speaker review required.
"move,","move,","നീക്കുക,",,Pending,,New shared catalog copy; native-speaker review required.
name@school.edu,name@school.edu,name@school.edu,,Pending,,New shared catalog copy; native-speaker review required.
need follow-up,need follow-up,ഫോളോ-അപ്പ് ആവശ്യമാണ്,,Pending,,New shared catalog copy; native-speaker review required.
next {value0},next {value0},അടുത്തത് {value0},,Pending,,New shared catalog copy; native-speaker review required.
none yet. Ask an administrator for the API / BI action.,none yet. Ask an administrator for the API / BI action.,ഇതുവരെ ഒന്നുമില്ല. API / BI പ്രവർത്തനത്തിനായി ഒരു അഡ്മിനിസ്ട്രേറ്ററോട് ചോദിക്കുക.,,Pending,,New shared catalog copy; native-speaker review required.
not sent,not sent,അയച്ചിട്ടില്ല,,Pending,,New shared catalog copy; native-speaker review required.
not yet published,not yet published,ഇതുവരെ പ്രസിദ്ധീകരിച്ചിട്ടില്ല,,Pending,,New shared catalog copy; native-speaker review required.
number,number,സംഖ്യ,,Pending,,New shared catalog copy; native-speaker review required.
of 100,of 100,100-ൽ,,Pending,,New shared catalog copy; native-speaker review required.
on,on,ൽ,,Pending,,New shared catalog copy; native-speaker review required.
only,only,മാത്രം,,Pending,,New shared catalog copy; native-speaker review required.
open and not submitted,open and not submitted,തുറന്നതും സമർപ്പിക്കാത്തതും,,Pending,,New shared catalog copy; native-speaker review required.
"open,","open,","തുറന്നത്,",,Pending,,New shared catalog copy; native-speaker review required.
over,over,ന് മുകളിൽ,,Pending,,New shared catalog copy; native-speaker review required.
"overdue, {value0}","overdue, {value0}","കാലതാമസം, {value0}",,Pending,,New shared catalog copy; native-speaker review required.
page.reference-erp1-masters-bill-of-materials.title,Bill of materials,ബിൽ ഓഫ് മെറ്റീരിയൽസ്,,Pending,,New shared catalog copy; native-speaker review required.
page.reference-erp1-masters-chart-of-accounts.title,Chart of accounts,അക്കൗണ്ട് ചാർട്ട്,,Pending,,New shared catalog copy; native-speaker review required.
page.reference-erp1-masters-consultation-fees.title,Consultation fees,കൺസൾട്ടേഷൻ ഫീസ്,,Pending,,New shared catalog copy; native-speaker review required.
page.reference-erp1-masters-countries.title,Country master,രാജ്യ മാസ്റ്റർ,,Pending,,New shared catalog copy; native-speaker review required.
page.reference-erp1-masters-currencies.title,Currency master,കറൻസി മാസ്റ്റർ,,Pending,,New shared catalog copy; native-speaker review required.
page.reference-erp1-masters-customers.title,Customer master,കസ്റ്റമർ മാസ്റ്റർ,,Pending,,New shared catalog copy; native-speaker review required.
page.reference-erp1-masters-departments.title,Department master,വകുപ്പ് മാസ്റ്റർ,,Pending,,New shared catalog copy; native-speaker review required.
page.reference-erp1-masters-doctors.title,Doctor master,ഡോക്ടർ മാസ്റ്റർ,,Pending,,New shared catalog copy; native-speaker review required.
page.reference-erp1-masters-employees.title,Employee master,ജീവനക്കാരുടെ മാസ്റ്റർ,,Pending,,New shared catalog copy; native-speaker review required.
page.reference-erp1-masters-fee-structures.title,Fee structures,ഫീസ് ഘടനകൾ,,Pending,,New shared catalog copy; native-speaker review required.
page.reference-erp1-masters-holidays.title,Holiday calendar,അവധി കലണ്ടർ,,Pending,,New shared catalog copy; native-speaker review required.
page.reference-erp1-masters-items.title,Item master,ഇനം മാസ്റ്റർ,,Pending,,New shared catalog copy; native-speaker review required.
page.reference-erp1-masters-lab-tests.title,Lab test master,ലാബ് ടെസ്റ്റ് മാസ്റ്റർ,,Pending,,New shared catalog copy; native-speaker review required.
page.reference-erp1-masters-leave-types.title,Leave types,അവധി തരങ്ങൾ,,Pending,,New shared catalog copy; native-speaker review required.
page.reference-erp1-masters-org-structure.title,Organisation structure,സംഘടനാ ഘടന,,Pending,,New shared catalog copy; native-speaker review required.
page.reference-erp1-masters-patients.title,Patient master,രോഗി മാസ്റ്റർ,,Pending,,New shared catalog copy; native-speaker review required.
page.reference-erp1-masters-price-lists.title,Price lists,വില പട്ടികകൾ,,Pending,,New shared catalog copy; native-speaker review required.
page.reference-erp1-masters-product-categories.title,Product categories,ഉൽപ്പന്ന വിഭാഗങ്ങൾ,,Pending,,New shared catalog copy; native-speaker review required.
page.reference-erp1-masters-salary-structures.title,Salary structures,ശമ്പള ഘടനകൾ,,Pending,,New shared catalog copy; native-speaker review required.
page.reference-erp1-masters-shifts.title,Shift master,ഷിഫ്റ്റ് മാസ്റ്റർ,,Pending,,New shared catalog copy; native-speaker review required.
page.reference-erp1-masters-states.title,State master,സംസ്ഥാന മാസ്റ്റർ,,Pending,,New shared catalog copy; native-speaker review required.
page.reference-erp1-masters-students.title,Student master,വിദ്യാർത്ഥി മാസ്റ്റർ,,Pending,,New shared catalog copy; native-speaker review required.
page.reference-erp1-masters-suppliers.title,Supplier master,സപ്ലയർ മാസ്റ്റർ,,Pending,,New shared catalog copy; native-speaker review required.
page.reference-erp1-masters-tax-rates.title,Tax rates,നികുതി നിരക്കുകൾ,,Pending,,New shared catalog copy; native-speaker review required.
page.reference-erp1-masters-units.title,Unit of measure,അളവ് യൂണിറ്റ്,,Pending,,New shared catalog copy; native-speaker review required.
page.reference-erp1-masters-vehicles.title,Vehicle master,വാഹന മാസ്റ്റർ,,Pending,,New shared catalog copy; native-speaker review required.
page.reference-erp1-reports-customer-ledger.title,Customer ledger,കസ്റ്റമർ ലെഡ്ജർ,,Pending,,New shared catalog copy; native-speaker review required.
page.reference-erp1-reports-invoice-print.title,Invoice print,ഇൻവോയ്സ് പ്രിന്റ്,,Pending,,New shared catalog copy; native-speaker review required.
page.reference-erp1-reports-purchase-register.title,Purchase register,പർച്ചേസ് രജിസ്റ്റർ,,Pending,,New shared catalog copy; native-speaker review required.
page.reference-erp1-reports-receivables-aging.title,Receivables aging,റിസീവബിൾസ് ഏജിംഗ്,,Pending,,New shared catalog copy; native-speaker review required.
page.reference-erp1-reports-sales-register.title,Sales register,സെയിൽസ് രജിസ്റ്റർ,,Pending,,New shared catalog copy; native-speaker review required.
page.reference-erp1-reports-stock-summary.title,Stock summary,സ്റ്റോക്ക് സംഗ്രഹം,,Pending,,New shared catalog copy; native-speaker review required.
page.reference-erp1-setup-company-settings.title,Company settings,കമ്പനി ക്രമീകരണങ്ങൾ,,Pending,,New shared catalog copy; native-speaker review required.
page.reference-erp1-setup-notifications.title,Notification settings,അറിയിപ്പ് ക്രമീകരണങ്ങൾ,,Pending,,New shared catalog copy; native-speaker review required.
page.reference-erp1-setup-number-series.title,Number series,നമ്പർ സീരീസ്,,Pending,,New shared catalog copy; native-speaker review required.
page.reference-erp1-setup-users.title,Users,ഉപയോക്താക്കൾ,,Pending,,New shared catalog copy; native-speaker review required.
page.reference-erp1-transactions-appointments.title,Appointments,അപ്പോയിന്റ്മെന്റുകൾ,,Pending,,New shared catalog copy; native-speaker review required.
page.reference-erp1-transactions-attendance.title,Attendance register,ഹാജർ രജിസ്റ്റർ,,Pending,,New shared catalog copy; native-speaker review required.
page.reference-erp1-transactions-depreciation-run.title,Depreciation run,ഡിപ്രീസിയേഷൻ റൺ,,Pending,,New shared catalog copy; native-speaker review required.
page.reference-erp1-transactions-expense-claims.title,Expense claims,ചെലവ് ക്ലെയിമുകൾ,,Pending,,New shared catalog copy; native-speaker review required.
page.reference-erp1-transactions-goods-receipts.title,Goods receipts,ഗുഡ്സ് റിസീപ്റ്റുകൾ,,Pending,,New shared catalog copy; native-speaker review required.
page.reference-erp1-transactions-journal-vouchers.title,Journal vouchers,ജേണൽ വൗച്ചറുകൾ,,Pending,,New shared catalog copy; native-speaker review required.
page.reference-erp1-transactions-leave-requests.title,Leave requests,അവധി അഭ്യർത്ഥനകൾ,,Pending,,New shared catalog copy; native-speaker review required.
page.reference-erp1-transactions-maintenance-requests.title,Maintenance requests,മെയിന്റനൻസ് അഭ്യർത്ഥനകൾ,,Pending,,New shared catalog copy; native-speaker review required.
page.reference-erp1-transactions-marks-entry.title,Marks entry,മാർക്ക് എൻട്രി,,Pending,,New shared catalog copy; native-speaker review required.
page.reference-erp1-transactions-payment-vouchers.title,Payment vouchers,പേയ്‌മെന്റ് വൗച്ചറുകൾ,,Pending,,New shared catalog copy; native-speaker review required.
page.reference-erp1-transactions-payroll-run.title,Payroll run,പേറോൾ റൺ,,Pending,,New shared catalog copy; native-speaker review required.
page.reference-erp1-transactions-petty-cash.title,Petty cash vouchers,പെറ്റി ക്യാഷ് വൗച്ചറുകൾ,,Pending,,New shared catalog copy; native-speaker review required.
page.reference-erp1-transactions-purchase-orders.title,Purchase orders,പർച്ചേസ് ഓർഡറുകൾ,,Pending,,New shared catalog copy; native-speaker review required.
page.reference-erp1-transactions-quality-inspections.title,Quality inspections,ഗുണനിലവാര പരിശോധനകൾ,,Pending,,New shared catalog copy; native-speaker review required.
page.reference-erp1-transactions-room-bookings.title,Meeting rooms,മീറ്റിംഗ് റൂമുകൾ,,Pending,,New shared catalog copy; native-speaker review required.
page.reference-erp1-transactions-sales-invoices.title,Sales invoices,സെയിൽസ് ഇൻവോയ്സുകൾ,,Pending,,New shared catalog copy; native-speaker review required.
page.reference-erp1-transactions-sales-orders.title,Sales orders,സെയിൽസ് ഓർഡറുകൾ,,Pending,,New shared catalog copy; native-speaker review required.
page.reference-erp1-transactions-support-tickets.title,Support tickets,സപ്പോർട്ട് ടിക്കറ്റുകൾ,,Pending,,New shared catalog copy; native-speaker review required.
page.reference-erp1-transactions-timesheets.title,Timesheets,ടൈംഷീറ്റുകൾ,,Pending,,New shared catalog copy; native-speaker review required.
page.reference-erp1-workspace-approvals.title,Approvals inbox,അംഗീകാര ഇൻബോക്സ്,,Pending,,New shared catalog copy; native-speaker review required.
page.reference-erp1-workspace-dashboard.title,Dashboard,ഡാഷ്ബോർഡ്,,Pending,,New shared catalog copy; native-speaker review required.
page.reference-erp2-masters-bill-of-materials.title,Bill of materials,ബിൽ ഓഫ് മെറ്റീരിയൽസ്,,Pending,,New shared catalog copy; native-speaker review required.
page.reference-erp2-masters-chart-of-accounts.title,Chart of accounts,അക്കൗണ്ട് ചാർട്ട്,,Pending,,New shared catalog copy; native-speaker review required.
page.reference-erp2-masters-consultation-fees.title,Consultation fees,കൺസൾട്ടേഷൻ ഫീസ്,,Pending,,New shared catalog copy; native-speaker review required.
page.reference-erp2-masters-countries.title,Country master,രാജ്യ മാസ്റ്റർ,,Pending,,New shared catalog copy; native-speaker review required.
page.reference-erp2-masters-currencies.title,Currency master,കറൻസി മാസ്റ്റർ,,Pending,,New shared catalog copy; native-speaker review required.
page.reference-erp2-masters-customers.title,Customer master,കസ്റ്റമർ മാസ്റ്റർ,,Pending,,New shared catalog copy; native-speaker review required.
page.reference-erp2-masters-departments.title,Department master,വകുപ്പ് മാസ്റ്റർ,,Pending,,New shared catalog copy; native-speaker review required.
page.reference-erp2-masters-doctors.title,Doctor master,ഡോക്ടർ മാസ്റ്റർ,,Pending,,New shared catalog copy; native-speaker review required.
page.reference-erp2-masters-employees.title,Employee master,ജീവനക്കാരുടെ മാസ്റ്റർ,,Pending,,New shared catalog copy; native-speaker review required.
page.reference-erp2-masters-fee-structures.title,Fee structures,ഫീസ് ഘടനകൾ,,Pending,,New shared catalog copy; native-speaker review required.
page.reference-erp2-masters-holidays.title,Holiday calendar,അവധി കലണ്ടർ,,Pending,,New shared catalog copy; native-speaker review required.
page.reference-erp2-masters-items.title,Item master,ഇനം മാസ്റ്റർ,,Pending,,New shared catalog copy; native-speaker review required.
page.reference-erp2-masters-lab-tests.title,Lab test master,ലാബ് ടെസ്റ്റ് മാസ്റ്റർ,,Pending,,New shared catalog copy; native-speaker review required.
page.reference-erp2-masters-leave-types.title,Leave types,അവധി തരങ്ങൾ,,Pending,,New shared catalog copy; native-speaker review required.
page.reference-erp2-masters-org-structure.title,Organisation structure,സംഘടനാ ഘടന,,Pending,,New shared catalog copy; native-speaker review required.
page.reference-erp2-masters-patients.title,Patient master,രോഗി മാസ്റ്റർ,,Pending,,New shared catalog copy; native-speaker review required.
page.reference-erp2-masters-price-lists.title,Price lists,വില പട്ടികകൾ,,Pending,,New shared catalog copy; native-speaker review required.
page.reference-erp2-masters-product-categories.title,Product categories,ഉൽപ്പന്ന വിഭാഗങ്ങൾ,,Pending,,New shared catalog copy; native-speaker review required.
page.reference-erp2-masters-salary-structures.title,Salary structures,ശമ്പള ഘടനകൾ,,Pending,,New shared catalog copy; native-speaker review required.
page.reference-erp2-masters-shifts.title,Shift master,ഷിഫ്റ്റ് മാസ്റ്റർ,,Pending,,New shared catalog copy; native-speaker review required.
page.reference-erp2-masters-states.title,State master,സംസ്ഥാന മാസ്റ്റർ,,Pending,,New shared catalog copy; native-speaker review required.
page.reference-erp2-masters-students.title,Student master,വിദ്യാർത്ഥി മാസ്റ്റർ,,Pending,,New shared catalog copy; native-speaker review required.
page.reference-erp2-masters-suppliers.title,Supplier master,സപ്ലയർ മാസ്റ്റർ,,Pending,,New shared catalog copy; native-speaker review required.
page.reference-erp2-masters-tax-rates.title,Tax rates,നികുതി നിരക്കുകൾ,,Pending,,New shared catalog copy; native-speaker review required.
page.reference-erp2-masters-units.title,Unit of measure,അളവ് യൂണിറ്റ്,,Pending,,New shared catalog copy; native-speaker review required.
page.reference-erp2-masters-vehicles.title,Vehicle master,വാഹന മാസ്റ്റർ,,Pending,,New shared catalog copy; native-speaker review required.
page.reference-erp2-reports-customer-ledger.title,Customer ledger,കസ്റ്റമർ ലെഡ്ജർ,,Pending,,New shared catalog copy; native-speaker review required.
page.reference-erp2-reports-invoice-print.title,Invoice print,ഇൻവോയ്സ് പ്രിന്റ്,,Pending,,New shared catalog copy; native-speaker review required.
page.reference-erp2-reports-purchase-register.title,Purchase register,പർച്ചേസ് രജിസ്റ്റർ,,Pending,,New shared catalog copy; native-speaker review required.
page.reference-erp2-reports-receivables-aging.title,Receivables aging,റിസീവബിൾസ് ഏജിംഗ്,,Pending,,New shared catalog copy; native-speaker review required.
page.reference-erp2-reports-sales-register.title,Sales register,സെയിൽസ് രജിസ്റ്റർ,,Pending,,New shared catalog copy; native-speaker review required.
page.reference-erp2-reports-stock-summary.title,Stock summary,സ്റ്റോക്ക് സംഗ്രഹം,,Pending,,New shared catalog copy; native-speaker review required.
page.reference-erp2-setup-company-settings.title,Company settings,കമ്പനി ക്രമീകരണങ്ങൾ,,Pending,,New shared catalog copy; native-speaker review required.
page.reference-erp2-setup-notifications.title,Notification settings,അറിയിപ്പ് ക്രമീകരണങ്ങൾ,,Pending,,New shared catalog copy; native-speaker review required.
page.reference-erp2-setup-number-series.title,Number series,നമ്പർ സീരീസ്,,Pending,,New shared catalog copy; native-speaker review required.
page.reference-erp2-setup-users.title,Users,ഉപയോക്താക്കൾ,,Pending,,New shared catalog copy; native-speaker review required.
page.reference-erp2-transactions-appointments.title,Appointments,അപ്പോയിന്റ്മെന്റുകൾ,,Pending,,New shared catalog copy; native-speaker review required.
page.reference-erp2-transactions-attendance.title,Attendance register,ഹാജർ രജിസ്റ്റർ,,Pending,,New shared catalog copy; native-speaker review required.
page.reference-erp2-transactions-depreciation-run.title,Depreciation run,ഡിപ്രീസിയേഷൻ റൺ,,Pending,,New shared catalog copy; native-speaker review required.
page.reference-erp2-transactions-expense-claims.title,Expense claims,ചെലവ് ക്ലെയിമുകൾ,,Pending,,New shared catalog copy; native-speaker review required.
page.reference-erp2-transactions-goods-receipts.title,Goods receipts,ഗുഡ്സ് റിസീപ്റ്റുകൾ,,Pending,,New shared catalog copy; native-speaker review required.
page.reference-erp2-transactions-journal-vouchers.title,Journal vouchers,ജേണൽ വൗച്ചറുകൾ,,Pending,,New shared catalog copy; native-speaker review required.
page.reference-erp2-transactions-leave-requests.title,Leave requests,അവധി അഭ്യർത്ഥനകൾ,,Pending,,New shared catalog copy; native-speaker review required.
page.reference-erp2-transactions-maintenance-requests.title,Maintenance requests,മെയിന്റനൻസ് അഭ്യർത്ഥനകൾ,,Pending,,New shared catalog copy; native-speaker review required.
page.reference-erp2-transactions-marks-entry.title,Marks entry,മാർക്ക് എൻട്രി,,Pending,,New shared catalog copy; native-speaker review required.
page.reference-erp2-transactions-payment-vouchers.title,Payment vouchers,പേയ്‌മെന്റ് വൗച്ചറുകൾ,,Pending,,New shared catalog copy; native-speaker review required.
page.reference-erp2-transactions-payroll-run.title,Payroll run,പേറോൾ റൺ,,Pending,,New shared catalog copy; native-speaker review required.
page.reference-erp2-transactions-petty-cash.title,Petty cash vouchers,പെറ്റി ക്യാഷ് വൗച്ചറുകൾ,,Pending,,New shared catalog copy; native-speaker review required.
page.reference-erp2-transactions-purchase-orders.title,Purchase orders,പർച്ചേസ് ഓർഡറുകൾ,,Pending,,New shared catalog copy; native-speaker review required.
page.reference-erp2-transactions-quality-inspections.title,Quality inspections,ഗുണനിലവാര പരിശോധനകൾ,,Pending,,New shared catalog copy; native-speaker review required.
page.reference-erp2-transactions-room-bookings.title,Meeting rooms,മീറ്റിംഗ് റൂമുകൾ,,Pending,,New shared catalog copy; native-speaker review required.
page.reference-erp2-transactions-sales-invoices.title,Sales invoices,സെയിൽസ് ഇൻവോയ്സുകൾ,,Pending,,New shared catalog copy; native-speaker review required.
page.reference-erp2-transactions-sales-orders.title,Sales orders,സെയിൽസ് ഓർഡറുകൾ,,Pending,,New shared catalog copy; native-speaker review required.
page.reference-erp2-transactions-support-tickets.title,Support tickets,സപ്പോർട്ട് ടിക്കറ്റുകൾ,,Pending,,New shared catalog copy; native-speaker review required.
page.reference-erp2-transactions-timesheets.title,Timesheets,ടൈംഷീറ്റുകൾ,,Pending,,New shared catalog copy; native-speaker review required.
page.reference-erp2-workspace-approvals.title,Approvals inbox,അംഗീകാര ഇൻബോക്സ്,,Pending,,New shared catalog copy; native-speaker review required.
page.reference-erp2-workspace-dashboard.title,Dashboard,ഡാഷ്ബോർഡ്,,Pending,,New shared catalog copy; native-speaker review required.
page.reference-reports-admin-access.title,Admin · Access,അഡ്മിൻ · ആക്‌സസ്,,Pending,,New shared catalog copy; native-speaker review required.
page.reference-reports-admin-audit.title,Admin · Audit,അഡ്മിൻ · ഓഡിറ്റ്,,Pending,,New shared catalog copy; native-speaker review required.
page.reference-reports-admin-outbox.title,Admin · Outbox,അഡ്മിൻ · ഔട്ട്ബോക്സ്,,Pending,,New shared catalog copy; native-speaker review required.
page.reference-reports-admin-settings.title,Admin · Settings,അഡ്മിൻ · ക്രമീകരണങ്ങൾ,,Pending,,New shared catalog copy; native-speaker review required.
page.reference-reports-admin-sources.title,Admin · Sources,അഡ്മിൻ · സ്രോതസ്സുകൾ,,Pending,,New shared catalog copy; native-speaker review required.
page.reference-reports-admin-users.title,Admin · Users,അഡ്മിൻ · ഉപയോക്താക്കൾ,,Pending,,New shared catalog copy; native-speaker review required.
page.reference-reports-api-keys.title,API keys,API കീകൾ,,Pending,,New shared catalog copy; native-speaker review required.
page.reference-reports-builder.title,Report builder,റിപ്പോർട്ട് ബിൽഡർ,,Pending,,New shared catalog copy; native-speaker review required.
page.reference-reports-dashboards.title,Dashboards,ഡാഷ്ബോർഡുകൾ,,Pending,,New shared catalog copy; native-speaker review required.
page.reference-reports-email-in.title,Email-in requests,ഇമെയിൽ-ഇൻ അഭ്യർത്ഥനകൾ,,Pending,,New shared catalog copy; native-speaker review required.
page.reference-reports-jobs.title,Background jobs,ബാക്ക്ഗ്രൗണ്ട് ജോലികൾ,,Pending,,New shared catalog copy; native-speaker review required.
page.reference-reports-overview.title,Overview,അവലോകനം,,Pending,,New shared catalog copy; native-speaker review required.
page.reference-reports-reports.title,Report library,റിപ്പോർട്ട് ലൈബ്രറി,,Pending,,New shared catalog copy; native-speaker review required.
page.reference-reports-schedules.title,Schedules,ഷെഡ്യൂളുകൾ,,Pending,,New shared catalog copy; native-speaker review required.
page.reference-school-admissions.title,Admissions,അഡ്മിഷനുകൾ,,Pending,,New shared catalog copy; native-speaker review required.
page.reference-school-assignments.title,Assignments,അസൈൻമെന്റുകൾ,,Pending,,New shared catalog copy; native-speaker review required.
page.reference-school-attendance.title,Attendance,ഹാജർ,,Pending,,New shared catalog copy; native-speaker review required.
page.reference-school-calendar.title,Calendar,കലണ്ടർ,,Pending,,New shared catalog copy; native-speaker review required.
page.reference-school-classes.title,Classes,ക്ലാസുകൾ,,Pending,,New shared catalog copy; native-speaker review required.
page.reference-school-dashboard.title,Dashboard,ഡാഷ്ബോർഡ്,,Pending,,New shared catalog copy; native-speaker review required.
page.reference-school-exams.title,Exams,പരീക്ഷകൾ,,Pending,,New shared catalog copy; native-speaker review required.
page.reference-school-fees.title,Fees,ഫീസ്,,Pending,,New shared catalog copy; native-speaker review required.
page.reference-school-library.title,Library,ലൈബ്രറി,,Pending,,New shared catalog copy; native-speaker review required.
page.reference-school-live.title,Live,ലൈവ്,,Pending,,New shared catalog copy; native-speaker review required.
page.reference-school-marks.title,Marks,മാർക്കുകൾ,,Pending,,New shared catalog copy; native-speaker review required.
page.reference-school-messages.title,Messages,സന്ദേശങ്ങൾ,,Pending,,New shared catalog copy; native-speaker review required.
page.reference-school-notices.title,Notices,അറിയിപ്പുകൾ,,Pending,,New shared catalog copy; native-speaker review required.
page.reference-school-quizzes-new.title,Quizzes · New,ക്വിസുകൾ · പുതിയത്,,Pending,,New shared catalog copy; native-speaker review required.
page.reference-school-quizzes.title,Quizzes,ക്വിസുകൾ,,Pending,,New shared catalog copy; native-speaker review required.
page.reference-school-reports.title,Reports,റിപ്പോർട്ടുകൾ,,Pending,,New shared catalog copy; native-speaker review required.
page.reference-school-settings.title,Settings,ക്രമീകരണങ്ങൾ,,Pending,,New shared catalog copy; native-speaker review required.
page.reference-school-students-new.title,Students · New,വിദ്യാർത്ഥികൾ · പുതിയത്,,Pending,,New shared catalog copy; native-speaker review required.
page.reference-school-students.title,Students,വിദ്യാർത്ഥികൾ,,Pending,,New shared catalog copy; native-speaker review required.
page.reference-school-subjects.title,Subjects,വിഷയങ്ങൾ,,Pending,,New shared catalog copy; native-speaker review required.
page.reference-school-teachers-new.title,Teachers · New,അധ്യാപകർ · പുതിയത്,,Pending,,New shared catalog copy; native-speaker review required.
page.reference-school-teachers.title,Teachers,അധ്യാപകർ,,Pending,,New shared catalog copy; native-speaker review required.
page.reference-school-timetable.title,Timetable,ടൈംടേബിൾ,,Pending,,New shared catalog copy; native-speaker review required.
page.reference-school-whiteboard.title,Whiteboard,വൈറ്റ്ബോർഡ്,,Pending,,New shared catalog copy; native-speaker review required.
paid,paid,അടച്ചു,,Pending,,New shared catalog copy; native-speaker review required.
"pass,","pass,","പാസ്,",,Pending,,New shared catalog copy; native-speaker review required.
past due date,past due date,കാലാവധി കഴിഞ്ഞു,,Pending,,New shared catalog copy; native-speaker review required.
past sessions,past sessions,മുൻ സെഷനുകൾ,,Pending,,New shared catalog copy; native-speaker review required.
patient identifiers,patient identifiers,രോഗി തിരിച്ചറിയൽ വിവരങ്ങൾ,,Pending,,New shared catalog copy; native-speaker review required.
per subject),per subject),ഓരോ വിഷയത്തിനും),,Pending,,New shared catalog copy; native-speaker review required.
per week,per week,ആഴ്ചയിൽ,,Pending,,New shared catalog copy; native-speaker review required.
percent,percent,ശതമാനം,,Pending,,New shared catalog copy; native-speaker review required.
periods,periods,പിരീഡുകൾ,,Pending,,New shared catalog copy; native-speaker review required.
periods / week,periods / week,പിരീഡുകൾ / ആഴ്ച,,Pending,,New shared catalog copy; native-speaker review required.
periods/wk,periods/wk,പിരീഡുകൾ/ആഴ്ച,,Pending,,New shared catalog copy; native-speaker review required.
point,point,പോയിന്റ്,,Pending,,New shared catalog copy; native-speaker review required.
points ·,points ·,പോയിന്റുകൾ ·,,Pending,,New shared catalog copy; native-speaker review required.
portal,portal,പോർട്ടൽ,,Pending,,New shared catalog copy; native-speaker review required.
practical assessment,practical assessment,പ്രായോഗിക മൂല്യനിർണ്ണയം,,Pending,,New shared catalog copy; native-speaker review required.
published by teachers,published by teachers,അധ്യാപകർ പ്രസിദ്ധീകരിച്ചത്,,Pending,,New shared catalog copy; native-speaker review required.
questions,questions,ചോദ്യങ്ങൾ,,Pending,,New shared catalog copy; native-speaker review required.
questions are still flagged for review.,questions are still flagged for review.,ചോദ്യങ്ങൾ ഇപ്പോഴും അവലോകനത്തിനായി ഫ്ലാഗ് ചെയ്തിരിക്കുന്നു.,,Pending,,New shared catalog copy; native-speaker review required.
questions ·,questions ·,ചോദ്യങ്ങൾ ·,,Pending,,New shared catalog copy; native-speaker review required.
questions.,questions.,ചോദ്യങ്ങൾ.,,Pending,,New shared catalog copy; native-speaker review required.
queued,queued,ക്യൂവിൽ,,Pending,,New shared catalog copy; native-speaker review required.
quizzes,quizzes,ക്വിസുകൾ,,Pending,,New shared catalog copy; native-speaker review required.
reference-erp1.section.masters,Masters,മാസ്റ്ററുകൾ,,Pending,,New shared catalog copy; native-speaker review required.
reference-erp1.section.reports,Reports,റിപ്പോർട്ടുകൾ,,Pending,,New shared catalog copy; native-speaker review required.
reference-erp1.section.setup,Setup,സെറ്റപ്പ്,,Pending,,New shared catalog copy; native-speaker review required.
reference-erp1.section.transactions,Transactions,ഇടപാടുകൾ,,Pending,,New shared catalog copy; native-speaker review required.
reference-erp1.section.workspace,Workspace,വർക്ക്സ്പേസ്,,Pending,,New shared catalog copy; native-speaker review required.
reference-erp1.shortLabel,ERP 1,ERP 1,,Pending,,New shared catalog copy; native-speaker review required.
reference-erp1.title,Keystone ERP 1,Keystone ERP 1,,Pending,,New shared catalog copy; native-speaker review required.
reference-erp2.section.masters,Masters,മാസ്റ്ററുകൾ,,Pending,,New shared catalog copy; native-speaker review required.
reference-erp2.section.reports,Reports,റിപ്പോർട്ടുകൾ,,Pending,,New shared catalog copy; native-speaker review required.
reference-erp2.section.setup,Setup,സെറ്റപ്പ്,,Pending,,New shared catalog copy; native-speaker review required.
reference-erp2.section.transactions,Transactions,ഇടപാടുകൾ,,Pending,,New shared catalog copy; native-speaker review required.
reference-erp2.section.workspace,Workspace,വർക്ക്സ്പേസ്,,Pending,,New shared catalog copy; native-speaker review required.
reference-erp2.shortLabel,ERP 2,ERP 2,,Pending,,New shared catalog copy; native-speaker review required.
reference-erp2.title,Keystone ERP 2,Keystone ERP 2,,Pending,,New shared catalog copy; native-speaker review required.
reference-reports.section.admin,Admin,അഡ്മിൻ,,Pending,,New shared catalog copy; native-speaker review required.
reference-reports.section.workspace,Workspace,വർക്ക്സ്പേസ്,,Pending,,New shared catalog copy; native-speaker review required.
reference-reports.shortLabel,Reports,റിപ്പോർട്ടുകൾ,,Pending,,New shared catalog copy; native-speaker review required.
reference-reports.title,Lumen Reports,Lumen റിപ്പോർട്ടുകൾ,,Pending,,New shared catalog copy; native-speaker review required.
reference-school.section.workspace,Workspace,വർക്ക്സ്പേസ്,,Pending,,New shared catalog copy; native-speaker review required.
reference-school.shortLabel,School,സ്കൂൾ,,Pending,,New shared catalog copy; native-speaker review required.
reference-school.title,Scholaris School,Scholaris സ്കൂൾ,,Pending,,New shared catalog copy; native-speaker review required.
reference.modules.demoNotice,Fictional demo data.,സാങ്കല്പിക ഡെമോ ഡാറ്റ.,,Pending,,New shared catalog copy; native-speaker review required.
reference.modules.loading,Loading module…,മൊഡ്യൂൾ ലോഡ് ചെയ്യുന്നു…,,Pending,,New shared catalog copy; native-speaker review required.
reference.modules.requestFailed,The request could not be completed.,അഭ്യർത്ഥന പൂർത്തിയാക്കാൻ കഴിഞ്ഞില്ല.,,Pending,,New shared catalog copy; native-speaker review required.
reference.modules.signIn,Sign in through the application host to continue.,തുടരാൻ ആപ്ലിക്കേഷൻ ഹോസ്റ്റ് വഴി സൈൻ ഇൻ ചെയ്യുക.,,Pending,,New shared catalog copy; native-speaker review required.
request,request,അഭ്യർത്ഥന,,Pending,,New shared catalog copy; native-speaker review required.
responded,responded,പ്രതികരിച്ചു,,Pending,,New shared catalog copy; native-speaker review required.
row,row,വരി,,Pending,,New shared catalog copy; native-speaker review required.
running,running,പ്രവർത്തിക്കുന്നു,,Pending,,New shared catalog copy; native-speaker review required.
s,s,സെക്കൻഡ്,,Pending,,New shared catalog copy; native-speaker review required.
school-wide,school-wide,സ്കൂൾ വ്യാപകമായി,,Pending,,New shared catalog copy; native-speaker review required.
school.alreadyAttempted,You have already attempted this quiz.,നിങ്ങൾ ഇതിനകം ഈ ക്വിസ് ശ്രമിച്ചിട്ടുണ്ട്.,,Pending,,New shared catalog copy; native-speaker review required.
school.attachmentTooLarge,This file is too large to upload.,ഈ ഫയൽ അപ്‌ലോഡ് ചെയ്യാൻ വളരെ വലുതാണ്.,,Pending,,New shared catalog copy; native-speaker review required.
school.authorsOnly,Only teachers and administrators can view the question bank.,അധ്യാപകർക്കും അഡ്മിനിസ്ട്രേറ്റർമാർക്കും മാത്രമേ ചോദ്യ ബാങ്ക് കാണാൻ കഴിയൂ.,,Pending,,New shared catalog copy; native-speaker review required.
school.bookNotFound,That book does not exist.,ഈ പുസ്തകം നിലവിലില്ല.,,Pending,,New shared catalog copy; native-speaker review required.
school.branchMismatch,You do not have access to this branch.,ഈ ബ്രാഞ്ചിലേക്ക് നിങ്ങൾക്ക് പ്രവേശനമില്ല.,,Pending,,New shared catalog copy; native-speaker review required.
school.copiesBelowIssued,Copies cannot be fewer than the number currently issued.,കോപ്പികളുടെ എണ്ണം നിലവിൽ നൽകിയിട്ടുള്ള എണ്ണത്തേക്കാൾ കുറവാകാൻ പാടില്ല.,,Pending,,New shared catalog copy; native-speaker review required.
school.expectedAction,Provide an action.,ദയവായി ഒരു പ്രവർത്തനം നൽകുക.,,Pending,,New shared catalog copy; native-speaker review required.
school.expectedAssignmentStudent,Provide an assignment and a student.,ദയവായി ഒരു അസൈൻമെന്റും വിദ്യാർത്ഥിയെയും നൽകുക.,,Pending,,New shared catalog copy; native-speaker review required.
school.expectedDateRows,Provide a date and a list of attendance rows.,ദയവായി ഒരു തീയതിയും ഹാജർ വരികളുടെ ലിസ്റ്റും നൽകുക.,,Pending,,New shared catalog copy; native-speaker review required.
school.expectedEmoji,Choose a reaction.,ദയവായി ഒരു പ്രതികരണം തിരഞ്ഞെടുക്കുക.,,Pending,,New shared catalog copy; native-speaker review required.
school.expectedInvoiceIds,Provide a list of invoice IDs.,ദയവായി ഇൻവോയ്സ് ഐഡികളുടെ ലിസ്റ്റ് നൽകുക.,,Pending,,New shared catalog copy; native-speaker review required.
school.expectedLeaveRequest,"Provide a student, dates and a reason for the leave request.","അവധി അപേക്ഷയ്ക്കായി വിദ്യാർത്ഥി, തീയതികൾ, കാരണം എന്നിവ നൽകുക.",,Pending,,New shared catalog copy; native-speaker review required.
school.expectedReservation,Provide a book and a member.,ദയവായി ഒരു പുസ്തകവും അംഗത്തെയും നൽകുക.,,Pending,,New shared catalog copy; native-speaker review required.
school.expectedTermEntries,Provide a term and a list of mark entries.,ഒരു ടേമും മാർക്ക് എൻട്രികളുടെ ഒരു ലിസ്റ്റും നൽകുക.,,Pending,,New shared catalog copy; native-speaker review required.
school.expectedText,Enter a message.,ദയവായി ഒരു സന്ദേശം നൽകുക.,,Pending,,New shared catalog copy; native-speaker review required.
school.hostOnly,Only the host can do this.,ഹോസ്റ്റിന് മാത്രമേ ഇത് ചെയ്യാൻ കഴിയൂ.,,Pending,,New shared catalog copy; native-speaker review required.
school.invalidAmount,Enter a valid payment amount.,ദയവായി സാധുവായ പേയ്‌മെന്റ് തുക നൽകുക.,,Pending,,New shared catalog copy; native-speaker review required.
school.invalidAnswers,Provide a valid answer for every question.,ഓരോ ചോദ്യത്തിനും സാധുവായ ഉത്തരം നൽകുക.,,Pending,,New shared catalog copy; native-speaker review required.
school.invalidApplication,The application scope is invalid or missing.,ആപ്ലിക്കേഷൻ സ്കോപ്പ് അസാധുവാണ് അല്ലെങ്കിൽ കാണുന്നില്ല.,,Pending,,New shared catalog copy; native-speaker review required.
school.invalidAttachment,The attachment content is invalid or empty.,അറ്റാച്ച്‌മെന്റിന്റെ ഉള്ളടക്കം അസാധുവോ ശൂന്യമോ ആണ്.,,Pending,,New shared catalog copy; native-speaker review required.
school.invalidAttachmentName,Provide a valid file name.,ദയവായി സാധുവായ ഫയൽ പേര് നൽകുക.,,Pending,,New shared catalog copy; native-speaker review required.
school.invalidAttachmentType,That file type is not supported.,ഈ ഫയൽ തരം പിന്തുണയ്ക്കുന്നില്ല.,,Pending,,New shared catalog copy; native-speaker review required.
school.invalidAttachments,One or more attachments are invalid.,ഒന്നോ അതിലധികമോ അറ്റാച്ച്‌മെന്റുകൾ അസാധുവാണ്.,,Pending,,New shared catalog copy; native-speaker review required.
school.invalidBranch,The branch scope is invalid or missing.,ബ്രാഞ്ച് സ്കോപ്പ് അസാധുവാണ് അല്ലെങ്കിൽ കാണുന്നില്ല.,,Pending,,New shared catalog copy; native-speaker review required.
school.invalidCopies,Number of copies must be a whole number of zero or more.,കോപ്പികളുടെ എണ്ണം പൂജ്യമോ അതിൽ കൂടുതലോ ആയ പൂർണ്ണസംഖ്യ ആയിരിക്കണം.,,Pending,,New shared catalog copy; native-speaker review required.
school.invalidMessage,The message is invalid.,സന്ദേശം അസാധുവാണ്.,,Pending,,New shared catalog copy; native-speaker review required.
school.invalidPassword,New password must be at least 8 characters and match the confirmation.,പുതിയ പാസ്‌വേഡ് കുറഞ്ഞത് 8 പ്രതീകങ്ങൾ ഉള്ളതും സ്ഥിരീകരണവുമായി പൊരുത്തപ്പെടുന്നതും ആയിരിക്കണം.,,Pending,,New shared catalog copy; native-speaker review required.
school.invalidPurpose,Provide a valid attachment purpose.,ദയവായി അറ്റാച്ച്‌മെന്റിന്റെ സാധുവായ ഉദ്ദേശ്യം നൽകുക.,,Pending,,New shared catalog copy; native-speaker review required.
school.invalidQuestionIndex,That question could not be found.,ഈ ചോദ്യം കണ്ടെത്താൻ കഴിഞ്ഞില്ല.,,Pending,,New shared catalog copy; native-speaker review required.
school.invalidStatus,"Attendance status must be Present, Absent, Late or Excused.","ഹാജർ നില ഹാജർ, അഹാജർ, വൈകി അല്ലെങ്കിൽ ഒഴിവാക്കപ്പെട്ടത് എന്നിവയിൽ ഒന്നായിരിക്കണം.",,Pending,,New shared catalog copy; native-speaker review required.
school.invalidTenant,The tenant for this account is invalid or missing.,ഈ അക്കൗണ്ടിന്റെ ടെനന്റ് അസാധുവാണ് അല്ലെങ്കിൽ കാണുന്നില്ല.,,Pending,,New shared catalog copy; native-speaker review required.
school.invalidUser,The signed-in user's identity is invalid or missing.,സൈൻ-ഇൻ ചെയ്ത ഉപയോക്താവിന്റെ ഐഡന്റിറ്റി അസാധുവാണ് അല്ലെങ്കിൽ കാണുന്നില്ല.,,Pending,,New shared catalog copy; native-speaker review required.
school.invalidUserBranch,The user's assigned branch is invalid or missing.,ഉപയോക്താവിന് നൽകിയ ബ്രാഞ്ച് അസാധുവാണ് അല്ലെങ്കിൽ കാണുന്നില്ല.,,Pending,,New shared catalog copy; native-speaker review required.
school.invalidVote,Choose a valid option.,ദയവായി സാധുവായ ഒരു ഓപ്ഷൻ തിരഞ്ഞെടുക്കുക.,,Pending,,New shared catalog copy; native-speaker review required.
school.malformedBody,Request body must be an object.,അഭ്യർത്ഥനയുടെ ബോഡി ഒരു ഒബ്ജക്റ്റ് ആയിരിക്കണം.,,Pending,,New shared catalog copy; native-speaker review required.
school.marksRange,Marks must be between 0 and the maximum for this term.,മാർക്ക് 0 നും ഈ ടേമിന്റെ പരമാവധി മാർക്കിനും ഇടയിൽ ആയിരിക്കണം.,,Pending,,New shared catalog copy; native-speaker review required.
school.messageHistoryDropped,Existing messages cannot be removed.,നിലവിലുള്ള സന്ദേശങ്ങൾ നീക്കം ചെയ്യാൻ കഴിയില്ല.,,Pending,,New shared catalog copy; native-speaker review required.
school.messageImmutable,Existing messages cannot be changed.,നിലവിലുള്ള സന്ദേശങ്ങൾ മാറ്റാൻ കഴിയില്ല.,,Pending,,New shared catalog copy; native-speaker review required.
school.messageImpersonation,You can only send messages as yourself.,നിങ്ങൾക്ക് സ്വന്തം പേരിൽ മാത്രമേ സന്ദേശങ്ങൾ അയക്കാൻ കഴിയൂ.,,Pending,,New shared catalog copy; native-speaker review required.
school.methodNotAllowed,This method is not allowed for this endpoint.,ഈ എൻഡ്‌പോയിന്റിന് ഈ രീതി അനുവദനീയമല്ല.,,Pending,,New shared catalog copy; native-speaker review required.
school.noCopiesAvailable,No copies of this book are currently available.,ഈ പുസ്തകത്തിന്റെ പകർപ്പുകളൊന്നും നിലവിൽ ലഭ്യമല്ല.,,Pending,,New shared catalog copy; native-speaker review required.
school.noOpenPoll,There is no poll open right now.,ഇപ്പോൾ ഒരു പോളും തുറന്നിട്ടില്ല.,,Pending,,New shared catalog copy; native-speaker review required.
school.notAssigned,You are not assigned to this class or subject.,ഈ ക്ലാസിലേക്കോ വിഷയത്തിലേക്കോ നിങ്ങളെ നിയോഗിച്ചിട്ടില്ല.,,Pending,,New shared catalog copy; native-speaker review required.
school.notFound,Not found.,കണ്ടെത്തിയില്ല.,,Pending,,New shared catalog copy; native-speaker review required.
school.notOwn,You can only access your own records or those of your children.,നിങ്ങളുടെ സ്വന്തം റെക്കോർഡുകളിലേക്കോ നിങ്ങളുടെ കുട്ടികളുടേതിലേക്കോ മാത്രമേ പ്രവേശനമുള്ളൂ.,,Pending,,New shared catalog copy; native-speaker review required.
school.notPermitted,Your role does not have permission for this.,ഇതിന് നിങ്ങളുടെ റോളിന് അനുമതിയില്ല.,,Pending,,New shared catalog copy; native-speaker review required.
school.overpayment,The payment exceeds the remaining invoice balance.,പേയ്‌മെന്റ് ഇൻവോയ്സിന്റെ ബാക്കിയുള്ള തുകയേക്കാൾ കൂടുതലാണ്.,,Pending,,New shared catalog copy; native-speaker review required.
school.pollMismatch,This poll has already closed or changed.,ഈ പോൾ ഇതിനകം അടച്ചിരിക്കുന്നു അല്ലെങ്കിൽ മാറിയിരിക്കുന്നു.,,Pending,,New shared catalog copy; native-speaker review required.
school.previewOnly,"Staff can only preview grading, not submit it.","സ്റ്റാഫിന് ഗ്രേഡിംഗ് പ്രിവ്യൂ ചെയ്യാൻ മാത്രമേ കഴിയൂ, സമർപ്പിക്കാൻ കഴിയില്ല.",,Pending,,New shared catalog copy; native-speaker review required.
school.provideAssignmentOrStudent,Provide an assignment or a student.,ദയവായി ഒരു അസൈൻമെന്റ് അല്ലെങ്കിൽ വിദ്യാർത്ഥിയെ നൽകുക.,,Pending,,New shared catalog copy; native-speaker review required.
school.provideClassOrStudent,Provide a class or a student.,ദയവായി ഒരു ക്ലാസ് അല്ലെങ്കിൽ വിദ്യാർത്ഥിയെ നൽകുക.,,Pending,,New shared catalog copy; native-speaker review required.
school.provideStudent,Provide a student.,ദയവായി ഒരു വിദ്യാർത്ഥിയെ നൽകുക.,,Pending,,New shared catalog copy; native-speaker review required.
school.quizNotAvailable,This quiz is not currently published.,ഈ ക്വിസ് നിലവിൽ പ്രസിദ്ധീകരിച്ചിട്ടില്ല.,,Pending,,New shared catalog copy; native-speaker review required.
school.roleDenied,Your account role is not recognized by this application.,നിങ്ങളുടെ അക്കൗണ്ട് റോൾ ഈ ആപ്ലിക്കേഷൻ തിരിച്ചറിയുന്നില്ല.,,Pending,,New shared catalog copy; native-speaker review required.
school.roleMismatch,You cannot view data for a different role.,മറ്റൊരു റോളിന്റെ ഡാറ്റ കാണാൻ നിങ്ങൾക്ക് കഴിയില്ല.,,Pending,,New shared catalog copy; native-speaker review required.
school.studentsOnly,Only students can submit quiz attempts.,ക്വിസ് ശ്രമങ്ങൾ സമർപ്പിക്കാൻ വിദ്യാർത്ഥികൾക്ക് മാത്രമേ കഴിയൂ.,,Pending,,New shared catalog copy; native-speaker review required.
school.unknownAction,That action is not recognized.,ഈ പ്രവർത്തനം തിരിച്ചറിഞ്ഞില്ല.,,Pending,,New shared catalog copy; native-speaker review required.
school.unknownClass,That class does not exist.,ഈ ക്ലാസ് നിലവിലില്ല.,,Pending,,New shared catalog copy; native-speaker review required.
school.unknownClassOrTerm,That class or term does not exist.,ആ ക്ലാസോ ടേമോ നിലവിലില്ല.,,Pending,,New shared catalog copy; native-speaker review required.
school.unknownRole,That role is not recognized.,ഈ റോൾ തിരിച്ചറിഞ്ഞില്ല.,,Pending,,New shared catalog copy; native-speaker review required.
school.unknownRoute,That address does not exist.,ഈ വിലാസം നിലവിലില്ല.,,Pending,,New shared catalog copy; native-speaker review required.
school.unknownTeacher,The selected teacher does not exist.,തിരഞ്ഞെടുത്ത അധ്യാപകൻ നിലവിലില്ല.,,Pending,,New shared catalog copy; native-speaker review required.
school.unknownTerm,That term does not exist.,ഈ ടേം നിലവിലില്ല.,,Pending,,New shared catalog copy; native-speaker review required.
school.writeDenied,Your role cannot make this change.,നിങ്ങളുടെ റോളിന് ഈ മാറ്റം വരുത്താൻ കഴിയില്ല.,,Pending,,New shared catalog copy; native-speaker review required.
school.wrongPassword,Your current password is incorrect.,നിങ്ങളുടെ നിലവിലെ പാസ്‌വേഡ് തെറ്റാണ്.,,Pending,,New shared catalog copy; native-speaker review required.
seats,seats,സീറ്റുകൾ,,Pending,,New shared catalog copy; native-speaker review required.
seats ·,seats ·,സീറ്റുകൾ ·,,Pending,,New shared catalog copy; native-speaker review required.
sensitive,sensitive,സെൻസിറ്റീവ്,,Pending,,New shared catalog copy; native-speaker review required.
sent,sent,അയച്ചു,,Pending,,New shared catalog copy; native-speaker review required.
started {value0},started {value0},{value0} ആരംഭിച്ചു,,Pending,,New shared catalog copy; native-speaker review required.
starts {value0},starts {value0},{value0} ന് ആരംഭിക്കുന്നു,,Pending,,New shared catalog copy; native-speaker review required.
stream · the new student will be roll number,stream · the new student will be roll number,സ്ട്രീം · പുതിയ വിദ്യാർത്ഥിയുടെ റോൾ നമ്പർ ആയിരിക്കും,,Pending,,New shared catalog copy; native-speaker review required.
student & peer feedback,student & peer feedback,വിദ്യാർത്ഥിയുടെയും സഹപാഠികളുടെയും ഫീഡ്ബാക്ക്,,Pending,,New shared catalog copy; native-speaker review required.
students,students,വിദ്യാർത്ഥികൾ,,Pending,,New shared catalog copy; native-speaker review required.
students in,students in,വിദ്യാർത്ഥികൾ,,Pending,,New shared catalog copy; native-speaker review required.
students · class teacher,students · class teacher,വിദ്യാർത്ഥികൾ · ക്ലാസ് ടീച്ചർ,,Pending,,New shared catalog copy; native-speaker review required.
subject,subject,വിഷയം,,Pending,,New shared catalog copy; native-speaker review required.
submissions,submissions,സമർപ്പിക്കലുകൾ,,Pending,,New shared catalog copy; native-speaker review required.
submissions to grade,submissions to grade,ഗ്രേഡ് ചെയ്യാനുള്ള സമർപ്പണങ്ങൾ,,Pending,,New shared catalog copy; native-speaker review required.
system,system,സിസ്റ്റം,,Pending,,New shared catalog copy; native-speaker review required.
then,then,പിന്നെ,,Pending,,New shared catalog copy; native-speaker review required.
to {to},to {to},{to} വരെ,,Pending,,New shared catalog copy; native-speaker review required.
total,total,ആകെ,,Pending,,New shared catalog copy; native-speaker review required.
unanswered questions will score zero.,unanswered questions will score zero.,ഉത്തരം നൽകാത്ത ചോദ്യങ്ങൾക്ക് പൂജ്യം സ്കോർ ലഭിക്കും.,,Pending,,New shared catalog copy; native-speaker review required.
unsaved,unsaved,സേവ് ചെയ്യാത്തത്,,Pending,,New shared catalog copy; native-speaker review required.
unsaved change,unsaved change,സേവ് ചെയ്യാത്ത മാറ്റം,,Pending,,New shared catalog copy; native-speaker review required.
until {date},until {date},{date} വരെ,,Pending,,New shared catalog copy; native-speaker review required.
used,used,ഉപയോഗിച്ചത്,,Pending,,New shared catalog copy; native-speaker review required.
user {id},user {id},ഉപയോക്താവ് {id},,Pending,,New shared catalog copy; native-speaker review required.
will get a confirmation message once you confirm.,will get a confirmation message once you confirm.,നിങ്ങൾ സ്ഥിരീകരിച്ചുകഴിഞ്ഞാൽ ഒരു സ്ഥിരീകരണ സന്ദേശം ലഭിക്കും.,,Pending,,New shared catalog copy; native-speaker review required.
you,you,നിങ്ങൾ,,Pending,,New shared catalog copy; native-speaker review required.
your subject,your subject,നിങ്ങളുടെ വിഷയം,,Pending,,New shared catalog copy; native-speaker review required.
your subjects,your subjects,നിങ്ങളുടെ വിഷയങ്ങൾ,,Pending,,New shared catalog copy; native-speaker review required.
{action} for all {category} reports,{action} for all {category} reports,എല്ലാ {category} റിപ്പോർട്ടുകൾക്കുമുള്ള {action},,Pending,,New shared catalog copy; native-speaker review required.
"{category} / {subcategory}, version {version}","{category} / {subcategory}, version {version}","{category} / {subcategory}, പതിപ്പ് {version}",,Pending,,New shared catalog copy; native-speaker review required.
{count} in progress,{count} in progress,{count} പുരോഗതിയിൽ,,Pending,,New shared catalog copy; native-speaker review required.
{count} reports available to your role. Star the ones you use most to find them first.,{count} reports available to your role. Star the ones you use most to find them first.,നിങ്ങളുടെ റോളിന് {count} റിപ്പോർട്ടുകൾ ലഭ്യമാണ്. നിങ്ങൾ കൂടുതലായി ഉപയോഗിക്കുന്നവ ആദ്യം കണ്ടെത്താൻ സ്റ്റാർ ചെയ്യുക.,,Pending,,New shared catalog copy; native-speaker review required.
{count} users,{count} users,{count} ഉപയോക്താക്കൾ,,Pending,,New shared catalog copy; native-speaker review required.
"{count} widgets, owned by {owner}","{count} widgets, owned by {owner}","{count} വിജറ്റുകൾ, {owner} ഉടമസ്ഥതയിലുള്ളത്",,Pending,,New shared catalog copy; native-speaker review required.
{days} days,{days} days,{days} ദിവസം,,Pending,,New shared catalog copy; native-speaker review required.
{done} of {total} months,{done} of {total} months,{total} മാസങ്ങളിൽ {done} പൂർത്തിയായി,,Pending,,New shared catalog copy; native-speaker review required.
{from} to {to},{from} to {to},{from} മുതൽ {to} വരെ,,Pending,,New shared catalog copy; native-speaker review required.
{from} to {to}:,{from} to {to}:,{from} മുതൽ {to} വരെ:,,Pending,,New shared catalog copy; native-speaker review required.
{kind} of {report},{kind} of {report},{report}ന്റെ {kind},,Pending,,New shared catalog copy; native-speaker review required.
{org} reporting workspace,{org} reporting workspace,{org} റിപ്പോർട്ടിംഗ് വർക്ക്സ്പേസ്,,Pending,,New shared catalog copy; native-speaker review required.
{record} marked {status},{record} marked {status},{record} {status} എന്ന് അടയാളപ്പെടുത്തി,,Pending,,New shared catalog copy; native-speaker review required.
{resourceType} availability,{resourceType} availability,{resourceType} ലഭ്യത,,Pending,,New shared catalog copy; native-speaker review required.
{resource} is already booked at this time. Pick another slot or {resourceType}.,{resource} is already booked at this time. Pick another slot or {resourceType}.,{resource} ഈ സമയത്ത് ഇതിനകം ബുക്ക് ചെയ്തിട്ടുണ്ട്. മറ്റൊരു സ്ലോട്ട് അല്ലെങ്കിൽ {resourceType} തിരഞ്ഞെടുക്കുക.,,Pending,,New shared catalog copy; native-speaker review required.
"{timing}, covering {period}, as {format}.","{timing}, covering {period}, as {format}.","{timing}, {period} ഉൾക്കൊള്ളുന്നു, {format} ആയി.",,Pending,,New shared catalog copy; native-speaker review required.
{value0},{value0},{value0},,Pending,,New shared catalog copy; native-speaker review required.
{value0} (you),{value0} (you),{value0} (നിങ്ങൾ),,Pending,,New shared catalog copy; native-speaker review required.
{value0} Quarterly average,{value0} Quarterly average,{value0} ത്രൈമാസ ശരാശരി,,Pending,,New shared catalog copy; native-speaker review required.
{value0} active students,{value0} active students,{value0} സജീവ വിദ്യാർത്ഥികൾ,,Pending,,New shared catalog copy; native-speaker review required.
{value0} added,{value0} added,{value0} ചേർത്തു,,Pending,,New shared catalog copy; native-speaker review required.
{value0} added to the curriculum,{value0} added to the curriculum,{value0} പാഠ്യപദ്ധതിയിൽ ചേർത്തു,,Pending,,New shared catalog copy; native-speaker review required.
{value0} already has a paper on this date.,{value0} already has a paper on this date.,{value0} ന് ഈ തീയതിയിൽ ഇതിനകം ഒരു പേപ്പർ ഉണ്ട്.,,Pending,,New shared catalog copy; native-speaker review required.
{value0} answered · {value1} flagged,{value0} answered · {value1} flagged,{value0} ഉത്തരം നൽകി · {value1} ഫ്ലാഗ് ചെയ്തു,,Pending,,New shared catalog copy; native-speaker review required.
{value0} assignments open,{value0} assignments open,{value0} അസൈൻമെന്റുകൾ തുറന്നിരിക്കുന്നു,,Pending,,New shared catalog copy; native-speaker review required.
{value0} attendance,{value0} attendance,{value0} ഹാജർ,,Pending,,New shared catalog copy; native-speaker review required.
{value0} booked for {value1},{value0} booked for {value1},{value0} {value1} ന് ബുക്ക് ചെയ്തു,,Pending,,New shared catalog copy; native-speaker review required.
{value0} classes,{value0} classes,{value0} ക്ലാസുകൾ,,Pending,,New shared catalog copy; native-speaker review required.
{value0} collected of {value1} billed,{value0} collected of {value1} billed,{value1} ബില്ലിൽ നിന്ന് {value0} ശേഖരിച്ചു,,Pending,,New shared catalog copy; native-speaker review required.
{value0} completed,{value0} completed,{value0} പൂർത്തിയായി,,Pending,,New shared catalog copy; native-speaker review required.
{value0} copies,{value0} copies,{value0} കോപ്പികൾ,,Pending,,New shared catalog copy; native-speaker review required.
{value0} created,{value0} created,{value0} സൃഷ്ടിച്ചു,,Pending,,New shared catalog copy; native-speaker review required.
{value0} days,{value0} days,{value0} ദിവസങ്ങൾ,,Pending,,New shared catalog copy; native-speaker review required.
{value0} days overdue · fine {value1},{value0} days overdue · fine {value1},{value0} ദിവസം കാലതാമസം · പിഴ {value1},,Pending,,New shared catalog copy; native-speaker review required.
{value0} deleted,{value0} deleted,{value0} ഇല്ലാതാക്കി,,Pending,,New shared catalog copy; native-speaker review required.
{value0} departments,{value0} departments,{value0} വകുപ്പുകൾ,,Pending,,New shared catalog copy; native-speaker review required.
{value0} event{value1},{value0} event{value1},{value0} ഇവന്റ്{value1},,Pending,,New shared catalog copy; native-speaker review required.
{value0} fees,{value0} fees,{value0} ഫീസ്,,Pending,,New shared catalog copy; native-speaker review required.
{value0} from,{value0} from,{value0} മുതൽ,,Pending,,New shared catalog copy; native-speaker review required.
{value0} invoices,{value0} invoices,{value0} ഇൻവോയ്സുകൾ,,Pending,,New shared catalog copy; native-speaker review required.
{value0} is already booked at {value1},{value0} is already booked at {value1},{value0} {value1} ൽ ഇതിനകം ബുക്ക് ചെയ്തിട്ടുണ്ട്,,Pending,,New shared catalog copy; native-speaker review required.
{value0} is now class teacher of {value1},{value0} is now class teacher of {value1},{value0} ഇപ്പോൾ {value1} ന്റെ ക്ലാസ് ടീച്ചറാണ്,,Pending,,New shared catalog copy; native-speaker review required.
{value0} is required,{value0} is required,{value0} ആവശ്യമാണ്,,Pending,,New shared catalog copy; native-speaker review required.
{value0} live now,{value0} live now,{value0} ഇപ്പോൾ തത്സമയം,,Pending,,New shared catalog copy; native-speaker review required.
{value0} marked {value1},{value0} marked {value1},{value0} {value1} എന്ന് അടയാളപ്പെടുത്തി,,Pending,,New shared catalog copy; native-speaker review required.
{value0} moved to {value1},{value0} moved to {value1},{value0} {value1} ലേക്ക് മാറ്റി,,Pending,,New shared catalog copy; native-speaker review required.
{value0} of {value1} available,{value0} of {value1} available,{value1} ൽ {value0} ലഭ്യമാണ്,,Pending,,New shared catalog copy; native-speaker review required.
{value0} of {value1} copies available · shelf {value2},{value0} of {value1} copies available · shelf {value2},{value1} ൽ {value0} കോപ്പികൾ ലഭ്യമാണ് · ഷെൽഫ് {value2},,Pending,,New shared catalog copy; native-speaker review required.
{value0} of {value1} steps,{value0} of {value1} steps,{value1} ൽ {value0} ഘട്ടങ്ങൾ,,Pending,,New shared catalog copy; native-speaker review required.
{value0} on leave,{value0} on leave,{value0} അവധിയിലാണ്,,Pending,,New shared catalog copy; native-speaker review required.
{value0} on {value1},{value0} on {value1},"{value0}, {value1} ന്",,Pending,,New shared catalog copy; native-speaker review required.
{value0} open,{value0} open,{value0} തുറന്നിരിക്കുന്നു,,Pending,,New shared catalog copy; native-speaker review required.
{value0} outstanding,{value0} outstanding,{value0} കുടിശ്ശിക,,Pending,,New shared catalog copy; native-speaker review required.
{value0} overdue,{value0} overdue,{value0} കാലാവധി കഴിഞ്ഞു,,Pending,,New shared catalog copy; native-speaker review required.
{value0} overdue · {value1}/day,{value0} overdue · {value1}/day,{value0} കാലതാമസം · {value1}/ദിവസം,,Pending,,New shared catalog copy; native-speaker review required.
{value0} paper scheduled for {value1},{value0} paper scheduled for {value1},{value0} പേപ്പർ {value1} ന് ഷെഡ്യൂൾ ചെയ്തു,,Pending,,New shared catalog copy; native-speaker review required.
{value0} part-paid,{value0} part-paid,{value0} ഭാഗികമായി അടച്ചു,,Pending,,New shared catalog copy; native-speaker review required.
{value0} partly paid,{value0} partly paid,{value0} ഭാഗികമായി അടച്ചു,,Pending,,New shared catalog copy; native-speaker review required.
{value0} per week,{value0} per week,ആഴ്ചയിൽ {value0},,Pending,,New shared catalog copy; native-speaker review required.
{value0} periods,{value0} periods,{value0} പിരീഡുകൾ,,Pending,,New shared catalog copy; native-speaker review required.
{value0} qualified,{value0} qualified,{value0} യോഗ്യത നേടി,,Pending,,New shared catalog copy; native-speaker review required.
{value0} questions added from the bank,{value0} questions added from the bank,ബാങ്കിൽ നിന്ന് {value0} ചോദ്യങ്ങൾ ചേർത്തു,,Pending,,New shared catalog copy; native-speaker review required.
{value0} questions · {value1} points,{value0} questions · {value1} points,{value0} ചോദ്യങ്ങൾ · {value1} പോയിന്റുകൾ,,Pending,,New shared catalog copy; native-speaker review required.
{value0} receipts and notes,{value0} receipts and notes,{value0} രസീതുകളും കുറിപ്പുകളും,,Pending,,New shared catalog copy; native-speaker review required.
{value0} received from {value1},{value0} received from {value1},{value1} ൽ നിന്ന് {value0} ലഭിച്ചു,,Pending,,New shared catalog copy; native-speaker review required.
{value0} record added,{value0} record added,{value0} റെക്കോർഡ് ചേർത്തു,,Pending,,New shared catalog copy; native-speaker review required.
{value0} registered · admission no. {value1},{value0} registered · admission no. {value1},{value0} രജിസ്റ്റർ ചെയ്തു · അഡ്മിഷൻ നമ്പർ {value1},,Pending,,New shared catalog copy; native-speaker review required.
{value0} registered · {value1},{value0} registered · {value1},{value0} രജിസ്റ്റർ ചെയ്തു · {value1},,Pending,,New shared catalog copy; native-speaker review required.
{value0} seats,{value0} seats,{value0} സീറ്റുകൾ,,Pending,,New shared catalog copy; native-speaker review required.
{value0} sections,{value0} sections,{value0} സെക്ഷനുകൾ,,Pending,,New shared catalog copy; native-speaker review required.
{value0} submitted for approval,{value0} submitted for approval,{value0} അംഗീകാരത്തിനായി സമർപ്പിച്ചു,,Pending,,New shared catalog copy; native-speaker review required.
{value0} that day,{value0} that day,ആ ദിവസം {value0},,Pending,,New shared catalog copy; native-speaker review required.
{value0} to,{value0} to,{value0} മുതൽ,,Pending,,New shared catalog copy; native-speaker review required.
{value0} to {value1},{value0} to {value1},{value0} മുതൽ {value1} വരെ,,Pending,,New shared catalog copy; native-speaker review required.
{value0} unsaved mark{value1} will be lost if you switch term.,{value0} unsaved mark{value1} will be lost if you switch term.,ടേം മാറ്റിയാൽ {value0} സേവ് ചെയ്യാത്ത മാർക്ക്{value1} നഷ്ടപ്പെടും.,,Pending,,New shared catalog copy; native-speaker review required.
{value0} updates,{value0} updates,{value0} അപ്‌ഡേറ്റുകൾ,,Pending,,New shared catalog copy; native-speaker review required.
{value0} {value1},{value0} {value1},{value0} {value1},,Pending,,New shared catalog copy; native-speaker review required.
{value0} · Roll {value1} · {value2},{value0} · Roll {value1} · {value2},{value0} · റോൾ {value1} · {value2},,Pending,,New shared catalog copy; native-speaker review required.
{value0} · Room {value1} · {value2}/{value3} students · class average {value4}%,{value0} · Room {value1} · {value2}/{value3} students · class average {value4}%,{value0} · മുറി {value1} · {value2}/{value3} വിദ്യാർത്ഥികൾ · ക്ലാസ് ശരാശരി {value4}%,,Pending,,New shared catalog copy; native-speaker review required.
{value0} · applying for Grade {value1},{value0} · applying for Grade {value1},{value0} · ഗ്രേഡ് {value1} ന് അപേക്ഷിക്കുന്നു,,Pending,,New shared catalog copy; native-speaker review required.
{value0} · due {value1},{value0} · due {value1},{value0} · {value1} ന് നൽകേണ്ടത്,,Pending,,New shared catalog copy; native-speaker review required.
{value0} · due {value1} · {value2} marks,{value0} · due {value1} · {value2} marks,{value0} · {value1} ന് നൽകേണ്ടത് · {value2} മാർക്ക്,,Pending,,New shared catalog copy; native-speaker review required.
{value0} · {value1} min · {value2} attended,{value0} · {value1} min · {value2} attended,{value0} · {value1} മിനിറ്റ് · {value2} ഹാജരായി,,Pending,,New shared catalog copy; native-speaker review required.
{value0} · {value1} reviewed questions,{value0} · {value1} reviewed questions,{value0} · {value1} അവലോകനം ചെയ്ത ചോദ്യങ്ങൾ,,Pending,,New shared catalog copy; native-speaker review required.
{value0} · {value1} · balance {value2},{value0} · {value1} · balance {value2},{value0} · {value1} · ബാലൻസ് {value2},,Pending,,New shared catalog copy; native-speaker review required.
{value0} · {value1} · due {value2} · {value3} marks,{value0} · {value1} · due {value2} · {value3} marks,{value0} · {value1} · {value2} ന് നൽകേണ്ടത് · {value3} മാർക്ക്,,Pending,,New shared catalog copy; native-speaker review required.
{value0} · {value1} · {value2},{value0} · {value1} · {value2},{value0} · {value1} · {value2},,Pending,,New shared catalog copy; native-speaker review required.
{value0} · {value1}: {value2},{value0} · {value1}: {value2},{value0} · {value1}: {value2},,Pending,,New shared catalog copy; native-speaker review required.
{value0}%,{value0}%,{value0}%,,Pending,,New shared catalog copy; native-speaker review required.
{value0}% collection rate,{value0}% collection rate,{value0}% ശേഖരണ നിരക്ക്,,Pending,,New shared catalog copy; native-speaker review required.
{value0}% of stock,{value0}% of stock,സ്റ്റോക്കിന്റെ {value0}%,,Pending,,New shared catalog copy; native-speaker review required.
{value0}% of {value1},{value0}% of {value1},{value1} ന്റെ {value0}%,,Pending,,New shared catalog copy; native-speaker review required.
{value0}'s week at a glance,{value0}'s week at a glance,{value0} ന്റെ ആഴ്ച ഒറ്റനോട്ടത്തിൽ,,Pending,,New shared catalog copy; native-speaker review required.
"{value0}, {value1} event{value2}","{value0}, {value1} event{value2}","{value0}, {value1} ഇവന്റ്{value2}",,Pending,,New shared catalog copy; native-speaker review required.
{value0}.csv downloaded · {value1} rows,{value0}.csv downloaded · {value1} rows,{value0}.csv ഡൗൺലോഡ് ചെയ്തു · {value1} വരികൾ,,Pending,,New shared catalog copy; native-speaker review required.
"{value0}/api/v1/reports/{value1}?period=last_month&format=csv
{value2}/api/v1/reports/{value3}?from=2025-01-01&to=2025-03-31&branch=Chennai,Kochi&page=1","{value0}/api/v1/reports/{value1}?period=last_month&format=csv
{value2}/api/v1/reports/{value3}?from=2025-01-01&to=2025-03-31&branch=Chennai,Kochi&page=1","{value0}/api/v1/reports/{value1}?period=last_month&format=csv
{value2}/api/v1/reports/{value3}?from=2025-01-01&to=2025-03-31&branch=Chennai,Kochi&page=1",,Pending,,New shared catalog copy; native-speaker review required.
{value0}: you vs class average,{value0}: you vs class average,{value0}: നിങ്ങൾ vs ക്ലാസ് ശരാശരി,,Pending,,New shared catalog copy; native-speaker review required.
{value0}: {value1},{value0}: {value1},{value0}: {value1},,Pending,,New shared catalog copy; native-speaker review required.
· AY,· AY,· അധ്യയന വർഷം,,Pending,,New shared catalog copy; native-speaker review required.
· Roll,· Roll,· റോൾ നമ്പർ,,Pending,,New shared catalog copy; native-speaker review required.
· Room,· Room,· മുറി,,Pending,,New shared catalog copy; native-speaker review required.
· class average,· class average,· ക്ലാസ് ശരാശരി,,Pending,,New shared catalog copy; native-speaker review required.
· due,· due,· അവസാന തീയതി,,Pending,,New shared catalog copy; native-speaker review required.
· from,· from,· മുതൽ,,Pending,,New shared catalog copy; native-speaker review required.
· host,· host,· ഹോസ്റ്റ്,,Pending,,New shared catalog copy; native-speaker review required.
· invigilator,· invigilator,· മേൽനോട്ടക്കാരൻ,,Pending,,New shared catalog copy; native-speaker review required.
· issued,· issued,· നൽകിയത്,,Pending,,New shared catalog copy; native-speaker review required.
· live data,· live data,· തത്സമയ ഡാറ്റ,,Pending,,New shared catalog copy; native-speaker review required.
· questions go to the school office.,· questions go to the school office.,· ചോദ്യങ്ങൾ സ്കൂൾ ഓഫീസിലേക്ക് അയക്കുക.,,Pending,,New shared catalog copy; native-speaker review required.
· set by,· set by,· നിശ്ചയിച്ചത്,,Pending,,New shared catalog copy; native-speaker review required.
— you can still join with audio off.,— you can still join with audio off.,— ഓഡിയോ ഓഫ് ചെയ്തും നിങ്ങൾക്ക് ചേരാം.,,Pending,,New shared catalog copy; native-speaker review required.
“{value0}” added to the calendar,“{value0}” added to the calendar,"""{value0}"" കലണ്ടറിൽ ചേർത്തു",,Pending,,New shared catalog copy; native-speaker review required.
“{value0}” added to the catalogue,“{value0}” added to the catalogue,"""{value0}"" കാറ്റലോഗിൽ ചേർത്തു",,Pending,,New shared catalog copy; native-speaker review required.
“{value0}” closed,“{value0}” closed,"""{value0}"" അടച്ചു",,Pending,,New shared catalog copy; native-speaker review required.
“{value0}” is live for {value1},“{value0}” is live for {value1},"""{value0}"" {value1} ന് തത്സമയമാണ്",,Pending,,New shared catalog copy; native-speaker review required.
“{value0}” issued to {value1} until {value2},“{value0}” issued to {value1} until {value2},"""{value0}"" {value1} ന് {value2} വരെ നൽകി",,Pending,,New shared catalog copy; native-speaker review required.
“{value0}” reserved — collect from shelf {value1} within 48 hours,“{value0}” reserved — collect from shelf {value1} within 48 hours,"""{value0}"" റിസർവ് ചെയ്തു — 48 മണിക്കൂറിനുള്ളിൽ ഷെൽഫ് {value1} ൽ നിന്ന് ശേഖരിക്കുക",,Pending,,New shared catalog copy; native-speaker review required.
“{value0}” returned on time,“{value0}” returned on time,"""{value0}"" സമയത്ത് തിരികെ നൽകി",,Pending,,New shared catalog copy; native-speaker review required.
“{value0}” returned · fine {value1} added to {value2}'s account,“{value0}” returned · fine {value1} added to {value2}'s account,"""{value0}"" തിരികെ നൽകി · പിഴ {value1} {value2} ന്റെ അക്കൗണ്ടിലേക്ക് ചേർത്തു",,Pending,,New shared catalog copy; native-speaker review required.
“{value0}” scheduled · invitations sent,“{value0}” scheduled · invitations sent,"""{value0}"" ഷെഡ്യൂൾ ചെയ്തു · ക്ഷണങ്ങൾ അയച്ചു",,Pending,,New shared catalog copy; native-speaker review required.
● Live,● Live,● തത്സമയം,,Pending,,New shared catalog copy; native-speaker review required.
