dummy-api/config/localization/shared/ar: missing ui.reference.surgisuite.206cad849b010bda
dummy-api/config/localization/shared/ar: missing ui.reference.surgisuite.8e6f9908c8ac5761
dummy-api/config/localization/shared/ar: missing ui.reference.surgisuite.533ed727cc21bce3
dummy-api/config/localization/shared/ar: missing ui.reference.surgisuite.8da414d8f097f21a
dummy-api/config/localization/shared/ar: missing ui.reference.surgisuite.ed4752af4bd9b65e
dummy-api/config/localization/shared/ar: missing ui.reference.surgisuite.f04047c5fcfdc2c1
dummy-api/config/localization/shared/ar: missing ui.reference.surgisuite.ba97c096ba4702d0
dummy-api/config/localization/shared/ar: missing ui.reference.surgisuite.378e01c46a9722cf
dummy-api/config/localization/shared/ar: missing ui.reference.surgisuite.4590da316ccf9971
dummy-api/config/localization/shared/ar: missing ui.reference.surgisuite.e42d05cf2b623d9d
dummy-api/config/localization/shared/ar: missing ui.reference.surgisuite.4108e02c180199c4
dummy-api/config/localization/shared/ar: missing ui.reference.surgisuite.93a7aa86575a84e2
dummy-api/config/localization/shared/ar: missing ui.reference.surgisuite.38d3a870071266db
dummy-api/config/localization/shared/ar: missing ui.reference.surgisuite.c2e4a35dc8f4b1c9
dummy-api/config/localization/shared/ar: missing ui.reference.surgisuite.c26a3330e69708cb
dummy-api/config/localization/shared/ar: missing ui.reference.surgisuite.9b8377889e82ef12
dummy-api/config/localization/shared/ar: missing ui.reference.surgisuite.b76acf30d30db6a5
dummy-api/config/localization/shared/ar: missing ui.reference.surgisuite.3915fa6280d7877e
dummy-api/config/localization/shared/ar: missing ui.reference.surgisuite.ba2800019a366965
dummy-api/config/localization/shared/ar: missing ui.reference.surgisuite.dcdce51f07eba2b5
dummy-api/config/localization/shared/ar: missing ui.reference.surgisuite.7aab87d0257a9e14
dummy-api/config/localization/shared/ar: missing ui.reference.surgisuite.4c9dbc38c83c9cb1
dummy-api/config/localization/shared/ar: missing ui.reference.surgisuite.7f1e83835b276ba0
dummy-api/config/localization/shared/ar: missing ui.reference.surgisuite.90d723d12dd1424b
dummy-api/config/localization/shared/ar: missing ui.reference.surgisuite.7b448cb1dcaa33df
dummy-api/config/localization/shared/ar: missing ui.reference.surgisuite.6314b811b607d9e8
dummy-api/config/localization/shared/ar: missing ui.reference.surgisuite.360b048f340d24a5
dummy-api/config/localization/shared/ar: missing ui.reference.surgisuite.4b3f79c6c7f39886
dummy-api/config/localization/shared/ar: missing ui.reference.surgisuite.5c967c918a778805
dummy-api/config/localization/shared/ar: missing ui.reference.surgisuite.731cd10bdd0b5760
dummy-api/config/localization/shared/ar: missing ui.reference.surgisuite.1d36d78123e14173
dummy-api/config/localization/shared/ar: missing ui.reference.surgisuite.5556234a76a932eb
dummy-api/config/localization/shared/ar: missing ui.reference.surgisuite.376764a99690e8f8
dummy-api/config/localization/shared/ar: missing ui.reference.surgisuite.927634576316e591
dummy-api/config/localization/shared/ar: missing ui.reference.surgisuite.09abcec1345929c3
dummy-api/config/localization/shared/ar: missing ui.reference.surgisuite.60bf153f04d3ff1d
dummy-api/config/localization/shared/ar: missing ui.reference.surgisuite.51107686754a31d2
dummy-api/config/localization/shared/ar: missing ui.reference.surgisuite.907cc0871c8cf3c8
dummy-api/config/localization/shared/ar: missing ui.reference.surgisuite.317e1338f62a0369
dummy-api/config/localization/shared/ar: missing ui.reference.surgisuite.50aa4d541822da09
dummy-api/config/localization/shared/ar: missing ui.reference.surgisuite.1a4ca81992c02264
dummy-api/config/localization/shared/ar: missing ui.reference.surgisuite.2ed451a16c9cfff1
dummy-api/config/localization/shared/ar: missing ui.reference.surgisuite.b3591ab024ad4a98
dummy-api/config/localization/shared/ar: missing ui.reference.surgisuite.b6b243caef1ef4d3
dummy-api/config/localization/shared/ar: missing ui.reference.surgisuite.a941619f72c6c9a7
dummy-api/config/localization/shared/ar: missing ui.reference.surgisuite.3082b13fb92bce28
dummy-api/config/localization/shared/ar: missing ui.reference.surgisuite.360242d602d32035
dummy-api/config/localization/shared/ar: missing ui.reference.surgisuite.1aa8caa3139b4983
dummy-api/config/localization/shared/ar: missing ui.reference.surgisuite.47a875bba3b9e37b
dummy-api/config/localization/shared/ar: missing ui.reference.surgisuite.c16431b1087a8f5f
dummy-api/config/localization/shared/ar: missing ui.reference.surgisuite.99d9b7b14d230688
dummy-api/config/localization/shared/ar: missing ui.reference.surgisuite.d965c126c38661d9
dummy-api/config/localization/shared/ar: missing ui.reference.surgisuite.3edc607d48d7c83c
dummy-api/config/localization/shared/ar: missing ui.reference.surgisuite.554a795a1c5ced57
dummy-api/config/localization/shared/ar: missing ui.reference.surgisuite.95177dd3727856c9
dummy-api/config/localization/shared/ar: missing ui.reference.surgisuite.dac804854299f96a
dummy-api/config/localization/shared/ar: missing ui.reference.surgisuite.f22c0dd8c3d36d4c
dummy-api/config/localization/shared/ar: missing ui.reference.surgisuite.a4a2bb2b785abb97
dummy-api/config/localization/shared/ar: missing ui.reference.surgisuite.cbf30eb71a5dc70b
dummy-api/config/localization/shared/ar: missing ui.reference.surgisuite.a540f5e2a1f20bec
dummy-api/config/localization/shared/ar: missing ui.reference.surgisuite.07ad76903ccb0128
dummy-api/config/localization/shared/ar: missing ui.reference.surgisuite.13bc7daa3616a609
dummy-api/config/localization/shared/ar: missing ui.reference.surgisuite.810d91c0361474fe
dummy-api/config/localization/shared/ar: missing ui.reference.surgisuite.f61cca9159601791
dummy-api/config/localization/shared/ar: missing ui.reference.surgisuite.78760df064a7a7e6
dummy-api/config/localization/shared/ar: missing ui.reference.surgisuite.3c9fac2fd78492e2
dummy-api/config/localization/shared/ar: missing ui.reference.surgisuite.896013bbf643b9c7
dummy-api/config/localization/shared/ar: missing ui.reference.surgisuite.a423301d29812916
dummy-api/config/localization/shared/ar: missing ui.reference.surgisuite.e69f12b32a809c17
dummy-api/config/localization/shared/ar: missing ui.reference.surgisuite.01fd608d5cbafca7
dummy-api/config/localization/shared/ar: missing ui.reference.surgisuite.d1f5fe840a73f496
dummy-api/config/localization/shared/ar: missing ui.reference.surgisuite.18b1ffa90a55dcbf
dummy-api/config/localization/shared/ar: missing ui.reference.surgisuite.2c4390730ef472a3
dummy-api/config/localization/shared/ar: missing ui.reference.surgisuite.e7cfad562f213178
dummy-api/config/localization/shared/ar: missing ui.reference.surgisuite.f4de13f70ed8dd1a
dummy-api/config/localization/shared/ar: missing ui.reference.surgisuite.25dde3ff5da25c20
dummy-api/config/localization/shared/ar: missing ui.reference.surgisuite.1919d586a1ae653f
dummy-api/config/localization/shared/ar: missing ui.reference.surgisuite.12f8347b2b9e1087
dummy-api/config/localization/shared/ar: missing ui.reference.surgisuite.971b257a9bf53268
dummy-api/config/localization/shared/ar: missing ui.reference.surgisuite.857f6ae1e24867ad
dummy-api/config/localization/shared/ar: missing ui.reference.surgisuite.3fa368279f39221e
dummy-api/config/localization/shared/ar: missing ui.reference.surgisuite.8260351e20fd99d3
dummy-api/config/localization/shared/ar: missing ui.reference.surgisuite.333d798fbf094346
dummy-api/config/localization/shared/ar: missing ui.reference.surgisuite.662dc0ef7b7e8920
dummy-api/config/localization/shared/ar: missing ui.reference.surgisuite.f9479b869e1045ab
dummy-api/config/localization/shared/ar: missing ui.reference.surgisuite.84e62b75f9ea4ca9
dummy-api/config/localization/shared/ar: missing ui.reference.surgisuite.c9d5caf03447337b
dummy-api/config/localization/shared/ar: missing ui.reference.surgisuite.9d6002896ee7790c
dummy-api/config/localization/shared/ar: missing ui.reference.surgisuite.e90d617d2b55cdbd
dummy-api/config/localization/shared/ar: missing ui.reference.surgisuite.3bc4fa1e864a2103
dummy-api/config/localization/shared/ar: missing ui.reference.surgisuite.e736338b4ad16684
dummy-api/config/localization/shared/ar: missing ui.reference.surgisuite.41548b1599ee36cc
dummy-api/config/localization/shared/ar: missing ui.reference.surgisuite.e37cb2d90a8ce6a6
dummy-api/config/localization/shared/ar: missing ui.reference.surgisuite.7df12801293f5597
dummy-api/config/localization/shared/ar: missing ui.reference.surgisuite.853ff82c1eddcaed
dummy-api/config/localization/shared/ar: missing ui.reference.surgisuite.4e3d9ee4438185f6
dummy-api/config/localization/shared/ar: missing ui.reference.surgisuite.8caaef4c05ebfe97
dummy-api/config/localization/shared/ar: missing ui.reference.surgisuite.aca01a1a3a27d35c
dummy-api/config/localization/shared/ar: missing ui.reference.surgisuite.6ddfa298fbca7807
dummy-api/config/localization/shared/ar: missing ui.reference.surgisuite.c708de6d2be58222
dummy-api/config/localization/shared/ar: missing ui.reference.surgisuite.2f92b36a5c546aab
dummy-api/config/localization/shared/ar: missing ui.reference.surgisuite.2c72abcd440ede35
dummy-api/config/localization/shared/ar: missing ui.reference.surgisuite.9107817b3de49e0e
dummy-api/config/localization/shared/ar: missing ui.reference.surgisuite.30fddb9fe4315e8f
dummy-api/config/localization/shared/ar: missing ui.reference.surgisuite.22f03a238cf08ab6
dummy-api/config/localization/shared/ar: missing ui.reference.surgisuite.1be05707233cf143
dummy-api/config/localization/shared/ar: missing ui.reference.surgisuite.1ad70bda20f7d72c
dummy-api/config/localization/shared/ar: missing ui.reference.surgisuite.b35883e2a108655b
dummy-api/config/localization/shared/ar: missing ui.reference.surgisuite.797a0ea93974d18b
dummy-api/config/localization/shared/ar: missing ui.reference.surgisuite.f609344d29b8c613
dummy-api/config/localization/shared/ar: missing ui.reference.surgisuite.5e7d5e69f8f57c3d
dummy-api/config/localization/shared/ar: missing ui.reference.surgisuite.991b86ac5a34831a
dummy-api/config/localization/shared/ar: missing ui.reference.surgisuite.89049c9ebf4394f4
dummy-api/config/localization/shared/ar: missing ui.reference.surgisuite.30b5ff19c07c4a66
dummy-api/config/localization/shared/ar: missing ui.reference.surgisuite.6ecd24279802c3d4
dummy-api/config/localization/shared/ar: missing ui.reference.surgisuite.782aaa4948ceb4dc
dummy-api/config/localization/shared/ar: missing ui.reference.surgisuite.9f74f3c3647f6179
dummy-api/config/localization/shared/ar: missing ui.reference.surgisuite.a0f857b588333ca6
dummy-api/config/localization/shared/ar: missing ui.reference.surgisuite.df34541ef8196ff2
dummy-api/config/localization/shared/ar: missing ui.reference.surgisuite.f3f07224d235971f
dummy-api/config/localization/shared/ar: missing ui.reference.surgisuite.99ef3e4d651aa9a5
dummy-api/config/localization/shared/ar: missing ui.reference.surgisuite.437a7a7579ef7fba
dummy-api/config/localization/shared/ar: missing ui.reference.surgisuite.2f92610ccdaf1b0e
dummy-api/config/localization/shared/ar: missing ui.reference.surgisuite.e2e36eaa0ffb3cdc
dummy-api/config/localization/shared/ar: missing ui.reference.surgisuite.d13ae596737ca82f
dummy-api/config/localization/shared/ar: missing ui.reference.surgisuite.dd63db1c567e9a1f
dummy-api/config/localization/shared/ar: missing ui.reference.surgisuite.87d2895c3880e474
dummy-api/config/localization/shared/ar: missing ui.reference.surgisuite.6fe7912f243ce472
dummy-api/config/localization/shared/ar: missing ui.reference.surgisuite.eaceae4b98c00564
dummy-api/config/localization/shared/ar: missing ui.reference.surgisuite.0de7ef23fdf47a92
dummy-api/config/localization/shared/ar: missing ui.reference.surgisuite.2943147a6df3c9e9
dummy-api/config/localization/shared/ar: missing ui.reference.surgisuite.ab0171ca0494d441
dummy-api/config/localization/shared/ar: missing ui.reference.surgisuite.d7ffa72b0257bc91
dummy-api/config/localization/shared/ar: missing ui.reference.surgisuite.eb9c63551ba7057b
dummy-api/config/localization/shared/ar: missing ui.reference.surgisuite.7fe1e24999a7968b
dummy-api/config/localization/shared/ar: missing ui.reference.surgisuite.d16a7c0b2e4ec944
dummy-api/config/localization/shared/ar: missing ui.reference.surgisuite.7cf1873149e9512a
dummy-api/config/localization/shared/ar: missing ui.reference.surgisuite.6707458b5759dfcb
dummy-api/config/localization/shared/ar: missing ui.reference.surgisuite.97f27fe677fc774d
dummy-api/config/localization/shared/ar: missing ui.reference.surgisuite.fc01e30ec13d561f
dummy-api/config/localization/shared/ar: missing ui.reference.surgisuite.908ab50c04924080
dummy-api/config/localization/shared/ar: missing ui.reference.surgisuite.1f397413e4399207
dummy-api/config/localization/shared/ar: missing ui.reference.surgisuite.5d97489895786456
dummy-api/config/localization/shared/ar: missing ui.reference.surgisuite.df107b2ab2e3a0d4
dummy-api/config/localization/shared/ar: missing ui.reference.surgisuite.bbf55067b900377e
dummy-api/config/localization/shared/ar: missing ui.reference.surgisuite.a308b572365ddb7b
dummy-api/config/localization/shared/ar: missing ui.reference.surgisuite.cd52ab350ab75856
dummy-api/config/localization/shared/ar: missing ui.reference.surgisuite.eb970eb0951c6cde
dummy-api/config/localization/shared/ar: missing ui.reference.surgisuite.37a7370bb6a24a85
dummy-api/config/localization/shared/ar: missing ui.reference.surgisuite.308d5a0903f2c571
dummy-api/config/localization/shared/ar: missing ui.reference.surgisuite.b12e55b51d00749b
dummy-api/config/localization/shared/ar: missing ui.reference.surgisuite.cab0957cf1c37242
dummy-api/config/localization/shared/ar: missing ui.reference.surgisuite.23ea1b1beb5529f4
dummy-api/config/localization/shared/ar: missing ui.reference.surgisuite.b33205f429a7a24f
dummy-api/config/localization/shared/ar: missing ui.reference.surgisuite.5546061edd3a611f
dummy-api/config/localization/shared/ar: missing ui.reference.surgisuite.d81e2dbf4947642f
dummy-api/config/localization/shared/ar: missing ui.reference.surgisuite.1911f06f06f2f6fb
dummy-api/config/localization/shared/ar: missing ui.reference.surgisuite.7fa1342ce73187bc
dummy-api/config/localization/shared/ar: missing ui.reference.surgisuite.3a567fb765d65f93
dummy-api/config/localization/shared/ar: missing ui.reference.surgisuite.072da57facdcc631
dummy-api/config/localization/shared/ar: missing ui.reference.surgisuite.ce52f756b579758a
dummy-api/config/localization/shared/ar: missing ui.reference.surgisuite.ebb20a4b20d52b81
dummy-api/config/localization/shared/ar: missing ui.reference.surgisuite.ae806571a526b372
dummy-api/config/localization/shared/ar: missing ui.reference.surgisuite.8aa141c4102f199a
dummy-api/config/localization/shared/ar: missing ui.reference.surgisuite.7937ac678d0f4365
dummy-api/config/localization/shared/ar: missing ui.reference.surgisuite.3cd915ebdad9d327
dummy-api/config/localization/shared/ar: missing ui.reference.surgisuite.46f7297f17a60e90
dummy-api/config/localization/shared/ar: missing ui.reference.surgisuite.081724279d2a6e68
dummy-api/config/localization/shared/ar: missing ui.reference.surgisuite.dcde5dd23c4e26b0
dummy-api/config/localization/shared/ar: missing ui.reference.surgisuite.7ca9b97db8e5fed6
dummy-api/config/localization/shared/ar: missing ui.reference.surgisuite.52a7da460166cc9b
dummy-api/config/localization/shared/ar: missing ui.reference.surgisuite.951631ac182fc00c
dummy-api/config/localization/shared/ar: missing ui.reference.surgisuite.5446c11fc4b72850
dummy-api/config/localization/shared/ar: missing ui.reference.surgisuite.a9993aad9504edde
dummy-api/config/localization/shared/ar: missing ui.reference.surgisuite.a75fe6a981e56345
dummy-api/config/localization/shared/ar: missing ui.reference.surgisuite.0d0c986e8457ada3
dummy-api/config/localization/shared/ar: missing ui.reference.surgisuite.89188cfb18a169d4
dummy-api/config/localization/shared/ar: missing ui.reference.surgisuite.2283c16a7fe8c0a1
dummy-api/config/localization/shared/ar: missing ui.reference.surgisuite.f53981de68a0bed2
dummy-api/config/localization/shared/ar: missing ui.reference.surgisuite.e3026893ff80133e
dummy-api/config/localization/shared/ar: missing ui.reference.surgisuite.fe06351db8da7041
dummy-api/config/localization/shared/ar: missing ui.reference.surgisuite.649fd28d033e8e7a
dummy-api/config/localization/shared/ar: missing ui.reference.surgisuite.da10bc311a7049ab
dummy-api/config/localization/shared/ar: missing ui.reference.surgisuite.866f1e2fb367410a
dummy-api/config/localization/shared/ar: missing ui.reference.surgisuite.6266d7522cde56ed
dummy-api/config/localization/shared/ar: missing ui.reference.surgisuite.8a19df557747361d
dummy-api/config/localization/shared/ar: missing ui.reference.surgisuite.056d515642dd4807
dummy-api/config/localization/shared/ar: missing ui.reference.surgisuite.d8cf8b5d26b72b8f
dummy-api/config/localization/shared/ar: missing ui.reference.surgisuite.11d617ca882661ef
dummy-api/config/localization/shared/ar: missing ui.reference.surgisuite.eeb874d25ed2ca0d
dummy-api/config/localization/shared/ar: missing ui.reference.surgisuite.d489042702b243a3
dummy-api/config/localization/shared/ar: missing ui.reference.surgisuite.2acf20eef5f1b010
dummy-api/config/localization/shared/ar: missing ui.reference.surgisuite.c0f06f876fa1de7b
dummy-api/config/localization/shared/ar: missing ui.reference.surgisuite.d3beff9dbe0cad54
dummy-api/config/localization/shared/ar: missing ui.reference.surgisuite.17f000e096e8860c
dummy-api/config/localization/shared/ar: missing ui.reference.surgisuite.bf083e34bc669d86
dummy-api/config/localization/shared/ar: missing ui.reference.surgisuite.565339bc4d33d728
dummy-api/config/localization/shared/ar: missing ui.reference.surgisuite.9847bfa446d847ba
dummy-api/config/localization/shared/ar: missing ui.reference.surgisuite.6a635eed8105b349
dummy-api/config/localization/shared/ar: missing ui.reference.surgisuite.c9479e041f82f63f
dummy-api/config/localization/shared/ar: missing ui.reference.surgisuite.6643c744694e56b5
dummy-api/config/localization/shared/ar: missing ui.reference.surgisuite.6a04d86a7054e441
dummy-api/config/localization/shared/ar: missing ui.reference.surgisuite.a097a5d95b54951c
dummy-api/config/localization/shared/ar: missing ui.reference.surgisuite.cb82196b9746855c
dummy-api/config/localization/shared/ar: missing ui.reference.surgisuite.9a3c5460432ba66a
dummy-api/config/localization/shared/ar: missing ui.reference.surgisuite.ab62e259e6da8e3d
dummy-api/config/localization/shared/ar: missing ui.reference.surgisuite.b0ba29ab0d292888
dummy-api/config/localization/shared/ar: missing ui.reference.surgisuite.eef31daf6db4c082
dummy-api/config/localization/shared/ar: missing ui.reference.surgisuite.d450469acf5823e1
dummy-api/config/localization/shared/ar: missing ui.reference.surgisuite.ea15100e35349e59
dummy-api/config/localization/shared/ar: missing ui.reference.surgisuite.6007db63e18e532c
dummy-api/config/localization/shared/ar: missing ui.reference.surgisuite.65178df5fd4c0d7e
dummy-api/config/localization/shared/ar: missing ui.reference.surgisuite.2c5b2371ddaca759
dummy-api/config/localization/shared/ar: missing ui.reference.surgisuite.0df8ea71573bdefe
dummy-api/config/localization/shared/ar: missing ui.reference.surgisuite.e031ef277b63fff4
dummy-api/config/localization/shared/ar: missing ui.reference.surgisuite.63fb48d946340a55
dummy-api/config/localization/shared/ar: missing ui.reference.surgisuite.45cd851b0a78839a
dummy-api/config/localization/shared/ar: missing ui.reference.surgisuite.fd4879b3f65339ad
dummy-api/config/localization/shared/ar: missing ui.reference.surgisuite.3b9a7e4794f21a62
dummy-api/config/localization/shared/ar: missing ui.reference.surgisuite.a379d3a685215cf6
dummy-api/config/localization/shared/ar: missing ui.reference.surgisuite.9951a89899de4316
dummy-api/config/localization/shared/ar: missing ui.reference.surgisuite.771e656c09338d31
dummy-api/config/localization/shared/ar: missing ui.reference.surgisuite.c4fb9f9656f74afc
dummy-api/config/localization/shared/ar: missing ui.reference.surgisuite.7811b8086b958444
dummy-api/config/localization/shared/ar: missing ui.reference.surgisuite.ce0c9d97119b9e7e
dummy-api/config/localization/shared/ar: missing ui.reference.surgisuite.0344860a349ff773
dummy-api/config/localization/shared/ar: missing ui.reference.surgisuite.d976f5d9cc7da4e8
dummy-api/config/localization/shared/ar: missing ui.reference.surgisuite.c52c7fa987b27668
dummy-api/config/localization/shared/ar: missing ui.reference.surgisuite.071b975857775907
dummy-api/config/localization/shared/ar: missing ui.reference.surgisuite.141442a13201288c
dummy-api/config/localization/shared/ar: missing ui.reference.surgisuite.902e437eb9ebed79
dummy-api/config/localization/shared/ar: missing ui.reference.surgisuite.81fc1e4c92411676
dummy-api/config/localization/shared/ar: missing ui.reference.surgisuite.48f6a8d5688b0cf5
dummy-api/config/localization/shared/ar: missing ui.reference.surgisuite.43c75d46675d5e03
dummy-api/config/localization/shared/ar: missing ui.reference.surgisuite.0e9f3fda8d5c0a97
dummy-api/config/localization/shared/ar: missing ui.reference.surgisuite.45d98fa5f8330d14
dummy-api/config/localization/shared/ar: missing ui.reference.surgisuite.a566bbc4612616c5
dummy-api/config/localization/shared/ar: missing ui.reference.surgisuite.c0c8ee8fda3bb0e8
dummy-api/config/localization/shared/ar: missing ui.reference.surgisuite.bf334852a4b3cbe4
dummy-api/config/localization/shared/ar: missing ui.reference.surgisuite.4289e358bd77d79a
dummy-api/config/localization/shared/ar: missing ui.reference.surgisuite.ea6e88d68f654843
dummy-api/config/localization/shared/ar: missing ui.reference.surgisuite.13c3e4d84cbc5b54
dummy-api/config/localization/shared/ar: missing ui.reference.surgisuite.e24cb851154d390b
dummy-api/config/localization/shared/ar: missing ui.reference.surgisuite.c208b4bea1a47836
dummy-api/config/localization/shared/ar: missing ui.reference.surgisuite.efbed71db87a0dde
dummy-api/config/localization/shared/ar: missing ui.reference.surgisuite.dcf54fb8e00e16c8
dummy-api/config/localization/shared/ar: missing ui.reference.surgisuite.dfa46f3eb6645489
dummy-api/config/localization/shared/ar: missing ui.reference.surgisuite.0cc3780075801c09
dummy-api/config/localization/shared/ar: missing ui.reference.surgisuite.bbd07c4fc02c99b9
dummy-api/config/localization/shared/ar: missing ui.reference.surgisuite.ef1796187bd5b64c
dummy-api/config/localization/shared/ar: missing ui.reference.surgisuite.31740fb8444f47f9
dummy-api/config/localization/shared/ar: missing ui.reference.surgisuite.3010f5c90d075592
dummy-api/config/localization/shared/ar: missing ui.reference.surgisuite.a6fdf772dafa37e3
dummy-api/config/localization/shared/ar: missing ui.reference.surgisuite.9742acb41ab71ddb
dummy-api/config/localization/shared/ar: missing ui.reference.surgisuite.5f557d91b3d020b8
dummy-api/config/localization/shared/ar: missing ui.reference.surgisuite.72b2988d3222e95e
dummy-api/config/localization/shared/ar: missing ui.reference.surgisuite.ec5de3211946b9a7
dummy-api/config/localization/shared/ar: missing ui.reference.surgisuite.f5210a4db6472e18
dummy-api/config/localization/shared/ar: missing ui.reference.surgisuite.cbdf3474cfcff7b9
dummy-api/config/localization/shared/ar: missing ui.reference.surgisuite.f591b64ee9f048b5
dummy-api/config/localization/shared/ar: missing ui.reference.surgisuite.0529244d54f0bec3
dummy-api/config/localization/shared/ar: missing ui.reference.surgisuite.5cfce3c79ad317a7
dummy-api/config/localization/shared/ar: missing ui.reference.surgisuite.ebdbd80ade38ee44
dummy-api/config/localization/shared/ar: missing ui.reference.surgisuite.fa955433455a5b64
dummy-api/config/localization/shared/ar: missing ui.reference.surgisuite.5bbbe53187ad8e90
dummy-api/config/localization/shared/ar: missing ui.reference.surgisuite.6a2421d2a0ea284f
dummy-api/config/localization/shared/ar: missing ui.reference.surgisuite.fef63ab8fcd4f52a
dummy-api/config/localization/shared/ar: missing ui.reference.surgisuite.a434359badd1c474
dummy-api/config/localization/shared/ar: missing ui.reference.surgisuite.0ae6cb31e11dd185
dummy-api/config/localization/shared/ar: missing ui.reference.surgisuite.e7bd901cddb5958f
dummy-api/config/localization/shared/ar: missing ui.reference.surgisuite.d348acae3aa7d6e1
dummy-api/config/localization/shared/ar: missing ui.reference.surgisuite.8ec8b285aad9c4a1
dummy-api/config/localization/shared/ar: missing ui.reference.surgisuite.362aead79400942b
dummy-api/config/localization/shared/ar: missing ui.reference.surgisuite.aaf3be8a93b9ceae
dummy-api/config/localization/shared/ar: missing ui.reference.surgisuite.c0b57c4c269a3f06
dummy-api/config/localization/shared/ar: missing ui.reference.surgisuite.6a94dbfcbeb69572
dummy-api/config/localization/shared/ar: missing ui.reference.surgisuite.dd10111301de78c7
dummy-api/config/localization/shared/ar: missing ui.reference.surgisuite.20cc194078a0d2b6
dummy-api/config/localization/shared/ar: missing ui.reference.surgisuite.51bfadc9926f6140
dummy-api/config/localization/shared/ar: missing ui.reference.surgisuite.8b88f5601f05e292
dummy-api/config/localization/shared/ar: missing ui.reference.surgisuite.f5afe5b3ab35e95c
dummy-api/config/localization/shared/ar: missing ui.reference.surgisuite.8a6885d81c1df39c
dummy-api/config/localization/shared/ar: missing ui.reference.surgisuite.c165800065d11429
dummy-api/config/localization/shared/ar: missing ui.reference.surgisuite.ee60adfae743b400
dummy-api/config/localization/shared/ar: missing ui.reference.surgisuite.4b97e32342be7c4a
ar: untranslated ui.reference.surgisuite.e8a22b8627173035
dummy-api/config/localization/shared/ar: missing ui.reference.surgisuite.cefeb55c4b3c83d5
dummy-api/config/localization/shared/ar: missing ui.reference.surgisuite.c33f5c2abea0a3ad
dummy-api/config/localization/shared/ar: missing ui.reference.surgisuite.0eafb7f834904d7d
dummy-api/config/localization/shared/ar: missing ui.reference.surgisuite.856e200a04dd6685
dummy-api/config/localization/shared/ar: missing ui.reference.surgisuite.c5c03a36b5a8b488
dummy-api/config/localization/shared/ar: missing ui.reference.surgisuite.7dd63a27029a19cd
dummy-api/config/localization/shared/ar: missing ui.reference.surgisuite.a0e04c21873df61c
dummy-api/config/localization/shared/ar: missing ui.reference.surgisuite.4bded171e9258fd9
dummy-api/config/localization/shared/ar: missing ui.reference.surgisuite.50d7491e056387a2
dummy-api/config/localization/shared/ar: missing ui.reference.surgisuite.a498076b4618b6f8
dummy-api/config/localization/shared/ar: missing ui.reference.surgisuite.c942b2b68187305a
dummy-api/config/localization/shared/ar: missing ui.reference.surgisuite.2a1e0ad65a8407e2
dummy-api/config/localization/shared/ar: missing ui.reference.surgisuite.c2010f231bd84f94
dummy-api/config/localization/shared/ar: missing ui.reference.surgisuite.bdd4ef67a758c261
dummy-api/config/localization/shared/ar: missing ui.reference.surgisuite.f4c2ba4a5dad7067
dummy-api/config/localization/shared/ar: missing ui.reference.surgisuite.3248c2567c988dda
dummy-api/config/localization/shared/ar: missing ui.reference.surgisuite.409bc3b13ee3ec34
dummy-api/config/localization/shared/ar: missing ui.reference.surgisuite.096fa135052b31e8
dummy-api/config/localization/shared/ar: missing ui.reference.surgisuite.35d9891927c112db
dummy-api/config/localization/shared/ar: missing ui.reference.surgisuite.f9bc477f718d9301
dummy-api/config/localization/shared/ar: missing ui.reference.surgisuite.6c4bbdd6721e6267
dummy-api/config/localization/shared/ar: missing ui.reference.surgisuite.96ea1b750129846e
dummy-api/config/localization/shared/ar: missing ui.reference.surgisuite.6916865fd7977928
dummy-api/config/localization/shared/ar: missing ui.reference.surgisuite.5a3a74374d60bd1d
dummy-api/config/localization/shared/ar: missing ui.reference.surgisuite.8cf08fc2a2ba9580
dummy-api/config/localization/shared/ar: missing ui.reference.surgisuite.7a73c915e57605ac
dummy-api/config/localization/shared/ar: missing ui.reference.surgisuite.653f7664ff812edc
dummy-api/config/localization/shared/ar: missing ui.reference.surgisuite.8ecaf1d78b2e8c9b
dummy-api/config/localization/shared/ar: missing ui.reference.surgisuite.c8617f2f2cfe5a0e
dummy-api/config/localization/shared/ar: missing ui.reference.surgisuite.db6f470eff7657cd
dummy-api/config/localization/shared/ar: missing ui.reference.surgisuite.1dcf510ce56b521e
dummy-api/config/localization/shared/ar: missing ui.reference.surgisuite.fabbb3488de1a6bc
dummy-api/config/localization/shared/ar: missing ui.reference.surgisuite.ae7d8dfac9ff5e0f
dummy-api/config/localization/shared/ar: missing ui.reference.surgisuite.02d113c6ff07e1b8
dummy-api/config/localization/shared/ar: missing ui.reference.surgisuite.887ba74c55aa40da
dummy-api/config/localization/shared/ar: missing ui.reference.surgisuite.6af1ae143b00512f
dummy-api/config/localization/shared/ar: missing ui.reference.surgisuite.e96abf990db3d4fe
dummy-api/config/localization/shared/ar: missing ui.reference.surgisuite.3e2cbf00eab35ab6
dummy-api/config/localization/shared/ar: missing ui.reference.surgisuite.75e7c0a34f4fd9cb
dummy-api/config/localization/shared/ar: missing ui.reference.surgisuite.f8cf83a76a98df2d
dummy-api/config/localization/shared/ar: missing ui.reference.surgisuite.a787ab9f05d63dd2
dummy-api/config/localization/shared/ar: missing ui.reference.surgisuite.5464a8914419f3a1
dummy-api/config/localization/shared/ar: missing ui.reference.surgisuite.4e03746704a3ceb5
dummy-api/config/localization/shared/ar: missing ui.reference.surgisuite.5994f9d2d694b199
dummy-api/config/localization/shared/ar: missing ui.reference.surgisuite.2dddef2f663644f5
dummy-api/config/localization/shared/ar: missing ui.reference.surgisuite.922e24115919f04d
dummy-api/config/localization/shared/ar: missing ui.reference.surgisuite.b42a6aa19619d9d8
dummy-api/config/localization/shared/ar: missing ui.reference.surgisuite.5ef5ef0364b6939c
dummy-api/config/localization/shared/ar: missing ui.reference.surgisuite.6201111b83a0cb5b
dummy-api/config/localization/shared/ar: missing ui.reference.surgisuite.9deb65b8788f41ff
dummy-api/config/localization/shared/ar: missing ui.reference.surgisuite.352b84777d8dd96a
dummy-api/config/localization/shared/ar: missing ui.reference.surgisuite.0802d738a235a798
dummy-api/config/localization/shared/ar: missing ui.reference.surgisuite.61c19dc45a462801
dummy-api/config/localization/shared/ar: missing ui.reference.surgisuite.df4423d5f4dc8626
dummy-api/config/localization/shared/ar: missing ui.reference.surgisuite.a3b24cc6db709551
dummy-api/config/localization/shared/ar: missing ui.reference.surgisuite.4513e7837f873aa7
dummy-api/config/localization/shared/ar: missing ui.reference.surgisuite.214c9bfa4ed82560
dummy-api/config/localization/shared/ar: missing ui.reference.surgisuite.60c839da22777e47
dummy-api/config/localization/shared/ar: missing ui.reference.surgisuite.2b79730211ae6f47
dummy-api/config/localization/shared/ar: missing ui.reference.surgisuite.add93534eeb46380
dummy-api/config/localization/shared/ar: missing ui.reference.surgisuite.26fd2c3917621f2f
dummy-api/config/localization/shared/ar: missing ui.reference.surgisuite.fcc4870616edb020
ar: untranslated module.reference-surgisuite.label
ar: untranslated module.reference-surgisuite.shortLabel
ar: untranslated page.reference-surgisuite-board.subtitle
ar: untranslated page.reference-surgisuite-schedule.subtitle
ar: untranslated page.reference-surgisuite-cases.subtitle
ar: untranslated page.reference-surgisuite-approvals.subtitle
ar: untranslated page.reference-surgisuite-patients.subtitle
ar: untranslated page.reference-surgisuite-inventory.subtitle
ar: untranslated page.reference-surgisuite-analytics.subtitle
ar: untranslated page.reference-surgisuite-masters.subtitle
ar: untranslated page.reference-surgisuite-case.subtitle
dummy-api/config/localization/shared/ar: missing ui.reference.surgisuite.96e8851dfea03917
dummy-api/config/localization/shared/ar: missing ui.reference.surgisuite.a992af26d6e48aa0
dummy-api/config/localization/shared/ar: missing ui.reference.surgisuite.ea1d0e10f227a24f
dummy-api/config/localization/shared/ar: missing ui.reference.surgisuite.3215c3eeb3e65c86
dummy-api/config/localization/shared/ar: missing ui.reference.surgisuite.82032eb13b313751
dummy-api/config/localization/shared/ar: missing ui.reference.surgisuite.047476b48bb8d9c4
dummy-api/config/localization/shared/ar: missing ui.reference.surgisuite.0356f1cdbde139c4
dummy-api/config/localization/shared/ar: missing ui.reference.surgisuite.603eb98a0411ba4e
dummy-api/config/localization/shared/ar: missing ui.reference.surgisuite.61c5d80c4683e86b
dummy-api/config/localization/shared/ar: missing ui.reference.surgisuite.ab3442d6c206c0d8
dummy-api/config/localization/shared/ar: missing ui.reference.surgisuite.155a7d9ac958ea70
dummy-api/config/localization/shared/ar: missing ui.reference.surgisuite.1006ddf7a22f83b7
dummy-api/config/localization/shared/ar: missing ui.reference.surgisuite.6ccef7fd7b909d33
dummy-api/config/localization/shared/ar: missing ui.reference.surgisuite.3c357f0284cfd49c
dummy-api/config/localization/shared/ar: missing ui.reference.surgisuite.f97043c43b2ed326
dummy-api/config/localization/shared/ar: missing ui.reference.surgisuite.2a919cee8a9a9a79
dummy-api/config/localization/shared/ar: missing ui.reference.surgisuite.b56d8795c4e887dd
dummy-api/config/localization/shared/ar: missing ui.reference.surgisuite.1d01e956a29a24c4
dummy-api/config/localization/shared/hi: missing ui.reference.surgisuite.206cad849b010bda
dummy-api/config/localization/shared/hi: missing ui.reference.surgisuite.8e6f9908c8ac5761
dummy-api/config/localization/shared/hi: missing ui.reference.surgisuite.533ed727cc21bce3
dummy-api/config/localization/shared/hi: missing ui.reference.surgisuite.8da414d8f097f21a
dummy-api/config/localization/shared/hi: missing ui.reference.surgisuite.ed4752af4bd9b65e
dummy-api/config/localization/shared/hi: missing ui.reference.surgisuite.f04047c5fcfdc2c1
dummy-api/config/localization/shared/hi: missing ui.reference.surgisuite.ba97c096ba4702d0
dummy-api/config/localization/shared/hi: missing ui.reference.surgisuite.378e01c46a9722cf
dummy-api/config/localization/shared/hi: missing ui.reference.surgisuite.4590da316ccf9971
dummy-api/config/localization/shared/hi: missing ui.reference.surgisuite.e42d05cf2b623d9d
dummy-api/config/localization/shared/hi: missing ui.reference.surgisuite.4108e02c180199c4
dummy-api/config/localization/shared/hi: missing ui.reference.surgisuite.93a7aa86575a84e2
dummy-api/config/localization/shared/hi: missing ui.reference.surgisuite.38d3a870071266db
dummy-api/config/localization/shared/hi: missing ui.reference.surgisuite.c2e4a35dc8f4b1c9
dummy-api/config/localization/shared/hi: missing ui.reference.surgisuite.c26a3330e69708cb
dummy-api/config/localization/shared/hi: missing ui.reference.surgisuite.9b8377889e82ef12
dummy-api/config/localization/shared/hi: missing ui.reference.surgisuite.b76acf30d30db6a5
dummy-api/config/localization/shared/hi: missing ui.reference.surgisuite.3915fa6280d7877e
dummy-api/config/localization/shared/hi: missing ui.reference.surgisuite.ba2800019a366965
dummy-api/config/localization/shared/hi: missing ui.reference.surgisuite.dcdce51f07eba2b5
dummy-api/config/localization/shared/hi: missing ui.reference.surgisuite.7aab87d0257a9e14
dummy-api/config/localization/shared/hi: missing ui.reference.surgisuite.4c9dbc38c83c9cb1
dummy-api/config/localization/shared/hi: missing ui.reference.surgisuite.7f1e83835b276ba0
dummy-api/config/localization/shared/hi: missing ui.reference.surgisuite.90d723d12dd1424b
dummy-api/config/localization/shared/hi: missing ui.reference.surgisuite.7b448cb1dcaa33df
dummy-api/config/localization/shared/hi: missing ui.reference.surgisuite.6314b811b607d9e8
dummy-api/config/localization/shared/hi: missing ui.reference.surgisuite.360b048f340d24a5
dummy-api/config/localization/shared/hi: missing ui.reference.surgisuite.4b3f79c6c7f39886
dummy-api/config/localization/shared/hi: missing ui.reference.surgisuite.5c967c918a778805
dummy-api/config/localization/shared/hi: missing ui.reference.surgisuite.731cd10bdd0b5760
dummy-api/config/localization/shared/hi: missing ui.reference.surgisuite.1d36d78123e14173
dummy-api/config/localization/shared/hi: missing ui.reference.surgisuite.5556234a76a932eb
dummy-api/config/localization/shared/hi: missing ui.reference.surgisuite.376764a99690e8f8
dummy-api/config/localization/shared/hi: missing ui.reference.surgisuite.927634576316e591
dummy-api/config/localization/shared/hi: missing ui.reference.surgisuite.09abcec1345929c3
dummy-api/config/localization/shared/hi: missing ui.reference.surgisuite.60bf153f04d3ff1d
dummy-api/config/localization/shared/hi: missing ui.reference.surgisuite.51107686754a31d2
dummy-api/config/localization/shared/hi: missing ui.reference.surgisuite.907cc0871c8cf3c8
dummy-api/config/localization/shared/hi: missing ui.reference.surgisuite.317e1338f62a0369
dummy-api/config/localization/shared/hi: missing ui.reference.surgisuite.50aa4d541822da09
dummy-api/config/localization/shared/hi: missing ui.reference.surgisuite.1a4ca81992c02264
dummy-api/config/localization/shared/hi: missing ui.reference.surgisuite.2ed451a16c9cfff1
dummy-api/config/localization/shared/hi: missing ui.reference.surgisuite.b3591ab024ad4a98
dummy-api/config/localization/shared/hi: missing ui.reference.surgisuite.b6b243caef1ef4d3
dummy-api/config/localization/shared/hi: missing ui.reference.surgisuite.a941619f72c6c9a7
dummy-api/config/localization/shared/hi: missing ui.reference.surgisuite.3082b13fb92bce28
dummy-api/config/localization/shared/hi: missing ui.reference.surgisuite.360242d602d32035
dummy-api/config/localization/shared/hi: missing ui.reference.surgisuite.1aa8caa3139b4983
dummy-api/config/localization/shared/hi: missing ui.reference.surgisuite.47a875bba3b9e37b
dummy-api/config/localization/shared/hi: missing ui.reference.surgisuite.c16431b1087a8f5f
dummy-api/config/localization/shared/hi: missing ui.reference.surgisuite.99d9b7b14d230688
dummy-api/config/localization/shared/hi: missing ui.reference.surgisuite.d965c126c38661d9
dummy-api/config/localization/shared/hi: missing ui.reference.surgisuite.3edc607d48d7c83c
dummy-api/config/localization/shared/hi: missing ui.reference.surgisuite.554a795a1c5ced57
dummy-api/config/localization/shared/hi: missing ui.reference.surgisuite.95177dd3727856c9
dummy-api/config/localization/shared/hi: missing ui.reference.surgisuite.dac804854299f96a
dummy-api/config/localization/shared/hi: missing ui.reference.surgisuite.f22c0dd8c3d36d4c
dummy-api/config/localization/shared/hi: missing ui.reference.surgisuite.a4a2bb2b785abb97
dummy-api/config/localization/shared/hi: missing ui.reference.surgisuite.cbf30eb71a5dc70b
dummy-api/config/localization/shared/hi: missing ui.reference.surgisuite.a540f5e2a1f20bec
dummy-api/config/localization/shared/hi: missing ui.reference.surgisuite.07ad76903ccb0128
dummy-api/config/localization/shared/hi: missing ui.reference.surgisuite.13bc7daa3616a609
dummy-api/config/localization/shared/hi: missing ui.reference.surgisuite.810d91c0361474fe
dummy-api/config/localization/shared/hi: missing ui.reference.surgisuite.f61cca9159601791
dummy-api/config/localization/shared/hi: missing ui.reference.surgisuite.78760df064a7a7e6
dummy-api/config/localization/shared/hi: missing ui.reference.surgisuite.3c9fac2fd78492e2
dummy-api/config/localization/shared/hi: missing ui.reference.surgisuite.896013bbf643b9c7
dummy-api/config/localization/shared/hi: missing ui.reference.surgisuite.a423301d29812916
dummy-api/config/localization/shared/hi: missing ui.reference.surgisuite.e69f12b32a809c17
dummy-api/config/localization/shared/hi: missing ui.reference.surgisuite.01fd608d5cbafca7
dummy-api/config/localization/shared/hi: missing ui.reference.surgisuite.d1f5fe840a73f496
dummy-api/config/localization/shared/hi: missing ui.reference.surgisuite.18b1ffa90a55dcbf
dummy-api/config/localization/shared/hi: missing ui.reference.surgisuite.2c4390730ef472a3
dummy-api/config/localization/shared/hi: missing ui.reference.surgisuite.e7cfad562f213178
dummy-api/config/localization/shared/hi: missing ui.reference.surgisuite.f4de13f70ed8dd1a
dummy-api/config/localization/shared/hi: missing ui.reference.surgisuite.25dde3ff5da25c20
dummy-api/config/localization/shared/hi: missing ui.reference.surgisuite.1919d586a1ae653f
dummy-api/config/localization/shared/hi: missing ui.reference.surgisuite.12f8347b2b9e1087
dummy-api/config/localization/shared/hi: missing ui.reference.surgisuite.971b257a9bf53268
dummy-api/config/localization/shared/hi: missing ui.reference.surgisuite.857f6ae1e24867ad
dummy-api/config/localization/shared/hi: missing ui.reference.surgisuite.3fa368279f39221e
dummy-api/config/localization/shared/hi: missing ui.reference.surgisuite.8260351e20fd99d3
dummy-api/config/localization/shared/hi: missing ui.reference.surgisuite.333d798fbf094346
dummy-api/config/localization/shared/hi: missing ui.reference.surgisuite.662dc0ef7b7e8920
dummy-api/config/localization/shared/hi: missing ui.reference.surgisuite.f9479b869e1045ab
dummy-api/config/localization/shared/hi: missing ui.reference.surgisuite.84e62b75f9ea4ca9
dummy-api/config/localization/shared/hi: missing ui.reference.surgisuite.c9d5caf03447337b
dummy-api/config/localization/shared/hi: missing ui.reference.surgisuite.9d6002896ee7790c
dummy-api/config/localization/shared/hi: missing ui.reference.surgisuite.e90d617d2b55cdbd
dummy-api/config/localization/shared/hi: missing ui.reference.surgisuite.3bc4fa1e864a2103
dummy-api/config/localization/shared/hi: missing ui.reference.surgisuite.e736338b4ad16684
dummy-api/config/localization/shared/hi: missing ui.reference.surgisuite.41548b1599ee36cc
dummy-api/config/localization/shared/hi: missing ui.reference.surgisuite.e37cb2d90a8ce6a6
dummy-api/config/localization/shared/hi: missing ui.reference.surgisuite.7df12801293f5597
dummy-api/config/localization/shared/hi: missing ui.reference.surgisuite.853ff82c1eddcaed
dummy-api/config/localization/shared/hi: missing ui.reference.surgisuite.4e3d9ee4438185f6
dummy-api/config/localization/shared/hi: missing ui.reference.surgisuite.8caaef4c05ebfe97
dummy-api/config/localization/shared/hi: missing ui.reference.surgisuite.aca01a1a3a27d35c
dummy-api/config/localization/shared/hi: missing ui.reference.surgisuite.6ddfa298fbca7807
dummy-api/config/localization/shared/hi: missing ui.reference.surgisuite.c708de6d2be58222
dummy-api/config/localization/shared/hi: missing ui.reference.surgisuite.2f92b36a5c546aab
dummy-api/config/localization/shared/hi: missing ui.reference.surgisuite.2c72abcd440ede35
dummy-api/config/localization/shared/hi: missing ui.reference.surgisuite.9107817b3de49e0e
dummy-api/config/localization/shared/hi: missing ui.reference.surgisuite.30fddb9fe4315e8f
dummy-api/config/localization/shared/hi: missing ui.reference.surgisuite.22f03a238cf08ab6
dummy-api/config/localization/shared/hi: missing ui.reference.surgisuite.1be05707233cf143
dummy-api/config/localization/shared/hi: missing ui.reference.surgisuite.1ad70bda20f7d72c
dummy-api/config/localization/shared/hi: missing ui.reference.surgisuite.b35883e2a108655b
dummy-api/config/localization/shared/hi: missing ui.reference.surgisuite.797a0ea93974d18b
dummy-api/config/localization/shared/hi: missing ui.reference.surgisuite.f609344d29b8c613
dummy-api/config/localization/shared/hi: missing ui.reference.surgisuite.5e7d5e69f8f57c3d
dummy-api/config/localization/shared/hi: missing ui.reference.surgisuite.991b86ac5a34831a
dummy-api/config/localization/shared/hi: missing ui.reference.surgisuite.89049c9ebf4394f4
dummy-api/config/localization/shared/hi: missing ui.reference.surgisuite.30b5ff19c07c4a66
dummy-api/config/localization/shared/hi: missing ui.reference.surgisuite.6ecd24279802c3d4
dummy-api/config/localization/shared/hi: missing ui.reference.surgisuite.782aaa4948ceb4dc
dummy-api/config/localization/shared/hi: missing ui.reference.surgisuite.9f74f3c3647f6179
dummy-api/config/localization/shared/hi: missing ui.reference.surgisuite.a0f857b588333ca6
dummy-api/config/localization/shared/hi: missing ui.reference.surgisuite.df34541ef8196ff2
dummy-api/config/localization/shared/hi: missing ui.reference.surgisuite.f3f07224d235971f
dummy-api/config/localization/shared/hi: missing ui.reference.surgisuite.99ef3e4d651aa9a5
dummy-api/config/localization/shared/hi: missing ui.reference.surgisuite.437a7a7579ef7fba
dummy-api/config/localization/shared/hi: missing ui.reference.surgisuite.2f92610ccdaf1b0e
dummy-api/config/localization/shared/hi: missing ui.reference.surgisuite.e2e36eaa0ffb3cdc
dummy-api/config/localization/shared/hi: missing ui.reference.surgisuite.d13ae596737ca82f
dummy-api/config/localization/shared/hi: missing ui.reference.surgisuite.dd63db1c567e9a1f
dummy-api/config/localization/shared/hi: missing ui.reference.surgisuite.87d2895c3880e474
dummy-api/config/localization/shared/hi: missing ui.reference.surgisuite.6fe7912f243ce472
dummy-api/config/localization/shared/hi: missing ui.reference.surgisuite.eaceae4b98c00564
dummy-api/config/localization/shared/hi: missing ui.reference.surgisuite.0de7ef23fdf47a92
dummy-api/config/localization/shared/hi: missing ui.reference.surgisuite.2943147a6df3c9e9
dummy-api/config/localization/shared/hi: missing ui.reference.surgisuite.ab0171ca0494d441
dummy-api/config/localization/shared/hi: missing ui.reference.surgisuite.d7ffa72b0257bc91
dummy-api/config/localization/shared/hi: missing ui.reference.surgisuite.eb9c63551ba7057b
dummy-api/config/localization/shared/hi: missing ui.reference.surgisuite.7fe1e24999a7968b
dummy-api/config/localization/shared/hi: missing ui.reference.surgisuite.d16a7c0b2e4ec944
dummy-api/config/localization/shared/hi: missing ui.reference.surgisuite.7cf1873149e9512a
dummy-api/config/localization/shared/hi: missing ui.reference.surgisuite.6707458b5759dfcb
dummy-api/config/localization/shared/hi: missing ui.reference.surgisuite.97f27fe677fc774d
dummy-api/config/localization/shared/hi: missing ui.reference.surgisuite.fc01e30ec13d561f
dummy-api/config/localization/shared/hi: missing ui.reference.surgisuite.908ab50c04924080
dummy-api/config/localization/shared/hi: missing ui.reference.surgisuite.1f397413e4399207
dummy-api/config/localization/shared/hi: missing ui.reference.surgisuite.5d97489895786456
dummy-api/config/localization/shared/hi: missing ui.reference.surgisuite.df107b2ab2e3a0d4
dummy-api/config/localization/shared/hi: missing ui.reference.surgisuite.bbf55067b900377e
dummy-api/config/localization/shared/hi: missing ui.reference.surgisuite.a308b572365ddb7b
dummy-api/config/localization/shared/hi: missing ui.reference.surgisuite.cd52ab350ab75856
dummy-api/config/localization/shared/hi: missing ui.reference.surgisuite.eb970eb0951c6cde
dummy-api/config/localization/shared/hi: missing ui.reference.surgisuite.37a7370bb6a24a85
dummy-api/config/localization/shared/hi: missing ui.reference.surgisuite.308d5a0903f2c571
dummy-api/config/localization/shared/hi: missing ui.reference.surgisuite.b12e55b51d00749b
dummy-api/config/localization/shared/hi: missing ui.reference.surgisuite.cab0957cf1c37242
dummy-api/config/localization/shared/hi: missing ui.reference.surgisuite.23ea1b1beb5529f4
dummy-api/config/localization/shared/hi: missing ui.reference.surgisuite.b33205f429a7a24f
dummy-api/config/localization/shared/hi: missing ui.reference.surgisuite.5546061edd3a611f
dummy-api/config/localization/shared/hi: missing ui.reference.surgisuite.d81e2dbf4947642f
dummy-api/config/localization/shared/hi: missing ui.reference.surgisuite.1911f06f06f2f6fb
dummy-api/config/localization/shared/hi: missing ui.reference.surgisuite.7fa1342ce73187bc
dummy-api/config/localization/shared/hi: missing ui.reference.surgisuite.3a567fb765d65f93
dummy-api/config/localization/shared/hi: missing ui.reference.surgisuite.072da57facdcc631
dummy-api/config/localization/shared/hi: missing ui.reference.surgisuite.ce52f756b579758a
dummy-api/config/localization/shared/hi: missing ui.reference.surgisuite.ebb20a4b20d52b81
dummy-api/config/localization/shared/hi: missing ui.reference.surgisuite.ae806571a526b372
dummy-api/config/localization/shared/hi: missing ui.reference.surgisuite.8aa141c4102f199a
dummy-api/config/localization/shared/hi: missing ui.reference.surgisuite.7937ac678d0f4365
dummy-api/config/localization/shared/hi: missing ui.reference.surgisuite.3cd915ebdad9d327
dummy-api/config/localization/shared/hi: missing ui.reference.surgisuite.46f7297f17a60e90
dummy-api/config/localization/shared/hi: missing ui.reference.surgisuite.081724279d2a6e68
dummy-api/config/localization/shared/hi: missing ui.reference.surgisuite.dcde5dd23c4e26b0
dummy-api/config/localization/shared/hi: missing ui.reference.surgisuite.7ca9b97db8e5fed6
dummy-api/config/localization/shared/hi: missing ui.reference.surgisuite.52a7da460166cc9b
dummy-api/config/localization/shared/hi: missing ui.reference.surgisuite.951631ac182fc00c
dummy-api/config/localization/shared/hi: missing ui.reference.surgisuite.5446c11fc4b72850
dummy-api/config/localization/shared/hi: missing ui.reference.surgisuite.a9993aad9504edde
dummy-api/config/localization/shared/hi: missing ui.reference.surgisuite.a75fe6a981e56345
dummy-api/config/localization/shared/hi: missing ui.reference.surgisuite.0d0c986e8457ada3
dummy-api/config/localization/shared/hi: missing ui.reference.surgisuite.89188cfb18a169d4
dummy-api/config/localization/shared/hi: missing ui.reference.surgisuite.2283c16a7fe8c0a1
dummy-api/config/localization/shared/hi: missing ui.reference.surgisuite.f53981de68a0bed2
dummy-api/config/localization/shared/hi: missing ui.reference.surgisuite.e3026893ff80133e
dummy-api/config/localization/shared/hi: missing ui.reference.surgisuite.fe06351db8da7041
dummy-api/config/localization/shared/hi: missing ui.reference.surgisuite.649fd28d033e8e7a
dummy-api/config/localization/shared/hi: missing ui.reference.surgisuite.da10bc311a7049ab
dummy-api/config/localization/shared/hi: missing ui.reference.surgisuite.866f1e2fb367410a
dummy-api/config/localization/shared/hi: missing ui.reference.surgisuite.6266d7522cde56ed
dummy-api/config/localization/shared/hi: missing ui.reference.surgisuite.8a19df557747361d
dummy-api/config/localization/shared/hi: missing ui.reference.surgisuite.056d515642dd4807
dummy-api/config/localization/shared/hi: missing ui.reference.surgisuite.d8cf8b5d26b72b8f
dummy-api/config/localization/shared/hi: missing ui.reference.surgisuite.11d617ca882661ef
dummy-api/config/localization/shared/hi: missing ui.reference.surgisuite.eeb874d25ed2ca0d
dummy-api/config/localization/shared/hi: missing ui.reference.surgisuite.d489042702b243a3
dummy-api/config/localization/shared/hi: missing ui.reference.surgisuite.2acf20eef5f1b010
dummy-api/config/localization/shared/hi: missing ui.reference.surgisuite.c0f06f876fa1de7b
dummy-api/config/localization/shared/hi: missing ui.reference.surgisuite.d3beff9dbe0cad54
dummy-api/config/localization/shared/hi: missing ui.reference.surgisuite.17f000e096e8860c
dummy-api/config/localization/shared/hi: missing ui.reference.surgisuite.bf083e34bc669d86
dummy-api/config/localization/shared/hi: missing ui.reference.surgisuite.565339bc4d33d728
dummy-api/config/localization/shared/hi: missing ui.reference.surgisuite.9847bfa446d847ba
dummy-api/config/localization/shared/hi: missing ui.reference.surgisuite.6a635eed8105b349
dummy-api/config/localization/shared/hi: missing ui.reference.surgisuite.c9479e041f82f63f
dummy-api/config/localization/shared/hi: missing ui.reference.surgisuite.6643c744694e56b5
dummy-api/config/localization/shared/hi: missing ui.reference.surgisuite.6a04d86a7054e441
dummy-api/config/localization/shared/hi: missing ui.reference.surgisuite.a097a5d95b54951c
dummy-api/config/localization/shared/hi: missing ui.reference.surgisuite.cb82196b9746855c
dummy-api/config/localization/shared/hi: missing ui.reference.surgisuite.9a3c5460432ba66a
dummy-api/config/localization/shared/hi: missing ui.reference.surgisuite.ab62e259e6da8e3d
dummy-api/config/localization/shared/hi: missing ui.reference.surgisuite.b0ba29ab0d292888
dummy-api/config/localization/shared/hi: missing ui.reference.surgisuite.eef31daf6db4c082
dummy-api/config/localization/shared/hi: missing ui.reference.surgisuite.d450469acf5823e1
dummy-api/config/localization/shared/hi: missing ui.reference.surgisuite.ea15100e35349e59
dummy-api/config/localization/shared/hi: missing ui.reference.surgisuite.6007db63e18e532c
dummy-api/config/localization/shared/hi: missing ui.reference.surgisuite.65178df5fd4c0d7e
dummy-api/config/localization/shared/hi: missing ui.reference.surgisuite.2c5b2371ddaca759
dummy-api/config/localization/shared/hi: missing ui.reference.surgisuite.0df8ea71573bdefe
dummy-api/config/localization/shared/hi: missing ui.reference.surgisuite.e031ef277b63fff4
dummy-api/config/localization/shared/hi: missing ui.reference.surgisuite.63fb48d946340a55
dummy-api/config/localization/shared/hi: missing ui.reference.surgisuite.45cd851b0a78839a
dummy-api/config/localization/shared/hi: missing ui.reference.surgisuite.fd4879b3f65339ad
dummy-api/config/localization/shared/hi: missing ui.reference.surgisuite.3b9a7e4794f21a62
dummy-api/config/localization/shared/hi: missing ui.reference.surgisuite.a379d3a685215cf6
dummy-api/config/localization/shared/hi: missing ui.reference.surgisuite.9951a89899de4316
dummy-api/config/localization/shared/hi: missing ui.reference.surgisuite.771e656c09338d31
dummy-api/config/localization/shared/hi: missing ui.reference.surgisuite.c4fb9f9656f74afc
dummy-api/config/localization/shared/hi: missing ui.reference.surgisuite.7811b8086b958444
dummy-api/config/localization/shared/hi: missing ui.reference.surgisuite.ce0c9d97119b9e7e
dummy-api/config/localization/shared/hi: missing ui.reference.surgisuite.0344860a349ff773
dummy-api/config/localization/shared/hi: missing ui.reference.surgisuite.d976f5d9cc7da4e8
dummy-api/config/localization/shared/hi: missing ui.reference.surgisuite.c52c7fa987b27668
dummy-api/config/localization/shared/hi: missing ui.reference.surgisuite.071b975857775907
dummy-api/config/localization/shared/hi: missing ui.reference.surgisuite.141442a13201288c
dummy-api/config/localization/shared/hi: missing ui.reference.surgisuite.902e437eb9ebed79
dummy-api/config/localization/shared/hi: missing ui.reference.surgisuite.81fc1e4c92411676
dummy-api/config/localization/shared/hi: missing ui.reference.surgisuite.48f6a8d5688b0cf5
dummy-api/config/localization/shared/hi: missing ui.reference.surgisuite.43c75d46675d5e03
dummy-api/config/localization/shared/hi: missing ui.reference.surgisuite.0e9f3fda8d5c0a97
dummy-api/config/localization/shared/hi: missing ui.reference.surgisuite.45d98fa5f8330d14
dummy-api/config/localization/shared/hi: missing ui.reference.surgisuite.a566bbc4612616c5
dummy-api/config/localization/shared/hi: missing ui.reference.surgisuite.c0c8ee8fda3bb0e8
dummy-api/config/localization/shared/hi: missing ui.reference.surgisuite.bf334852a4b3cbe4
dummy-api/config/localization/shared/hi: missing ui.reference.surgisuite.4289e358bd77d79a
dummy-api/config/localization/shared/hi: missing ui.reference.surgisuite.ea6e88d68f654843
dummy-api/config/localization/shared/hi: missing ui.reference.surgisuite.13c3e4d84cbc5b54
dummy-api/config/localization/shared/hi: missing ui.reference.surgisuite.e24cb851154d390b
dummy-api/config/localization/shared/hi: missing ui.reference.surgisuite.c208b4bea1a47836
dummy-api/config/localization/shared/hi: missing ui.reference.surgisuite.efbed71db87a0dde
dummy-api/config/localization/shared/hi: missing ui.reference.surgisuite.dcf54fb8e00e16c8
dummy-api/config/localization/shared/hi: missing ui.reference.surgisuite.dfa46f3eb6645489
dummy-api/config/localization/shared/hi: missing ui.reference.surgisuite.0cc3780075801c09
dummy-api/config/localization/shared/hi: missing ui.reference.surgisuite.bbd07c4fc02c99b9
dummy-api/config/localization/shared/hi: missing ui.reference.surgisuite.ef1796187bd5b64c
dummy-api/config/localization/shared/hi: missing ui.reference.surgisuite.31740fb8444f47f9
dummy-api/config/localization/shared/hi: missing ui.reference.surgisuite.3010f5c90d075592
dummy-api/config/localization/shared/hi: missing ui.reference.surgisuite.a6fdf772dafa37e3
dummy-api/config/localization/shared/hi: missing ui.reference.surgisuite.9742acb41ab71ddb
dummy-api/config/localization/shared/hi: missing ui.reference.surgisuite.5f557d91b3d020b8
dummy-api/config/localization/shared/hi: missing ui.reference.surgisuite.72b2988d3222e95e
dummy-api/config/localization/shared/hi: missing ui.reference.surgisuite.ec5de3211946b9a7
dummy-api/config/localization/shared/hi: missing ui.reference.surgisuite.f5210a4db6472e18
dummy-api/config/localization/shared/hi: missing ui.reference.surgisuite.cbdf3474cfcff7b9
dummy-api/config/localization/shared/hi: missing ui.reference.surgisuite.f591b64ee9f048b5
dummy-api/config/localization/shared/hi: missing ui.reference.surgisuite.0529244d54f0bec3
dummy-api/config/localization/shared/hi: missing ui.reference.surgisuite.5cfce3c79ad317a7
dummy-api/config/localization/shared/hi: missing ui.reference.surgisuite.ebdbd80ade38ee44
dummy-api/config/localization/shared/hi: missing ui.reference.surgisuite.fa955433455a5b64
dummy-api/config/localization/shared/hi: missing ui.reference.surgisuite.5bbbe53187ad8e90
dummy-api/config/localization/shared/hi: missing ui.reference.surgisuite.6a2421d2a0ea284f
dummy-api/config/localization/shared/hi: missing ui.reference.surgisuite.fef63ab8fcd4f52a
dummy-api/config/localization/shared/hi: missing ui.reference.surgisuite.a434359badd1c474
dummy-api/config/localization/shared/hi: missing ui.reference.surgisuite.0ae6cb31e11dd185
dummy-api/config/localization/shared/hi: missing ui.reference.surgisuite.e7bd901cddb5958f
dummy-api/config/localization/shared/hi: missing ui.reference.surgisuite.d348acae3aa7d6e1
dummy-api/config/localization/shared/hi: missing ui.reference.surgisuite.8ec8b285aad9c4a1
dummy-api/config/localization/shared/hi: missing ui.reference.surgisuite.362aead79400942b
dummy-api/config/localization/shared/hi: missing ui.reference.surgisuite.aaf3be8a93b9ceae
dummy-api/config/localization/shared/hi: missing ui.reference.surgisuite.c0b57c4c269a3f06
dummy-api/config/localization/shared/hi: missing ui.reference.surgisuite.6a94dbfcbeb69572
dummy-api/config/localization/shared/hi: missing ui.reference.surgisuite.dd10111301de78c7
dummy-api/config/localization/shared/hi: missing ui.reference.surgisuite.20cc194078a0d2b6
dummy-api/config/localization/shared/hi: missing ui.reference.surgisuite.51bfadc9926f6140
dummy-api/config/localization/shared/hi: missing ui.reference.surgisuite.8b88f5601f05e292
dummy-api/config/localization/shared/hi: missing ui.reference.surgisuite.f5afe5b3ab35e95c
dummy-api/config/localization/shared/hi: missing ui.reference.surgisuite.8a6885d81c1df39c
dummy-api/config/localization/shared/hi: missing ui.reference.surgisuite.c165800065d11429
dummy-api/config/localization/shared/hi: missing ui.reference.surgisuite.ee60adfae743b400
dummy-api/config/localization/shared/hi: missing ui.reference.surgisuite.4b97e32342be7c4a
hi: untranslated ui.reference.surgisuite.e8a22b8627173035
dummy-api/config/localization/shared/hi: missing ui.reference.surgisuite.cefeb55c4b3c83d5
dummy-api/config/localization/shared/hi: missing ui.reference.surgisuite.c33f5c2abea0a3ad
dummy-api/config/localization/shared/hi: missing ui.reference.surgisuite.0eafb7f834904d7d
dummy-api/config/localization/shared/hi: missing ui.reference.surgisuite.856e200a04dd6685
dummy-api/config/localization/shared/hi: missing ui.reference.surgisuite.c5c03a36b5a8b488
dummy-api/config/localization/shared/hi: missing ui.reference.surgisuite.7dd63a27029a19cd
dummy-api/config/localization/shared/hi: missing ui.reference.surgisuite.a0e04c21873df61c
dummy-api/config/localization/shared/hi: missing ui.reference.surgisuite.4bded171e9258fd9
dummy-api/config/localization/shared/hi: missing ui.reference.surgisuite.50d7491e056387a2
dummy-api/config/localization/shared/hi: missing ui.reference.surgisuite.a498076b4618b6f8
dummy-api/config/localization/shared/hi: missing ui.reference.surgisuite.c942b2b68187305a
dummy-api/config/localization/shared/hi: missing ui.reference.surgisuite.2a1e0ad65a8407e2
dummy-api/config/localization/shared/hi: missing ui.reference.surgisuite.c2010f231bd84f94
dummy-api/config/localization/shared/hi: missing ui.reference.surgisuite.bdd4ef67a758c261
dummy-api/config/localization/shared/hi: missing ui.reference.surgisuite.f4c2ba4a5dad7067
dummy-api/config/localization/shared/hi: missing ui.reference.surgisuite.3248c2567c988dda
dummy-api/config/localization/shared/hi: missing ui.reference.surgisuite.409bc3b13ee3ec34
dummy-api/config/localization/shared/hi: missing ui.reference.surgisuite.096fa135052b31e8
dummy-api/config/localization/shared/hi: missing ui.reference.surgisuite.35d9891927c112db
dummy-api/config/localization/shared/hi: missing ui.reference.surgisuite.f9bc477f718d9301
dummy-api/config/localization/shared/hi: missing ui.reference.surgisuite.6c4bbdd6721e6267
dummy-api/config/localization/shared/hi: missing ui.reference.surgisuite.96ea1b750129846e
dummy-api/config/localization/shared/hi: missing ui.reference.surgisuite.6916865fd7977928
dummy-api/config/localization/shared/hi: missing ui.reference.surgisuite.5a3a74374d60bd1d
dummy-api/config/localization/shared/hi: missing ui.reference.surgisuite.8cf08fc2a2ba9580
dummy-api/config/localization/shared/hi: missing ui.reference.surgisuite.7a73c915e57605ac
dummy-api/config/localization/shared/hi: missing ui.reference.surgisuite.653f7664ff812edc
dummy-api/config/localization/shared/hi: missing ui.reference.surgisuite.8ecaf1d78b2e8c9b
dummy-api/config/localization/shared/hi: missing ui.reference.surgisuite.c8617f2f2cfe5a0e
dummy-api/config/localization/shared/hi: missing ui.reference.surgisuite.db6f470eff7657cd
dummy-api/config/localization/shared/hi: missing ui.reference.surgisuite.1dcf510ce56b521e
dummy-api/config/localization/shared/hi: missing ui.reference.surgisuite.fabbb3488de1a6bc
dummy-api/config/localization/shared/hi: missing ui.reference.surgisuite.ae7d8dfac9ff5e0f
dummy-api/config/localization/shared/hi: missing ui.reference.surgisuite.02d113c6ff07e1b8
dummy-api/config/localization/shared/hi: missing ui.reference.surgisuite.887ba74c55aa40da
dummy-api/config/localization/shared/hi: missing ui.reference.surgisuite.6af1ae143b00512f
dummy-api/config/localization/shared/hi: missing ui.reference.surgisuite.e96abf990db3d4fe
dummy-api/config/localization/shared/hi: missing ui.reference.surgisuite.3e2cbf00eab35ab6
dummy-api/config/localization/shared/hi: missing ui.reference.surgisuite.75e7c0a34f4fd9cb
dummy-api/config/localization/shared/hi: missing ui.reference.surgisuite.f8cf83a76a98df2d
dummy-api/config/localization/shared/hi: missing ui.reference.surgisuite.a787ab9f05d63dd2
dummy-api/config/localization/shared/hi: missing ui.reference.surgisuite.5464a8914419f3a1
dummy-api/config/localization/shared/hi: missing ui.reference.surgisuite.4e03746704a3ceb5
dummy-api/config/localization/shared/hi: missing ui.reference.surgisuite.5994f9d2d694b199
dummy-api/config/localization/shared/hi: missing ui.reference.surgisuite.2dddef2f663644f5
dummy-api/config/localization/shared/hi: missing ui.reference.surgisuite.922e24115919f04d
dummy-api/config/localization/shared/hi: missing ui.reference.surgisuite.b42a6aa19619d9d8
dummy-api/config/localization/shared/hi: missing ui.reference.surgisuite.5ef5ef0364b6939c
dummy-api/config/localization/shared/hi: missing ui.reference.surgisuite.6201111b83a0cb5b
dummy-api/config/localization/shared/hi: missing ui.reference.surgisuite.9deb65b8788f41ff
dummy-api/config/localization/shared/hi: missing ui.reference.surgisuite.352b84777d8dd96a
dummy-api/config/localization/shared/hi: missing ui.reference.surgisuite.0802d738a235a798
dummy-api/config/localization/shared/hi: missing ui.reference.surgisuite.61c19dc45a462801
dummy-api/config/localization/shared/hi: missing ui.reference.surgisuite.df4423d5f4dc8626
dummy-api/config/localization/shared/hi: missing ui.reference.surgisuite.a3b24cc6db709551
dummy-api/config/localization/shared/hi: missing ui.reference.surgisuite.4513e7837f873aa7
dummy-api/config/localization/shared/hi: missing ui.reference.surgisuite.214c9bfa4ed82560
dummy-api/config/localization/shared/hi: missing ui.reference.surgisuite.60c839da22777e47
dummy-api/config/localization/shared/hi: missing ui.reference.surgisuite.2b79730211ae6f47
dummy-api/config/localization/shared/hi: missing ui.reference.surgisuite.add93534eeb46380
dummy-api/config/localization/shared/hi: missing ui.reference.surgisuite.26fd2c3917621f2f
dummy-api/config/localization/shared/hi: missing ui.reference.surgisuite.fcc4870616edb020
hi: untranslated module.reference-surgisuite.label
hi: untranslated module.reference-surgisuite.shortLabel
hi: untranslated page.reference-surgisuite-board.subtitle
hi: untranslated page.reference-surgisuite-schedule.subtitle
hi: untranslated page.reference-surgisuite-cases.subtitle
hi: untranslated page.reference-surgisuite-approvals.subtitle
hi: untranslated page.reference-surgisuite-patients.subtitle
hi: untranslated page.reference-surgisuite-inventory.subtitle
hi: untranslated page.reference-surgisuite-analytics.subtitle
hi: untranslated page.reference-surgisuite-masters.subtitle
hi: untranslated page.reference-surgisuite-case.subtitle
dummy-api/config/localization/shared/hi: missing ui.reference.surgisuite.96e8851dfea03917
dummy-api/config/localization/shared/hi: missing ui.reference.surgisuite.a992af26d6e48aa0
dummy-api/config/localization/shared/hi: missing ui.reference.surgisuite.ea1d0e10f227a24f
dummy-api/config/localization/shared/hi: missing ui.reference.surgisuite.3215c3eeb3e65c86
dummy-api/config/localization/shared/hi: missing ui.reference.surgisuite.82032eb13b313751
dummy-api/config/localization/shared/hi: missing ui.reference.surgisuite.047476b48bb8d9c4
dummy-api/config/localization/shared/hi: missing ui.reference.surgisuite.0356f1cdbde139c4
dummy-api/config/localization/shared/hi: missing ui.reference.surgisuite.603eb98a0411ba4e
dummy-api/config/localization/shared/hi: missing ui.reference.surgisuite.61c5d80c4683e86b
dummy-api/config/localization/shared/hi: missing ui.reference.surgisuite.ab3442d6c206c0d8
dummy-api/config/localization/shared/hi: missing ui.reference.surgisuite.155a7d9ac958ea70
dummy-api/config/localization/shared/hi: missing ui.reference.surgisuite.1006ddf7a22f83b7
dummy-api/config/localization/shared/hi: missing ui.reference.surgisuite.6ccef7fd7b909d33
dummy-api/config/localization/shared/hi: missing ui.reference.surgisuite.3c357f0284cfd49c
dummy-api/config/localization/shared/hi: missing ui.reference.surgisuite.f97043c43b2ed326
dummy-api/config/localization/shared/hi: missing ui.reference.surgisuite.2a919cee8a9a9a79
dummy-api/config/localization/shared/hi: missing ui.reference.surgisuite.b56d8795c4e887dd
dummy-api/config/localization/shared/hi: missing ui.reference.surgisuite.1d01e956a29a24c4
dummy-api/config/localization/shared/ml: missing ui.reference.surgisuite.206cad849b010bda
dummy-api/config/localization/shared/ml: missing ui.reference.surgisuite.8e6f9908c8ac5761
dummy-api/config/localization/shared/ml: missing ui.reference.surgisuite.533ed727cc21bce3
dummy-api/config/localization/shared/ml: missing ui.reference.surgisuite.8da414d8f097f21a
dummy-api/config/localization/shared/ml: missing ui.reference.surgisuite.ed4752af4bd9b65e
dummy-api/config/localization/shared/ml: missing ui.reference.surgisuite.f04047c5fcfdc2c1
dummy-api/config/localization/shared/ml: missing ui.reference.surgisuite.ba97c096ba4702d0
dummy-api/config/localization/shared/ml: missing ui.reference.surgisuite.378e01c46a9722cf
dummy-api/config/localization/shared/ml: missing ui.reference.surgisuite.4590da316ccf9971
dummy-api/config/localization/shared/ml: missing ui.reference.surgisuite.e42d05cf2b623d9d
dummy-api/config/localization/shared/ml: missing ui.reference.surgisuite.4108e02c180199c4
dummy-api/config/localization/shared/ml: missing ui.reference.surgisuite.93a7aa86575a84e2
dummy-api/config/localization/shared/ml: missing ui.reference.surgisuite.38d3a870071266db
dummy-api/config/localization/shared/ml: missing ui.reference.surgisuite.c2e4a35dc8f4b1c9
dummy-api/config/localization/shared/ml: missing ui.reference.surgisuite.c26a3330e69708cb
dummy-api/config/localization/shared/ml: missing ui.reference.surgisuite.9b8377889e82ef12
dummy-api/config/localization/shared/ml: missing ui.reference.surgisuite.b76acf30d30db6a5
dummy-api/config/localization/shared/ml: missing ui.reference.surgisuite.3915fa6280d7877e
dummy-api/config/localization/shared/ml: missing ui.reference.surgisuite.ba2800019a366965
dummy-api/config/localization/shared/ml: missing ui.reference.surgisuite.dcdce51f07eba2b5
dummy-api/config/localization/shared/ml: missing ui.reference.surgisuite.7aab87d0257a9e14
dummy-api/config/localization/shared/ml: missing ui.reference.surgisuite.4c9dbc38c83c9cb1
dummy-api/config/localization/shared/ml: missing ui.reference.surgisuite.7f1e83835b276ba0
dummy-api/config/localization/shared/ml: missing ui.reference.surgisuite.90d723d12dd1424b
dummy-api/config/localization/shared/ml: missing ui.reference.surgisuite.7b448cb1dcaa33df
dummy-api/config/localization/shared/ml: missing ui.reference.surgisuite.6314b811b607d9e8
dummy-api/config/localization/shared/ml: missing ui.reference.surgisuite.360b048f340d24a5
dummy-api/config/localization/shared/ml: missing ui.reference.surgisuite.4b3f79c6c7f39886
dummy-api/config/localization/shared/ml: missing ui.reference.surgisuite.5c967c918a778805
dummy-api/config/localization/shared/ml: missing ui.reference.surgisuite.731cd10bdd0b5760
dummy-api/config/localization/shared/ml: missing ui.reference.surgisuite.1d36d78123e14173
dummy-api/config/localization/shared/ml: missing ui.reference.surgisuite.5556234a76a932eb
dummy-api/config/localization/shared/ml: missing ui.reference.surgisuite.376764a99690e8f8
dummy-api/config/localization/shared/ml: missing ui.reference.surgisuite.927634576316e591
dummy-api/config/localization/shared/ml: missing ui.reference.surgisuite.09abcec1345929c3
dummy-api/config/localization/shared/ml: missing ui.reference.surgisuite.60bf153f04d3ff1d
dummy-api/config/localization/shared/ml: missing ui.reference.surgisuite.51107686754a31d2
dummy-api/config/localization/shared/ml: missing ui.reference.surgisuite.907cc0871c8cf3c8
dummy-api/config/localization/shared/ml: missing ui.reference.surgisuite.317e1338f62a0369
dummy-api/config/localization/shared/ml: missing ui.reference.surgisuite.50aa4d541822da09
dummy-api/config/localization/shared/ml: missing ui.reference.surgisuite.1a4ca81992c02264
dummy-api/config/localization/shared/ml: missing ui.reference.surgisuite.2ed451a16c9cfff1
dummy-api/config/localization/shared/ml: missing ui.reference.surgisuite.b3591ab024ad4a98
dummy-api/config/localization/shared/ml: missing ui.reference.surgisuite.b6b243caef1ef4d3
dummy-api/config/localization/shared/ml: missing ui.reference.surgisuite.a941619f72c6c9a7
dummy-api/config/localization/shared/ml: missing ui.reference.surgisuite.3082b13fb92bce28
dummy-api/config/localization/shared/ml: missing ui.reference.surgisuite.360242d602d32035
dummy-api/config/localization/shared/ml: missing ui.reference.surgisuite.1aa8caa3139b4983
dummy-api/config/localization/shared/ml: missing ui.reference.surgisuite.47a875bba3b9e37b
dummy-api/config/localization/shared/ml: missing ui.reference.surgisuite.c16431b1087a8f5f
dummy-api/config/localization/shared/ml: missing ui.reference.surgisuite.99d9b7b14d230688
dummy-api/config/localization/shared/ml: missing ui.reference.surgisuite.d965c126c38661d9
dummy-api/config/localization/shared/ml: missing ui.reference.surgisuite.3edc607d48d7c83c
dummy-api/config/localization/shared/ml: missing ui.reference.surgisuite.554a795a1c5ced57
dummy-api/config/localization/shared/ml: missing ui.reference.surgisuite.95177dd3727856c9
dummy-api/config/localization/shared/ml: missing ui.reference.surgisuite.dac804854299f96a
dummy-api/config/localization/shared/ml: missing ui.reference.surgisuite.f22c0dd8c3d36d4c
dummy-api/config/localization/shared/ml: missing ui.reference.surgisuite.a4a2bb2b785abb97
dummy-api/config/localization/shared/ml: missing ui.reference.surgisuite.cbf30eb71a5dc70b
dummy-api/config/localization/shared/ml: missing ui.reference.surgisuite.a540f5e2a1f20bec
dummy-api/config/localization/shared/ml: missing ui.reference.surgisuite.07ad76903ccb0128
dummy-api/config/localization/shared/ml: missing ui.reference.surgisuite.13bc7daa3616a609
dummy-api/config/localization/shared/ml: missing ui.reference.surgisuite.810d91c0361474fe
dummy-api/config/localization/shared/ml: missing ui.reference.surgisuite.f61cca9159601791
dummy-api/config/localization/shared/ml: missing ui.reference.surgisuite.78760df064a7a7e6
dummy-api/config/localization/shared/ml: missing ui.reference.surgisuite.3c9fac2fd78492e2
dummy-api/config/localization/shared/ml: missing ui.reference.surgisuite.896013bbf643b9c7
dummy-api/config/localization/shared/ml: missing ui.reference.surgisuite.a423301d29812916
dummy-api/config/localization/shared/ml: missing ui.reference.surgisuite.e69f12b32a809c17
dummy-api/config/localization/shared/ml: missing ui.reference.surgisuite.01fd608d5cbafca7
dummy-api/config/localization/shared/ml: missing ui.reference.surgisuite.d1f5fe840a73f496
dummy-api/config/localization/shared/ml: missing ui.reference.surgisuite.18b1ffa90a55dcbf
dummy-api/config/localization/shared/ml: missing ui.reference.surgisuite.2c4390730ef472a3
dummy-api/config/localization/shared/ml: missing ui.reference.surgisuite.e7cfad562f213178
dummy-api/config/localization/shared/ml: missing ui.reference.surgisuite.f4de13f70ed8dd1a
dummy-api/config/localization/shared/ml: missing ui.reference.surgisuite.25dde3ff5da25c20
dummy-api/config/localization/shared/ml: missing ui.reference.surgisuite.1919d586a1ae653f
dummy-api/config/localization/shared/ml: missing ui.reference.surgisuite.12f8347b2b9e1087
dummy-api/config/localization/shared/ml: missing ui.reference.surgisuite.971b257a9bf53268
dummy-api/config/localization/shared/ml: missing ui.reference.surgisuite.857f6ae1e24867ad
dummy-api/config/localization/shared/ml: missing ui.reference.surgisuite.3fa368279f39221e
dummy-api/config/localization/shared/ml: missing ui.reference.surgisuite.8260351e20fd99d3
dummy-api/config/localization/shared/ml: missing ui.reference.surgisuite.333d798fbf094346
dummy-api/config/localization/shared/ml: missing ui.reference.surgisuite.662dc0ef7b7e8920
dummy-api/config/localization/shared/ml: missing ui.reference.surgisuite.f9479b869e1045ab
dummy-api/config/localization/shared/ml: missing ui.reference.surgisuite.84e62b75f9ea4ca9
dummy-api/config/localization/shared/ml: missing ui.reference.surgisuite.c9d5caf03447337b
dummy-api/config/localization/shared/ml: missing ui.reference.surgisuite.9d6002896ee7790c
dummy-api/config/localization/shared/ml: missing ui.reference.surgisuite.e90d617d2b55cdbd
dummy-api/config/localization/shared/ml: missing ui.reference.surgisuite.3bc4fa1e864a2103
dummy-api/config/localization/shared/ml: missing ui.reference.surgisuite.e736338b4ad16684
dummy-api/config/localization/shared/ml: missing ui.reference.surgisuite.41548b1599ee36cc
dummy-api/config/localization/shared/ml: missing ui.reference.surgisuite.e37cb2d90a8ce6a6
dummy-api/config/localization/shared/ml: missing ui.reference.surgisuite.7df12801293f5597
dummy-api/config/localization/shared/ml: missing ui.reference.surgisuite.853ff82c1eddcaed
dummy-api/config/localization/shared/ml: missing ui.reference.surgisuite.4e3d9ee4438185f6
dummy-api/config/localization/shared/ml: missing ui.reference.surgisuite.8caaef4c05ebfe97
dummy-api/config/localization/shared/ml: missing ui.reference.surgisuite.aca01a1a3a27d35c
dummy-api/config/localization/shared/ml: missing ui.reference.surgisuite.6ddfa298fbca7807
dummy-api/config/localization/shared/ml: missing ui.reference.surgisuite.c708de6d2be58222
dummy-api/config/localization/shared/ml: missing ui.reference.surgisuite.2f92b36a5c546aab
dummy-api/config/localization/shared/ml: missing ui.reference.surgisuite.2c72abcd440ede35
dummy-api/config/localization/shared/ml: missing ui.reference.surgisuite.9107817b3de49e0e
dummy-api/config/localization/shared/ml: missing ui.reference.surgisuite.30fddb9fe4315e8f
dummy-api/config/localization/shared/ml: missing ui.reference.surgisuite.22f03a238cf08ab6
dummy-api/config/localization/shared/ml: missing ui.reference.surgisuite.1be05707233cf143
dummy-api/config/localization/shared/ml: missing ui.reference.surgisuite.1ad70bda20f7d72c
dummy-api/config/localization/shared/ml: missing ui.reference.surgisuite.b35883e2a108655b
dummy-api/config/localization/shared/ml: missing ui.reference.surgisuite.797a0ea93974d18b
dummy-api/config/localization/shared/ml: missing ui.reference.surgisuite.f609344d29b8c613
dummy-api/config/localization/shared/ml: missing ui.reference.surgisuite.5e7d5e69f8f57c3d
dummy-api/config/localization/shared/ml: missing ui.reference.surgisuite.991b86ac5a34831a
dummy-api/config/localization/shared/ml: missing ui.reference.surgisuite.89049c9ebf4394f4
dummy-api/config/localization/shared/ml: missing ui.reference.surgisuite.30b5ff19c07c4a66
dummy-api/config/localization/shared/ml: missing ui.reference.surgisuite.6ecd24279802c3d4
dummy-api/config/localization/shared/ml: missing ui.reference.surgisuite.782aaa4948ceb4dc
dummy-api/config/localization/shared/ml: missing ui.reference.surgisuite.9f74f3c3647f6179
dummy-api/config/localization/shared/ml: missing ui.reference.surgisuite.a0f857b588333ca6
dummy-api/config/localization/shared/ml: missing ui.reference.surgisuite.df34541ef8196ff2
dummy-api/config/localization/shared/ml: missing ui.reference.surgisuite.f3f07224d235971f
dummy-api/config/localization/shared/ml: missing ui.reference.surgisuite.99ef3e4d651aa9a5
dummy-api/config/localization/shared/ml: missing ui.reference.surgisuite.437a7a7579ef7fba
dummy-api/config/localization/shared/ml: missing ui.reference.surgisuite.2f92610ccdaf1b0e
dummy-api/config/localization/shared/ml: missing ui.reference.surgisuite.e2e36eaa0ffb3cdc
dummy-api/config/localization/shared/ml: missing ui.reference.surgisuite.d13ae596737ca82f
dummy-api/config/localization/shared/ml: missing ui.reference.surgisuite.dd63db1c567e9a1f
dummy-api/config/localization/shared/ml: missing ui.reference.surgisuite.87d2895c3880e474
dummy-api/config/localization/shared/ml: missing ui.reference.surgisuite.6fe7912f243ce472
dummy-api/config/localization/shared/ml: missing ui.reference.surgisuite.eaceae4b98c00564
dummy-api/config/localization/shared/ml: missing ui.reference.surgisuite.0de7ef23fdf47a92
dummy-api/config/localization/shared/ml: missing ui.reference.surgisuite.2943147a6df3c9e9
dummy-api/config/localization/shared/ml: missing ui.reference.surgisuite.ab0171ca0494d441
dummy-api/config/localization/shared/ml: missing ui.reference.surgisuite.d7ffa72b0257bc91
dummy-api/config/localization/shared/ml: missing ui.reference.surgisuite.eb9c63551ba7057b
dummy-api/config/localization/shared/ml: missing ui.reference.surgisuite.7fe1e24999a7968b
dummy-api/config/localization/shared/ml: missing ui.reference.surgisuite.d16a7c0b2e4ec944
dummy-api/config/localization/shared/ml: missing ui.reference.surgisuite.7cf1873149e9512a
dummy-api/config/localization/shared/ml: missing ui.reference.surgisuite.6707458b5759dfcb
dummy-api/config/localization/shared/ml: missing ui.reference.surgisuite.97f27fe677fc774d
dummy-api/config/localization/shared/ml: missing ui.reference.surgisuite.fc01e30ec13d561f
dummy-api/config/localization/shared/ml: missing ui.reference.surgisuite.908ab50c04924080
dummy-api/config/localization/shared/ml: missing ui.reference.surgisuite.1f397413e4399207
dummy-api/config/localization/shared/ml: missing ui.reference.surgisuite.5d97489895786456
dummy-api/config/localization/shared/ml: missing ui.reference.surgisuite.df107b2ab2e3a0d4
dummy-api/config/localization/shared/ml: missing ui.reference.surgisuite.bbf55067b900377e
dummy-api/config/localization/shared/ml: missing ui.reference.surgisuite.a308b572365ddb7b
dummy-api/config/localization/shared/ml: missing ui.reference.surgisuite.cd52ab350ab75856
dummy-api/config/localization/shared/ml: missing ui.reference.surgisuite.eb970eb0951c6cde
dummy-api/config/localization/shared/ml: missing ui.reference.surgisuite.37a7370bb6a24a85
dummy-api/config/localization/shared/ml: missing ui.reference.surgisuite.308d5a0903f2c571
dummy-api/config/localization/shared/ml: missing ui.reference.surgisuite.b12e55b51d00749b
dummy-api/config/localization/shared/ml: missing ui.reference.surgisuite.cab0957cf1c37242
dummy-api/config/localization/shared/ml: missing ui.reference.surgisuite.23ea1b1beb5529f4
dummy-api/config/localization/shared/ml: missing ui.reference.surgisuite.b33205f429a7a24f
dummy-api/config/localization/shared/ml: missing ui.reference.surgisuite.5546061edd3a611f
dummy-api/config/localization/shared/ml: missing ui.reference.surgisuite.d81e2dbf4947642f
dummy-api/config/localization/shared/ml: missing ui.reference.surgisuite.1911f06f06f2f6fb
dummy-api/config/localization/shared/ml: missing ui.reference.surgisuite.7fa1342ce73187bc
dummy-api/config/localization/shared/ml: missing ui.reference.surgisuite.3a567fb765d65f93
dummy-api/config/localization/shared/ml: missing ui.reference.surgisuite.072da57facdcc631
dummy-api/config/localization/shared/ml: missing ui.reference.surgisuite.ce52f756b579758a
dummy-api/config/localization/shared/ml: missing ui.reference.surgisuite.ebb20a4b20d52b81
dummy-api/config/localization/shared/ml: missing ui.reference.surgisuite.ae806571a526b372
dummy-api/config/localization/shared/ml: missing ui.reference.surgisuite.8aa141c4102f199a
dummy-api/config/localization/shared/ml: missing ui.reference.surgisuite.7937ac678d0f4365
dummy-api/config/localization/shared/ml: missing ui.reference.surgisuite.3cd915ebdad9d327
dummy-api/config/localization/shared/ml: missing ui.reference.surgisuite.46f7297f17a60e90
dummy-api/config/localization/shared/ml: missing ui.reference.surgisuite.081724279d2a6e68
dummy-api/config/localization/shared/ml: missing ui.reference.surgisuite.dcde5dd23c4e26b0
dummy-api/config/localization/shared/ml: missing ui.reference.surgisuite.7ca9b97db8e5fed6
dummy-api/config/localization/shared/ml: missing ui.reference.surgisuite.52a7da460166cc9b
dummy-api/config/localization/shared/ml: missing ui.reference.surgisuite.951631ac182fc00c
dummy-api/config/localization/shared/ml: missing ui.reference.surgisuite.5446c11fc4b72850
dummy-api/config/localization/shared/ml: missing ui.reference.surgisuite.a9993aad9504edde
dummy-api/config/localization/shared/ml: missing ui.reference.surgisuite.a75fe6a981e56345
dummy-api/config/localization/shared/ml: missing ui.reference.surgisuite.0d0c986e8457ada3
dummy-api/config/localization/shared/ml: missing ui.reference.surgisuite.89188cfb18a169d4
dummy-api/config/localization/shared/ml: missing ui.reference.surgisuite.2283c16a7fe8c0a1
dummy-api/config/localization/shared/ml: missing ui.reference.surgisuite.f53981de68a0bed2
dummy-api/config/localization/shared/ml: missing ui.reference.surgisuite.e3026893ff80133e
dummy-api/config/localization/shared/ml: missing ui.reference.surgisuite.fe06351db8da7041
dummy-api/config/localization/shared/ml: missing ui.reference.surgisuite.649fd28d033e8e7a
dummy-api/config/localization/shared/ml: missing ui.reference.surgisuite.da10bc311a7049ab
dummy-api/config/localization/shared/ml: missing ui.reference.surgisuite.866f1e2fb367410a
dummy-api/config/localization/shared/ml: missing ui.reference.surgisuite.6266d7522cde56ed
dummy-api/config/localization/shared/ml: missing ui.reference.surgisuite.8a19df557747361d
dummy-api/config/localization/shared/ml: missing ui.reference.surgisuite.056d515642dd4807
dummy-api/config/localization/shared/ml: missing ui.reference.surgisuite.d8cf8b5d26b72b8f
dummy-api/config/localization/shared/ml: missing ui.reference.surgisuite.11d617ca882661ef
dummy-api/config/localization/shared/ml: missing ui.reference.surgisuite.eeb874d25ed2ca0d
dummy-api/config/localization/shared/ml: missing ui.reference.surgisuite.d489042702b243a3
dummy-api/config/localization/shared/ml: missing ui.reference.surgisuite.2acf20eef5f1b010
dummy-api/config/localization/shared/ml: missing ui.reference.surgisuite.c0f06f876fa1de7b
dummy-api/config/localization/shared/ml: missing ui.reference.surgisuite.d3beff9dbe0cad54
dummy-api/config/localization/shared/ml: missing ui.reference.surgisuite.17f000e096e8860c
dummy-api/config/localization/shared/ml: missing ui.reference.surgisuite.bf083e34bc669d86
dummy-api/config/localization/shared/ml: missing ui.reference.surgisuite.565339bc4d33d728
dummy-api/config/localization/shared/ml: missing ui.reference.surgisuite.9847bfa446d847ba
dummy-api/config/localization/shared/ml: missing ui.reference.surgisuite.6a635eed8105b349
dummy-api/config/localization/shared/ml: missing ui.reference.surgisuite.c9479e041f82f63f
dummy-api/config/localization/shared/ml: missing ui.reference.surgisuite.6643c744694e56b5
dummy-api/config/localization/shared/ml: missing ui.reference.surgisuite.6a04d86a7054e441
dummy-api/config/localization/shared/ml: missing ui.reference.surgisuite.a097a5d95b54951c
dummy-api/config/localization/shared/ml: missing ui.reference.surgisuite.cb82196b9746855c
dummy-api/config/localization/shared/ml: missing ui.reference.surgisuite.9a3c5460432ba66a
dummy-api/config/localization/shared/ml: missing ui.reference.surgisuite.ab62e259e6da8e3d
dummy-api/config/localization/shared/ml: missing ui.reference.surgisuite.b0ba29ab0d292888
dummy-api/config/localization/shared/ml: missing ui.reference.surgisuite.eef31daf6db4c082
dummy-api/config/localization/shared/ml: missing ui.reference.surgisuite.d450469acf5823e1
dummy-api/config/localization/shared/ml: missing ui.reference.surgisuite.ea15100e35349e59
dummy-api/config/localization/shared/ml: missing ui.reference.surgisuite.6007db63e18e532c
dummy-api/config/localization/shared/ml: missing ui.reference.surgisuite.65178df5fd4c0d7e
dummy-api/config/localization/shared/ml: missing ui.reference.surgisuite.2c5b2371ddaca759
dummy-api/config/localization/shared/ml: missing ui.reference.surgisuite.0df8ea71573bdefe
dummy-api/config/localization/shared/ml: missing ui.reference.surgisuite.e031ef277b63fff4
dummy-api/config/localization/shared/ml: missing ui.reference.surgisuite.63fb48d946340a55
dummy-api/config/localization/shared/ml: missing ui.reference.surgisuite.45cd851b0a78839a
dummy-api/config/localization/shared/ml: missing ui.reference.surgisuite.fd4879b3f65339ad
dummy-api/config/localization/shared/ml: missing ui.reference.surgisuite.3b9a7e4794f21a62
dummy-api/config/localization/shared/ml: missing ui.reference.surgisuite.a379d3a685215cf6
dummy-api/config/localization/shared/ml: missing ui.reference.surgisuite.9951a89899de4316
dummy-api/config/localization/shared/ml: missing ui.reference.surgisuite.771e656c09338d31
dummy-api/config/localization/shared/ml: missing ui.reference.surgisuite.c4fb9f9656f74afc
dummy-api/config/localization/shared/ml: missing ui.reference.surgisuite.7811b8086b958444
dummy-api/config/localization/shared/ml: missing ui.reference.surgisuite.ce0c9d97119b9e7e
dummy-api/config/localization/shared/ml: missing ui.reference.surgisuite.0344860a349ff773
dummy-api/config/localization/shared/ml: missing ui.reference.surgisuite.d976f5d9cc7da4e8
dummy-api/config/localization/shared/ml: missing ui.reference.surgisuite.c52c7fa987b27668
dummy-api/config/localization/shared/ml: missing ui.reference.surgisuite.071b975857775907
dummy-api/config/localization/shared/ml: missing ui.reference.surgisuite.141442a13201288c
dummy-api/config/localization/shared/ml: missing ui.reference.surgisuite.902e437eb9ebed79
dummy-api/config/localization/shared/ml: missing ui.reference.surgisuite.81fc1e4c92411676
dummy-api/config/localization/shared/ml: missing ui.reference.surgisuite.48f6a8d5688b0cf5
dummy-api/config/localization/shared/ml: missing ui.reference.surgisuite.43c75d46675d5e03
dummy-api/config/localization/shared/ml: missing ui.reference.surgisuite.0e9f3fda8d5c0a97
dummy-api/config/localization/shared/ml: missing ui.reference.surgisuite.45d98fa5f8330d14
dummy-api/config/localization/shared/ml: missing ui.reference.surgisuite.a566bbc4612616c5
dummy-api/config/localization/shared/ml: missing ui.reference.surgisuite.c0c8ee8fda3bb0e8
dummy-api/config/localization/shared/ml: missing ui.reference.surgisuite.bf334852a4b3cbe4
dummy-api/config/localization/shared/ml: missing ui.reference.surgisuite.4289e358bd77d79a
dummy-api/config/localization/shared/ml: missing ui.reference.surgisuite.ea6e88d68f654843
dummy-api/config/localization/shared/ml: missing ui.reference.surgisuite.13c3e4d84cbc5b54
dummy-api/config/localization/shared/ml: missing ui.reference.surgisuite.e24cb851154d390b
dummy-api/config/localization/shared/ml: missing ui.reference.surgisuite.c208b4bea1a47836
dummy-api/config/localization/shared/ml: missing ui.reference.surgisuite.efbed71db87a0dde
dummy-api/config/localization/shared/ml: missing ui.reference.surgisuite.dcf54fb8e00e16c8
dummy-api/config/localization/shared/ml: missing ui.reference.surgisuite.dfa46f3eb6645489
dummy-api/config/localization/shared/ml: missing ui.reference.surgisuite.0cc3780075801c09
dummy-api/config/localization/shared/ml: missing ui.reference.surgisuite.bbd07c4fc02c99b9
dummy-api/config/localization/shared/ml: missing ui.reference.surgisuite.ef1796187bd5b64c
dummy-api/config/localization/shared/ml: missing ui.reference.surgisuite.31740fb8444f47f9
dummy-api/config/localization/shared/ml: missing ui.reference.surgisuite.3010f5c90d075592
dummy-api/config/localization/shared/ml: missing ui.reference.surgisuite.a6fdf772dafa37e3
dummy-api/config/localization/shared/ml: missing ui.reference.surgisuite.9742acb41ab71ddb
dummy-api/config/localization/shared/ml: missing ui.reference.surgisuite.5f557d91b3d020b8
dummy-api/config/localization/shared/ml: missing ui.reference.surgisuite.72b2988d3222e95e
dummy-api/config/localization/shared/ml: missing ui.reference.surgisuite.ec5de3211946b9a7
dummy-api/config/localization/shared/ml: missing ui.reference.surgisuite.f5210a4db6472e18
dummy-api/config/localization/shared/ml: missing ui.reference.surgisuite.cbdf3474cfcff7b9
dummy-api/config/localization/shared/ml: missing ui.reference.surgisuite.f591b64ee9f048b5
dummy-api/config/localization/shared/ml: missing ui.reference.surgisuite.0529244d54f0bec3
dummy-api/config/localization/shared/ml: missing ui.reference.surgisuite.5cfce3c79ad317a7
dummy-api/config/localization/shared/ml: missing ui.reference.surgisuite.ebdbd80ade38ee44
dummy-api/config/localization/shared/ml: missing ui.reference.surgisuite.fa955433455a5b64
dummy-api/config/localization/shared/ml: missing ui.reference.surgisuite.5bbbe53187ad8e90
dummy-api/config/localization/shared/ml: missing ui.reference.surgisuite.6a2421d2a0ea284f
dummy-api/config/localization/shared/ml: missing ui.reference.surgisuite.fef63ab8fcd4f52a
dummy-api/config/localization/shared/ml: missing ui.reference.surgisuite.a434359badd1c474
dummy-api/config/localization/shared/ml: missing ui.reference.surgisuite.0ae6cb31e11dd185
dummy-api/config/localization/shared/ml: missing ui.reference.surgisuite.e7bd901cddb5958f
dummy-api/config/localization/shared/ml: missing ui.reference.surgisuite.d348acae3aa7d6e1
dummy-api/config/localization/shared/ml: missing ui.reference.surgisuite.8ec8b285aad9c4a1
dummy-api/config/localization/shared/ml: missing ui.reference.surgisuite.362aead79400942b
dummy-api/config/localization/shared/ml: missing ui.reference.surgisuite.aaf3be8a93b9ceae
dummy-api/config/localization/shared/ml: missing ui.reference.surgisuite.c0b57c4c269a3f06
dummy-api/config/localization/shared/ml: missing ui.reference.surgisuite.6a94dbfcbeb69572
dummy-api/config/localization/shared/ml: missing ui.reference.surgisuite.dd10111301de78c7
dummy-api/config/localization/shared/ml: missing ui.reference.surgisuite.20cc194078a0d2b6
dummy-api/config/localization/shared/ml: missing ui.reference.surgisuite.51bfadc9926f6140
dummy-api/config/localization/shared/ml: missing ui.reference.surgisuite.8b88f5601f05e292
dummy-api/config/localization/shared/ml: missing ui.reference.surgisuite.f5afe5b3ab35e95c
dummy-api/config/localization/shared/ml: missing ui.reference.surgisuite.8a6885d81c1df39c
dummy-api/config/localization/shared/ml: missing ui.reference.surgisuite.c165800065d11429
dummy-api/config/localization/shared/ml: missing ui.reference.surgisuite.ee60adfae743b400
dummy-api/config/localization/shared/ml: missing ui.reference.surgisuite.4b97e32342be7c4a
ml: untranslated ui.reference.surgisuite.e8a22b8627173035
dummy-api/config/localization/shared/ml: missing ui.reference.surgisuite.cefeb55c4b3c83d5
dummy-api/config/localization/shared/ml: missing ui.reference.surgisuite.c33f5c2abea0a3ad
dummy-api/config/localization/shared/ml: missing ui.reference.surgisuite.0eafb7f834904d7d
dummy-api/config/localization/shared/ml: missing ui.reference.surgisuite.856e200a04dd6685
dummy-api/config/localization/shared/ml: missing ui.reference.surgisuite.c5c03a36b5a8b488
dummy-api/config/localization/shared/ml: missing ui.reference.surgisuite.7dd63a27029a19cd
dummy-api/config/localization/shared/ml: missing ui.reference.surgisuite.a0e04c21873df61c
dummy-api/config/localization/shared/ml: missing ui.reference.surgisuite.4bded171e9258fd9
dummy-api/config/localization/shared/ml: missing ui.reference.surgisuite.50d7491e056387a2
dummy-api/config/localization/shared/ml: missing ui.reference.surgisuite.a498076b4618b6f8
dummy-api/config/localization/shared/ml: missing ui.reference.surgisuite.c942b2b68187305a
dummy-api/config/localization/shared/ml: missing ui.reference.surgisuite.2a1e0ad65a8407e2
dummy-api/config/localization/shared/ml: missing ui.reference.surgisuite.c2010f231bd84f94
dummy-api/config/localization/shared/ml: missing ui.reference.surgisuite.bdd4ef67a758c261
dummy-api/config/localization/shared/ml: missing ui.reference.surgisuite.f4c2ba4a5dad7067
dummy-api/config/localization/shared/ml: missing ui.reference.surgisuite.3248c2567c988dda
dummy-api/config/localization/shared/ml: missing ui.reference.surgisuite.409bc3b13ee3ec34
dummy-api/config/localization/shared/ml: missing ui.reference.surgisuite.096fa135052b31e8
dummy-api/config/localization/shared/ml: missing ui.reference.surgisuite.35d9891927c112db
dummy-api/config/localization/shared/ml: missing ui.reference.surgisuite.f9bc477f718d9301
dummy-api/config/localization/shared/ml: missing ui.reference.surgisuite.6c4bbdd6721e6267
dummy-api/config/localization/shared/ml: missing ui.reference.surgisuite.96ea1b750129846e
dummy-api/config/localization/shared/ml: missing ui.reference.surgisuite.6916865fd7977928
dummy-api/config/localization/shared/ml: missing ui.reference.surgisuite.5a3a74374d60bd1d
dummy-api/config/localization/shared/ml: missing ui.reference.surgisuite.8cf08fc2a2ba9580
dummy-api/config/localization/shared/ml: missing ui.reference.surgisuite.7a73c915e57605ac
dummy-api/config/localization/shared/ml: missing ui.reference.surgisuite.653f7664ff812edc
dummy-api/config/localization/shared/ml: missing ui.reference.surgisuite.8ecaf1d78b2e8c9b
dummy-api/config/localization/shared/ml: missing ui.reference.surgisuite.c8617f2f2cfe5a0e
dummy-api/config/localization/shared/ml: missing ui.reference.surgisuite.db6f470eff7657cd
dummy-api/config/localization/shared/ml: missing ui.reference.surgisuite.1dcf510ce56b521e
dummy-api/config/localization/shared/ml: missing ui.reference.surgisuite.fabbb3488de1a6bc
dummy-api/config/localization/shared/ml: missing ui.reference.surgisuite.ae7d8dfac9ff5e0f
dummy-api/config/localization/shared/ml: missing ui.reference.surgisuite.02d113c6ff07e1b8
dummy-api/config/localization/shared/ml: missing ui.reference.surgisuite.887ba74c55aa40da
dummy-api/config/localization/shared/ml: missing ui.reference.surgisuite.6af1ae143b00512f
dummy-api/config/localization/shared/ml: missing ui.reference.surgisuite.e96abf990db3d4fe
dummy-api/config/localization/shared/ml: missing ui.reference.surgisuite.3e2cbf00eab35ab6
dummy-api/config/localization/shared/ml: missing ui.reference.surgisuite.75e7c0a34f4fd9cb
dummy-api/config/localization/shared/ml: missing ui.reference.surgisuite.f8cf83a76a98df2d
dummy-api/config/localization/shared/ml: missing ui.reference.surgisuite.a787ab9f05d63dd2
dummy-api/config/localization/shared/ml: missing ui.reference.surgisuite.5464a8914419f3a1
dummy-api/config/localization/shared/ml: missing ui.reference.surgisuite.4e03746704a3ceb5
dummy-api/config/localization/shared/ml: missing ui.reference.surgisuite.5994f9d2d694b199
dummy-api/config/localization/shared/ml: missing ui.reference.surgisuite.2dddef2f663644f5
dummy-api/config/localization/shared/ml: missing ui.reference.surgisuite.922e24115919f04d
dummy-api/config/localization/shared/ml: missing ui.reference.surgisuite.b42a6aa19619d9d8
dummy-api/config/localization/shared/ml: missing ui.reference.surgisuite.5ef5ef0364b6939c
dummy-api/config/localization/shared/ml: missing ui.reference.surgisuite.6201111b83a0cb5b
dummy-api/config/localization/shared/ml: missing ui.reference.surgisuite.9deb65b8788f41ff
dummy-api/config/localization/shared/ml: missing ui.reference.surgisuite.352b84777d8dd96a
dummy-api/config/localization/shared/ml: missing ui.reference.surgisuite.0802d738a235a798
dummy-api/config/localization/shared/ml: missing ui.reference.surgisuite.61c19dc45a462801
dummy-api/config/localization/shared/ml: missing ui.reference.surgisuite.df4423d5f4dc8626
dummy-api/config/localization/shared/ml: missing ui.reference.surgisuite.a3b24cc6db709551
dummy-api/config/localization/shared/ml: missing ui.reference.surgisuite.4513e7837f873aa7
dummy-api/config/localization/shared/ml: missing ui.reference.surgisuite.214c9bfa4ed82560
dummy-api/config/localization/shared/ml: missing ui.reference.surgisuite.60c839da22777e47
dummy-api/config/localization/shared/ml: missing ui.reference.surgisuite.2b79730211ae6f47
dummy-api/config/localization/shared/ml: missing ui.reference.surgisuite.add93534eeb46380
dummy-api/config/localization/shared/ml: missing ui.reference.surgisuite.26fd2c3917621f2f
dummy-api/config/localization/shared/ml: missing ui.reference.surgisuite.fcc4870616edb020
ml: untranslated module.reference-surgisuite.label
ml: untranslated module.reference-surgisuite.shortLabel
ml: untranslated page.reference-surgisuite-board.subtitle
ml: untranslated page.reference-surgisuite-schedule.subtitle
ml: untranslated page.reference-surgisuite-cases.subtitle
ml: untranslated page.reference-surgisuite-approvals.subtitle
ml: untranslated page.reference-surgisuite-patients.subtitle
ml: untranslated page.reference-surgisuite-inventory.subtitle
ml: untranslated page.reference-surgisuite-analytics.subtitle
ml: untranslated page.reference-surgisuite-masters.subtitle
ml: untranslated page.reference-surgisuite-case.subtitle
dummy-api/config/localization/shared/ml: missing ui.reference.surgisuite.96e8851dfea03917
dummy-api/config/localization/shared/ml: missing ui.reference.surgisuite.a992af26d6e48aa0
dummy-api/config/localization/shared/ml: missing ui.reference.surgisuite.ea1d0e10f227a24f
dummy-api/config/localization/shared/ml: missing ui.reference.surgisuite.3215c3eeb3e65c86
dummy-api/config/localization/shared/ml: missing ui.reference.surgisuite.82032eb13b313751
dummy-api/config/localization/shared/ml: missing ui.reference.surgisuite.047476b48bb8d9c4
dummy-api/config/localization/shared/ml: missing ui.reference.surgisuite.0356f1cdbde139c4
dummy-api/config/localization/shared/ml: missing ui.reference.surgisuite.603eb98a0411ba4e
dummy-api/config/localization/shared/ml: missing ui.reference.surgisuite.61c5d80c4683e86b
dummy-api/config/localization/shared/ml: missing ui.reference.surgisuite.ab3442d6c206c0d8
dummy-api/config/localization/shared/ml: missing ui.reference.surgisuite.155a7d9ac958ea70
dummy-api/config/localization/shared/ml: missing ui.reference.surgisuite.1006ddf7a22f83b7
dummy-api/config/localization/shared/ml: missing ui.reference.surgisuite.6ccef7fd7b909d33
dummy-api/config/localization/shared/ml: missing ui.reference.surgisuite.3c357f0284cfd49c
dummy-api/config/localization/shared/ml: missing ui.reference.surgisuite.f97043c43b2ed326
dummy-api/config/localization/shared/ml: missing ui.reference.surgisuite.2a919cee8a9a9a79
dummy-api/config/localization/shared/ml: missing ui.reference.surgisuite.b56d8795c4e887dd
dummy-api/config/localization/shared/ml: missing ui.reference.surgisuite.1d01e956a29a24c4
